frequency_hz,left_real,left_imag,right_real,right_imag,opneg_real,opneg_imag,oppos_real,oppos_imag
1.0,0.0037416395828,0.001259870557297,0.0037416395828,0.001259870557297,-0.0003917806145561,1.992933984013e-05,0.0003917794176041,-1.993742332825e-05
1.01157945426,0.003758419107082,0.001205573152316,0.003758419107082,0.001205573152316,-0.000390849373229,2.399156878843e-05,0.0003908480881477,-2.399971868178e-05
1.023292992281,0.0037739325447,0.001151156435342,0.0037739325447,0.001151156435342,-0.000389847666073,2.802375432957e-05,0.000389846291612,-2.803196982993e-05
1.035142166679,0.003788183899111,0.00109665215374,0.003788183899111,0.00109665215374,-0.0003887762890483,3.202468487661e-05,0.0003887748239691,-3.203296515806e-05
1.047128548051,0.003801178637519,0.001042092353012,0.003801178637519,0.001042092353012,-0.000387636141788,3.599312903867e-05,0.0003876345848649,-3.600147324955e-05
1.059253725177,0.003812922012493,0.0009875086123018,0.003812922012493,0.0009875086123018,-0.0003864280469078,3.992784650164e-05,0.0003864263969298,-3.993625376253e-05
1.071519305238,0.003823420932094,0.0009329310843885,0.003823420932094,0.0009329310843885,-0.0003851528924651,4.382774174252e-05,0.0003851511482339,-4.383621114708e-05
1.083926914021,0.003832682839854,0.0008783908061312,0.003832682839854,0.0008783908061312,-0.0003838116101838,4.769161048599e-05,0.000383809770517,-4.77001411019e-05
1.096478196143,0.003840715690132,0.0008239176274116,0.003840715690132,0.0008239176274116,-0.0003824051038112,5.151833025866e-05,0.0003824031675422,-5.15269211265e-05
1.109174815262,0.003847528513746,0.0007695410949797,0.003847528513746,0.0007695410949797,-0.0003809343339026,5.530679727861e-05,0.0003809322998811,-5.531544741293e-05
1.122018454302,0.003853130914312,0.0007152906178529,0.003853130914312,0.0007152906178529,-0.0003794002783247,5.905589375528e-05,0.0003793981454183,-5.906460214478e-05
1.135010815672,0.003857533381489,0.0006611943796982,0.003857533381489,0.0006611943796982,-0.0003778039276129,6.276459842054e-05,0.0003778016947063,-6.277336402805e-05
1.148153621497,0.003860746973214,0.0006072810830319,0.003860746973214,0.0006072810830319,-0.0003761463142668,6.643181459492e-05,0.0003761439802646,-6.644063635834e-05
1.16144861384,0.003862783361995,0.0005535777666405,0.003862783361995,0.0005535777666405,-0.0003744284485564,7.005657337952e-05,0.0003744260123816,-7.006545021095e-05
1.17489755494,0.003863654827734,0.0005001124218993,0.003863654827734,0.0005001124218993,-0.0003726514029789,7.363779151923e-05,0.000372648863577,-7.364672230658e-05
1.188502227437,0.003863374815368,0.0004469111841555,0.003863374815368,0.0004469111841555,-0.0003708162768465,7.71745480736e-05,0.0003708136331825,-7.71835316809e-05
1.202264434617,0.003861956528359,0.0003939996230583,0.003861956528359,0.0003939996230583,-0.0003689241095428,8.066592149623e-05,0.0003689213606032,-8.067495676212e-05
1.216186000646,0.003859414739781,0.0003414046104618,0.003859414739781,0.0003414046104618,-0.0003669761056844,8.41108727376e-05,0.0003669732504809,-8.41199584797e-05
1.230268770812,0.00385576395266,0.0002891492071913,0.00385576395266,0.0002891492071913,-0.0003649733120951,8.750866172111e-05,0.0003649703496588,-8.751779673151e-05
1.244514611771,0.003851019771769,0.0002372594474861,0.003851019771769,0.0002372594474861,-0.0003629169505557,9.085826193392e-05,0.0003629138799454,-9.086744498424e-05
1.258925411794,0.003845198209314,0.0001857577443113,0.003845198209314,0.0001857577443113,-0.0003608081583166,9.415894909664e-05,0.0003608049786131,-9.416817893547e-05
1.273503081017,0.003838315580674,0.0001346682173102,0.003838315580674,0.0001346682173102,-0.0003586481376676,9.74098060786e-05,0.0003586448479793,-9.741908143364e-05
1.288249551693,0.003830388823467,8.401317242917e-05,0.003830388823467,8.401317242917e-05,-0.0003564380835835,0.0001006100578892,0.0003564346830446,-0.0001006193774671
1.303166778452,0.003821435748058,3.381366272333e-05,0.003821435748058,3.381366272333e-05,-0.0003541792261073,0.0001037590268844,0.0003541757138766,-0.0001037683893715
1.318256738556,0.003811474100645,-1.590773030882e-05,0.003811474100645,-1.590773030882e-05,-0.0003518728231764,0.0001068558494192,0.0003518691984434,-0.0001068652534832
1.333521432163,0.003800522320339,-6.513067047181e-05,0.003800522320339,-6.513067047181e-05,-0.0003495201254961,0.0001098998465243,0.0003495163874776,-0.0001099092908139
1.348962882592,0.003788599089264,-0.0001138364459687,0.003788599089264,-0.0001138364459687,-0.0003471223557466,0.0001128904543058,0.0003471185036855,-0.0001128999374502
1.364583136589,0.003775723353795,-0.0001620048410518,0.003775723353795,-0.0001620048410518,-0.0003446807970287,0.0001158269360043,0.0003446768301992,-0.0001158364566152
1.380384264603,0.003761915347773,-0.0002096167914966,0.003761915347773,-0.0002096167914966,-0.0003421968153664,0.0001187086550889,0.0003421927330731,-0.0001187182117635
1.396368361056,0.003747194730421,-0.0002566549238384,0.003747194730421,-0.0002566549238384,-0.0003396716756336,0.0001215350755614,0.0003396674772105,-0.0001215446668798
1.412537544623,0.003731581368668,-0.0003031016372533,0.003731581368668,-0.0003031016372533,-0.0003371066662209,0.0001243056067342,0.0003371023510337,-0.0001243152312603
1.428893958511,0.003715096164417,-0.0003489409540856,0.003715096164417,-0.0003489409540856,-0.0003345031282279,0.0001270197960709,0.000334498695672,-0.0001270294523546
1.445439770746,0.003697760194317,-0.0003941558167323,0.003697760194317,-0.0003941558167323,-0.0003318624467447,0.0001296770570992,0.00033185789625,-0.0001296867436786
1.462177174457,0.003679594410361,-0.0004387323008178,0.003679594410361,-0.0004387323008178,-0.0003291859167937,0.000132277052131,0.0003291812478193,-0.0001322867675296
1.479108388168,0.003660619836964,-0.000482654868431,0.003660619836964,-0.000482654868431,-0.0003264748832188,0.0001348192595071,0.0003264700952591,-0.0001348290022366
1.496235656094,0.003640858524322,-0.0005259103164559,0.003640858524322,-0.0005259103164559,-0.0003237307304699,0.0001373033626327,0.0003237258230505,-0.0001373131311943
1.513561248436,0.003620332272706,-0.0005684849315651,0.003620332272706,-0.0005684849315651,-0.000320954836618,0.0001397289557824,0.0003209498092994,-0.0001397387486678
1.531087461682,0.00359906266251,-0.0006103666132306,0.00359906266251,-0.0006103666132306,-0.0003181485249758,0.0001420957423452,0.0003181433773517,-0.0001421055580353
1.548816618912,0.003577072682634,-0.0006515428919595,0.003577072682634,-0.0006515428919595,-0.0003153132635499,0.0001444033911784,0.0003153079952492,-0.0001444132281492
1.566751070108,0.003554383646741,-0.0006920041658613,0.003554383646741,-0.0006920041658613,-0.0003124503042485,0.0001466517630335,0.0003124449149312,-0.0001466616197491
1.584893192461,0.003531018558261,-0.0007317388078347,0.003531018558261,-0.0007317388078347,-0.0003095611103152,0.0001488405388203,0.0003095555996789,-0.0001488504137415
1.60324539069,0.003506999856502,-0.0007707372408301,0.003506999856502,-0.0007707372408301,-0.0003066470526402,0.0001509695436829,0.000306641420417,-0.0001509794352647
1.621810097359,0.003482350127022,-0.0008089910787731,0.003482350127022,-0.0008089910787731,-0.0003037094974187,0.0001530386851653,0.0003037037433737,-0.0001530485918578
1.6405897732,0.003457091771342,-0.0008464917889321,0.003457091771342,-0.0008464917889321,-0.0003007498068257,0.0001550478228821,0.0003007439307601,-0.0001550577431313
1.659586907438,0.003431247990173,-0.000883231670604,0.003431247990173,-0.000883231670604,-0.0002977694081425,0.0001569968816355,0.0002977634098922,-0.0001570068138866
1.678804018123,0.003404840902384,-0.0009192036721141,0.003404840902384,-0.0009192036721141,-0.0002947696248261,0.0001588857934599,0.0002947635042631,-0.000158895736155
1.698243652462,0.003377893432146,-0.0009544015713195,0.003377893432146,-0.0009544015713195,-0.000291751847781,0.0001607145569595,0.0002917456048121,-0.0001607245085407
1.717908387158,0.003350428014132,-0.0009888201511824,0.003350428014132,-0.0009888201511824,-0.0002887174128503,0.0001624832258361,0.0002887110474166,-0.000162493184745
1.737800828749,0.00332246775084,-0.001022454134655,0.00332246775084,-0.001022454134655,-0.0002856677312116,0.0001641918360668,0.0002856612432898,-0.0001642018007483
1.757923613959,0.003294034998861,-0.0010552987003,0.003294034998861,-0.0010552987003,-0.0002826041477691,0.0001658404241868,0.000282597537373,-0.0001658503930882
1.778279410039,0.003265151820844,-0.001087351588673,0.003265151820844,-0.001087351588673,-0.0002795279401371,0.000167429232876,0.0002795212073112,-0.0001674392044453
1.798870915129,0.003235841053236,-0.001118609153516,0.003235841053236,-0.001118609153516,-0.0002764405001727,0.000168958368629,0.000276433644998,-0.0001689683413209
1.81970085861,0.00320612455298,-0.001149068499882,0.00320612455298,-0.001149068499882,-0.0002733431272368,0.0001704279640538,0.000273336149831,-0.0001704379363275
1.840772001469,0.003176024832486,-0.001178728649328,0.003176024832486,-0.001178728649328,-0.0002702371569121,0.0001718383197504,0.0002702300574244,-0.0001718482900721
1.862087136663,0.003145563168105,-0.001207588596213,0.003145563168105,-0.001207588596213,-0.0002671238261591,0.0001731896875202,0.0002671166047729,-0.0001731996543609
1.88364908949,0.003114762128188,-0.001235647247017,0.003114762128188,-0.001235647247017,-0.0002640045078753,0.0001744823156973,0.0002639971648089,-0.0001744922775398
1.905460717963,0.00308364267423,-0.001262904768784,0.00308364267423,-0.001262904768784,-0.0002608804167915,0.0001757165175103,0.0002608729522971,-0.0001757264728442
1.927524913191,0.003052226113575,-0.001289362313548,0.003052226113575,-0.001289362313548,-0.0002577527963082,0.0001768926849051,0.0002577452106692,-0.0001769026322293
1.949844599758,0.003020533791358,-0.0013150205923,0.003020533791358,-0.0013150205923,-0.0002546229174595,0.0001780111511578,0.0002546152109939,-0.0001780210889835
1.972422736115,0.002988586707787,-0.001339881809242,0.002988586707787,-0.001339881809242,-0.0002514920070253,0.0001790723631114,0.0002514841800814,-0.0001790822899614
1.995262314969,0.002956404588864,-0.001363948325553,0.002956404588864,-0.001363948325553,-0.0002483611873358,0.0001800767415958,0.0002483532402947,-0.0001800866560024
2.018366363682,0.002924008921893,-0.001387222465705,0.002924008921893,-0.001387222465705,-0.0002452317602035,0.0001810247201917,0.0002452236934785,-0.0001810346207053
2.04173794467,0.002891419251996,-0.001409708327825,0.002891419251996,-0.001409708327825,-0.0002421048319267,0.0001819168451245,0.0002420966459597,-0.0001819267303069
2.065380155811,0.002858655149432,-0.001431409034754,0.002858655149432,-0.001431409034754,-0.0002389815451491,0.0001827535583757,0.0002389732404153,-0.0001827634268042
2.089296130854,0.002825736569651,-0.001452329182397,0.002825736569651,-0.001452329182397,-0.0002358630681054,0.0001835354307055,0.0002358546451085,-0.0001835452809745
2.113489039837,0.002792681857235,-0.001472474601179,0.002792681857235,-0.001472474601179,-0.0002327504153866,0.0001842631052421,0.0002327418746562,-0.0001842729359588
2.137962089502,0.002759510266274,-0.00149184958027,0.002759510266274,-0.00149184958027,-0.000229644729102,0.000184937085899,0.0002296360711998,-0.0001849468956905
2.162718523727,0.002726239961158,-0.001510460115487,0.002726239961158,-0.001510460115487,-0.0002265470374853,0.0001855580034127,0.0002265382630003,-0.0001855677909227
2.18776162395,0.002692889551761,-0.001528312083348,0.002692889551761,-0.001528312083348,-0.0002234584285393,0.0001861264735923,0.0002234495380884,-0.0001861362374855
2.213094709606,0.00265947642679,-0.001545412729742,0.00265947642679,-0.001545412729742,-0.0002203798709973,0.0001866432074275,0.0002203708652216,-0.000186652946386
2.238721138568,0.002626017571993,-0.001561768726622,0.002626017571993,-0.001561768726622,-0.0002173123225344,0.0001871088463026,0.0002173032021023,-0.0001871185590271
2.264644307593,0.002592530644228,-0.001577386899919,0.002592530644228,-0.001577386899919,-0.0002142568164318,0.0001875240472788,0.0002142475820388,-0.0001875337324937
2.290867652768,0.002559031225471,-0.001592276099462,0.002559031225471,-0.001592276099462,-0.0002112141777998,0.0001878896119599,0.0002112048301619,-0.0001878992684054
2.317394649968,0.002525537043369,-0.001606442740059,0.002525537043369,-0.001606442740059,-0.0002081854853204,0.0001882061429213,0.000208176025183,-0.0001882157693674
2.34422881532,0.002492061960769,-0.001619896681539,0.002492061960769,-0.001619896681539,-0.0002051714216906,0.0001884744921389,0.0002051618498174,-0.0001884840873677
2.371373705662,0.002458622400466,-0.001632646846514,0.002458622400466,-0.001632646846514,-0.000202172937579,0.0001886954584036,0.0002021632547541,-0.0001887050212242
2.39883291902,0.002425233637047,-0.001644700426165,0.002425233637047,-0.001644700426165,-0.0001991909197176,0.0001888696555504,0.0001991811267543,-0.0001888791847981
2.426610095082,0.002391909504909,-0.00165606840524,0.002391909504909,-0.00165606840524,-0.0001962260790752,0.0001889980200484,0.0001962161768006,-0.0001890075145768
2.454708915685,0.002358664491546,-0.001666759614344,0.002358664491546,-0.001666759614344,-0.0001932792355901,0.0001890812937819,0.000193269224854,-0.0001890907524708
2.483133105296,0.002325511335184,-0.001676784680244,0.002325511335184,-0.001676784680244,-0.0001903510359173,0.0001891203535953,0.0001903409175857,-0.0001891297753431
2.51188643151,0.002292465124994,-0.001686152470623,0.002292465124994,-0.001686152470623,-0.0001874423851799,0.0001891159438327,0.0001874321601408,-0.000189125327572
2.540972705549,0.002259537186521,-0.00169487339134,0.002259537186521,-0.00169487339134,-0.0001845538326585,0.0001890688916554,0.0001845435018181,-0.0001890782363358
2.570395782769,0.00222674064433,-0.00170295839882,0.00222674064433,-0.00170295839882,-0.0001816861009128,0.0001889800979198,0.0001816756651909,-0.000188989402519
2.600159563165,0.002194087192914,-0.00171041781427,0.002194087192914,-0.00171041781427,-0.0001788398040199,0.0001888503809969,0.0001788292643539,-0.0001888596445162
2.630267991895,0.002161588129871,-0.001717262817958,0.002161588129871,-0.001717262817958,-0.0001760155215153,0.0001886806305272,0.000176004878856,-0.0001886898519918
2.660725059799,0.002129255433579,-0.001723503667297,0.002129255433579,-0.001723503667297,-0.0001732139227614,0.0001884716579232,0.0001732031780766,-0.0001884808363886
2.691534803927,0.002097099598423,-0.001729151827499,0.002097099598423,-0.001729151827499,-0.0001704355369389,0.0001882243636039,0.0001704246912081,-0.0001882334981496
2.722701308078,0.002065129585836,-0.001734218870988,0.002065129585836,-0.001734218870988,-0.000167680763871,0.0001879396358948,0.0001676698180857,-0.0001879487256188
2.754228703338,0.002033357109799,-0.001738715081951,0.002033357109799,-0.001738715081951,-0.0001649502883647,0.000187618280018,0.0001649392435318,-0.0001876273240549
2.78612116863,0.002001790803009,-0.001742652698028,0.002001790803009,-0.001742652698028,-0.000162244497265,0.0001872612394337,0.0001622333543991,-0.0001872702369388
2.818382931264,0.001970438953752,-0.001746043540177,0.001970438953752,-0.001746043540177,-0.0001595637642453,0.0001868694145704,0.0001595525243701,-0.0001868783647205
2.851018267504,0.001939311685796,-0.001748897712799,0.001939311685796,-0.001748897712799,-0.0001569086672845,0.0001864435708528,0.0001568973314395,-0.0001864524728599
2.884031503127,0.001908416572217,-0.001751228200194,0.001908416572217,-0.001751228200194,-0.0001542795235951,0.0001859847068744,0.0001542680928218,-0.0001859935599718
2.917427014001,0.001877760989762,-0.00175304594662,0.001877760989762,-0.00175304594662,-0.0001516766705018,0.0001854936309615,0.0001516651458539,-0.0001855024344065
2.951209226666,0.001847352915165,-0.001754362662518,0.001847352915165,-0.001754362662518,-0.0001491005026273,0.0001849712305792,0.0001490888851649,-0.0001849799836578
2.985382618918,0.001817199327505,-0.00175518989385,0.001817199327505,-0.00175518989385,-0.000146551335837,0.0001844183664213,0.0001465396266278,-0.0001844270684451
3.019951720402,0.001787306445612,-0.001755539948397,0.001787306445612,-0.001755539948397,-0.0001440294176097,0.0001838359616395,0.0001440176177238,-0.0001838446119427
3.054921113216,0.001757681109388,-0.001755423948836,0.001757681109388,-0.001755423948836,-0.000141535078191,0.0001832248389081,0.0001415231887062,-0.000183233436854
3.090295432514,0.00172832945128,-0.001754853691246,0.00172832945128,-0.001754853691246,-0.0001390685847885,0.0001825858761419,0.0001390566067862,-0.0001825944211206
3.126079367124,0.001699256147052,-0.001753840470193,0.001699256147052,-0.001753840470193,-0.0001366300862087,0.000181919889663,0.0001366180207765,-0.0001819283810849
3.162277660168,0.001670466383462,-0.001752396670113,0.001670466383462,-0.001752396670113,-0.0001342197758075,0.0001812278049534,0.0001342076240313,-0.0001812362422531
3.198895109691,0.001641965551811,-0.001750532837915,0.001641965551811,-0.001750532837915,-0.0001318378969742,0.0001805103822228,0.0001318256599476,-0.0001805187648641
3.235936569296,0.001613757704742,-0.001748261346344,0.001613757704742,-0.001748261346344,-0.0001294845577835,0.0001797685375191,0.0001294722365968,-0.0001797768649868
3.273406948788,0.001585847380424,-0.001745592677899,0.001585847380424,-0.001745592677899,-0.0001271599419227,0.0001790030203969,0.0001271475376726,-0.0001790112922034
3.311311214826,0.001558238202765,-0.001742538929783,0.001558238202765,-0.001742538929783,-0.0001248641392867,0.0001782147221653,0.0001248516530658,-0.0001782229378453
3.349654391578,0.001530933496351,-0.001739110966344,0.001530933496351,-0.001739110966344,-0.000122597234592,0.0001774044199234,0.0001225846674951,-0.0001774125790345
3.388441561392,0.001503937138323,-0.001735319334981,0.001503937138323,-0.001735319334981,-0.0001203593752691,0.0001765728705384,0.0001203467283937,-0.0001765809726669
3.427677865465,0.001477250575596,-0.001731176551518,0.001477250575596,-0.001731176551518,-0.0001181504710537,0.0001757209898206,0.0001181377454877,-0.0001757290345653
3.467368504525,0.001450877966404,-0.001726692513741,0.001450877966404,-0.001726692513741,-0.0001159707184265,0.000174849484047,0.0001159579152614,-0.000174857471041
3.507518739526,0.001424820400514,-0.001721877900296,0.001424820400514,-0.001721877900296,-0.0001138200292574,0.0001739591024204,0.0001138071495844,-0.0001739670313116
3.548133892336,0.001399080358718,-0.001716744202077,0.001399080358718,-0.001716744202077,-0.000111698442975,0.0001730506875603,0.0001116854878768,-0.0001730585580213
3.58921934645,0.001373659608025,-0.001711301202206,0.001373659608025,-0.001711301202206,-0.0001096059578714,0.0001721249203229,0.0001095929284326,-0.0001721327320491
3.630780547701,0.001348559515117,-0.001705559623956,0.001348559515117,-0.001705559623956,-0.0001075425323183,0.0001711825680792,0.0001075294296179,-0.0001711903207868
3.672823004981,0.001323781269428,-0.001699530118975,0.001323781269428,-0.001699530118975,-0.0001055081157915,0.0001702243935823,0.0001054949409018,-0.000170232087008
3.715352290972,0.0012993251415,-0.001693222585763,0.0012993251415,-0.001693222585763,-0.0001035025867775,0.0001692510847443,0.0001034893407686,-0.0001692587186412
3.758374042884,0.001275193512498,-0.001686646608295,0.001275193512498,-0.001686646608295,-0.000101526027957,0.0001682633249998,0.0001015127118954,-0.0001682708991535
3.801893963206,0.001251385226526,-0.001679812398801,0.001251385226526,-0.001679812398801,-9.95781947936e-05,0.0001672618251024,9.956480973951e-05,-0.0001672693393068
3.845917820454,0.0012279014431,-0.001672729842114,0.0012279014431,-0.001672729842114,-9.765906574754e-05,0.0001662472921182,9.764561275303e-05,-0.0001662547461928
3.890451449943,0.001204741342713,-0.001665408512981,0.001204741342713,-0.001665408512981,-9.576844482177e-05,0.0001652203894783,9.575492493338e-05,-0.0001652277832557
3.935500754558,0.00118190550616,-0.001657857693215,0.00118190550616,-0.001657857693215,-9.390627345316e-05,0.0001641817708468,9.38926877109e-05,-0.000164189104184
3.981071705535,0.001159393622378,-0.001650086506112,0.001159393622378,-0.001650086506112,-9.207241710809e-05,0.0001631320707544,9.205876654583e-05,-0.0001631393435274
4.027170343255,0.001137205207445,-0.001642103865163,0.001137205207445,-0.001642103865163,-9.026673198602e-05,0.0001620719067677,9.025301763152e-05,-0.0001620791188712
4.073802778041,0.001115338842528,-0.001633919167762,0.001115338842528,-0.001633919167762,-8.848898813711e-05,0.0001610019368193,8.847521100742e-05,-0.0001610090881602
4.120975190973,0.001093793136469,-0.001625541076034,0.001093793136469,-0.001625541076034,-8.673896933401e-05,0.0001599227554292,8.672513043929e-05,-0.0001599298459278
4.168693834703,0.001072568378684,-0.001616977882016,0.001072568378684,-0.001616977882016,-8.501662216457e-05,0.0001588349418056,8.500272250771e-05,-0.0001588419714099
4.216965034286,0.00105166252123,-0.001608238156098,0.00105166252123,-0.001608238156098,-8.332167873156e-05,0.0001577390841645,8.330771930645e-05,-0.0001577460528326
4.265795188016,0.001031074107627,-0.001599330143119,0.001031074107627,-0.001599330143119,-8.165393255987e-05,0.0001566357500105,8.163991435164e-05,-0.0001566426577158
4.315190768278,0.001010802622963,-0.001590261522169,0.001010802622963,-0.001590261522169,-8.001327271349e-05,0.0001555254665149,7.999919670055e-05,-0.0001555323132553
4.365158322402,0.0009908453987686,-0.001581040765754,0.0009908453987686,-0.001581040765754,-7.839938598069e-05,0.0001544088197993,7.838525312846e-05,-0.0001544156055794
4.415704473533,0.0009711996778441,-0.001571675457017,0.0009711996778441,-0.001571675457017,-7.68119618949e-05,0.0001532863173821,7.67977731614e-05,-0.0001532930422133
4.46683592151,0.0009518654201192,-0.00156217281092,0.0009518654201192,-0.00156217281092,-7.525094732075e-05,0.0001521584591826,7.523670365549e-05,-0.0001521651231068
4.518559443749,0.0009328393349948,-0.001552540420006,0.0009328393349948,-0.001552540420006,-7.371598856164e-05,0.0001510257570094,7.370169090375e-05,-0.0001510323600721
4.570881896149,0.0009141194540167,-0.001542785821784,0.0009141194540167,-0.001542785821784,-7.220685756856e-05,0.0001498887324457,7.219250684419e-05,-0.0001498952747071
4.623810213993,0.0008957034574445,-0.001532915953026,0.0008957034574445,-0.001532915953026,-7.072330144107e-05,0.0001487478525363,7.070889856714e-05,-0.0001487543340694
4.677351412872,0.0008775900285674,-0.001522936805763,0.0008775900285674,-0.001522936805763,-6.926516993442e-05,0.0001476035086176,6.925071582441e-05,-0.0001476099295187
4.731512589615,0.000859774848222,-0.001512856009341,0.000859774848222,-0.001512856009341,-6.783202484649e-05,0.0001464562236458,6.781752039707e-05,-0.000146462584006
4.786300923226,0.0008422565974001,-0.001502680000742,0.0008422565974001,-0.001502680000742,-6.642371704838e-05,0.0001453064375556,6.640916314538e-05,-0.0001453127374891
4.841723675841,0.0008250320373999,-0.00149241467702,0.0008250320373999,-0.00149241467702,-6.503992621272e-05,0.0001441545291729,6.502532373626e-05,-0.0001441607688006
4.897788193685,0.0008080992614093,-0.001482066506935,0.0008080992614093,-0.001482066506935,-6.368045281041e-05,0.0001430009439045,6.366580262674e-05,-0.0001430071233656
4.954501908048,0.000791453472355,-0.001471641912684,0.000791453472355,-0.001471641912684,-6.234483256378e-05,0.0001418461049184,6.233013552669e-05,-0.0001418522243439
5.011872336273,0.0007750949007844,-0.001461145902324,0.0007750949007844,-0.001461145902324,-6.10330781833e-05,0.0001406903453961,6.101833514104e-05,-0.0001406964049572
5.069907082747,0.000759016671153,-0.001450585294617,0.000759016671153,-0.001450585294617,-5.974453398525e-05,0.000139534117315,5.972974576837e-05,-0.0001395401171541
5.128613839914,0.000743219413332,-0.001439964629062,0.000743219413332,-0.001439964629062,-5.847925622995e-05,0.0001383777199841,5.846442366444e-05,-0.0001383836602891
5.18800038929,0.0007276989724484,-0.001429289478093,0.0007276989724484,-0.001429289478093,-5.723685285385e-05,0.0001372215168141,5.722197675424e-05,-0.0001372273977709
5.248074602498,0.0007124514499739,-0.001418565216054,0.0007124514499739,-0.001418565216054,-5.601695835456e-05,0.0001360658583806,5.60020395239e-05,-0.000136071680176
5.30884444231,0.0006974742268616,-0.001407797198748,0.0006974742268616,-0.001407797198748,-5.481932700533e-05,0.000134911105854,5.480436623254e-05,-0.0001349168686879
5.370317963703,0.0006827642682117,-0.00139699025017,0.0006827642682117,-0.00139699025017,-5.36436795723e-05,0.0001337575714876,5.36286776363e-05,-0.0001337632755696
5.432503314924,0.0006683169710871,-0.001386149130021,0.0006683169710871,-0.001386149130021,-5.248959342897e-05,0.0001326055542128,5.247455109927e-05,-0.0001326111997456
5.495408738576,0.0006541315077998,-0.001375278201154,0.0006541315077998,-0.001375278201154,-5.135699860006e-05,0.0001314553448223,5.134191663586e-05,-0.0001314609320413
5.559042572704,0.0006402033906024,-0.001364382108507,0.0006402033906024,-0.001364382108507,-5.024548584776e-05,0.0001303072385412,5.023036499695e-05,-0.0001303127676759
5.623413251904,0.0006265296413807,-0.00135346524651,0.0006265296413807,-0.00135346524651,-4.91547880504e-05,0.0001291615205825,4.913962904928e-05,-0.0001291669918724
5.688529308438,0.0006131057966937,-0.001342532240885,0.0006131057966937,-0.001342532240885,-4.808450015428e-05,0.0001280184908898,4.806930372487e-05,-0.000128023904568
5.754399373372,0.0005999293146128,-0.001331586621937,0.0005999293146128,-0.001331586621937,-4.703440252633e-05,0.0001268783635317,4.701916938495e-05,-0.0001268837198461
5.821032177709,0.0005869980533622,-0.001320632072329,0.0005869980533622,-0.001320632072329,-4.600431209759e-05,0.000125741371761,4.598904295159e-05,-0.0001257466709786
5.888436553556,0.0005743070880464,-0.001309673194126,0.0005743070880464,-0.001309673194126,-4.499378341046e-05,0.0001246078190506,4.497847894917e-05,-0.0001246130614259
5.95662143529,0.0005618543392265,-0.001298712838369,0.0005618543392265,-0.001298712838369,-4.400264550793e-05,0.0001234778675703,4.398730641809e-05,-0.0001234830533778
6.025595860744,0.0005496349493574,-0.001287755426022,0.0005496349493574,-0.001287755426022,-4.303046142548e-05,0.0001223518101347,4.301508837478e-05,-0.0001223569396362
6.095368972402,0.0005376457332218,-0.001276804021187,0.0005376457332218,-0.001276804021187,-4.207695756236e-05,0.000121229827146,4.206155121186e-05,-0.0001212349006096
6.165950018615,0.000525884856947,-0.001265861595246,0.000525884856947,-0.001265861595246,-4.114198606074e-05,0.0001201121009083,4.112654706351e-05,-0.0001201171186246
6.237348354824,0.0005143478224159,-0.001254931860279,0.0005143478224159,-0.001254931860279,-4.022514871755e-05,0.0001189988687358,4.020967771116e-05,-0.0001190038309855
6.309573444802,0.0005030318537209,-0.001244017505627,0.0005030318537209,-0.001244017505627,-3.932621284412e-05,0.0001178902860873,3.931071045978e-05,-0.000117895193162
6.382634861906,0.0004919328511567,-0.001233121692251,0.0004919328511567,-0.001233121692251,-3.84448208344e-05,0.0001167865467074,3.842928769134e-05,-0.000116791398893
6.456542290347,0.0004810482131582,-0.001222247199155,0.0004810482131582,-0.001222247199155,-3.75807559606e-05,0.0001156878200088,3.756519266795e-05,-0.0001156926176031
6.531305526475,0.0004703735809712,-0.001211396885609,0.0004703735809712,-0.001211396885609,-3.67336387548e-05,0.0001145942751298,3.671804591109e-05,-0.0001145990184204
6.606934480076,0.0004599071355479,-0.00120057333041,0.0004599071355479,-0.00120057333041,-3.590332619068e-05,0.0001135060717587,3.588770438359e-05,-0.0001135107610546
6.683439175686,0.000449645163339,-0.001189778730819,0.000449645163339,-0.001189778730819,-3.508950225733e-05,0.0001124233258068,3.507385206926e-05,-0.0001124279614146
6.76082975392,0.0004395843300242,-0.001179015976924,0.0004395843300242,-0.001179015976924,-3.429188222353e-05,0.0001113462215016,3.42762042212e-05,-0.0001113508037289
6.839116472814,0.0004297196177927,-0.001168287532787,0.0004297196177927,-0.001168287532787,-3.351002812641e-05,0.0001102748968332,3.349432286661e-05,-0.0001102794259663
6.918309709189,0.0004200504717697,-0.001157595009413,0.0004200504717697,-0.001157595009413,-3.274391901715e-05,0.0001092094368509,3.272818705256e-05,-0.0001092139132133
6.998419960023,0.0004105732410371,-0.001146940660274,0.0004105732410371,-0.001146940660274,-3.19932442136e-05,0.0001081499712303,3.197748608636e-05,-0.0001081543951414
7.079457843841,0.0004012841590174,-0.001136326927967,0.0004012841590174,-0.001136326927967,-3.125768130918e-05,0.0001070966485719,3.124189754726e-05,-0.0001071010203445
7.161434102129,0.0003921791818832,-0.001125755604494,0.0003921791818832,-0.001125755604494,-3.053688554814e-05,0.000106049557952,3.052107667316e-05,-0.000106053877888
7.24435960075,0.0003832559773115,-0.001115228719091,0.0003832559773115,-0.001115228719091,-2.983066900345e-05,0.0001050088210017,2.981483552482e-05,-0.0001050130894145
7.328245331389,0.0003745131546767,-0.00110474746019,0.0003745131546767,-0.00110474746019,-2.913893483229e-05,0.0001039744879014,2.912307725697e-05,-0.0001039787051298
7.413102413009,0.0003659450833317,-0.001094313976793,0.0003659450833317,-0.001094313976793,-2.846118922956e-05,0.0001029466781838,2.844530805175e-05,-0.0001029508445311
7.498942093325,0.000357549234257,-0.001083930243753,0.000357549234257,-0.001083930243753,-2.779722582291e-05,0.0001019255125938,2.778132152236e-05,-0.0001019296283704
7.585775750292,0.000349323279272,-0.00107359721655,0.000349323279272,-0.00107359721655,-2.714686153441e-05,0.0001009110201459,2.71309345898e-05,-0.0001009150856729
7.673614893618,0.0003412644162597,-0.00106331672349,0.0003412644162597,-0.00106331672349,-2.650986496369e-05,9.990330974536e-05,2.649391583967e-05,-9.990732534628e-05
7.762471166287,0.0003333699030709,-0.001053089531868,0.0003333699030709,-0.001053089531868,-2.588601503162e-05,9.890239403159e-05,2.587004419333e-05,-9.890636003375e-05
7.852356346101,0.0003256358629825,-0.001042918000343,0.0003256358629825,-0.001042918000343,-2.527497800344e-05,9.79084289733e-05,2.525898589318e-05,-9.791234568878e-05
7.943282347243,0.0003180596823653,-0.001032802427952,0.0003180596823653,-0.001032802427952,-2.467654624193e-05,9.69213876259e-05,2.466053330766e-05,-9.692525537124e-05
8.035261221856,0.0003106388215491,-0.001022744559997,0.0003106388215491,-0.001022744559997,-2.409051189349e-05,9.594137844972e-05,2.407447856626e-05,-9.59451975452e-05
8.128305161641,0.000303370708808,-0.00101274535894,0.000303370708808,-0.00101274535894,-2.351666743322e-05,9.496843874031e-05,2.350061413818e-05,-9.497220950963e-05
8.222426499471,0.0002962518250744,-0.001002806007428,0.0002962518250744,-0.001002806007428,-2.295471642737e-05,9.400262327881e-05,2.293864358043e-05,-9.400634603343e-05
8.317637711027,0.0002892797074849,-0.0009929271459122,0.0002892797074849,-0.0009929271459122,-2.240446211838e-05,9.304394282117e-05,2.238837013291e-05,-9.304761787635e-05
8.413951416452,0.0002824520091338,-0.0009831102186332,0.0002824520091338,-0.0009831102186332,-2.186571457021e-05,9.209248415658e-05,2.184960384347e-05,-9.209611183198e-05
8.511380382024,0.0002757653218745,-0.0009733557383667,0.0002757653218745,-0.0009733557383667,-2.133818946163e-05,9.114824463192e-05,2.132206038978e-05,-9.115182523463e-05
8.609937521846,0.0002692177820091,-0.0009636647225437,0.0002692177820091,-0.0009636647225437,-2.082174265827e-05,9.021127612144e-05,2.08055956261e-05,-9.021480996974e-05
8.709635899561,0.0002628073966523,-0.0009540377171349,0.0002628073966523,-0.0009540377171349,-2.031621970738e-05,8.928158741719e-05,2.030005509539e-05,-8.928507483858e-05
8.81048873008,0.0002565289605936,-0.0009444759292458,0.0002565289605936,-0.0009444759292458,-1.982116607223e-05,8.835923622717e-05,1.980498424793e-05,-8.836267750333e-05
8.912509381338,0.0002503830271332,-0.0009349792390396,0.0002503830271332,-0.0009349792390396,-1.933666460758e-05,8.74441826806e-05,1.932046594163e-05,-8.744757814404e-05
9.01571137606,0.0002443657361435,-0.0009255489752964,0.0002443657361435,-0.0009255489752964,-1.886238383691e-05,8.653650354877e-05,1.88461686822e-05,-8.653985350697e-05
9.120108393559,0.0002384741364857,-0.0009161853561354,0.0002384741364857,-0.0009161853561354,-1.839808045684e-05,8.563617787327e-05,1.838184916579e-05,-8.56394826237e-05
9.225714271548,0.0002327081696849,-0.0009068888503181,0.0002327081696849,-0.0009068888503181,-1.794377709004e-05,8.474322035906e-05,1.792753000704e-05,-8.474648023892e-05
9.33254300797,0.0002270613117511,-0.0008976604372041,0.0002270613117511,-0.0008976604372041,-1.749889631761e-05,8.385766834276e-05,1.748263377541e-05,-8.386088361402e-05
9.440608762859,0.0002215351320497,-0.0008885000213299,0.0002215351320497,-0.0008885000213299,-1.706361263677e-05,8.297949262714e-05,1.704733496727e-05,-8.298266361978e-05
9.549925860214,0.0002161243877507,-0.0008794083336364,0.0002161243877507,-0.0008794083336364,-1.663746721348e-05,8.210871476996e-05,1.662117473883e-05,-8.211184175903e-05
9.660508789898,0.0002108295207885,-0.0008703854472704,0.0002108295207885,-0.0008703854472704,-1.622052879728e-05,8.124531830085e-05,1.620422183586e-05,-8.124840160903e-05
9.772372209558,0.0002056467947758,-0.0008614318620069,0.0002056467947758,-0.0008614318620069,-1.58124778669e-05,8.03893110923e-05,1.57961567289e-05,-8.03923510128e-05
9.88553094657,0.0002005731540994,-0.0008525478999983,0.0002005731540994,-0.0008525478999983,-1.541305809458e-05,7.954068821782e-05,1.539672308404e-05,-7.954368502542e-05
10.0,0.0001956090628856,-0.0008437336661336,0.0001956090628856,-0.0008437336661336,-1.502233887631e-05,7.869943840857e-05,1.500599029139e-05,-7.870239242568e-05
10.1157945426,0.0001907496020569,-0.0008349895421687,0.0001907496020569,-0.0008349895421687,-1.46398905802e-05,7.78655570651e-05,1.462352871246e-05,-7.786846855874e-05
10.23292992281,0.0001859944123347,-0.0008263154351702,0.0001859944123347,-0.0008263154351702,-1.426570635164e-05,7.703901311445e-05,1.424933149039e-05,-7.704188238282e-05
10.35142166679,0.0001813403436838,-0.0008177118417294,0.0001813403436838,-0.0008177118417294,-1.389951884904e-05,7.621982068189e-05,1.388313127206e-05,-7.622264799925e-05
10.47128548051,0.0001767862496624,-0.0008091787249349,0.0001767862496624,-0.0008091787249349,-1.354124742148e-05,7.540795243048e-05,1.352484740299e-05,-7.541073808609e-05
10.59253725177,0.0001723296904388,-0.0008007161110406,0.0001723296904388,-0.0008007161110406,-1.319069121002e-05,7.460338301445e-05,1.317427902035e-05,-7.460612728629e-05
10.71519305238,0.0001679682029994,-0.0007923241539085,0.0001679682029994,-0.0007923241539085,-1.284764636089e-05,7.380609957414e-05,1.283122226343e-05,-7.380880272713e-05
10.83926914021,0.0001637010588547,-0.0007840028411832,0.0001637010588547,-0.0007840028411832,-1.251206951208e-05,7.301608043611e-05,1.249563376462e-05,-7.301874275702e-05
10.96478196143,0.0001595264344519,-0.0007757520587243,0.0001595264344519,-0.0007757520587243,-1.218381600228e-05,7.22332913706e-05,1.216736885977e-05,-7.223591314552e-05
11.09174815262,0.0001554411532893,-0.0007675720053718,0.0001554411532893,-0.0007675720053718,-1.18626146666e-05,7.145772328868e-05,1.184615637548e-05,-7.146030477329e-05
11.22018454302,0.0001514439504069,-0.0007594625783934,0.0001514439504069,-0.0007594625783934,-1.154837163801e-05,7.068934621088e-05,1.153190244033e-05,-7.069188766976e-05
11.35010815672,0.0001475326469771,-0.0007514237028937,0.0001475326469771,-0.0007514237028937,-1.12409080801e-05,6.992813032856e-05,1.12244282134e-05,-6.993063201507e-05
11.48153621497,0.0001437064151022,-0.0007434552519807,0.0001437064151022,-0.0007434552519807,-1.09401697966e-05,6.917404592098e-05,1.092367949344e-05,-6.917650810589e-05
11.6144861384,0.0001399634395467,-0.0007355569958172,0.0001399634395467,-0.0007355569958172,-1.064601124995e-05,6.842705109962e-05,1.062951074084e-05,-6.842947404941e-05
11.7489755494,0.000136301162223,-0.0007277291038962,0.000136301162223,-0.0007277291038962,-1.035821660187e-05,6.768713915847e-05,1.034170610674e-05,-6.768952311741e-05
11.88502227437,0.0001327179887168,-0.0007199712202176,0.0001327179887168,-0.0007199712202176,-1.007666034853e-05,6.695425840207e-05,1.006014008714e-05,-6.695660361298e-05
12.02264434617,0.0001292135421067,-0.0007122831974594,0.0001292135421067,-0.0007122831974594,-9.801328486241e-06,6.622838058597e-05,9.784798672152e-06,-6.623068731744e-05
12.16186000646,0.0001257847798373,-0.000704664926657,0.0001257847798373,-0.000704664926657,-9.531960125842e-06,6.550947340466e-05,9.5154209677e-06,-6.551174188944e-05
12.30268770812,0.0001224308020448,-0.0006971161174322,0.0001224308020448,-0.0006971161174322,-9.268492607761e-06,6.479749476051e-05,9.251944311178e-06,-6.479972524393e-05
12.44514611771,0.000119150012043,-0.0006896365618393,0.000119150012043,-0.0006896365618393,-9.01079824108e-06,6.409240852297e-05,8.994241007142e-06,-6.409460124625e-05
12.58925411794,0.0001159408386432,-0.0006822260212901,0.0001159408386432,-0.0006822260212901,-8.75875141624e-06,6.339417625986e-05,8.742185441943e-06,-6.339633145993e-05
12.73503081017,0.0001128014466921,-0.0006748843404539,0.0001128014466921,-0.0006748843404539,-8.512201526648e-06,6.270276692976e-05,8.49562700286e-06,-6.270488483199e-05
12.88249551693,0.0001097309669786,-0.0006676112243183,0.0001097309669786,-0.0006676112243183,-8.271087300009e-06,6.20181397568e-05,8.254504413664e-06,-6.202022059782e-05
13.03166778452,0.000106727667989,-0.0006604062056049,0.000106727667989,-0.0006604062056049,-8.035267878257e-06,6.134023598356e-05,8.018676817264e-06,-6.134227998986e-05
13.18256738556,0.0001037897104793,-0.0006532691852273,0.0001037897104793,-0.0006532691852273,-7.804591064541e-06,6.066903102723e-05,7.787992008582e-06,-6.067103841103e-05
13.33521432163,0.0001009168781853,-0.000646199898862,0.0001009168781853,-0.000646199898862,-7.579054810518e-06,6.000448986406e-05,7.562447933314e-06,-6.000646086369e-05
13.48962882592,9.810670486313e-05,-0.0006391978076033,9.810670486313e-05,-0.0006391978076033,-7.358449492101e-06,5.934654629425e-05,7.341834970374e-06,-5.934848111692e-05
13.64583136589,9.53578020857e-05,-0.0006322629416429,9.53578020857e-05,-0.0006322629416429,-7.142663245802e-06,5.869519007323e-05,7.126041243459e-06,-5.869708892067e-05
13.80384264603,9.267053585418e-05,-0.0006253944885654,9.267053585418e-05,-0.0006253944885654,-6.931748294692e-06,5.805033801063e-05,6.915118982856e-06,-5.805220112544e-05
13.96368361056,9.004119085399e-05,-0.0006185925166373,9.004119085399e-05,-0.0006185925166373,-6.725376948358e-06,5.741197791467e-05,6.70874048605e-06,-5.74138054717e-05
14.12537544623,8.746980752645e-05,-0.0006118564959404,8.746980752645e-05,-0.0006118564959404,-6.523569935677e-06,5.678005251117e-05,6.506926481806e-06,-5.678184471597e-05
14.28893958511,8.495533519556e-05,-0.0006051861304701,8.495533519556e-05,-0.0006051861304701,-6.326246201386e-06,5.615452355539e-05,6.309595909434e-06,-5.615628061507e-05
14.45439770746,8.24968699806e-05,-0.0005985809030664,8.24968699806e-05,-0.0005985809030664,-6.133338507502e-06,5.553533301236e-05,6.116681531287e-06,-5.553705513936e-05
14.62177174457,8.009186306722e-05,-0.0005920405001818,8.009186306722e-05,-0.0005920405001818,-5.944626741899e-06,5.49224378779e-05,5.92796323147e-06,-5.492412524345e-05
14.79108388168,7.773993571735e-05,-0.0005855647502235,7.773993571735e-05,-0.0005855647502235,-5.760090743326e-06,5.431581400016e-05,5.743420838689e-06,-5.431746679318e-05
14.96235656094,7.544053634385e-05,-0.0005791529043361,7.544053634385e-05,-0.0005791529043361,-5.579695489904e-06,5.371538364034e-05,5.563019337338e-06,-5.371700206335e-05
15.13561248436,7.319118225873e-05,-0.000572804733546,7.319118225873e-05,-0.000572804733546,-5.403225889688e-06,5.312111272627e-05,5.386543628846e-06,-5.312269693903e-05
15.31087461682,7.099177280479e-05,-0.0005665199164958,7.099177280479e-05,-0.0005665199164958,-5.230686981852e-06,5.253296465968e-05,5.213998745906e-06,-5.253451484663e-05
15.48816618913,6.884176354746e-05,-0.0005602978218477,6.884176354746e-05,-0.0005602978218477,-5.062043231188e-06,5.195087330057e-05,5.045349156241e-06,-5.195238965862e-05
15.66751070108,6.673942306103e-05,-0.0005541382220555,6.673942306103e-05,-0.0005541382220555,-4.897148153662e-06,5.137480729663e-05,4.880448367958e-06,-5.137628999922e-05
15.84893192461,6.468257635007e-05,-0.0005480406660363,6.468257635007e-05,-0.0005480406660363,-4.735814517619e-06,5.080471393882e-05,4.719109148419e-06,-5.080616312104e-05
16.0324539069,6.267142700678e-05,-0.0005420046673548,6.267142700678e-05,-0.0005420046673548,-4.578074761976e-06,5.024054293393e-05,4.561363934374e-06,-5.024195876339e-05
16.21810097359,6.07057514257e-05,-0.0005360297069311,6.07057514257e-05,-0.0005360297069311,-4.423921638571e-06,4.968224011707e-05,4.407205476944e-06,-4.968362278169e-05
16.405897732,5.878363648938e-05,-0.0005301154237433,5.878363648938e-05,-0.0005301154237433,-4.27319111383e-06,4.912976237022e-05,4.256469738531e-06,-4.913111202541e-05
16.59586907438,5.690430052553e-05,-0.0005242615278698,5.690430052553e-05,-0.0005242615278698,-4.125823336797e-06,4.858307590213e-05,4.109096860682e-06,-4.858439270473e-05
16.78804018123,5.506579792426e-05,-0.0005184675042207,5.506579792426e-05,-0.0005184675042207,-3.981651112976e-06,4.804212380411e-05,3.964919649491e-06,-4.804340787475e-05
16.98243652462,5.326938752821e-05,-0.0005127327202395,5.326938752821e-05,-0.0005127327202395,-3.840803443651e-06,4.750684537633e-05,3.824067107719e-06,-4.750809690165e-05
17.17908387158,5.1512156062e-05,-0.0005070568630454,5.1512156062e-05,-0.0005070568630454,-3.703022752126e-06,4.697720072896e-05,3.686281653805e-06,-4.697841982663e-05
17.37800828749,4.979444301179e-05,-0.0005014395494025,4.979444301179e-05,-0.0005014395494025,-3.568352049599e-06,4.645315056286e-05,3.551606293156e-06,-4.645433738627e-05
17.57923613959,4.811449799777e-05,-0.0004958802325545,4.811449799777e-05,-0.0004958802325545,-3.436641276203e-06,4.593463626054e-05,3.419890967472e-06,-4.593579092977e-05
17.78279410039,4.647337394818e-05,-0.0004903783393491,4.647337394818e-05,-0.0004903783393491,-3.307999308518e-06,4.542160266905e-05,3.291244553315e-06,-4.542272536443e-05
17.98870915129,4.486705501227e-05,-0.0004849338161605,4.486705501227e-05,-0.0004849338161605,-3.182065220094e-06,4.491403255259e-05,3.165306111262e-06,-4.491512334186e-05
18.1970085861,4.329744552876e-05,-0.0004795458496248,4.329744552876e-05,-0.0004795458496248,-3.059026625786e-06,4.441185055671e-05,3.042263263502e-06,-4.441290959648e-05
18.40772001469,4.176196713789e-05,-0.0004742139916258,4.176196713789e-05,-0.0004742139916258,-2.938655821629e-06,4.39150062755e-05,2.921888305318e-06,-4.39160336565e-05
18.62087136663,4.026253954635e-05,-0.0004689378355736,4.026253954635e-05,-0.0004689378355736,-2.821140588332e-06,4.342346209572e-05,2.804369010971e-06,-4.342445799982e-05
18.8364908949,3.87956595088e-05,-0.0004637170206048,3.87956595088e-05,-0.0004637170206048,-2.706167145329e-06,4.293717423837e-05,2.689391596838e-06,-4.293813874655e-05
19.05460717963,3.736139063212e-05,-0.0004585509675123,3.736139063212e-05,-0.0004585509675123,-2.59375162506e-06,4.245608582036e-05,2.576972196794e-06,-4.245701903806e-05
19.27524913191,3.595908529536e-05,-0.0004534393068179,3.595908529536e-05,-0.0004534393068179,-2.483843815995e-06,4.198015808947e-05,2.46706059391e-06,-4.198106012086e-05
19.49844599758,3.458870878087e-05,-0.000448381492015,3.458870878087e-05,-0.000448381492015,-2.376450293578e-06,4.150933717577e-05,2.359663364159e-06,-4.151020814639e-05
19.72422736115,3.324861004133e-05,-0.0004433771524059,3.324861004133e-05,-0.0004433771524059,-2.271427707715e-06,4.10435826045e-05,2.254637153053e-06,-4.104442260054e-05
19.95262314969,3.193889645208e-05,-0.0004384256718488,3.193889645208e-05,-0.0004384256718488,-2.16879550279e-06,4.058283456176e-05,2.152001408216e-06,-4.058364369534e-05
20.18366363682,3.065768352455e-05,-0.0004335267686664,3.065768352455e-05,-0.0004335267686664,-2.068388214185e-06,4.01270606836e-05,2.051590657543e-06,-4.01278390162e-05
20.4173794467,2.940549301944e-05,-0.000428679880818,2.940549301944e-05,-0.000428679880818,-1.970263118547e-06,3.967620710668e-05,1.953462178655e-06,-3.967695474085e-05
20.65380155811,2.818150230807e-05,-0.0004238845136154,2.818150230807e-05,-0.0004238845136154,-1.874352918952e-06,3.923022388788e-05,1.857548674456e-06,-3.923094091548e-05
20.89296130854,2.698541073137e-05,-0.0004191402654693,2.698541073137e-05,-0.0004191402654693,-1.780638228085e-06,3.878907070151e-05,1.763830753389e-06,-3.878975722367e-05
21.13489039837,2.581572634456e-05,-0.0004144466937952,2.581572634456e-05,-0.0004144466937952,-1.688989442517e-06,3.835270150568e-05,1.67217881054e-06,-3.835335758462e-05
21.37962089502,2.467214842359e-05,-0.0004098032904966,2.467214842359e-05,-0.0004098032904966,-1.599387008829e-06,3.792106635523e-05,1.582573292635e-06,-3.792169206095e-05
21.62718523727,2.355438042488e-05,-0.0004052096795521,2.355438042488e-05,-0.0004052096795521,-1.511811372043e-06,3.749412759279e-05,1.49499463955e-06,-3.749472300314e-05
21.8776162395,2.246144477683e-05,-0.0004006653492516,2.246144477683e-05,-0.0004006653492516,-1.42618008934e-06,3.707183398455e-05,1.409360409599e-06,-3.707239915684e-05
22.13094709606,2.139305671482e-05,-0.0003961698074737,2.139305671482e-05,-0.0003961698074737,-1.342474560915e-06,3.665413734044e-05,1.325652002844e-06,-3.665467233945e-05
22.38721138568,2.034895397058e-05,-0.0003917226602282,2.034895397058e-05,-0.0003917226602282,-1.26067795071e-06,3.624099864275e-05,1.243852579042e-06,-3.624150354162e-05
22.64644307593,1.932873295419e-05,-0.0003873233863024,1.932873295419e-05,-0.0003873233863024,-1.180760408946e-06,3.583236695581e-05,1.163932289887e-06,-3.583284183013e-05
22.90867652768,1.833067876936e-05,-0.0003829716448853,1.833067876936e-05,-0.0003829716448853,-1.102570440287e-06,3.542820606524e-05,1.085739635089e-06,-3.542865093501e-05
23.17394649969,1.735518248072e-05,-0.0003786669250319,1.735518248072e-05,-0.0003786669250319,-1.02615133309e-06,3.502846741428e-05,1.00931790353e-06,-3.502888233472e-05
23.4422881532,1.640204156177e-05,-0.0003744087918872,1.640204156177e-05,-0.0003744087918872,-9.514912425584e-07,3.463310859301e-05,9.346552483341e-07,-3.463349362911e-05
23.71373705662,1.547082131712e-05,-0.0003701967663471,1.547082131712e-05,-0.0003701967663471,-8.78556787872e-07,3.424208280771e-05,8.617182889418e-07,-3.42424380239e-05
23.9883291902,1.45591806668e-05,-0.0003660304741724,1.45591806668e-05,-0.0003660304741724,-8.07138075786e-07,3.385535022048e-05,7.902971295489e-07,-3.385567559248e-05
24.26610095082,1.366885969293e-05,-0.0003619094228808,1.366885969293e-05,-0.0003619094228808,-7.37402494311e-07,3.347286619944e-05,7.20559157267e-07,-3.347316179976e-05
24.54708915685,1.279890012153e-05,-0.0003578332038243,1.279890012153e-05,-0.0003578332038243,-6.69267751664e-07,3.309458989579e-05,6.524220782625e-07,-3.309485577092e-05
24.83133105296,1.194806175257e-05,-0.0003538013473676,1.194806175257e-05,-0.0003538013473676,-6.026254537468e-07,3.272047452421e-05,5.857774996387e-07,-3.272071067973e-05
25.1188643151,1.111571662297e-05,-0.0003498135655026,1.111571662297e-05,-0.0003498135655026,-5.374234131354e-07,3.235049106356e-05,5.205732260806e-07,-3.235069749123e-05
25.40972705549,1.030323958231e-05,-0.0003458692166484,1.030323958231e-05,-0.0003458692166484,-4.737949452627e-07,3.198458065444e-05,4.569425802986e-07,-3.198475742915e-05
25.70395782769,9.508271070363e-06,-0.0003419679468107,9.508271070363e-06,-0.0003419679468107,-4.115276456692e-07,3.162270585153e-05,3.946731550822e-07,-3.162285295065e-05
26.00159563165,8.731230235484e-06,-0.0003381094204727,8.731230235484e-06,-0.0003381094204727,-3.506658185004e-07,3.126483485659e-05,3.338092482903e-07,-3.126495229357e-05
26.30267991895,7.972630613128e-06,-0.0003342930938452,7.972630613128e-06,-0.0003342930938452,-2.912626580269e-07,3.091091674399e-05,2.744040582741e-07,-3.091100457476e-05
26.60725059799,7.2293898219e-06,-0.0003305186420569,7.2293898219e-06,-0.0003305186420569,-2.330385589063e-07,3.056091608129e-05,2.161779764344e-07,-3.056097422233e-05
26.91534803927,6.504925574411e-06,-0.0003267855541111,6.504925574411e-06,-0.0003267855541111,-1.763148851054e-07,3.021478891184e-05,1.594523669227e-07,-3.021481746893e-05
27.22701308078,5.795246048682e-06,-0.0003230935465489,5.795246048682e-06,-0.0003230935465489,-1.207276930599e-07,2.987250259742e-05,1.038632818424e-07,-2.987250148733e-05
27.54228703338,5.102626828578e-06,-0.000319442052815,5.102626828578e-06,-0.000319442052815,-6.649262389703e-08,2.953400656167e-05,4.962636690477e-08,-2.953397583416e-05
27.8612116863,4.425797104106e-06,-0.0003158307379672,4.425797104106e-06,-0.0003158307379672,-1.349710246536e-08,2.919926707269e-05,-3.370956939195e-09,-2.919920672692e-05
28.18382931265,3.763402560942e-06,-0.0003122592280569,3.763402560942e-06,-0.0003122592280569,3.837921630971e-08,2.886824679229e-05,-5.524903647516e-08,-2.886815676963e-05
28.51018267504,3.116453198104e-06,-0.0003087270868417,3.116453198104e-06,-0.0003087270868417,8.903815679268e-08,2.854090561725e-05,-1.05909696492e-07,-2.854078592766e-05
28.84031503127,2.483620221767e-06,-0.0003052339623533,2.483620221767e-06,-0.0003052339623533,1.385979325428e-07,2.821720837106e-05,-1.554711531657e-07,-2.821705896668e-05
29.17427014001,1.865217906727e-06,-0.0003017793715362,1.865217906727e-06,-0.0003017793715362,1.87024819234e-07,2.789710981794e-05,-2.038996789352e-07,-2.789693068213e-05
29.51209226666,1.261574073814e-06,-0.0002983629766413,1.261574073814e-06,-0.0002983629766413,2.342841121764e-07,2.758057816919e-05,-2.511605736951e-07,-2.758036931842e-05
29.85382618918,6.713917010198e-07,-0.0002949842834021,6.713917010198e-07,-0.0002949842834021,2.804912070669e-07,2.726756528079e-05,-2.973692271983e-07,-2.726732667306e-05
30.19951720402,9.421582412339e-08,-0.0002916430929015,9.421582412339e-08,-0.0002916430929015,3.256841006116e-07,2.695805136937e-05,-3.425636476234e-07,-2.695778294975e-05
30.54921113216,-4.706944600142e-07,-0.0002883389336612,-4.706944600142e-07,-0.0002883389336612,3.69926990296e-07,2.665199117719e-05,-3.868080280078e-07,-2.665169286047e-05
30.90295432514,-1.021897503086e-06,-0.0002850713868421,-1.021897503086e-06,-0.0002850713868421,4.130824818197e-07,2.634934681048e-05,-4.299649743398e-07,-2.634901860881e-05
31.26079367124,-1.560972527862e-06,-0.0002818400673596,-1.560972527862e-06,-0.0002818400673596,4.552925395121e-07,2.60500800954e-05,-4.721764501211e-07,-2.60497219416e-05
31.62277660168,-2.087497745962e-06,-0.0002786446145681,-2.087497745962e-06,-0.0002786446145681,4.965142758978e-07,2.575415740224e-05,-5.133995701864e-07,-2.575376926709e-05
31.98895109691,-2.602715963559e-06,-0.0002754847074418,-2.602715963559e-06,-0.0002754847074418,5.368587938626e-07,2.546154696441e-05,-5.537454404326e-07,-2.546112875612e-05
32.35936569296,-3.105533771922e-06,-0.000272359915012,-3.105533771922e-06,-0.000272359915012,5.762212099406e-07,2.517220941632e-05,-5.931091757188e-07,-2.517176112245e-05
32.73406948788,-3.597203375769e-06,-0.000269269853408,-3.597203375769e-06,-0.000269269853408,6.147135883197e-07,2.488610724127e-05,-6.316028389255e-07,-2.488562878499e-05
33.11311214826,-4.077826683107e-06,-0.0002662142040466,-4.077826683107e-06,-0.0002662142040466,6.523418114629e-07,2.46032102291e-05,-6.692323161693e-07,-2.46027015389e-05
33.49654391578,-4.547970400741e-06,-0.0002631926575964,-4.547970400741e-06,-0.0002631926575964,6.891548078776e-07,2.432348856838e-05,-7.060465396846e-07,-2.432294954832e-05
33.88441561392,-5.007214298623e-06,-0.0002602047432245,-5.007214298623e-06,-0.0002602047432245,7.251101872555e-07,2.404689855644e-05,-7.420031132656e-07,-2.404632914909e-05
34.27677865465,-5.456778398246e-06,-0.000257250201657,-5.456778398246e-06,-0.000257250201657,7.603174641836e-07,2.3773414404e-05,-7.772115574042e-07,-2.377281448404e-05
34.67368504525,-5.895004853573e-06,-0.0002543285743081,-5.895004853573e-06,-0.0002543285743081,7.946200085111e-07,2.350299479917e-05,-8.115152373783e-07,-2.350236436154e-05
35.07518739526,-6.323560277861e-06,-0.0002514395663494,-6.323560277861e-06,-0.0002514395663494,8.28168718897e-07,2.323561027096e-05,-8.450650546136e-07,-2.323494921262e-05
35.48133892336,-6.742910954881e-06,-0.0002485828586972,-6.742910954881e-06,-0.0002485828586972,8.610035836689e-07,2.297123035067e-05,-8.77900999622e-07,-2.297053854751e-05
35.8921934645,-7.152394212e-06,-0.0002457580885277,-7.152394212e-06,-0.0002457580885277,8.930602600796e-07,2.270982162562e-05,-9.099587297486e-07,-2.2709099009e-05
36.30780547701,-7.5528425478e-06,-0.0002429649301667,-7.5528425478e-06,-0.0002429649301667,9.244127115319e-07,2.245135270129e-05,-9.413122093788e-07,-2.245059915639e-05
36.72823004981,-7.944097373271e-06,-0.0002402030036972,-7.944097373271e-06,-0.0002402030036972,9.550433034716e-07,2.219578813101e-05,-9.719438018676e-07,-2.219500356432e-05
37.15352290972,-8.326096461807e-06,-0.0002374719803197,-8.326096461807e-06,-0.0002374719803197,9.849434191263e-07,2.194309710721e-05,-1.00184489153e-06,-2.19422814405e-05
37.58374042885,-8.699961483241e-06,-0.0002347715902732,-8.699961483241e-06,-0.0002347715902732,1.01421398811e-06,2.169325322647e-05,-1.031116411989e-06,-2.169240631195e-05
38.01893963206,-9.064486668107e-06,-0.0002321014225815,-9.064486668107e-06,-0.0002321014225815,1.04274073577e-06,2.144621914922e-05,-1.059644084463e-06,-2.144534093588e-05
38.45917820454,-9.421819624659e-06,-0.0002294612359315,-9.421819624659e-06,-0.0002294612359315,1.070719565696e-06,2.120197024931e-05,-1.087623817257e-06,-2.120106053999e-05
38.90451449943,-9.770371073813e-06,-0.000226850629832,-9.770371073813e-06,-0.000226850629832,1.09800087968e-06,2.096047050682e-05,-1.114906008557e-06,-2.095952922997e-05
39.35500754558,-1.011151546927e-05,-0.0002242693515909,-1.011151546927e-05,-0.0002242693515909,1.12470921577e-06,2.072169498513e-05,-1.141615200664e-06,-2.072072197693e-05
39.81071705535,-1.044454156053e-05,-0.0002217170444415,-1.044454156053e-05,-0.0002217170444415,1.15077628498e-06,2.048561094232e-05,-1.167683102849e-06,-2.048460610139e-05
40.27170343255,-1.077028536968e-05,-0.0002191934311636,-1.077028536968e-05,-0.0002191934311636,1.176276940672e-06,2.025219168802e-05,-1.193184571031e-06,-2.025115485878e-05
40.73802778041,-1.108863303235e-05,-0.0002166981290894,-1.108863303235e-05,-0.0002166981290894,1.201198198478e-06,2.002140160232e-05,-1.218106615939e-06,-2.002033264655e-05
41.20975190973,-1.139959447731e-05,-0.000214230927172,-1.139959447731e-05,-0.000214230927172,1.225538708666e-06,1.979322083123e-05,-1.242447895873e-06,-1.979211961884e-05
41.68693834703,-1.170387264278e-05,-0.0002117914486321,-1.170387264278e-05,-0.0002117914486321,1.249361094065e-06,1.956761366013e-05,-1.266271027899e-06,-1.95664800142e-05
42.16965034286,-1.20008681222e-05,-0.000209379421055,-1.20008681222e-05,-0.000209379421055,1.27260772907e-06,1.934455507432e-05,-1.289518389791e-06,-1.934338887396e-05
42.65795188016,-1.229179912058e-05,-0.0002069945457504,-1.229179912058e-05,-0.0002069945457504,1.29538902459e-06,1.912401621216e-05,-1.312300391843e-06,-1.912281724644e-05
43.15190768278,-1.257464048294e-05,-0.0002046364921382,-1.257464048294e-05,-0.0002046364921382,1.317515615136e-06,1.890596778234e-05,-1.334427668101e-06,-1.890473601424e-05
43.65158322402,-1.28518387462e-05,-0.0002023050118984,-1.28518387462e-05,-0.0002023050118984,1.339211583154e-06,1.86903846727e-05,-1.356124302848e-06,-1.868911987292e-05
44.15704473533,-1.312320588687e-05,-0.0001999998137747,-1.312320588687e-05,-0.0001999998137747,1.360457497476e-06,1.847723985391e-05,-1.377370865504e-06,-1.847594181477e-05
44.6683592151,-1.338852189229e-05,-0.0001977205856435,-1.338852189229e-05,-0.0001977205856435,1.381230998581e-06,1.826650438788e-05,-1.398144995122e-06,-1.826517292705e-05
45.18559443749,-1.364655818739e-05,-0.000195467038551,-1.364655818739e-05,-0.000195467038551,1.40141656118e-06,1.805815219624e-05,-1.418331167581e-06,-1.805678724512e-05
45.70881896149,-1.39002333015e-05,-0.0001932389858435,-1.39002333015e-05,-0.0001932389858435,1.421282110274e-06,1.78521636832e-05,-1.438197313849e-06,-1.785076492875e-05
46.23810213993,-1.414643837807e-05,-0.0001910359669648,-1.414643837807e-05,-0.0001910359669648,1.440538277981e-06,1.764849825291e-05,-1.457454053509e-06,-1.764706566053e-05
46.77351412872,-1.438885208781e-05,-0.0001888578722523,-1.438885208781e-05,-0.0001888578722523,1.45952338701e-06,1.744714296831e-05,-1.476439720831e-06,-1.744567618595e-05
47.31512589615,-1.462521082542e-05,-0.0001867043500335,-1.462521082542e-05,-0.0001867043500335,1.478026356752e-06,1.724806668971e-05,-1.49494323081e-06,-1.724656557205e-05
47.86300923226,-1.485552470496e-05,-0.0001845751410086,-1.485552470496e-05,-0.0001845751410086,1.496046379892e-06,1.705124521554e-05,-1.51296377749e-06,-1.704970962498e-05
48.41723675841,-1.508160773747e-05,-0.0001824699986434,-1.508160773747e-05,-0.0001824699986434,1.513749436961e-06,1.685665434569e-05,-1.530667342038e-06,-1.685508398518e-05
48.97788193685,-1.530200662364e-05,-0.0001803886289644,-1.530200662364e-05,-0.0001803886289644,1.53099950092e-06,1.666426768122e-05,-1.547917896485e-06,-1.666266239346e-05
49.54501908048,-1.551663898281e-05,-0.0001783307607244,-1.551663898281e-05,-0.0001783307607244,1.547787316435e-06,1.647405999829e-05,-1.564706185051e-06,-1.647241964206e-05
50.11872336273,-1.572785304308e-05,-0.0001762961932253,-1.572785304308e-05,-0.0001762961932253,1.564328380092e-06,1.628601107108e-05,-1.58124770807e-06,-1.628433528832e-05
50.69907082747,-1.59338213812e-05,-0.0001742846440696,-1.59338213812e-05,-0.0001742846440696,1.580452195204e-06,1.610009579322e-05,-1.597371968568e-06,-1.609838440466e-05
51.28613839914,-1.61347102368e-05,-0.000172295800038,-1.61347102368e-05,-0.000172295800038,1.596172564231e-06,1.591628493085e-05,-1.613092763441e-06,-1.591453774846e-05
51.8800038929,-1.633169095483e-05,-0.0001703295054479,-1.633169095483e-05,-0.0001703295054479,1.611596325369e-06,1.573456321983e-05,-1.628516939509e-06,-1.57327799462e-05
52.48074602498,-1.652288874171e-05,-0.0001683854133246,-1.652288874171e-05,-0.0001683854133246,1.626548663812e-06,1.555489955625e-05,-1.64346967437e-06,-1.555308008601e-05
53.0884444231,-1.67110801454e-05,-0.0001664633654661,-1.67110801454e-05,-0.0001664633654661,1.641284854125e-06,1.537727751995e-05,-1.658206249124e-06,-1.537542147526e-05
53.70317963703,-1.689452871122e-05,-0.0001645630624456,-1.689452871122e-05,-0.0001645630624456,1.655642959903e-06,1.52016703191e-05,-1.672564723731e-06,-1.519977750148e-05
54.32503314924,-1.707417137372e-05,-0.0001626842786174,-1.707417137372e-05,-0.0001626842786174,1.669708231824e-06,1.50280564183e-05,-1.68663034988e-06,-1.502612653862e-05
54.95408738576,-1.724905067705e-05,-0.0001608267821346,-1.724905067705e-05,-0.0001608267821346,1.683390838585e-06,1.48564147934e-05,-1.700313298202e-06,-1.485444766712e-05
55.59042572704,-1.742043510558e-05,-0.0001589902975641,-1.742043510558e-05,-0.0001589902975641,1.696806707385e-06,1.468671914798e-05,-1.713729490863e-06,-1.468471446287e-05
56.23413251904,-1.758775927819e-05,-0.000157174639537,-1.758775927819e-05,-0.000157174639537,1.709902330383e-06,1.45189525403e-05,-1.726825425948e-06,-1.451691004801e-05
56.88529308439,-1.775172140768e-05,-0.000155379586459,-1.775172140768e-05,-0.000155379586459,1.722741006076e-06,1.435309399676e-05,-1.739664402711e-06,-1.435101337806e-05
57.54399373372,-1.791124573857e-05,-0.0001536048484388,-1.791124573857e-05,-0.0001536048484388,1.73522204795e-06,1.418911717658e-05,-1.752145729302e-06,-1.418699823377e-05
58.21032177709,-1.806708752814e-05,-0.0001518502315972,-1.806708752814e-05,-0.0001518502315972,1.747414095577e-06,1.40270036457e-05,-1.764338048366e-06,-1.402484610386e-05
58.88436553556,-1.821981706692e-05,-0.0001501155343816,-1.821981706692e-05,-0.0001501155343816,1.759368711794e-06,1.38667343816e-05,-1.776292925015e-06,-1.386453790584e-05
59.5662143529,-1.836933600291e-05,-0.0001484005047242,-1.836933600291e-05,-0.0001484005047242,1.771075653095e-06,1.370828604313e-05,-1.788000112716e-06,-1.370605031215e-05
60.25595860744,-1.851490321649e-05,-0.0001467049131544,-1.851490321649e-05,-0.0001467049131544,1.782465298453e-06,1.355163768765e-05,-1.799389990189e-06,-1.354936246865e-05
60.95368972402,-1.865720530547e-05,-0.0001450285603811,-1.865720530547e-05,-0.0001450285603811,1.793600035888e-06,1.339677045968e-05,-1.81052494706e-06,-1.339445544561e-05
61.65950018615,-1.879633765631e-05,-0.0001433712394431,-1.879633765631e-05,-0.0001433712394431,1.80448762425e-06,1.324366509598e-05,-1.821412743248e-06,-1.324130997196e-05
62.37348354824,-1.893285136559e-05,-0.000141732752097,-1.893285136559e-05,-0.000141732752097,1.81517797236e-06,1.309230293452e-05,-1.832103289025e-06,-1.3089907323e-05
63.09573444802,-1.906573341096e-05,-0.0001401128405515,-1.906573341096e-05,-0.0001401128405515,1.825576405429e-06,1.294266053461e-05,-1.842501905109e-06,-1.294022418163e-05
63.82634861906,-1.919600740402e-05,-0.0001385113166923,-1.919600740402e-05,-0.0001385113166923,1.835776558303e-06,1.279471996188e-05,-1.852702227933e-06,-1.27922424937e-05
64.56542290347,-1.932215723791e-05,-0.0001369279615961,-1.932215723791e-05,-0.0001369279615961,1.845637315442e-06,1.264846157423e-05,-1.862563141931e-06,-1.264594280603e-05
65.31305526475,-1.944730493572e-05,-0.0001353626287379,-1.944730493572e-05,-0.0001353626287379,1.855446336953e-06,1.250387039271e-05,-1.87237231156e-06,-1.250130975675e-05
66.06934480076,-1.95679891842e-05,-0.0001338150395842,-1.95679891842e-05,-0.0001338150395842,1.864882718592e-06,1.236092209792e-05,-1.881808826404e-06,-1.235831945945e-05
66.83439175686,-1.968645260698e-05,-0.0001322850296308,-1.968645260698e-05,-0.0001322850296308,1.874152866206e-06,1.221960045517e-05,-1.891079094686e-06,-1.221695540195e-05
67.6082975392,-1.980299671506e-05,-0.0001307724309856,-1.980299671506e-05,-0.0001307724309856,1.883283776881e-06,1.207988977217e-05,-1.900210117165e-06,-1.207720185301e-05
68.39116472814,-1.991549197317e-05,-0.0001292769852816,-1.991549197317e-05,-0.0001292769852816,1.89207771752e-06,1.194176696681e-05,-1.909004154713e-06,-1.193903600858e-05
69.1830970919,-2.002604152724e-05,-0.0001277985517791,-2.002604152724e-05,-0.0001277985517791,1.900728267184e-06,1.180521812148e-05,-1.917654791344e-06,-1.180244368076e-05
69.98419960023,-2.013435738218e-05,-0.0001263369200542,-2.013435738218e-05,-0.0001263369200542,1.909207971123e-06,1.167022385355e-05,-1.926134570177e-06,-1.166740552481e-05
70.79457843842,-2.024033488729e-05,-0.0001248918995186,-2.024033488729e-05,-0.0001248918995186,1.917506347821e-06,1.153676653761e-05,-1.93443300968e-06,-1.153390393015e-05
71.61434102129,-2.034304962102e-05,-0.0001234632771393,-2.034304962102e-05,-0.0001234632771393,1.925537150007e-06,1.140482677114e-05,-1.94246385995e-06,-1.140191962241e-05
72.4435960075,-2.044384202926e-05,-0.0001220509400748,-2.044384202926e-05,-0.0001220509400748,1.933423536034e-06,1.1274393575e-05,-1.950350288055e-06,-1.1271441442e-05
73.28245331389,-2.054275877923e-05,-0.0001206546446033,-2.054275877923e-05,-0.0001206546446033,1.941169043155e-06,1.114544436695e-05,-1.958095822961e-06,-1.114244679972e-05
74.13102413009,-2.063908051555e-05,-0.0001192742224514,-2.063908051555e-05,-0.0001192742224514,1.948706445802e-06,1.1017963804e-05,-1.965633241564e-06,-1.101492045412e-05
74.98942093325,-2.073338412337e-05,-0.0001179094903698,-2.073338412337e-05,-0.0001179094903698,1.956088346308e-06,1.0891934703e-05,-1.973015145094e-06,-1.088884514213e-05
75.85775750292,-2.082500380155e-05,-0.0001165602816612,-2.082500380155e-05,-0.0001165602816612,1.963252501172e-06,1.076734183701e-05,-1.98017929219e-06,-1.076420573386e-05
76.73614893618,-2.091562556532e-05,-0.0001152264343614,-2.091562556532e-05,-0.0001152264343614,1.970354072268e-06,1.064416964224e-05,-1.987280845156e-06,-1.064098642125e-05
77.62471166287,-2.100368111981e-05,-0.0001139077543139,-2.100368111981e-05,-0.0001139077543139,1.977247415575e-06,1.052240065112e-05,-1.994174158434e-06,-1.051916996537e-05
78.52356346101,-2.108896361544e-05,-0.0001126040561128,-2.108896361544e-05,-0.0001126040561128,1.98391274946e-06,1.040201774253e-05,-2.000839448472e-06,-1.039873927959e-05
79.43282347243,-2.117315402883e-05,-0.0001113152086166,-2.117315402883e-05,-0.0001113152086166,1.990504823394e-06,1.028300824013e-05,-2.007431468938e-06,-1.027968143624e-05
80.35261221856,-2.125472545813e-05,-0.0001100410149869,-2.125472545813e-05,-0.0001100410149869,1.996881862111e-06,1.016535438261e-05,-2.013808441602e-06,-1.016197890511e-05
81.28305161641,-2.133509095942e-05,-0.0001087813219498,-2.133509095942e-05,-0.0001087813219498,2.003173870612e-06,1.004904155297e-05,-2.020100372057e-06,-1.004561685315e-05
82.22426499471,-2.141350690495e-05,-0.0001075359646675,-2.141350690495e-05,-0.0001075359646675,2.009311511896e-06,9.93405470679e-06,-2.026237923872e-06,-9.930580349726e-06
83.17637711027,-2.149015376945e-05,-0.0001063047837126,-2.149015376945e-05,-0.0001063047837126,2.015310882418e-06,9.820379028379e-06,-2.032237193775e-06,-9.816854551109e-06
84.13951416452,-2.156563883061e-05,-0.0001050876120546,-2.156563883061e-05,-0.0001050876120546,2.021227540607e-06,9.707998891887e-06,-2.038153738572e-06,-9.704423733337e-06
85.11380382024,-2.163845394366e-05,-0.0001038842879317,-2.163845394366e-05,-0.0001038842879317,2.026921521192e-06,9.596899721261e-06,-2.043847593852e-06,-9.593273562884e-06
86.09937521846,-2.170958884511e-05,-0.0001026946599569,-2.170958884511e-05,-0.0001026946599569,2.032483763953e-06,9.487067231509e-06,-2.049409699322e-06,-9.483389596495e-06
87.09635899561,-2.177947729332e-05,-0.0001015185741957,-2.177947729332e-05,-0.0001015185741957,2.037953828355e-06,9.378487065678e-06,-2.05487961422e-06,-9.374757404415e-06
88.1048873008,-2.184800961995e-05,-0.000100355880391,-2.184800961995e-05,-0.000100355880391,2.043321055114e-06,9.271145348012e-06,-2.060246679866e-06,-9.267363126576e-06
89.12509381338,-2.191403396287e-05,-9.920641295413e-05,-2.191403396287e-05,-9.920641295413e-05,2.04847845829e-06,9.165027023265e-06,-2.065403909006e-06,-9.161191902344e-06
90.1571137606,-2.197945718852e-05,-9.807003247366e-05,-2.197945718852e-05,-9.807003247366e-05,2.053601800936e-06,9.060118740706e-06,-2.070527064657e-06,-9.056230056213e-06
91.20108393559,-2.204363428053e-05,-9.694660819197e-05,-2.204363428053e-05,-9.694660819197e-05,2.058630977042e-06,8.956408555275e-06,-2.075556044443e-06,-8.952465749339e-06
92.25714271548,-2.210542452045e-05,-9.583594305803e-05,-2.210542452045e-05,-9.583594305803e-05,2.063460057043e-06,8.853878481394e-06,-2.080384911012e-06,-8.849881195235e-06
93.3254300797,-2.216626907539e-05,-9.473793942863e-05,-2.216626907539e-05,-9.473793942863e-05,2.068221798269e-06,8.752519166202e-06,-2.085146428591e-06,-8.748466787615e-06
94.40608762859,-2.222611333348e-05,-9.365244382488e-05,-2.222611333348e-05,-9.365244382488e-05,2.072910694713e-06,8.652316429252e-06,-2.089835089443e-06,-8.648208351559e-06
95.49925860215,-2.228392861902e-05,-9.257929580374e-05,-2.228392861902e-05,-9.257929580374e-05,2.077431212455e-06,8.553255630735e-06,-2.094355357167e-06,-8.549091431532e-06
96.60508789898,-2.23413004781e-05,-9.151837449723e-05,-2.23413004781e-05,-9.151837449723e-05,2.081929478857e-06,8.455325281444e-06,-2.098853361098e-06,-8.451104247272e-06
97.72372209558,-2.239630555402e-05,-9.046952946667e-05,-2.239630555402e-05,-9.046952946667e-05,2.08622728225e-06,8.358511823037e-06,-2.103150889112e-06,-8.354233593162e-06
98.8553094657,-2.245067728029e-05,-8.943261824916e-05,-2.245067728029e-05,-8.943261824916e-05,2.09048443472e-06,8.262801759816e-06,-2.107407750572e-06,-8.258465650016e-06
100.0,-2.250317102106e-05,-8.84075254161e-05,-2.250317102106e-05,-8.84075254161e-05,2.094585486493e-06,8.168184629783e-06,-2.111508500568e-06,-8.163790188093e-06
101.157945426,-2.255570724761e-05,-8.739410912675e-05,-2.255570724761e-05,-8.739410912675e-05,2.098707556323e-06,8.074646998069e-06,-2.115630254557e-06,-8.070193402175e-06
102.3292992281,-2.260622505033e-05,-8.639222960964e-05,-2.260622505033e-05,-8.639222960964e-05,2.102659756406e-06,7.982176273539e-06,-2.119582125147e-06,-7.97766309451e-06
103.5142166679,-2.265584705641e-05,-8.540175235151e-05,-2.265584705641e-05,-8.540175235151e-05,2.106545476215e-06,7.890759836888e-06,-2.123467499969e-06,-7.886186426164e-06
104.7128548051,-2.27037771266e-05,-8.442254885593e-05,-2.27037771266e-05,-8.442254885593e-05,2.110290754892e-06,7.800385919803e-06,-2.127212418965e-06,-7.79575178412e-06
105.9253725177,-2.275037581211e-05,-8.345450121309e-05,-2.275037581211e-05,-8.345450121309e-05,2.113928558921e-06,7.711043559636e-06,-2.130849850214e-06,-7.706348133601e-06
107.1519305238,-2.279716894931e-05,-8.249748605203e-05,-2.279716894931e-05,-8.249748605203e-05,2.117599573995e-06,7.62272115208e-06,-2.134520478604e-06,-7.617963555613e-06
108.3926914021,-2.28422558291e-05,-8.155136308401e-05,-2.28422558291e-05,-8.155136308401e-05,2.12112776172e-06,7.535405976786e-06,-2.138048264313e-06,-7.530585712529e-06
109.6478196143,-2.288645087212e-05,-8.061601388899e-05,-2.288645087212e-05,-8.061601388899e-05,2.124588064979e-06,7.449086980068e-06,-2.141508150447e-06,-7.444203380909e-06
110.9174815262,-2.292971372176e-05,-7.969131551147e-05,-2.292971372176e-05,-7.969131551147e-05,2.127976422941e-06,7.363752801012e-06,-2.144896075969e-06,-7.358805204009e-06
112.2018454302,-2.29711570449e-05,-7.877714212356e-05,-2.29711570449e-05,-7.877714212356e-05,2.131210492358e-06,7.279391897207e-06,-2.148129697285e-06,-7.274379826137e-06
113.5010815672,-2.301263201813e-05,-7.787337592269e-05,-2.301263201813e-05,-7.787337592269e-05,2.134461069719e-06,7.195993188751e-06,-2.151379809419e-06,-7.19091576724e-06
114.8153621497,-2.305260226599e-05,-7.697990586012e-05,-2.305260226599e-05,-7.697990586012e-05,2.137585833802e-06,7.113546563582e-06,-2.154504093998e-06,-7.108403242054e-06
116.144861384,-2.309228466383e-05,-7.609662369153e-05,-2.309228466383e-05,-7.609662369153e-05,2.14069696452e-06,7.032041906532e-06,-2.157614731656e-06,-7.026831864847e-06
117.489755494,-2.313003403018e-05,-7.522336844895e-05,-2.313003403018e-05,-7.522336844895e-05,2.14364209284e-06,6.951464474357e-06,-2.160559344622e-06,-6.946187253898e-06
118.8502227437,-2.316799475846e-05,-7.436008074727e-05,-2.316799475846e-05,-7.436008074727e-05,2.146619150149e-06,6.871808611997e-06,-2.163535874441e-06,-6.866463269446e-06
120.2264434617,-2.320495180274e-05,-7.350661287486e-05,-2.320495180274e-05,-7.350661287486e-05,2.149515540861e-06,6.793060763723e-06,-2.166431718685e-06,-6.787646622801e-06
121.6186000646,-2.324042635301e-05,-7.266286712629e-05,-2.324042635301e-05,-7.266286712629e-05,2.152286732675e-06,6.715211924384e-06,-2.169202348526e-06,-6.709728416985e-06
123.0268770812,-2.327519344843e-05,-7.182871760575e-05,-2.327519344843e-05,-7.182871760575e-05,2.155004095979e-06,6.638250408663e-06,-2.171919129875e-06,-6.632696784444e-06
124.4514611771,-2.330924381459e-05,-7.100406912639e-05,-2.330924381459e-05,-7.100406912639e-05,2.157666511687e-06,6.562167423568e-06,-2.174580946749e-06,-6.556542928659e-06
125.8925411794,-2.334281232483e-05,-7.018881160177e-05,-2.334281232483e-05,-7.018881160177e-05,2.160295433249e-06,6.486952789627e-06,-2.17720925173e-06,-6.481256607827e-06
127.3503081017,-2.337587290108e-05,-6.938283109509e-05,-2.337587290108e-05,-6.938283109509e-05,2.162888199058e-06,6.412595985583e-06,-2.179801381323e-06,-6.406827299418e-06
128.8249551693,-2.340814448068e-05,-6.858603677903e-05,-2.340814448068e-05,-6.858603677903e-05,2.165418584712e-06,6.339088632108e-06,-2.182331114791e-06,-6.333246686006e-06
130.3166778452,-2.343909675063e-05,-6.779830024887e-05,-2.343909675063e-05,-6.779830024887e-05,2.167837331131e-06,6.266418874228e-06,-2.184749187424e-06,-6.260503039971e-06
131.8256738556,-2.346897810637e-05,-6.701952147354e-05,-2.346897810637e-05,-6.701952147354e-05,2.170167164662e-06,6.194577456813e-06,-2.187078325823e-06,-6.188587042907e-06
133.3521432163,-2.349933232964e-05,-6.624961502342e-05,-2.349933232964e-05,-6.624961502342e-05,2.172550554449e-06,6.123556472528e-06,-2.189461001672e-06,-6.117490390327e-06
134.8962882592,-2.35284037717e-05,-6.548847929535e-05,-2.35284037717e-05,-6.548847929535e-05,2.174824995405e-06,6.053346557847e-06,-2.191734711135e-06,-6.04720415638e-06
136.4583136589,-2.355676505532e-05,-6.473599337674e-05,-2.355676505532e-05,-6.473599337674e-05,2.177043198732e-06,5.9839365351e-06,-2.19395215919e-06,-5.977717012951e-06
138.0384264603,-2.358425552566e-05,-6.399207237206e-05,-2.358425552566e-05,-6.399207237206e-05,2.179190101037e-06,5.915318561092e-06,-2.196098285854e-06,-5.909021153537e-06
139.6368361056,-2.361203078676e-05,-6.325662007258e-05,-2.361203078676e-05,-6.325662007258e-05,2.181372310391e-06,5.847483767461e-06,-2.198279698251e-06,-5.841107396185e-06
141.2537544623,-2.363898969781e-05,-6.252954687454e-05,-2.363898969781e-05,-6.252954687454e-05,2.183487840046e-06,5.78042386924e-06,-2.200394412233e-06,-5.773967738978e-06
142.8893958511,-2.366484592961e-05,-6.181072909443e-05,-2.366484592961e-05,-6.181072909443e-05,2.185510024942e-06,5.714127429303e-06,-2.20241575505e-06,-5.707590818326e-06
144.5439770746,-2.368962168621e-05,-6.110008564432e-05,-2.368962168621e-05,-6.110008564432e-05,2.187440722591e-06,5.648586952235e-06,-2.204345587378e-06,-5.641969130488e-06
146.2177174457,-2.371416334383e-05,-6.039753312515e-05,-2.371416334383e-05,-6.039753312515e-05,2.189357975962e-06,5.583794765479e-06,-2.206261953825e-06,-5.577094763423e-06
147.9108388168,-2.373861255574e-05,-5.970297738871e-05,-2.373861255574e-05,-5.970297738871e-05,2.191274692528e-06,5.519742189034e-06,-2.208177760911e-06,-5.512958986525e-06
149.6235656094,-2.376241060726e-05,-5.901630654407e-05,-2.376241060726e-05,-5.901630654407e-05,2.193139047557e-06,5.456418867282e-06,-2.210041178168e-06,-5.44955159246e-06
151.3561248436,-2.378532514491e-05,-5.833745731128e-05,-2.378532514491e-05,-5.833745731128e-05,2.194929384787e-06,5.393818944325e-06,-2.21183055682e-06,-5.38686678618e-06
153.1087461682,-2.380847643094e-05,-5.766632502748e-05,-2.380847643094e-05,-5.766632502748e-05,2.196749081283e-06,5.331932826044e-06,-2.213649268108e-06,-5.32489464065e-06
154.8816618913,-2.38302525016e-05,-5.700281522649e-05,-2.38302525016e-05,-5.700281522649e-05,2.198448968449e-06,5.270751684618e-06,-2.215348142582e-06,-5.263626790968e-06
156.6751070108,-2.385193568096e-05,-5.634685775913e-05,-2.385193568096e-05,-5.634685775913e-05,2.200147409029e-06,5.210269134233e-06,-2.217045546437e-06,-5.203056467083e-06
158.4893192461,-2.387259505681e-05,-5.569835797048e-05,-2.387259505681e-05,-5.569835797048e-05,2.201758194176e-06,5.150476362821e-06,-2.218655268745e-06,-5.143175127309e-06
160.324539069,-2.389369053611e-05,-5.505722062002e-05,-2.389369053611e-05,-5.505722062002e-05,2.203416110729e-06,5.09136470482e-06,-2.220312091518e-06,-5.083973654799e-06
162.1810097359,-2.391345425716e-05,-5.442337637652e-05,-2.391345425716e-05,-5.442337637652e-05,2.20495759319e-06,5.03292760365e-06,-2.221852454919e-06,-5.025446024245e-06
164.05897732,-2.393353881405e-05,-5.379673860713e-05,-2.393353881405e-05,-5.379673860713e-05,2.206535245494e-06,4.975157222616e-06,-2.223428959948e-06,-4.967583879937e-06
165.9586907438,-2.395288725598e-05,-5.317721264855e-05,-2.395288725598e-05,-5.317721264855e-05,2.208051223721e-06,4.918044719335e-06,-2.224943759264e-06,-4.910378698396e-06
167.8804018123,-2.397182580281e-05,-5.256473215278e-05,-2.397182580281e-05,-5.256473215278e-05,2.209535535486e-06,4.861584006629e-06,-2.226426864442e-06,-4.853824281605e-06
169.8243652462,-2.399002253164e-05,-5.195920792196e-05,-2.399002253164e-05,-5.195920792196e-05,2.210957359983e-06,4.805766811036e-06,-2.227847451697e-06,-4.797912454652e-06
171.7908387158,-2.400802423578e-05,-5.136056021948e-05,-2.400802423578e-05,-5.136056021948e-05,2.2123671013e-06,4.750585841068e-06,-2.22925592403e-06,-4.742635740209e-06
173.7800828749,-2.402521509851e-05,-5.076870855766e-05,-2.402521509851e-05,-5.076870855766e-05,2.213707703104e-06,4.696033589142e-06,-2.230595224494e-06,-4.687986823753e-06
175.7923613959,-2.404237562645e-05,-5.018357997429e-05,-2.404237562645e-05,-5.018357997429e-05,2.215051177828e-06,4.642103429556e-06,-2.231937365861e-06,-4.633958811572e-06
177.8279410039,-2.405913000925e-05,-4.960509740007e-05,-2.405913000925e-05,-4.960509740007e-05,2.216362659471e-06,4.588788202388e-06,-2.233247481859e-06,-4.580544657686e-06
179.8870915129,-2.407548255126e-05,-4.903317599534e-05,-2.407548255126e-05,-4.903317599534e-05,2.217642421544e-06,4.53608007977e-06,-2.234525842397e-06,-4.527736522891e-06
181.970085861,-2.40918208099e-05,-4.846774940696e-05,-2.40918208099e-05,-4.846774940696e-05,2.218926162987e-06,4.483973005676e-06,-2.235808148471e-06,-4.475528206012e-06
184.0772001469,-2.410738492575e-05,-4.790874328048e-05,-2.410738492575e-05,-4.790874328048e-05,2.220143527614e-06,4.432459998908e-06,-2.237024043967e-06,-4.423912979176e-06
186.2087136663,-2.412231501564e-05,-4.735607291604e-05,-2.412231501564e-05,-4.735607291604e-05,2.221307351519e-06,4.381533261689e-06,-2.238186360252e-06,-4.372882989e-06
188.364908949,-2.413714301712e-05,-4.680967996051e-05,-2.413714301712e-05,-4.680967996051e-05,2.222466686166e-06,4.331187507228e-06,-2.23934415273e-06,-4.322432749333e-06
190.5460717963,-2.415177285727e-05,-4.626948427261e-05,-2.415177285727e-05,-4.626948427261e-05,2.22361254068e-06,4.281415329333e-06,-2.24048842699e-06,-4.272554875083e-06
192.7524913191,-2.41659943878e-05,-4.57354086739e-05,-2.41659943878e-05,-4.57354086739e-05,2.224725382244e-06,4.232209570791e-06,-2.241599647415e-06,-4.223242273749e-06
194.9844599758,-2.417999717192e-05,-4.520739135968e-05,-2.417999717192e-05,-4.520739135968e-05,2.225822624201e-06,4.183564571306e-06,-2.242695229526e-06,-4.174489203829e-06
197.2422736115,-2.41933506276e-05,-4.468536245576e-05,-2.41933506276e-05,-4.468536245576e-05,2.226864362241e-06,4.135473799467e-06,-2.243735268505e-06,-4.126289283789e-06
199.5262314969,-2.420756221279e-05,-4.416924550238e-05,-2.420756221279e-05,-4.416924550238e-05,2.2279898343e-06,4.087930524039e-06,-2.244858997257e-06,-4.078635198591e-06
201.8366363682,-2.421994628193e-05,-4.365898242778e-05,-2.421994628193e-05,-4.365898242778e-05,2.228950697156e-06,4.040928816419e-06,-2.245818077832e-06,-4.031522031118e-06
204.173794467,-2.423282678674e-05,-4.315449431473e-05,-2.423282678674e-05,-4.315449431473e-05,2.229961664967e-06,3.99446190293e-06,-2.246827217004e-06,-3.984942106576e-06
206.5380155811,-2.424536159456e-05,-4.26557302492e-05,-2.424536159456e-05,-4.26557302492e-05,2.230944798413e-06,3.948524910379e-06,-2.247808481377e-06,-3.938890862133e-06
208.9296130854,-2.425661128092e-05,-4.216261057774e-05,-2.425661128092e-05,-4.216261057774e-05,2.231813174377e-06,3.90311026268e-06,-2.248674942289e-06,-3.893361086134e-06
211.3489039837,-2.426911962125e-05,-4.167507633759e-05,-2.426911962125e-05,-4.167507633759e-05,2.232801827952e-06,3.858213144106e-06,-2.249661634089e-06,-3.848346933709e-06
213.7962089502,-2.428124838535e-05,-4.119305560586e-05,-2.428124838535e-05,-4.119305560586e-05,2.233759246565e-06,3.813826533354e-06,-2.250617041549e-06,-3.803842020471e-06
216.2718523727,-2.429177996921e-05,-4.071649632118e-05,-2.429177996921e-05,-4.071649632118e-05,2.234572794618e-06,3.769945311379e-06,-2.25142853381e-06,-3.759841720408e-06
218.776162395,-2.430349720473e-05,-4.024532640594e-05,-2.430349720473e-05,-4.024532640594e-05,2.235499613289e-06,3.72656356137e-06,-2.252353244862e-06,-3.716338955715e-06
221.3094709606,-2.431398498282e-05,-3.977948934267e-05,-2.431398498282e-05,-3.977948934267e-05,2.236316384231e-06,3.683675434753e-06,-2.253167859722e-06,-3.673328867768e-06
223.8721138568,-2.432432152733e-05,-3.931891599502e-05,-2.432432152733e-05,-3.931891599502e-05,2.237122691333e-06,3.641274846538e-06,-2.253971957024e-06,-3.630804909547e-06
226.4644307593,-2.433499131719e-05,-3.886355128744e-05,-2.433499131719e-05,-3.886355128744e-05,2.237963235333e-06,3.599356868015e-06,-2.254810238387e-06,-3.588761926776e-06
229.0867652768,-2.43448645882e-05,-3.841333832064e-05,-2.43448645882e-05,-3.841333832064e-05,2.238733511564e-06,3.557915932067e-06,-2.255578200384e-06,-3.547194825612e-06
231.7394649969,-2.435477710093e-05,-3.796820981429e-05,-2.435477710093e-05,-3.796820981429e-05,2.239510697944e-06,3.516946083035e-06,-2.256353015629e-06,-3.506097273367e-06
234.422881532,-2.436395412061e-05,-3.752811393005e-05,-2.436395412061e-05,-3.752811393005e-05,2.240223108433e-06,3.476442310922e-06,-2.257063000594e-06,-3.465464589435e-06
237.1373705662,-2.437410110757e-05,-3.709298098672e-05,-2.437410110757e-05,-3.709298098672e-05,2.241028313495e-06,3.436398730879e-06,-2.257865717867e-06,-3.425290107067e-06
239.883291902,-2.438276083131e-05,-3.66627698673e-05,-2.438276083131e-05,-3.66627698673e-05,2.241699111308e-06,3.396810780632e-06,-2.258533973813e-06,-3.385570359967e-06
242.6610095082,-2.43920041436e-05,-3.623740724908e-05,-2.43920041436e-05,-3.623740724908e-05,2.242426850997e-06,3.357672369968e-06,-2.259259106979e-06,-3.346298299836e-06
245.4708915685,-2.440076484313e-05,-3.581685080508e-05,-2.440076484313e-05,-3.581685080508e-05,2.243112910009e-06,3.318979258037e-06,-2.25994250076e-06,-3.307470159247e-06
248.3133105296,-2.440944119635e-05,-3.540103481948e-05,-2.440944119635e-05,-3.540103481948e-05,2.243794038605e-06,3.280725524189e-06,-2.26062089898e-06,-3.269079816852e-06
251.188643151,-2.441785326144e-05,-3.498991119067e-05,-2.441785326144e-05,-3.498991119067e-05,2.24445353806e-06,3.242906680835e-06,-2.261277604881e-06,-3.231122853877e-06
254.0972705549,-2.442575529562e-05,-3.45834226128e-05,-2.442575529562e-05,-3.45834226128e-05,2.245068632493e-06,3.205517360352e-06,-2.261889839939e-06,-3.193594007382e-06
257.0395782769,-2.443437082628e-05,-3.418151058184e-05,-2.443437082628e-05,-3.418151058184e-05,2.24575235482e-06,3.168552625019e-06,-2.262570632221e-06,-3.156487725953e-06
260.0159563165,-2.444128271685e-05,-3.378413650619e-05,-2.444128271685e-05,-3.378413650619e-05,2.246281220896e-06,3.132008029464e-06,-2.263096505215e-06,-3.119800736783e-06
263.0267991895,-2.444963489536e-05,-3.33912234976e-05,-2.444963489536e-05,-3.33912234976e-05,2.246945778733e-06,3.095877673642e-06,-2.263757990682e-06,-3.083525564407e-06
266.0725059799,-2.445688912596e-05,-3.300274784348e-05,-2.445688912596e-05,-3.300274784348e-05,2.2475113484e-06,3.060158419713e-06,-2.264320423319e-06,-3.047660320057e-06
269.1534803927,-2.446402625855e-05,-3.261863577048e-05,-2.446402625855e-05,-3.261863577048e-05,2.248068544087e-06,3.024843844962e-06,-2.264874403558e-06,-3.012198074001e-06
272.2701308078,-2.447094797133e-05,-3.223885351953e-05,-2.447094797133e-05,-3.223885351953e-05,2.248608216665e-06,2.989930811726e-06,-2.265410789409e-06,-2.977135721413e-06
275.4228703338,-2.447801083574e-05,-3.186333122361e-05,-2.447801083574e-05,-3.186333122361e-05,2.249163279276e-06,2.955413032629e-06,-2.26596248179e-06,-2.942466769853e-06
278.612116863,-2.448500599204e-05,-3.149203808461e-05,-2.448500599204e-05,-3.149203808461e-05,2.249714367167e-06,2.921287601369e-06,-2.266510124228e-06,-2.908188400964e-06
281.8382931265,-2.449115970404e-05,-3.112491276391e-05,-2.449115970404e-05,-3.112491276391e-05,2.250189917958e-06,2.887548536606e-06,-2.266982146694e-06,-2.874295031349e-06
285.1018267504,-2.449769087174e-05,-3.076191181621e-05,-2.449769087174e-05,-3.076191181621e-05,2.250702543744e-06,2.854192369194e-06,-2.267491161172e-06,-2.840782520155e-06
288.4031503127,-2.450423384691e-05,-3.040298667408e-05,-2.450423384691e-05,-3.040298667408e-05,2.251218399325e-06,2.821214480944e-06,-2.268003320573e-06,-2.807646422568e-06
291.7427014001,-2.451037311334e-05,-3.004808696682e-05,-2.451037311334e-05,-3.004808696682e-05,2.251699032565e-06,2.788610052542e-06,-2.268480169538e-06,-2.774882129476e-06
295.1209226666,-2.451666691863e-05,-2.969717580901e-05,-2.451666691863e-05,-2.969717580901e-05,2.252195991781e-06,2.756375952959e-06,-2.268973259601e-06,-2.742486179777e-06
298.5382618918,-2.452260331961e-05,-2.935019306756e-05,-2.452260331961e-05,-2.935019306756e-05,2.252661919338e-06,2.724506411749e-06,-2.2694352238e-06,-2.71045307057e-06
301.9951720402,-2.45286463781e-05,-2.900709614699e-05,-2.45286463781e-05,-2.900709614699e-05,2.253139663174e-06,2.692997735181e-06,-2.269908909422e-06,-2.67877882401e-06
305.4921113216,-2.453368125844e-05,-2.866784968451e-05,-2.453368125844e-05,-2.866784968451e-05,2.253526131428e-06,2.661846136158e-06,-2.270291229154e-06,-2.647460280727e-06
309.0295432514,-2.453910438194e-05,-2.833240328789e-05,-2.453910438194e-05,-2.833240328789e-05,2.253950355957e-06,2.631047658919e-06,-2.270711208471e-06,-2.616492655328e-06
312.6079367124,-2.454473518836e-05,-2.800070244552e-05,-2.454473518836e-05,-2.800070244552e-05,2.254395611743e-06,2.600597211012e-06,-2.271152114237e-06,-2.585870932407e-06
316.2277660168,-2.455035092134e-05,-2.76727124803e-05,-2.455035092134e-05,-2.76727124803e-05,2.254841264986e-06,2.57049150562e-06,-2.271593315947e-06,-2.555591932303e-06
319.8895109692,-2.455517610753e-05,-2.734839318551e-05,-2.455517610753e-05,-2.734839318551e-05,2.25521559852e-06,2.540726446351e-06,-2.27196309666e-06,-2.525652010504e-06
323.5936569296,-2.456043934771e-05,-2.70276953133e-05,-2.456043934771e-05,-2.70276953133e-05,2.2556321365e-06,2.511298147286e-06,-2.27237497336e-06,-2.496046511889e-06
327.3406948788,-2.456528505127e-05,-2.671057901451e-05,-2.456528505127e-05,-2.671057901451e-05,2.256011758816e-06,2.482202500187e-06,-2.272749825708e-06,-2.466771831312e-06
331.1311214826,-2.456984127511e-05,-2.63970046767e-05,-2.456984127511e-05,-2.63970046767e-05,2.256366264243e-06,2.453435932797e-06,-2.273099451372e-06,-2.437824299742e-06
334.9654391578,-2.457419822662e-05,-2.608692951821e-05,-2.457419822662e-05,-2.608692951821e-05,2.256703955939e-06,2.424994563315e-06,-2.273432150107e-06,-2.409199959066e-06
338.8441561392,-2.457943136633e-05,-2.578029950631e-05,-2.457943136633e-05,-2.578029950631e-05,2.257124210255e-06,2.396874035985e-06,-2.273847286435e-06,-2.380893734591e-06
342.7677865465,-2.458402452035e-05,-2.547709126319e-05,-2.458402452035e-05,-2.547709126319e-05,2.257486845717e-06,2.369071364355e-06,-2.274204688355e-06,-2.352903590809e-06
346.7368504525,-2.458795956584e-05,-2.51772661212e-05,-2.458795956584e-05,-2.51772661212e-05,2.257790153641e-06,2.341582976565e-06,-2.274502645532e-06,-2.325225956729e-06
350.7518739526,-2.459220603267e-05,-2.488076847383e-05,-2.459220603267e-05,-2.488076847383e-05,2.258123723532e-06,2.314404325534e-06,-2.274830733406e-06,-2.297855622849e-06
354.8133892336,-2.459616656156e-05,-2.458757211528e-05,-2.459616656156e-05,-2.458757211528e-05,2.258432303487e-06,2.287532665385e-06,-2.275133706283e-06,-2.270790216163e-06
358.921934645,-2.460023301667e-05,-2.429763410284e-05,-2.460023301667e-05,-2.429763410284e-05,2.258752084741e-06,2.26096429181e-06,-2.275447749422e-06,-2.244025743148e-06
363.0780547701,-2.460476500081e-05,-2.401090706869e-05,-2.460476500081e-05,-2.401090706869e-05,2.259116280388e-06,2.234695086294e-06,-2.27580606639e-06,-2.217557805886e-06
367.2823004981,-2.460804632238e-05,-2.372737498959e-05,-2.460804632238e-05,-2.372737498959e-05,2.259366223926e-06,2.208722520763e-06,-2.276050004024e-06,-2.191385046013e-06
371.5352290972,-2.461190781163e-05,-2.344698079275e-05,-2.461190781163e-05,-2.344698079275e-05,2.259671118878e-06,2.18304249841e-06,-2.276348747797e-06,-2.165502066275e-06
375.8374042885,-2.461559464424e-05,-2.316969238681e-05,-2.461559464424e-05,-2.316969238681e-05,2.259961167843e-06,2.15765160706e-06,-2.276632501061e-06,-2.1399059564e-06
380.1893963206,-2.461934491397e-05,-2.289547038298e-05,-2.461934491397e-05,-2.289547038298e-05,2.260258352111e-06,2.132546391768e-06,-2.276923239638e-06,-2.114593064435e-06
384.5917820454,-2.462285701922e-05,-2.262428920267e-05,-2.462285701922e-05,-2.262428920267e-05,2.260534762143e-06,2.107724319171e-06,-2.277193058599e-06,-2.089561049515e-06
389.0451449943,-2.462682337643e-05,-2.235610012022e-05,-2.462682337643e-05,-2.235610012022e-05,2.260854378851e-06,2.083181386075e-06,-2.277505925523e-06,-2.064805369779e-06
393.5500754558,-2.462986458769e-05,-2.209088042118e-05,-2.462986458769e-05,-2.209088042118e-05,2.261089675282e-06,2.058914580612e-06,-2.277734320317e-06,-2.040324013137e-06
398.1071705535,-2.463261901352e-05,-2.18285900257e-05,-2.463261901352e-05,-2.18285900257e-05,2.26129963228e-06,2.034920654161e-06,-2.277937216131e-06,-2.016113238918e-06
402.7170343255,-2.46367210111e-05,-2.156917497439e-05,-2.46367210111e-05,-2.156917497439e-05,2.261635297422e-06,2.011195814441e-06,-2.278265640955e-06,-1.992167971778e-06
407.3802778041,-2.463917950113e-05,-2.131264123229e-05,-2.463917950113e-05,-2.131264123229e-05,2.261820164601e-06,1.987738516075e-06,-2.278443117828e-06,-1.968488935754e-06
412.0975190973,-2.464157819369e-05,-2.105892947347e-05,-2.464157819369e-05,-2.105892947347e-05,2.26200060592e-06,1.9645444257e-06,-2.278615994493e-06,-1.945070560998e-06
416.8693834704,-2.464547648909e-05,-2.080798685158e-05,-2.464547648909e-05,-2.080798685158e-05,2.26232074243e-06,1.941609857015e-06,-2.278928371584e-06,-1.921907886899e-06
421.6965034286,-2.464832115012e-05,-2.055981632481e-05,-2.464832115012e-05,-2.055981632481e-05,2.262544541215e-06,1.918933230732e-06,-2.279144242359e-06,-1.899001325372e-06
426.5795188016,-2.46511132537e-05,-2.031437079673e-05,-2.46511132537e-05,-2.031437079673e-05,2.262764517314e-06,1.896510965136e-06,-2.2793561058e-06,-1.876346474561e-06
431.5190768278,-2.46543199653e-05,-2.007160839717e-05,-2.46543199653e-05,-2.007160839717e-05,2.263023835543e-06,1.874339588513e-06,-2.279607114417e-06,-1.853939446549e-06
436.5158322402,-2.465685301542e-05,-1.98315166408e-05,-2.465685301542e-05,-1.98315166408e-05,2.263221877692e-06,1.852417136039e-06,-2.279796662466e-06,-1.83177914323e-06
441.5704473533,-2.465913549584e-05,-1.959405275233e-05,-2.465913549584e-05,-1.959405275233e-05,2.26339773753e-06,1.830740007463e-06,-2.27996382998e-06,-1.809861593672e-06
446.683592151,-2.466156941184e-05,-1.935918507052e-05,-2.466156941184e-05,-1.935918507052e-05,2.263588551789e-06,1.809305631479e-06,-2.280145748662e-06,-1.78818385743e-06
451.8559443749,-2.466402469788e-05,-1.912687832895e-05,-2.466402469788e-05,-1.912687832895e-05,2.263782284484e-06,1.788110683392e-06,-2.280330374292e-06,-1.76674268526e-06
457.0881896149,-2.466635120911e-05,-1.889711106854e-05,-2.466635120911e-05,-1.889711106854e-05,2.263965033389e-06,1.767153092403e-06,-2.280503807928e-06,-1.745536104124e-06
462.3810213993,-2.466888985542e-05,-1.866984455979e-05,-2.466888985542e-05,-1.866984455979e-05,2.264168296382e-06,1.746429600979e-06,-2.280697535121e-06,-1.724560524838e-06
467.7351412872,-2.467093995589e-05,-1.844505492762e-05,-2.467093995589e-05,-1.844505492762e-05,2.264327292227e-06,1.725937446163e-06,-2.280846775453e-06,-1.703813772114e-06
473.1512589615,-2.467382643226e-05,-1.822269886127e-05,-2.467382643226e-05,-1.822269886127e-05,2.264564469947e-06,1.705673799607e-06,-2.281073959869e-06,-1.68329179718e-06
478.6300923227,-2.467578898164e-05,-1.800277106705e-05,-2.467578898164e-05,-1.800277106705e-05,2.264717100318e-06,1.68563668724e-06,-2.281216376636e-06,-1.66299417965e-06
484.1723675841,-2.467760462069e-05,-1.778522769748e-05,-2.467760462069e-05,-1.778522769748e-05,2.264856995229e-06,1.665822757611e-06,-2.281345818576e-06,-1.642916841329e-06
489.7788193685,-2.468003286179e-05,-1.75700336119e-05,-2.468003286179e-05,-1.75700336119e-05,2.26505434147e-06,1.646229485455e-06,-2.281532460577e-06,-1.62305651352e-06
495.4501908048,-2.468177139763e-05,-1.735717746744e-05,-2.468177139763e-05,-1.735717746744e-05,2.265188747047e-06,1.626854688303e-06,-2.281655921698e-06,-1.603412194569e-06
501.1872336273,-2.468456758841e-05,-1.714660204358e-05,-2.468456758841e-05,-1.714660204358e-05,2.265421718907e-06,1.607694719318e-06,-2.28187767465e-06,-1.58397854587e-06
506.9907082747,-2.468657481229e-05,-1.693831407628e-05,-2.468657481229e-05,-1.693831407628e-05,2.265582543621e-06,1.588748538996e-06,-2.282027033989e-06,-1.564756250232e-06
512.8613839914,-2.468797447641e-05,-1.673227964084e-05,-2.468797447641e-05,-1.673227964084e-05,2.265687980084e-06,1.570013196968e-06,-2.282120746715e-06,-1.545742168325e-06
518.800038929,-2.468995442448e-05,-1.652844938041e-05,-2.468995442448e-05,-1.652844938041e-05,2.265847818356e-06,1.551485300623e-06,-2.282268574479e-06,-1.526931709937e-06
524.8074602498,-2.469164294662e-05,-1.632681866296e-05,-2.469164294662e-05,-1.632681866296e-05,2.265981460496e-06,1.533163630285e-06,-2.282389935439e-06,-1.50832447439e-06
530.884444231,-2.469368614881e-05,-1.612733842612e-05,-2.469368614881e-05,-1.612733842612e-05,2.266148629783e-06,1.515044325156e-06,-2.282544523659e-06,-1.489915915488e-06
537.0317963703,-2.469518263122e-05,-1.593000828511e-05,-2.469518263122e-05,-1.593000828511e-05,2.266265981656e-06,1.497126498039e-06,-2.282649014652e-06,-1.471706022507e-06
543.2503314925,-2.469726059249e-05,-1.573477687667e-05,-2.469726059249e-05,-1.573477687667e-05,2.266437797964e-06,1.479406575212e-06,-2.282807657172e-06,-1.453690027606e-06
549.5408738576,-2.469899006978e-05,-1.554163871645e-05,-2.469899006978e-05,-1.554163871645e-05,2.266578100674e-06,1.461883154869e-06,-2.282934487629e-06,-1.43586744782e-06
555.9042572704,-2.469993828476e-05,-1.535057243729e-05,-2.469993828476e-05,-1.535057243729e-05,2.266646878333e-06,1.444553838918e-06,-2.282989492375e-06,-1.418236318688e-06
562.3413251904,-2.470170336281e-05,-1.51615218595e-05,-2.470170336281e-05,-1.51615218595e-05,2.266791849693e-06,1.427415144005e-06,-2.283120349434e-06,-1.400791423209e-06
568.8529308439,-2.470331515185e-05,-1.497448630665e-05,-2.470331515185e-05,-1.497448630665e-05,2.266923319527e-06,1.41046604302e-06,-2.283237382363e-06,-1.383532720634e-06
575.4399373372,-2.470430155413e-05,-1.478944751792e-05,-2.470430155413e-05,-1.478944751792e-05,2.266997641383e-06,1.393704373263e-06,-2.283296944631e-06,-1.366458533226e-06
582.1032177709,-2.470622218125e-05,-1.460634751076e-05,-2.470622218125e-05,-1.460634751076e-05,2.267158977865e-06,1.377126516067e-06,-2.283443153618e-06,-1.349563484818e-06
588.8436553556,-2.470755813858e-05,-1.4425193205e-05,-2.470755813858e-05,-1.4425193205e-05,2.267266914434e-06,1.360731499792e-06,-2.283535621673e-06,-1.332848239389e-06
595.662143529,-2.470933388186e-05,-1.424594153027e-05,-2.470933388186e-05,-1.424594153027e-05,2.267416140827e-06,1.344516525211e-06,-2.283669008628e-06,-1.316308808383e-06
602.5595860744,-2.471000690908e-05,-1.40686022711e-05,-2.471000690908e-05,-1.40686022711e-05,2.267464059278e-06,1.328480794942e-06,-2.283700747166e-06,-1.299946114823e-06
609.5368972402,-2.471160047046e-05,-1.389310447541e-05,-2.471160047046e-05,-1.389310447541e-05,2.26759769661e-06,1.312620100081e-06,-2.283817800483e-06,-1.283753587054e-06
616.5950018615,-2.471254961393e-05,-1.371946434559e-05,-2.471254961393e-05,-1.371946434559e-05,2.267672374403e-06,1.296934186979e-06,-2.283875527523e-06,-1.267732739229e-06
623.7348354824,-2.471383338984e-05,-1.354763163587e-05,-2.471383338984e-05,-1.354763163587e-05,2.267778596466e-06,1.281419597871e-06,-2.283964390969e-06,-1.251878925101e-06
630.9573444802,-2.471488729815e-05,-1.337759930942e-05,-2.471488729815e-05,-1.337759930942e-05,2.267864169673e-06,1.266075066123e-06,-2.284032207231e-06,-1.236191501638e-06
638.2634861906,-2.471666944897e-05,-1.32093231081e-05,-2.471666944897e-05,-1.32093231081e-05,2.268017656423e-06,1.250897710913e-06,-2.284167502728e-06,-1.220666380225e-06
645.6542290347,-2.471706159391e-05,-1.304282919392e-05,-2.471706159391e-05,-1.304282919392e-05,2.268043237362e-06,1.235887414673e-06,-2.284174508175e-06,-1.20530598688e-06
653.1305526475,-2.471802374877e-05,-1.287805050082e-05,-2.471802374877e-05,-1.287805050082e-05,2.26812209323e-06,1.221040419933e-06,-2.284234339087e-06,-1.190104123961e-06
660.6934480076,-2.471946204962e-05,-1.271496501872e-05,-2.471946204962e-05,-1.271496501872e-05,2.268245544508e-06,1.206354651736e-06,-2.28433830513e-06,-1.175058763744e-06
668.3439175686,-2.472076221249e-05,-1.255356720627e-05,-2.472076221249e-05,-1.255356720627e-05,2.268356798697e-06,1.191828884004e-06,-2.284429623598e-06,-1.160169398227e-06
676.082975392,-2.472181165637e-05,-1.239383894166e-05,-2.472181165637e-05,-1.239383894166e-05,2.268445443212e-06,1.177461341736e-06,-2.284497875706e-06,-1.145434355954e-06
683.9116472815,-2.472197771633e-05,-1.223577486381e-05,-2.472197771633e-05,-1.223577486381e-05,2.268452988331e-06,1.16325073766e-06,-2.284484581963e-06,-1.130853141064e-06
691.830970919,-2.472317385067e-05,-1.207930528267e-05,-2.472317385067e-05,-1.207930528267e-05,2.268556316997e-06,1.149193191974e-06,-2.284566550438e-06,-1.116419328126e-06
699.8419960023,-2.472372791063e-05,-1.192445321974e-05,-2.472372791063e-05,-1.192445321974e-05,2.268600844457e-06,1.135288680878e-06,-2.284589242682e-06,-1.102135038711e-06
707.9457843842,-2.472451420261e-05,-1.177117499922e-05,-2.472451420261e-05,-1.177117499922e-05,2.268667392253e-06,1.121534385392e-06,-2.284633437969e-06,-1.087996247205e-06
716.1434102129,-2.472486582513e-05,-1.161946826041e-05,-2.472486582513e-05,-1.161946826041e-05,2.268694305387e-06,1.10792923192e-06,-2.284637493832e-06,-1.074002733355e-06
724.435960075,-2.472666260218e-05,-1.146925979516e-05,-2.472666260218e-05,-1.146925979516e-05,2.268855364452e-06,1.094469121636e-06,-2.284775105578e-06,-1.060147758271e-06
732.8245331389,-2.47271778058e-05,-1.132060633255e-05,-2.47271778058e-05,-1.132060633255e-05,2.268898490403e-06,1.081155562339e-06,-2.284794287408e-06,-1.046436536827e-06
741.3102413009,-2.472827561679e-05,-1.11734345361e-05,-2.472827561679e-05,-1.11734345361e-05,2.26899601949e-06,1.067984443336e-06,-2.284867288412e-06,-1.032862319761e-06
749.8942093325,-2.472772519974e-05,-1.1027794683e-05,-2.472772519974e-05,-1.1027794683e-05,2.268941707554e-06,1.054957257488e-06,-2.284787950693e-06,-1.019429723273e-06
758.5775750292,-2.472941939057e-05,-1.088354712925e-05,-2.472941939057e-05,-1.088354712925e-05,2.269095445485e-06,1.042066797667e-06,-2.284915979767e-06,-1.006125910474e-06
767.3614893619,-2.473009083801e-05,-1.074077166353e-05,-2.473009083801e-05,-1.074077166353e-05,2.269155168295e-06,1.029315751422e-06,-2.284949438787e-06,-9.92958205644e-07
776.2471166287,-2.473055258778e-05,-1.059942423305e-05,-2.473055258778e-05,-1.059942423305e-05,2.269196040979e-06,1.016701277897e-06,-2.284963443025e-06,-9.799225552474e-07
785.2356346101,-2.473109999885e-05,-1.045948054881e-05,-2.473109999885e-05,-1.045948054881e-05,2.26924536308e-06,1.004221632238e-06,-2.28498526972e-06,-9.67016725186e-07
794.3282347243,-2.473099964369e-05,-1.032094180821e-05,-2.473099964369e-05,-1.032094180821e-05,2.269235333521e-06,9.918758578336e-07,-2.284947133121e-06,-9.5424081432e-07
803.5261221857,-2.47320662695e-05,-1.01837340768e-05,-2.47320662695e-05,-1.01837340768e-05,2.269333723079e-06,9.796599858758e-07,-2.285016704916e-06,-9.415880373846e-07
812.8305161641,-2.473253166485e-05,-1.004789320651e-05,-2.473253166485e-05,-1.004789320651e-05,2.269377062968e-06,9.675746592249e-07,-2.285030582945e-06,-9.290616713108e-07
822.2426499471,-2.473317607089e-05,-9.913379157691e-06,-2.473317607089e-05,-9.913379157691e-06,2.269437482649e-06,9.556174569521e-07,-2.285060847466e-06,-9.166580400052e-07
831.7637711027,-2.473375152708e-05,-9.780177585353e-06,-2.473375152708e-05,-9.780177585353e-06,2.269492065648e-06,9.437867257671e-07,-2.285084571293e-06,-9.043758166802e-07
841.3951416452,-2.47340044273e-05,-9.648284987559e-06,-2.47340044273e-05,-9.648284987559e-06,2.269517357176e-06,9.32081786317e-07,-2.285078305976e-06,-8.92214674982e-07
851.1380382024,-2.473469676142e-05,-9.51765447167e-06,-2.473469676142e-05,-9.51765447167e-06,2.269583812387e-06,9.204996180392e-07,-2.285112442986e-06,-8.801703096152e-07
860.9937521846,-2.473454142366e-05,-9.388313452502e-06,-2.473454142366e-05,-9.388313452502e-06,2.269572434274e-06,9.090406817167e-07,-2.28506804062e-06,-8.682452188289e-07
870.9635899561,-2.473480009602e-05,-9.260202162584e-06,-2.473480009602e-05,-9.260202162584e-06,2.269599870287e-06,8.977016178698e-07,-2.285061659803e-06,-8.56433924747e-07
881.0488730081,-2.473570717083e-05,-9.133294443737e-06,-2.473570717083e-05,-9.133294443737e-06,2.269687794261e-06,8.864805063761e-07,-2.285114940326e-06,-8.447340257864e-07
891.2509381338,-2.473595913956e-05,-9.007619030263e-06,-2.473595913956e-05,-9.007619030263e-06,2.269715693738e-06,8.75377837734e-07,-2.285107427259e-06,-8.331481372558e-07
901.571137606,-2.473629081189e-05,-8.883135427713e-06,-2.473629081189e-05,-8.883135427713e-06,2.269751504158e-06,8.643911954327e-07,-2.285106997765e-06,-8.216725483441e-07
912.0108393559,-2.473589912823e-05,-8.759853535209e-06,-2.473589912823e-05,-8.759853535209e-06,2.269720985648e-06,8.535201343144e-07,-2.285039438392e-06,-8.103081479193e-07
922.5714271548,-2.473704125978e-05,-8.637675226016e-06,-2.473704125978e-05,-8.637675226016e-06,2.269832829352e-06,8.427596933016e-07,-2.285113278903e-06,-7.990459644753e-07
933.254300797,-2.473686111602e-05,-8.516690904409e-06,-2.473686111602e-05,-8.516690904409e-06,2.269822971844e-06,8.32113169956e-07,-2.285064621262e-06,-7.878942423689e-07
944.060876286,-2.473709526293e-05,-8.396818628611e-06,-2.473709526293e-05,-8.396818628611e-06,2.269851977058e-06,8.21576195131e-07,-2.285053893759e-06,-7.768454868259e-07
954.9925860215,-2.473743236069e-05,-8.278054727411e-06,-2.473743236069e-05,-8.278054727411e-06,2.269891062158e-06,8.111479466874e-07,-2.285052313719e-06,-7.658993523615e-07
966.0508789899,-2.473806725553e-05,-8.160374431877e-06,-2.473806725553e-05,-8.160374431877e-06,2.269958249396e-06,8.008265868764e-07,-2.285077865096e-06,-7.550535661415e-07
977.2372209559,-2.473816888311e-05,-8.043796651853e-06,-2.473816888311e-05,-8.043796651853e-06,2.269976699618e-06,7.906123625501e-07,-2.285053749882e-06,-7.443098428247e-07
988.553094657,-2.473843408712e-05,-7.928276963628e-06,-2.473843408712e-05,-7.928276963628e-06,2.270010850941e-06,7.805025625606e-07,-2.285044330725e-06,-7.33664116521e-07
1000.0,-2.473802323272e-05,-7.813835415271e-06,-2.473802323272e-05,-7.813835415271e-06,2.269983071837e-06,7.704974760556e-07,-2.284972019609e-06,-7.231182037923e-07
1011.57945426,-2.473864626103e-05,-7.700385486518e-06,-2.473864626103e-05,-7.700385486518e-06,2.270051475841e-06,7.605925422336e-07,-2.284994771582e-06,-7.126642042948e-07
1023.292992281,-2.47379230748e-05,-7.588011568153e-06,-2.47379230748e-05,-7.588011568153e-06,2.269995995664e-06,7.507909163923e-07,-2.284892685098e-06,-7.023097976901e-07
1035.142166679,-2.473806637863e-05,-7.476607030135e-06,-2.473806637863e-05,-7.476607030135e-06,2.270021231053e-06,7.410872393038e-07,-2.284870159187e-06,-6.920452559768e-07
1047.128548051,-2.473770964651e-05,-7.366212378987e-06,-2.473770964651e-05,-7.366212378987e-06,2.270000838308e-06,7.314825778254e-07,-2.284800932036e-06,-6.818742545052e-07
1059.253725177,-2.473854721516e-05,-7.256743106592e-06,-2.473854721516e-05,-7.256743106592e-06,2.270091485762e-06,7.219727054811e-07,-2.28484150754e-06,-6.717890896469e-07
1071.519305238,-2.473818362468e-05,-7.148285155945e-06,-2.473818362468e-05,-7.148285155945e-06,2.270071688693e-06,7.125606736028e-07,-2.284770574633e-06,-6.617975703737e-07
1083.926914021,-2.473779518629e-05,-7.040776846544e-06,-2.473779518629e-05,-7.040776846544e-06,2.270050215887e-06,7.032432910506e-07,-2.284696781645e-06,-6.518940723996e-07
1096.478196143,-2.473804368625e-05,-6.934172835014e-06,-2.473804368625e-05,-6.934172835014e-06,2.270088272263e-06,6.940178823712e-07,-2.284681241587e-06,-6.420744558306e-07
1109.174815262,-2.473754461163e-05,-6.828517994614e-06,-2.473754461163e-05,-6.828517994614e-06,2.270057848992e-06,6.848856966609e-07,-2.284596038958e-06,-6.323427874305e-07
1122.018454302,-2.47379745471e-05,-6.723727091529e-06,-2.47379745471e-05,-6.723727091529e-06,2.270113976422e-06,6.758426014665e-07,-2.284596026497e-06,-6.226913082593e-07
1135.010815672,-2.473743170791e-05,-6.619870936176e-06,-2.473743170791e-05,-6.619870936176e-06,2.270080810803e-06,6.668910358819e-07,-2.284505509457e-06,-6.131264434774e-07
1148.153621497,-2.473758589201e-05,-6.516858348297e-06,-2.473758589201e-05,-6.516858348297e-06,2.270112768963e-06,6.580263749166e-07,-2.284478709738e-06,-6.036398890515e-07
1161.44861384,-2.473755038348e-05,-6.414716285452e-06,-2.473755038348e-05,-6.414716285452e-06,2.270127866313e-06,6.492492190717e-07,-2.284433698362e-06,-5.942340841406e-07
1174.89755494,-2.47369462145e-05,-6.313451585697e-06,-2.47369462145e-05,-6.313451585697e-06,2.270091063521e-06,6.40559394821e-07,-2.284335450083e-06,-5.849096404836e-07
1188.502227437,-2.47374337486e-05,-6.21296935368e-06,-2.47374337486e-05,-6.21296935368e-06,2.27015591424e-06,6.319520827743e-07,-2.28433730545e-06,-5.756579209795e-07
1202.264434617,-2.473658554948e-05,-6.113375259702e-06,-2.473658554948e-05,-6.113375259702e-06,2.270097950809e-06,6.234314550014e-07,-2.284215029461e-06,-5.66488517349e-07
1216.186000646,-2.473605616781e-05,-6.014574899135e-06,-2.473605616781e-05,-6.014574899135e-06,2.270070189821e-06,6.149927535048e-07,-2.284121423482e-06,-5.573928394875e-07
1230.268770812,-2.473647604961e-05,-5.916522403754e-06,-2.473647604961e-05,-5.916522403754e-06,2.270130946792e-06,6.066333981035e-07,-2.284114691047e-06,-5.483667112153e-07
1244.514611771,-2.473540954073e-05,-5.81932887153e-06,-2.473540954073e-05,-5.81932887153e-06,2.270054986857e-06,5.983578276797e-07,-2.283969849142e-06,-5.39420212511e-07
1258.925411794,-2.473501339245e-05,-5.722871772355e-06,-2.473501339245e-05,-5.722871772355e-06,2.270041775515e-06,5.901600685683e-07,-2.283886072707e-06,-5.305422050644e-07
1273.503081017,-2.473539937503e-05,-5.627130592199e-06,-2.473539937503e-05,-5.627130592199e-06,2.270101665854e-06,5.820386649933e-07,-2.283873656342e-06,-5.217308169356e-07
1288.249551693,-2.473412412611e-05,-5.532221009065e-06,-2.473412412611e-05,-5.532221009065e-06,2.270008704884e-06,5.739982342338e-07,-2.283706917195e-06,-5.129965375707e-07
1303.166778452,-2.473435764186e-05,-5.437964333074e-06,-2.473435764186e-05,-5.437964333074e-06,2.270056070663e-06,5.660304097985e-07,-2.283678593774e-06,-5.043231413208e-07
1318.256738556,-2.473314113128e-05,-5.344504829443e-06,-2.473314113128e-05,-5.344504829443e-06,2.269970141793e-06,5.581410233728e-07,-2.283515407426e-06,-4.957237077245e-07
1333.521432163,-2.473312898083e-05,-5.251686383846e-06,-2.473312898083e-05,-5.251686383846e-06,2.269996422816e-06,5.503226442374e-07,-2.283462467517e-06,-4.871840624827e-07
1348.962882592,-2.473237895899e-05,-5.159604313456e-06,-2.473237895899e-05,-5.159604313456e-06,2.26995529592e-06,5.425790958193e-07,-2.283340382322e-06,-4.787128467071e-07
1364.583136589,-2.473200922379e-05,-5.068183230469e-06,-2.473200922379e-05,-5.068183230469e-06,2.269950194955e-06,5.349064786065e-07,-2.283252384232e-06,-4.70303210907e-07
1380.384264603,-2.473160438488e-05,-4.977434105343e-06,-2.473160438488e-05,-4.977434105343e-06,2.269942717119e-06,5.273048111405e-07,-2.283160084904e-06,-4.619561422e-07
1396.368361056,-2.473074693116e-05,-4.887369256918e-06,-2.473074693116e-05,-4.887369256918e-06,2.269894261606e-06,5.197741788727e-07,-2.283024902995e-06,-4.536727492023e-07
1412.537544623,-2.473054841525e-05,-4.797912624398e-06,-2.473054841525e-05,-4.797912624398e-06,2.269907654434e-06,5.123107398397e-07,-2.282949450728e-06,-4.454461285168e-07
1428.893958511,-2.472956634106e-05,-4.70913664515e-06,-2.472956634106e-05,-4.70913664515e-06,2.269849491325e-06,5.049172667629e-07,-2.282800500249e-06,-4.372828393967e-07
1445.439770746,-2.472890806234e-05,-4.62096440414e-06,-2.472890806234e-05,-4.62096440414e-06,2.26982221384e-06,4.975898696984e-07,-2.282680272384e-06,-4.291759022063e-07
1462.177174457,-2.472865808946e-05,-4.533377212003e-06,-2.472865808946e-05,-4.533377212003e-06,2.269833662021e-06,4.903272145698e-07,-2.28259653721e-06,-4.211236153604e-07
1479.108388168,-2.472736825151e-05,-4.446453847634e-06,-2.472736825152e-05,-4.446453847634e-06,2.269749894365e-06,4.831324769414e-07,-2.282415552257e-06,-4.13133114113e-07
1496.235656094,-2.47271604981e-05,-4.360051902474e-06,-2.47271604981e-05,-4.360051902474e-06,2.269767211731e-06,4.759988253354e-07,-2.282333205065e-06,-4.051914882563e-07
1513.561248436,-2.472658271984e-05,-4.274247740245e-06,-2.472658271984e-05,-4.274247740245e-06,2.269751318094e-06,4.689291735591e-07,-2.282215390684e-06,-3.973056486814e-07
1531.087461682,-2.472571211281e-05,-4.189027298794e-06,-2.472571211281e-05,-4.189027298794e-06,2.269709368697e-06,4.619225387672e-07,-2.282069205182e-06,-3.894743182838e-07
1548.816618913,-2.472462394977e-05,-4.104374357786e-06,-2.472462394977e-05,-4.104374357786e-06,2.26964834826e-06,4.549777447302e-07,-2.281901565962e-06,-3.816960215318e-07
1566.751070108,-2.472390201125e-05,-4.020240218105e-06,-2.472390201125e-05,-4.020240218105e-06,2.269622281234e-06,4.480922128488e-07,-2.281766332502e-06,-3.739663447615e-07
1584.893192461,-2.472361803097e-05,-3.936607341569e-06,-2.472361803097e-05,-3.936607341569e-06,2.269637830168e-06,4.412647142154e-07,-2.281670088603e-06,-3.662836958239e-07
1603.24539069,-2.472180162574e-05,-3.853596922696e-06,-2.472180162574e-05,-3.853596922696e-06,2.269512730656e-06,4.345003274922e-07,-2.281430906597e-06,-3.586590445782e-07
1621.810097359,-2.472056196211e-05,-3.771057319812e-06,-2.472056196211e-05,-3.771057319812e-06,2.269442129799e-06,4.277918146897e-07,-2.281243455676e-06,-3.51078658077e-07
1640.5897732,-2.471996588516e-05,-3.688971229957e-06,-2.471996588516e-05,-3.688971229957e-06,2.269432240302e-06,4.211379902966e-07,-2.281113863647e-06,-3.435409687158e-07
1659.586907438,-2.47190586453e-05,-3.607393739648e-06,-2.47190586453e-05,-3.607393739648e-06,2.269394754337e-06,4.145409900369e-07,-2.280953960864e-06,-3.360509626061e-07
1678.804018123,-2.471841416375e-05,-3.526273726306e-06,-2.471841416375e-05,-3.526273726306e-06,2.269382797103e-06,4.079981091917e-07,-2.280816683493e-06,-3.286040112725e-07
1698.243652462,-2.471656469582e-05,-3.445703755499e-06,-2.471656469582e-05,-3.445703755499e-06,2.269260597482e-06,4.015130941575e-07,-2.280566522032e-06,-3.212084870715e-07
1717.908387158,-2.471612134236e-05,-3.365488123566e-06,-2.471612134236e-05,-3.365488123566e-06,2.269269766848e-06,3.950768055168e-07,-2.280444433338e-06,-3.138466858712e-07
1737.800828749,-2.471459359336e-05,-3.285794538691e-06,-2.471459359336e-05,-3.285794538691e-06,2.269179899659e-06,3.886964089866e-07,-2.280220513731e-06,-3.065337791606e-07
1757.923613959,-2.471305951249e-05,-3.206534144088e-06,-2.471305951249e-05,-3.206534144088e-06,2.269090774892e-06,3.823674857714e-07,-2.279994222232e-06,-2.992617274372e-07
1778.279410039,-2.471259582573e-05,-3.127617748438e-06,-2.471259582573e-05,-3.127617748438e-06,2.269102047007e-06,3.760857583651e-07,-2.279864879029e-06,-2.920224712282e-07
1798.870915129,-2.471121819169e-05,-3.049181002196e-06,-2.471121819169e-05,-3.049181002196e-06,2.26903013616e-06,3.698569096025e-07,-2.2796493147e-06,-2.84828276908e-07
1819.70085861,-2.470949076591e-05,-2.971172763221e-06,-2.470949076591e-05,-2.971172763221e-06,2.26892727134e-06,3.636782954099e-07,-2.279399551678e-06,-2.776745221764e-07
1840.772001469,-2.470848611138e-05,-2.893500555697e-06,-2.470848611138e-05,-2.893500555697e-06,2.268892735676e-06,3.575454184704e-07,-2.279214515768e-06,-2.705528515192e-07
1862.087136663,-2.470723614353e-05,-2.816227722231e-06,-2.470723614353e-05,-2.816227722231e-06,2.268836978354e-06,3.514607720901e-07,-2.279004828033e-06,-2.634689950621e-07
1883.64908949,-2.470579134172e-05,-2.739340898298e-06,-2.470579134172e-05,-2.739340898298e-06,2.268764700829e-06,3.454234312662e-07,-2.278775100589e-06,-2.56421750046e-07
1905.460717963,-2.470420082158e-05,-2.662824663922e-06,-2.470420082158e-05,-2.662824663922e-06,2.26868048733e-06,3.394322864928e-07,-2.278529818373e-06,-2.494097251534e-07
1927.524913191,-2.470302258362e-05,-2.586626549094e-06,-2.470302258362e-05,-2.586626549094e-06,2.268636004393e-06,3.334847760784e-07,-2.278320412244e-06,-2.424281915406e-07
1949.844599758,-2.470128396755e-05,-2.510812894761e-06,-2.470128396755e-05,-2.510812894761e-06,2.268541276268e-06,3.27583450628e-07,-2.278057095505e-06,-2.354831457019e-07
1972.422736115,-2.470005023408e-05,-2.435287559955e-06,-2.470005023408e-05,-2.435287559955e-06,2.268494927433e-06,3.217237133469e-07,-2.277838091978e-06,-2.285659130854e-07
1995.262314969,-2.469783718128e-05,-2.360162956289e-06,-2.469783718128e-05,-2.360162956289e-06,2.268359626351e-06,3.15910257612e-07,-2.277526432335e-06,-2.216866535336e-07
2018.366363682,-2.469672687935e-05,-2.285254990253e-06,-2.469672687935e-05,-2.285254990253e-06,2.26832812246e-06,3.101345106996e-07,-2.277314125875e-06,-2.148287525578e-07
2041.73794467,-2.469523327185e-05,-2.210679219146e-06,-2.469523327185e-05,-2.210679219146e-06,2.268262904054e-06,3.044013990742e-07,-2.277064034568e-06,-2.080026583785e-07
2065.380155811,-2.469339784383e-05,-2.136420766362e-06,-2.469339784383e-05,-2.136420766362e-06,2.268167857864e-06,2.987098345081e-07,-2.27677993345e-06,-2.012070339548e-07
2089.296130854,-2.469126144911e-05,-2.062469003512e-06,-2.469126144911e-05,-2.062469003512e-06,2.26804679612e-06,2.930591270676e-07,-2.276465536894e-06,-1.944409353276e-07
2113.489039837,-2.468937316955e-05,-1.988765879332e-06,-2.468937316955e-05,-1.988765879332e-06,2.267950589665e-06,2.874463663024e-07,-2.276171427658e-06,-1.876991362243e-07
2137.962089502,-2.468828080034e-05,-1.915249346819e-06,-2.468828080034e-05,-1.915249346819e-06,2.267930006527e-06,2.818683785183e-07,-2.275948058463e-06,-1.809760496219e-07
2162.718523727,-2.468598490603e-05,-1.84209192658e-06,-2.468598490603e-05,-1.84209192658e-06,2.267799978075e-06,2.76332737259e-07,-2.275610983102e-06,-1.742872632797e-07
2187.76162395,-2.468405023286e-05,-1.769141270038e-06,-2.468405023286e-05,-1.769141270038e-06,2.267705417684e-06,2.708322254314e-07,-2.275304437987e-06,-1.676190434915e-07
2213.094709606,-2.468149423796e-05,-1.696478534455e-06,-2.468149423796e-05,-1.696478534455e-06,2.267555402111e-06,2.653702211992e-07,-2.274937761071e-06,-1.609787299835e-07
2238.721138568,-2.467937049872e-05,-1.623996357138e-06,-2.467937049872e-05,-1.623996357138e-06,2.267447526018e-06,2.599416226244e-07,-2.274608033115e-06,-1.54356657471e-07
2264.644307593,-2.467720398326e-05,-1.551728858276e-06,-2.467720398326e-05,-1.551728858276e-06,2.267337857799e-06,2.545476810413e-07,-2.274271386727e-06,-1.477559240721e-07
2290.867652768,-2.467553711226e-05,-1.479613422353e-06,-2.467553711226e-05,-1.479613422353e-06,2.267276678155e-06,2.491852881453e-07,-2.273977757954e-06,-1.411709048899e-07
2317.394649969,-2.467338429816e-05,-1.407735677893e-06,-2.467338429816e-05,-1.407735677893e-06,2.267172772774e-06,2.438580480318e-07,-2.273636217178e-06,-1.34609344625e-07
2344.22881532,-2.467026846913e-05,-1.336134942616e-06,-2.467026846913e-05,-1.336134942616e-06,2.266982007669e-06,2.38567466794e-07,-2.273202727955e-06,-1.280748095982e-07
2371.373705662,-2.466825645789e-05,-1.264596127736e-06,-2.466825645789e-05,-1.264596127736e-06,2.266895847335e-06,2.333035492146e-07,-2.272867731462e-06,-1.215479349199e-07
2398.83291902,-2.466585166304e-05,-1.193259109934e-06,-2.466585166304e-05,-1.193259109934e-06,2.266775743481e-06,2.280723977065e-07,-2.272493203653e-06,-1.150413587342e-07
2426.610095083,-2.466359237993e-05,-1.12205929615e-06,-2.466359237993e-05,-1.12205929615e-06,2.266671611094e-06,2.228708066851e-07,-2.272128683501e-06,-1.085492863103e-07
2454.708915685,-2.466099849657e-05,-1.051036254141e-06,-2.466099849657e-05,-1.051036254141e-06,2.266539040799e-06,2.177002982725e-07,-2.271729849117e-06,-1.020753121132e-07
2483.133105296,-2.465911551984e-05,-9.800714654302e-07,-2.465911551984e-05,-9.800714654302e-07,2.266474935337e-06,2.125552913215e-07,-2.271392964473e-06,-9.560879126681e-08
2511.88643151,-2.465644460929e-05,-9.093127201264e-07,-2.465644460929e-05,-9.093127201264e-07,2.26634051785e-06,2.07442214864e-07,-2.270979837365e-06,-8.916307007918e-08
2540.972705549,-2.465301248227e-05,-8.387490810981e-07,-2.465301248227e-05,-8.387490810981e-07,2.266138322619e-06,2.023602733931e-07,-2.270492863457e-06,-8.273719222717e-08
2570.395782769,-2.465037102708e-05,-7.682057418627e-07,-2.465037102708e-05,-7.682057418627e-07,2.266012173914e-06,1.973014183339e-07,-2.270074938796e-06,-7.631545562435e-08
2600.159563165,-2.464752821774e-05,-6.977788323863e-07,-2.464752821774e-05,-6.977788323863e-07,2.265870241609e-06,1.92269712042e-07,-2.269634580815e-06,-6.990655355679e-08
2630.267991896,-2.464501716808e-05,-6.274003511964e-07,-2.464501716808e-05,-6.274003511964e-07,2.265761985675e-06,1.872618824915e-07,-2.26922081092e-06,-6.35044057573e-08
2660.725059799,-2.464184488986e-05,-5.571701424103e-07,-2.464184488986e-05,-5.571701424103e-07,2.265595477187e-06,1.82282132588e-07,-2.268742078388e-06,-5.711803719828e-08
2691.534803927,-2.463854335699e-05,-4.870213860417e-07,-2.463854335699e-05,-4.870213860417e-07,2.265420069004e-06,1.773272794421e-07,-2.268247298504e-06,-5.074147874557e-08
2722.701308078,-2.463513530585e-05,-4.169420103778e-07,-2.463513530585e-05,-4.169420103778e-07,2.265237941816e-06,1.723965450942e-07,-2.267738475823e-06,-4.437368886337e-08
2754.228703338,-2.463215102972e-05,-3.468605968954e-07,-2.463215102972e-05,-3.468605968954e-07,2.265098317426e-06,1.674864920191e-07,-2.267264346851e-06,-3.800829112727e-08
2786.12116863,-2.462910374562e-05,-2.768227840906e-07,-2.462910374562e-05,-2.768227840906e-07,2.264956167369e-06,1.625989337846e-07,-2.26677998778e-06,-3.164944048589e-08
2818.382931265,-2.462550651868e-05,-2.06878050219e-07,-2.462550651868e-05,-2.06878050219e-07,2.264766433445e-06,1.57735914015e-07,-2.266240474364e-06,-2.530163848185e-08
2851.018267504,-2.462188782792e-05,-1.369544742511e-07,-2.462188782792e-05,-1.369544742511e-07,2.264578178778e-06,1.528939663907e-07,-2.265694368454e-06,-1.89584702882e-08
2884.031503127,-2.461877533295e-05,-6.697757311607e-08,-2.461877533295e-05,-6.697757311607e-08,2.264440403789e-06,1.480695283394e-07,-2.265190136574e-06,-1.261329799984e-08
2917.427014001,-2.461466485314e-05,2.877555724538e-09,-2.461466485314e-05,2.877555724538e-09,2.264213751251e-06,1.432702951768e-07,-2.264589224655e-06,-6.281918622705e-09
2951.209226667,-2.461109852205e-05,7.281089892448e-08,-2.461109852205e-05,7.281089892448e-08,2.264041276528e-06,1.384870251509e-07,-2.264033469705e-06,5.358150198538e-11
2985.382618918,-2.460758679841e-05,1.42771777422e-07,-2.460758679841e-05,1.42771777422e-07,2.263877686362e-06,1.337218353183e-07,-2.263477702968e-06,6.388581038001e-09
3019.951720402,-2.460313216198e-05,2.126431370368e-07,-2.460313216198e-05,2.126431370368e-07,2.26363058269e-06,1.289797479783e-07,-2.262830034603e-06,1.271250280016e-08
3054.921113216,-2.459927478472e-05,2.826293509282e-07,-2.459927478472e-05,2.826293509282e-07,2.263442863393e-06,1.242514502582e-07,-2.262232070416e-06,1.904363062631e-08
3090.295432514,-2.459501622226e-05,3.526127393219e-07,-2.459501622226e-05,3.526127393219e-07,2.263222047096e-06,1.19541997717e-07,-2.261591835121e-06,2.53713261798e-08
3126.079367124,-2.459138739795e-05,4.2273872535e-07,-2.459138739795e-05,4.2273872535e-07,2.263063846848e-06,1.148446606371e-07,-2.261004045354e-06,3.170856914281e-08
3162.277660169,-2.45863750238e-05,4.927490167167e-07,-2.45863750238e-05,4.927490167167e-07,2.26278163078e-06,1.101708743238e-07,-2.260283408308e-06,3.803209898355e-08
3198.895109692,-2.458253049172e-05,5.629946896604e-07,-2.458253049172e-05,5.629946896604e-07,2.262612157847e-06,1.055046770051e-07,-2.259664461594e-06,4.437334080488e-08
3235.936569296,-2.457834695785e-05,6.332839139939e-07,-2.457834695785e-05,6.332839139939e-07,2.2624157708e-06,1.008545041908e-07,-2.259008498162e-06,5.07149953349e-08
3273.406948789,-2.457383898976e-05,7.036267344144e-07,-2.457383898976e-05,7.036267344144e-07,2.262193923466e-06,9.621975214098e-08,-2.258316742559e-06,5.705787673537e-08
3311.311214826,-2.456851380282e-05,7.739626797904e-07,-2.456851380282e-05,7.739626797904e-07,2.261901001503e-06,9.160294261833e-08,-2.257543780171e-06,6.339647576511e-08
3349.654391578,-2.4563905396e-05,8.445166497509e-07,-2.4563905396e-05,8.445166497509e-07,2.261679456103e-06,8.699381390658e-08,-2.256830499756e-06,6.975086207833e-08
3388.441561392,-2.455850656552e-05,9.150849454866e-07,-2.455850656552e-05,9.150849454866e-07,2.261389548875e-06,8.240134254254e-08,-2.256038233856e-06,7.610267733995e-08
3427.677865465,-2.455334340765e-05,9.858231930922e-07,-2.455334340765e-05,9.858231930922e-07,2.261126619806e-06,7.781840411898e-08,-2.25526116023e-06,8.246576721733e-08
3467.368504525,-2.454842766919e-05,1.056746403005e-06,-2.454842766919e-05,1.056746403005e-06,2.260891906826e-06,7.324408459747e-08,-2.254500212811e-06,8.884137137339e-08
3507.518739526,-2.454326497114e-05,1.127790161303e-06,-2.454326497114e-05,1.127790161303e-06,2.260639639069e-06,6.868122036333e-08,-2.253709827426e-06,9.522360385558e-08
3548.133892336,-2.453736048139e-05,1.19888983733e-06,-2.453736048139e-05,1.19888983733e-06,2.260324010935e-06,6.413250629833e-08,-2.252844422086e-06,1.01606568859e-07
3589.21934645,-2.453173774584e-05,1.27020828152e-06,-2.453173774584e-05,1.27020828152e-06,2.260040178993e-06,5.959050359742e-08,-2.25199787838e-06,1.0800472871e-07
3630.780547701,-2.452640694475e-05,1.341760059762e-06,-2.452640694475e-05,1.341760059762e-06,2.259789247487e-06,5.505436959581e-08,-2.251170972882e-06,1.144192621673e-07
3672.823004981,-2.452036657589e-05,1.413399284339e-06,-2.452036657589e-05,1.413399284339e-06,2.259478350483e-06,5.053055723103e-08,-2.250271597896e-06,1.208369852708e-07
3715.352290972,-2.451514374691e-05,1.485375879963e-06,-2.451514374691e-05,1.485375879963e-06,2.259249471265e-06,4.600767264127e-08,-2.249439809008e-06,1.272801246276e-07
3758.374042885,-2.450821961489e-05,1.557300224726e-06,-2.450821961489e-05,1.557300224726e-06,2.258868794716e-06,4.150308421953e-08,-2.248444239651e-06,1.337136983961e-07
3801.893963206,-2.450213140442e-05,1.629586009475e-06,-2.450213140442e-05,1.629586009475e-06,2.258572156959e-06,3.699808415245e-08,-2.247517632377e-06,1.401745584497e-07
3845.917820454,-2.449587651455e-05,1.702084166167e-06,-2.449587651455e-05,1.702084166167e-06,2.258266589854e-06,3.249922585155e-08,-2.24656780238e-06,1.466492269736e-07
3890.451449943,-2.448895825778e-05,1.774721579224e-06,-2.448895825778e-05,1.774721579224e-06,2.257906095128e-06,2.800968379209e-08,-2.245549031358e-06,1.531310198937e-07
3935.500754558,-2.448239490205e-05,1.847677478329e-06,-2.448239490205e-05,1.847677478329e-06,2.257585470179e-06,2.352126409174e-08,-2.244554577915e-06,1.596357924597e-07
3981.071705535,-2.447568887522e-05,1.920879874365e-06,-2.447568887522e-05,1.920879874365e-06,2.257258650629e-06,1.903709689295e-08,-2.243538628764e-06,1.661569468791e-07
4027.170343255,-2.446783795071e-05,1.994167067724e-06,-2.446783795071e-05,1.994167067724e-06,2.256832644614e-06,1.456428066119e-08,-2.242409131513e-06,1.726798851648e-07
4073.802778041,-2.446086820512e-05,2.067895937457e-06,-2.446086820512e-05,2.067895937457e-06,2.256495979162e-06,1.008673999253e-08,-2.241351695376e-06,1.7923628204e-07
4120.975190974,-2.445377639637e-05,2.141906930556e-06,-2.445377639637e-05,2.141906930556e-06,2.256155591832e-06,5.611485264949e-09,-2.240274152073e-06,1.858117127453e-07
4168.693834704,-2.444606454138e-05,2.216121481358e-06,-2.444606454138e-05,2.216121481358e-06,2.255765357855e-06,1.141946628447e-09,-2.239130697108e-06,1.923989830979e-07
4216.965034286,-2.44382430076e-05,2.290639610653e-06,-2.44382430076e-05,2.290639610653e-06,2.255372933946e-06,-3.326468126196e-09,-2.237967939026e-06,1.990068195929e-07
4265.795188016,-2.443031734604e-05,2.365472989403e-06,-2.443031734604e-05,2.365472989403e-06,2.254979040301e-06,-7.794367178668e-09,-2.236786207909e-06,2.056360584229e-07
4315.190768278,-2.442229254585e-05,2.440634547583e-06,-2.442229254585e-05,2.440634547583e-06,2.254584361452e-06,-1.226246805478e-08,-2.23558577988e-06,2.122876431208e-07
4365.158322402,-2.441366997257e-05,2.51604150189e-06,-2.441366997257e-05,2.51604150189e-06,2.25414270447e-06,-1.672712677184e-08,-2.234320816657e-06,2.189539845779e-07
4415.704473533,-2.440596462367e-05,2.591989627699e-06,-2.440596462367e-05,2.591989627699e-06,2.253795297045e-06,-2.120170602692e-08,-2.233129841367e-06,2.256611893398e-07
4466.83592151,-2.439666376402e-05,2.668014429257e-06,-2.439666376402e-05,2.668014429257e-06,2.253308479145e-06,-2.566545244985e-08,-2.231782642867e-06,2.323676823122e-07
4518.559443749,-2.438778468117e-05,2.744509653882e-06,-2.438778468117e-05,2.744509653882e-06,2.252870264105e-06,-3.013611737253e-08,-2.230463697977e-06,2.391082659189e-07
4570.881896149,-2.437882756792e-05,2.821391823225e-06,-2.437882756792e-05,2.821391823225e-06,2.252434369674e-06,-3.461001422563e-08,-2.22912705971e-06,2.458752581884e-07
4623.810213993,-2.436979536046e-05,2.898674417484e-06,-2.436979536046e-05,2.898674417484e-06,2.252001331529e-06,-3.908786386101e-08,-2.22777279917e-06,2.526695997581e-07
4677.351412872,-2.435918372498e-05,2.976066248004e-06,-2.435918372498e-05,2.976066248004e-06,2.251431251853e-06,-4.355667885061e-08,-2.226263169286e-06,2.59465158977e-07
4731.512589615,-2.435001012691e-05,3.054183296114e-06,-2.435001012691e-05,3.054183296114e-06,2.251005501311e-06,-4.804409709761e-08,-2.22487389694e-06,2.663163763638e-07
4786.300923227,-2.433976488042e-05,3.132531670058e-06,-2.433976488042e-05,3.132531670058e-06,2.25049052786e-06,-5.252807908529e-08,-2.223375319533e-06,2.73179103282e-07
4841.723675841,-2.432945451654e-05,3.211326814541e-06,-2.432945451654e-05,3.211326814541e-06,2.249980394824e-06,-5.701833953248e-08,-2.221859260082e-06,2.800721761757e-07
4897.788193685,-2.431908054397e-05,3.290581508747e-06,-2.431908054397e-05,3.290581508747e-06,2.249475533947e-06,-6.151549223145e-08,-2.220325646238e-06,2.86996419592e-07
4954.501908048,-2.430814262191e-05,3.370202388101e-06,-2.430814262191e-05,3.370202388101e-06,2.24892959148e-06,-6.601544268877e-08,-2.218728576425e-06,2.939432430557e-07
5011.872336273,-2.429714349257e-05,3.450306523829e-06,-2.429714349257e-05,3.450306523829e-06,2.248389737192e-06,-7.052343372158e-08,-2.217113768742e-06,3.009226975532e-07
5069.907082747,-2.428558258702e-05,3.530798395855e-06,-2.428558258702e-05,3.530798395855e-06,2.247809595313e-06,-7.503527550519e-08,-2.215435321947e-06,3.079259880974e-07
5128.613839914,-2.427446198615e-05,3.611909271597e-06,-2.427446198615e-05,3.611909271597e-06,2.247282982055e-06,-7.956133620119e-08,-2.213784486246e-06,3.149732402913e-07
5188.00038929,-2.426177927839e-05,3.693207996151e-06,-2.426177927839e-05,3.693207996151e-06,2.246623353808e-06,-8.408239168384e-08,-2.211978353946e-06,3.220259433119e-07
5248.074602498,-2.425003670512e-05,3.775263825602e-06,-2.425003670512e-05,3.775263825602e-06,2.24606459274e-06,-8.862390213744e-08,-2.210244995119e-06,3.291340856604e-07
5308.84444231,-2.423723251421e-05,3.857638988867e-06,-2.423723251421e-05,3.857638988867e-06,2.245420177637e-06,-9.31663276427e-08,-2.208401625892e-06,3.362585697482e-07
5370.317963703,-2.422486570208e-05,3.940688163433e-06,-2.422486570208e-05,3.940688163433e-06,2.244830446277e-06,-9.772554926902e-08,-2.206584710129e-06,3.434303448733e-07
5432.503314925,-2.421193527318e-05,4.024194392737e-06,-2.421193527318e-05,4.024194392737e-06,2.244202284758e-06,-1.02291895537e-07,-2.204702785575e-06,3.506298313748e-07
5495.408738577,-2.419844020582e-05,4.108167424776e-06,-2.419844020582e-05,4.108167424776e-06,2.243535953296e-06,-1.068658022715e-07,-2.20275557451e-06,3.578574751049e-07
5559.042572704,-2.41848776524e-05,4.192738258405e-06,-2.41848776524e-05,4.192738258405e-06,2.242878309832e-06,-1.114531591108e-07,-2.200788155626e-06,3.651243994327e-07
5623.413251904,-2.417074673907e-05,4.277798886621e-06,-2.417074673907e-05,4.277798886621e-06,2.242182925432e-06,-1.160491161957e-07,-2.198754713446e-06,3.724206278989e-07
5688.529308439,-2.415654338623e-05,4.363483163087e-06,-2.415654338623e-05,4.363483163087e-06,2.241496592148e-06,-1.206596742871e-07,-2.196700184395e-06,3.797574924994e-07
5754.399373372,-2.414226436289e-05,4.449805288364e-06,-2.414226436289e-05,4.449805288364e-06,2.24081945046e-06,-1.252854425269e-07,-2.194624044382e-06,3.871357519246e-07
5821.032177709,-2.412691093673e-05,4.536528260323e-06,-2.412691093673e-05,4.536528260323e-06,2.240058478518e-06,-1.299158498543e-07,-2.192435261186e-06,3.945340588945e-07
5888.436553556,-2.41119725172e-05,4.624040348869e-06,-2.41119725172e-05,4.624040348869e-06,2.239353523239e-06,-1.345681960087e-07,-2.190269066376e-06,4.019860543893e-07
5956.62143529,-2.409595319748e-05,4.711974243135e-06,-2.409595319748e-05,4.711974243135e-06,2.238565006759e-06,-1.392260847299e-07,-2.187989277233e-06,4.094589186851e-07
6025.595860744,-2.407984327875e-05,4.800596600809e-06,-2.407984327875e-05,4.800596600809e-06,2.237786126438e-06,-1.439013684707e-07,-2.185685701662e-06,4.169755416942e-07
6095.368972402,-2.406314137593e-05,4.889791041798e-06,-2.406314137593e-05,4.889791041798e-06,2.236970414237e-06,-1.485888490811e-07,-2.183312596839e-06,4.245251427985e-07
6165.950018615,-2.404633885049e-05,4.979701621599e-06,-2.404633885049e-05,4.979701621599e-06,2.236164428127e-06,-1.532949052379e-07,-2.180914378292e-06,4.3211977763e-07
6237.348354825,-2.402893449053e-05,5.070208345507e-06,-2.402893449053e-05,5.070208345507e-06,2.235321705888e-06,-1.580141309889e-07,-2.178445357706e-06,4.397483232573e-07
6309.573444802,-2.401092299639e-05,5.161322515821e-06,-2.401092299639e-05,5.161322515821e-06,2.234442276823e-06,-1.627470078178e-07,-2.175904887948e-06,4.474111635035e-07
6382.634861906,-2.399279360217e-05,5.253192841842e-06,-2.399279360217e-05,5.253192841842e-06,2.233572594957e-06,-1.675000875031e-07,-2.173337146352e-06,4.551206763436e-07
6456.542290347,-2.397355058094e-05,5.345555969034e-06,-2.397355058094e-05,5.345555969034e-06,2.232619773062e-06,-1.72261612565e-07,-2.170651710433e-06,4.628531775384e-07
6531.305526475,-2.395516455923e-05,5.438982917009e-06,-2.395516455923e-05,5.438982917009e-06,2.231769437206e-06,-1.770568910586e-07,-2.168026932297e-06,4.70657886064e-07
6606.934480076,-2.393565126868e-05,5.532927703001e-06,-2.393565126868e-05,5.532927703001e-06,2.230835874018e-06,-1.818615772028e-07,-2.165282880742e-06,4.784863944669e-07
6683.439175686,-2.391549790687e-05,5.627541428467e-06,-2.391549790687e-05,5.627541428467e-06,2.229865443166e-06,-1.866823269419e-07,-2.162463549464e-06,4.863511958136e-07
6760.82975392,-2.389469709452e-05,5.722835141662e-06,-2.389469709452e-05,5.722835141662e-06,2.228858076667e-06,-1.915195422227e-07,-2.159568132992e-06,4.94252521383e-07
6839.116472815,-2.387422539904e-05,5.819116119058e-06,-2.387422539904e-05,5.819116119058e-06,2.227906317103e-06,-1.963867798677e-07,-2.1566847704e-06,5.022163594591e-07
6918.30970919,-2.385259668454e-05,5.915956880478e-06,-2.385259668454e-05,5.915956880478e-06,2.226871053457e-06,-2.012649628732e-07,-2.153678945495e-06,5.10204698429e-07
6998.419960023,-2.38307862412e-05,6.013666526434e-06,-2.38307862412e-05,6.013666526434e-06,2.225844771939e-06,-2.061677090904e-07,-2.150638675184e-06,5.18243623445e-07
7079.457843842,-2.380780204284e-05,6.111955296853e-06,-2.380780204284e-05,6.111955296853e-06,2.224734771584e-06,-2.110820499131e-07,-2.147474250037e-06,5.263071253341e-07
7161.434102129,-2.378510697714e-05,6.21129440242e-06,-2.378510697714e-05,6.21129440242e-06,2.223679641864e-06,-2.160287721499e-07,-2.144317604582e-06,5.34435250762e-07
7244.35960075,-2.376121867613e-05,6.311236102962e-06,-2.376121867613e-05,6.311236102962e-06,2.222540461379e-06,-2.209879109518e-07,-2.141034860242e-06,5.425882630894e-07
7328.245331389,-2.373710700432e-05,6.41210344827e-06,-2.373710700432e-05,6.41210344827e-06,2.221409472274e-06,-2.259736386039e-07,-2.137713406841e-06,5.507932561299e-07
7413.10241301,-2.371227083314e-05,6.513753329812e-06,-2.371227083314e-05,6.513753329812e-06,2.220240242662e-06,-2.309794811311e-07,-2.134307972955e-06,5.590368890845e-07
7498.942093325,-2.36866989122e-05,6.616197467746e-06,-2.36866989122e-05,6.616197467746e-06,2.219032548751e-06,-2.360058124329e-07,-2.130817491742e-06,5.673192178682e-07
7585.775750292,-2.366135492388e-05,6.719775967967e-06,-2.366135492388e-05,6.719775967967e-06,2.217878358252e-06,-2.410675286434e-07,-2.127328621307e-06,5.756686031922e-07
7673.614893619,-2.363427469622e-05,6.823848188903e-06,-2.363427469622e-05,6.823848188903e-06,2.216592944725e-06,-2.461361400257e-07,-2.123664578363e-06,5.840287274916e-07
7762.471166287,-2.360690876621e-05,6.92891807857e-06,-2.360690876621e-05,6.92891807857e-06,2.215314350978e-06,-2.512337530211e-07,-2.119955851075e-06,5.924420248073e-07
7852.356346101,-2.357924214127e-05,7.035003657531e-06,-2.357924214127e-05,7.035003657531e-06,2.214042202953e-06,-2.563609952822e-07,-2.116201022099e-06,6.00908927192e-07
7943.282347243,-2.355028865254e-05,7.141778943162e-06,-2.355028865254e-05,7.141778943162e-06,2.212684120618e-06,-2.615032743675e-07,-2.112311521437e-06,6.094002785211e-07
8035.261221857,-2.352052057067e-05,7.249424223119e-06,-2.352052057067e-05,7.249424223119e-06,2.211285826949e-06,-2.666683843077e-07,-2.108329832812e-06,6.179304642391e-07
8128.305161641,-2.349040749952e-05,7.358126927809e-06,-2.349040749952e-05,7.358126927809e-06,2.209892930036e-06,-2.718643717189e-07,-2.104298114561e-06,6.265143798726e-07
8222.426499471,-2.345993211796e-05,7.467905606836e-06,-2.345993211796e-05,7.467905606836e-06,2.208504978499e-06,-2.770918575155e-07,-2.100214815789e-06,6.351523623258e-07
8317.637711027,-2.342811107487e-05,7.578418527905e-06,-2.342811107487e-05,7.578418527905e-06,2.207029753988e-06,-2.823355490825e-07,-2.095991917458e-06,6.438139056423e-07
8413.951416452,-2.339589420939e-05,7.690035787355e-06,-2.339589420939e-05,7.690035787355e-06,2.205558651294e-06,-2.876115389592e-07,-2.091714614911e-06,6.525293996848e-07
8511.380382024,-2.336278117941e-05,7.802591460963e-06,-2.336278117941e-05,7.802591460963e-06,2.204045359273e-06,-2.929122655697e-07,-2.087338238592e-06,6.61283332911e-07
8609.937521846,-2.332923496029e-05,7.916284442396e-06,-2.332923496029e-05,7.916284442396e-06,2.202535229995e-06,-2.982462597263e-07,-2.082904335577e-06,6.700913069024e-07
8709.635899561,-2.32937951137e-05,8.030568627639e-06,-2.32937951137e-05,8.030568627639e-06,2.200890467438e-06,-3.035892676839e-07,-2.07828262383e-06,6.789054394951e-07
8810.488730081,-2.325836465005e-05,8.146204402405e-06,-2.325836465005e-05,8.146204402405e-06,2.19929370134e-06,-3.089744142269e-07,-2.073643317599e-06,6.877890256539e-07
8912.509381338,-2.322244086777e-05,8.263025027436e-06,-2.322244086777e-05,8.263025027436e-06,2.197698560063e-06,-3.143941169117e-07,-2.068941683396e-06,6.967263463112e-07
9015.71137606,-2.318456805563e-05,8.380465122936e-06,-2.318456805563e-05,8.380465122936e-06,2.195967497866e-06,-3.198233023026e-07,-2.064048229471e-06,7.05667963082e-07
9120.10839356,-2.314663807537e-05,8.499311406975e-06,-2.314663807537e-05,8.499311406975e-06,2.194282681797e-06,-3.252961695134e-07,-2.059131916646e-06,7.146790186498e-07
9225.714271548,-2.310719612821e-05,8.618992045604e-06,-2.310719612821e-05,8.618992045604e-06,2.192506634818e-06,-3.307873721464e-07,-2.05406350304e-06,7.237095194155e-07
9332.54300797,-2.306622250733e-05,8.739512529293e-06,-2.306622250733e-05,8.739512529293e-06,2.190638927402e-06,-3.36296869687e-07,-2.048841746051e-06,7.32758398792e-07
9440.60876286,-2.302512030008e-05,8.861489384106e-06,-2.302512030008e-05,8.861489384106e-06,2.188815629752e-06,-3.418513050569e-07,-2.043591835072e-06,7.418759887784e-07
9549.925860215,-2.298244005089e-05,8.984330142329e-06,-2.298244005089e-05,8.984330142329e-06,2.186899551005e-06,-3.474244451296e-07,-2.03818541766e-06,7.510106530313e-07
9660.508789899,-2.293957784832e-05,9.108665683575e-06,-2.293957784832e-05,9.108665683575e-06,2.185026486082e-06,-3.530435257138e-07,-2.032746958788e-06,7.602136839808e-07
9772.372209559,-2.289461611524e-05,9.23367880223e-06,-2.289461611524e-05,9.23367880223e-06,2.183014056567e-06,-3.586725397619e-07,-2.027106915072e-06,7.694146884022e-07
9885.53094657,-2.284941766741e-05,9.360220046647e-06,-2.284941766741e-05,9.360220046647e-06,2.181043258833e-06,-3.643482251153e-07,-2.021431080842e-06,7.786831566599e-07
10000.0,-2.28030103338e-05,9.487884399205e-06,-2.28030103338e-05,9.487884399205e-06,2.179022606477e-06,-3.700525520923e-07,-2.01563393528e-06,7.879832444422e-07
10115.7945426,-2.27548974535e-05,9.616465883497e-06,-2.27548974535e-05,9.616465883497e-06,2.176906183102e-06,-3.757762143915e-07,-2.009672326121e-06,7.972958904276e-07
10232.92992281,-2.270598922395e-05,9.746409798456e-06,-2.270598922395e-05,9.746409798456e-06,2.174783881816e-06,-3.815381942077e-07,-2.003627563695e-06,8.066562902344e-07
10351.42166679,-2.265578614066e-05,9.877512559543e-06,-2.265578614066e-05,9.877512559543e-06,2.172609707393e-06,-3.873292725183e-07,-1.99745633568e-06,8.160454616858e-07
10471.28548051,-2.260425803138e-05,1.000978522942e-05,-2.260425803138e-05,1.000978522942e-05,2.17038296829e-06,-3.931495147124e-07,-1.991156919146e-06,8.254622917276e-07
10592.53725177,-2.25513734854e-05,1.014323934054e-05,-2.25513734854e-05,1.014323934054e-05,2.168102944385e-06,-3.989990311952e-07,-1.984727554059e-06,8.349056646222e-07
10715.19305238,-2.249756343217e-05,1.027811737997e-05,-2.249756343217e-05,1.027811737997e-05,2.165813920742e-06,-4.04887936989e-07,-1.978207250274e-06,8.443934863622e-07
10839.26914021,-2.24423291789e-05,1.041420405654e-05,-2.24423291789e-05,1.041420405654e-05,2.163470041711e-06,-4.108064408741e-07,-1.971553194268e-06,8.539057448907e-07
10964.78196143,-2.238471409515e-05,1.055103813628e-05,-2.238471409515e-05,1.055103813628e-05,2.160980687768e-06,-4.167341964109e-07,-1.96468256582e-06,8.63402314531e-07
11091.74815262,-2.2326529347e-05,1.068956982149e-05,-2.2326529347e-05,1.068956982149e-05,2.158524879362e-06,-4.227118731608e-07,-1.957755888875e-06,8.729591527357e-07
11220.18454302,-2.226727255588e-05,1.08295839231e-05,-2.226727255588e-05,1.08295839231e-05,2.156056694708e-06,-4.287296862031e-07,-1.950730281434e-06,8.825561101824e-07
11350.10815672,-2.220553023409e-05,1.097036604882e-05,-2.220553023409e-05,1.097036604882e-05,2.153440859046e-06,-4.347563807462e-07,-1.9434832702e-06,8.921323626231e-07
11481.53621497,-2.214263952992e-05,1.111265052275e-05,-2.214263952992e-05,1.111265052275e-05,2.150811019574e-06,-4.408231709968e-07,-1.936133715286e-06,9.017456520494e-07
11614.4861384,-2.207810174029e-05,1.12562056432e-05,-2.207810174029e-05,1.12562056432e-05,2.148121511793e-06,-4.469196214039e-07,-1.92863957187e-06,9.113745882265e-07
11748.9755494,-2.201187579518e-05,1.14010404736e-05,-2.201187579518e-05,1.14010404736e-05,2.145371489104e-06,-4.530456521395e-07,-1.920999035554e-06,9.210174485004e-07
11885.02227437,-2.194391936012e-05,1.154716375574e-05,-2.194391936012e-05,1.154716375574e-05,2.1425600903e-06,-4.592011670411e-07,-1.913210302322e-06,9.306724429611e-07
12022.64434617,-2.18746388759e-05,1.169484291926e-05,-2.18746388759e-05,1.169484291926e-05,2.139730909554e-06,-4.653971924833e-07,-1.905310823812e-06,9.403586377932e-07
12161.86000646,-2.180353629519e-05,1.184383280042e-05,-2.180353629519e-05,1.184383280042e-05,2.13683846619e-06,-4.716226877002e-07,-1.897259213064e-06,9.500535511941e-07
12302.68770812,-2.17301176471e-05,1.199387699971e-05,-2.17301176471e-05,1.199387699971e-05,2.133837487431e-06,-4.778662208444e-07,-1.889014716924e-06,9.597339628433e-07
12445.14611771,-2.165567710941e-05,1.214577583725e-05,-2.165567710941e-05,1.214577583725e-05,2.13086013184e-06,-4.841615668544e-07,-1.880692361736e-06,9.694615409208e-07
12589.25411794,-2.157837924557e-05,1.229847235217e-05,-2.157837924557e-05,1.229847235217e-05,2.127728160222e-06,-4.904630320249e-07,-1.872134967074e-06,9.791487616484e-07
12735.03081017,-2.149951056265e-05,1.245277480864e-05,-2.149951056265e-05,1.245277480864e-05,2.124573515941e-06,-4.968046987367e-07,-1.863457060511e-06,9.888577018614e-07
12882.49551693,-2.14185731742e-05,1.260842106342e-05,-2.14185731742e-05,1.260842106342e-05,2.121350955902e-06,-5.031748694334e-07,-1.854618142414e-06,9.985645956126e-07
13031.66778452,-2.133551282264e-05,1.27654165633e-05,-2.133551282264e-05,1.27654165633e-05,2.118059495887e-06,-5.095733406032e-07,-1.845616450845e-06,1.008267106283e-06
13182.56738556,-2.125027429462e-05,1.292376506613e-05,-2.125027429462e-05,1.292376506613e-05,2.114698170185e-06,-5.159997834538e-07,-1.836450297268e-06,1.017962729942e-06
13335.21432163,-2.116280064862e-05,1.308346966499e-05,-2.116280064862e-05,1.308346966499e-05,2.11126599813e-06,-5.224538521764e-07,-1.827118010717e-06,1.027648887922e-06
13489.62882592,-2.107346644181e-05,1.324482238142e-05,-2.107346644181e-05,1.324482238142e-05,2.107805790693e-06,-5.289474972197e-07,-1.817655373727e-06,1.037345709789e-06
13645.83136589,-2.098177391923e-05,1.340754192997e-05,-2.098177391923e-05,1.340754192997e-05,2.104272586516e-06,-5.354682943121e-07,-1.808022918506e-06,1.047028079178e-06
13803.84264603,-2.088766039663e-05,1.357162945696e-05,-2.088766039663e-05,1.357162945696e-05,2.10066535774e-06,-5.420158725829e-07,-1.798219023983e-06,1.05669321186e-06
13963.68361056,-2.079063409805e-05,1.373678567301e-05,-2.079063409805e-05,1.373678567301e-05,2.096939496127e-06,-5.485771459777e-07,-1.788205291018e-06,1.066314892599e-06
14125.37544623,-2.06910602714e-05,1.390330209865e-05,-2.06910602714e-05,1.390330209865e-05,2.093137699308e-06,-5.551640832766e-07,-1.778017428979e-06,1.075913103817e-06
14288.93958511,-2.05892944914e-05,1.407148162905e-05,-2.05892944914e-05,1.407148162905e-05,2.089302367164e-06,-5.617890448019e-07,-1.767690389895e-06,1.085508422413e-06
14454.39770746,-2.048483952092e-05,1.424102108537e-05,-2.048483952092e-05,1.424102108537e-05,2.085388886556e-06,-5.68438801438e-07,-1.757185928578e-06,1.095074328213e-06
14621.77174457,-2.037762207693e-05,1.441191707833e-05,-2.037762207693e-05,1.441191707833e-05,2.08139615786e-06,-5.751129472684e-07,-1.746502565883e-06,1.10460769746e-06
14791.08388168,-2.026798508401e-05,1.458447839742e-05,-2.026798508401e-05,1.458447839742e-05,2.077366326733e-06,-5.818240698371e-07,-1.735674753529e-06,1.114129346121e-06
14962.35656095,-2.015501633126e-05,1.475806928623e-05,-2.015501633126e-05,1.475806928623e-05,2.073211881761e-06,-5.88545166397e-07,-1.724629466572e-06,1.123587592344e-06
15135.61248436,-2.003864382545e-05,1.493267060752e-05,-2.003864382545e-05,1.493267060752e-05,2.068931999176e-06,-5.952752535232e-07,-1.713366131779e-06,1.132978415393e-06
15310.87461682,-1.992002282826e-05,1.510923891745e-05,-1.992002282826e-05,1.510923891745e-05,2.064654651158e-06,-6.020540930502e-07,-1.701989495601e-06,1.142371901121e-06
15488.16618913,-1.979783370864e-05,1.528679415707e-05,-1.979783370864e-05,1.528679415707e-05,2.060249719947e-06,-6.088405199346e-07,-1.690392532829e-06,1.15169067392e-06
15667.51070108,-1.967280727793e-05,1.546597736721e-05,-1.967280727793e-05,1.546597736721e-05,2.055801886342e-06,-6.156611262681e-07,-1.678644099963e-06,1.160980618526e-06
15848.93192461,-1.954404387211e-05,1.56461092463e-05,-1.954404387211e-05,1.56461092463e-05,2.051224502073e-06,-6.224875043013e-07,-1.666673820998e-06,1.170187831801e-06
16032.4539069,-1.941225872705e-05,1.582784117047e-05,-1.941225872705e-05,1.582784117047e-05,2.046601869835e-06,-6.293467083489e-07,-1.65454971653e-06,1.179358754825e-06
16218.10097359,-1.927655805418e-05,1.601047475086e-05,-1.927655805418e-05,1.601047475086e-05,2.041847730381e-06,-6.362097139333e-07,-1.642202575227e-06,1.188438577195e-06
16405.897732,-1.913724738154e-05,1.619432373209e-05,-1.913724738154e-05,1.619432373209e-05,2.03700364353e-06,-6.430896601529e-07,-1.629665989535e-06,1.197448488782e-06
16595.86907438,-1.899461875443e-05,1.637971320872e-05,-1.899461875443e-05,1.637971320872e-05,2.032110802897e-06,-6.500000893396e-07,-1.616972661208e-06,1.206410229951e-06
16788.04018123,-1.88481739173e-05,1.656627112089e-05,-1.884817391731e-05,1.656627112089e-05,2.027125663596e-06,-6.569258349137e-07,-1.604088168893e-06,1.215293920703e-06
16982.43652462,-1.869742535911e-05,1.675360597408e-05,-1.869742535911e-05,1.675360597408e-05,2.022005157406e-06,-6.638509908355e-07,-1.590979356761e-06,1.224068772278e-06
17179.08387158,-1.854303656812e-05,1.694239799669e-05,-1.854303656812e-05,1.694239799669e-05,2.016832382405e-06,-6.708040286523e-07,-1.577711636991e-06,1.232782871845e-06
17378.00828749,-1.838451078778e-05,1.713225346025e-05,-1.838451078778e-05,1.713225346025e-05,2.011564162959e-06,-6.777691407751e-07,-1.56425176353e-06,1.241405476384e-06
17579.23613959,-1.822173475465e-05,1.732313114024e-05,-1.822173475465e-05,1.732313114024e-05,2.006199445042e-06,-6.847452244768e-07,-1.550599584499e-06,1.249931991392e-06
17782.79410039,-1.805459275322e-05,1.751498553515e-05,-1.805459275322e-05,1.751498553515e-05,2.000737206591e-06,-6.917310765717e-07,-1.536755101778e-06,1.258357701057e-06
17988.70915129,-1.788296574874e-05,1.770776746649e-05,-1.788296574874e-05,1.770776746649e-05,1.995176423977e-06,-6.987254861442e-07,-1.522718414978e-06,1.266677841915e-06
18197.0085861,-1.770673177519e-05,1.790142341194e-05,-1.770673177519e-05,1.790142341194e-05,1.989516091069e-06,-7.057271873038e-07,-1.508489756596e-06,1.274887569572e-06
18407.72001469,-1.752540607094e-05,1.809550951352e-05,-1.752540607094e-05,1.809550951352e-05,1.983713966735e-06,-7.127191595577e-07,-1.494038718465e-06,1.282954515142e-06
18620.87136663,-1.733958383182e-05,1.829073074031e-05,-1.733958383182e-05,1.829073074031e-05,1.977851694869e-06,-7.197313405837e-07,-1.479427638243e-06,1.290928458286e-06
18836.4908949,-1.714912147227e-05,1.848703167972e-05,-1.714912147227e-05,1.848703167972e-05,1.971927921883e-06,-7.26762815663e-07,-1.464656190944e-06,1.298804875863e-06
19054.60717963,-1.695317756764e-05,1.868355492656e-05,-1.695317756764e-05,1.868355492656e-05,1.965859603901e-06,-7.337802383209e-07,-1.449664573411e-06,1.306523234344e-06
19275.24913191,-1.675196998048e-05,1.888061177511e-05,-1.675196998048e-05,1.888061177511e-05,1.959686926374e-06,-7.407980277428e-07,-1.43448413892e-06,1.314106028022e-06
19498.44599758,-1.654569770896e-05,1.907852262674e-05,-1.654569770896e-05,1.907852262674e-05,1.953449620999e-06,-7.478310183882e-07,-1.419145199106e-06,1.321576230197e-06
19724.22736115,-1.633353357046e-05,1.927638921661e-05,-1.633353357046e-05,1.927638921661e-05,1.947065415312e-06,-7.548450545925e-07,-1.40359018485e-06,1.328872363789e-06
19952.62314969,-1.61160049583e-05,1.947492848457e-05,-1.61160049583e-05,1.947492848457e-05,1.940614567443e-06,-7.618714215712e-07,-1.387878602858e-06,1.336045658163e-06
20183.66363682,-1.589229677731e-05,1.967321180147e-05,-1.589229677731e-05,1.967321180147e-05,1.934015400917e-06,-7.688752915699e-07,-1.371954523077e-06,1.343033960766e-06
20417.3794467,-1.566291249339e-05,1.987195714926e-05,-1.566291249339e-05,1.987195714926e-05,1.927347695326e-06,-7.758883946218e-07,-1.355876489294e-06,1.34988897306e-06
20653.80155811,-1.542673389672e-05,2.006977852405e-05,-1.542673389672e-05,2.006977852405e-05,1.920490435996e-06,-7.828582137007e-07,-1.339562649817e-06,1.356519072165e-06
20892.96130854,-1.518487565063e-05,2.026824135607e-05,-1.518487565063e-05,2.026824135607e-05,1.913602880603e-06,-7.898510365388e-07,-1.32312597134e-06,1.36303412894e-06
21134.89039837,-1.493622984273e-05,2.046592936697e-05,-1.493622984273e-05,2.046592936697e-05,1.906564534605e-06,-7.968137784992e-07,-1.306486021339e-06,1.369342043975e-06
21379.62089502,-1.468124903459e-05,2.066355793592e-05,-1.468124903459e-05,2.066355793592e-05,1.899454130891e-06,-8.037791825102e-07,-1.28969928125e-06,1.375495530152e-06
21627.18523727,-1.441945697817e-05,2.08605385197e-05,-1.441945697817e-05,2.08605385197e-05,1.892231243606e-06,-8.107281065716e-07,-1.272741137854e-06,1.38146010449e-06
21877.6162395,-1.415039741703e-05,2.105625569219e-05,-1.415039741703e-05,2.105625569219e-05,1.884856096834e-06,-8.176407946393e-07,-1.255588589771e-06,1.387200802576e-06
22130.94709606,-1.38744836498e-05,2.125141708997e-05,-1.38744836498e-05,2.125141708997e-05,1.877406598916e-06,-8.245507669889e-07,-1.238296515459e-06,1.392771092203e-06
22387.21138568,-1.359125140217e-05,2.144538747238e-05,-1.359125140217e-05,2.144538747238e-05,1.869842928111e-06,-8.314382625898e-07,-1.220841987258e-06,1.398136101836e-06
22646.44307593,-1.33005276948e-05,2.163796223203e-05,-1.33005276948e-05,2.163796223203e-05,1.862164550235e-06,-8.383013178274e-07,-1.203228287797e-06,1.403290482172e-06
22908.67652768,-1.300187573219e-05,2.182846093389e-05,-1.300187573219e-05,2.182846093389e-05,1.854332499727e-06,-8.451194636655e-07,-1.185434661363e-06,1.408198932005e-06
23173.94649969,-1.26956595126e-05,2.201756975985e-05,-1.26956595126e-05,2.201756975985e-05,1.846423646472e-06,-8.519270359159e-07,-1.167513956797e-06,1.412915764975e-06
23442.2881532,-1.238143523546e-05,2.220458394933e-05,-1.238143523546e-05,2.220458394933e-05,1.838398916323e-06,-8.587037114274e-07,-1.149445384698e-06,1.417405909232e-06
23713.73705662,-1.205903184969e-05,2.238924046904e-05,-1.205903184969e-05,2.238924046904e-05,1.830258016511e-06,-8.654472655958e-07,-1.13123311604e-06,1.421664104766e-06
23988.3291902,-1.172827958647e-05,2.257126016633e-05,-1.172827958647e-05,2.257126016633e-05,1.822000689448e-06,-8.721554676114e-07,-1.112881501121e-06,1.425685168364e-06
24266.10095083,-1.138901174518e-05,2.275034651949e-05,-1.138901174518e-05,2.275034651949e-05,1.813626758618e-06,-8.788260034155e-07,-1.094395136735e-06,1.429463956512e-06
24547.08915685,-1.104083928875e-05,2.292570233254e-05,-1.104083928875e-05,2.292570233254e-05,1.805098516903e-06,-8.854375421733e-07,-1.075756646684e-06,1.432965131132e-06
24831.33105296,-1.068405931219e-05,2.309795768224e-05,-1.068405931219e-05,2.309795768224e-05,1.796491155422e-06,-8.920257224583e-07,-1.057015634961e-06,1.436244298329e-06
25118.8643151,-1.031828573219e-05,2.326628035505e-05,-1.031828573219e-05,2.326628035505e-05,1.787766935922e-06,-8.98569223146e-07,-1.038154796568e-06,1.439266329448e-06
25409.72705549,-9.943370604151e-06,2.343029761368e-05,-9.943370604151e-06,2.343029761368e-05,1.778925897779e-06,-9.050656372907e-07,-1.019179522574e-06,1.442026458633e-06
25703.95782769,-9.559173057852e-06,2.358961582052e-05,-9.559173057852e-06,2.358961582052e-05,1.769968117091e-06,-9.115125757116e-07,-1.000095368396e-06,1.444520056653e-06
26001.59563165,-9.165562066253e-06,2.374381911886e-05,-9.165562066253e-06,2.374381911886e-05,1.760893763131e-06,-9.179075682412e-07,-9.809081365233e-07,1.446742583905e-06
26302.67991896,-8.762417618375e-06,2.389246887344e-05,-8.762417618375e-06,2.389246887344e-05,1.751703084653e-06,-9.242480955777e-07,-9.616238501919e-07,1.448689617885e-06
26607.25059799,-8.349631104753e-06,2.403510343326e-05,-8.349631104753e-06,2.403510343326e-05,1.742396359819e-06,-9.305316869675e-07,-9.422486708253e-07,1.450356914804e-06
26915.34803927,-7.927267291529e-06,2.417174546697e-05,-7.927267291529e-06,2.417174546697e-05,1.733009958912e-06,-9.367759559799e-07,-9.228078669062e-07,1.451771038544e-06
27227.01308078,-7.494921635095e-06,2.430087006475e-05,-7.494921635095e-06,2.430087006475e-05,1.72347208775e-06,-9.429382324767e-07,-9.032698105611e-07,1.452866706244e-06
27542.28703338,-7.052702147768e-06,2.442244749083e-05,-7.052702147768e-06,2.442244749083e-05,1.713819444509e-06,-9.490359903666e-07,-8.836605364546e-07,1.453670795188e-06
27861.2116863,-6.600570643558e-06,2.453591649909e-05,-6.600570643558e-06,2.453591649909e-05,1.704052616869e-06,-9.550666377178e-07,-8.639870025727e-07,1.454179682932e-06
28183.82931265,-6.138511834861e-06,2.464069021766e-05,-6.138511834861e-06,2.464069021766e-05,1.694172247573e-06,-9.610276052995e-07,-8.442563154077e-07,1.454389950728e-06
28510.18267504,-5.666648062373e-06,2.473667551051e-05,-5.666648062373e-06,2.473667551051e-05,1.684214041022e-06,-9.669370497277e-07,-8.244925968284e-07,1.454329066283e-06
28840.31503127,-5.18478668481e-06,2.482219608797e-05,-5.18478668481e-06,2.482219608797e-05,1.674108622136e-06,-9.727509965866e-07,-8.046692198464e-07,1.453932591213e-06
29174.27014001,-4.693120385461e-06,2.489710583661e-05,-4.693120385461e-06,2.489710583661e-05,1.663892024055e-06,-9.784875307853e-07,-7.848109945386e-07,1.453228445472e-06
29512.09226667,-4.191758014991e-06,2.496071552557e-05,-4.191758014991e-06,2.496071552557e-05,1.653565238189e-06,-9.841439853813e-07,-7.649257437758e-07,1.452214005171e-06
29853.82618918,-3.680916362172e-06,2.501283689852e-05,-3.680916362172e-06,2.501283689852e-05,1.643163418017e-06,-9.897389627324e-07,-7.450365595761e-07,1.450917507242e-06
30199.51720402,-3.160632894018e-06,2.505168507302e-05,-3.160632894018e-06,2.505168507302e-05,1.632619139309e-06,-9.952276845004e-07,-7.251206137214e-07,1.449275636915e-06
30549.21113216,-2.631226054017e-06,2.507702626663e-05,-2.631226054017e-06,2.507702626663e-05,1.621967996427e-06,-1.000628548337e-06,-7.0520177238e-07,1.447317101472e-06
30902.95432514,-2.093018919788e-06,2.508860956084e-05,-2.093018919788e-06,2.508860956084e-05,1.61124469018e-06,-1.005960533937e-06,-6.853022412823e-07,1.445070744975e-06
31260.79367124,-1.546267615786e-06,2.508458882265e-05,-1.546267615786e-06,2.508458882265e-05,1.600383406246e-06,-1.01117817538e-06,-6.65402097217e-07,1.442474247405e-06
31622.77660169,-9.914213954301e-07,2.506468168666e-05,-9.914213954301e-07,2.506468168666e-05,1.58941928885e-06,-1.016300283739e-06,-6.455242554631e-07,1.439556995663e-06
31988.95109692,-4.289432798626e-07,2.502806929526e-05,-4.289432798626e-07,2.502806929526e-05,1.578353830909e-06,-1.021324355042e-06,-6.25677293719e-07,1.436318176348e-06
32359.36569296,1.406359343188e-07,2.497392608085e-05,1.406359343188e-07,2.497392608085e-05,1.567188630566e-06,-1.026247866932e-06,-6.058699064298e-07,1.43275723908e-06
32734.06948789,7.167355668513e-07,2.490194580884e-05,7.167355668513e-07,2.490194580884e-05,1.555957690027e-06,-1.031090308919e-06,-5.861227708584e-07,1.428903991813e-06
33113.11214826,1.298648976661e-06,2.481025959e-05,1.298648976661e-06,2.481025959e-05,1.5445978465e-06,-1.035805390452e-06,-5.664204229169e-07,1.424698245768e-06
33496.54391578,1.885674697474e-06,2.469909236901e-05,1.885674697474e-06,2.469909236901e-05,1.533175372421e-06,-1.040434694633e-06,-5.467951907438e-07,1.420200345004e-06
33884.41561392,2.476897067349e-06,2.45666089581e-05,2.476897067349e-06,2.45666089581e-05,1.521628204871e-06,-1.0449316303e-06,-5.272333206994e-07,1.415351072325e-06
34276.77865465,3.071496341215e-06,2.441306419636e-05,3.071496341215e-06,2.441306419636e-05,1.510021835015e-06,-1.04933819533e-06,-5.077655911262e-07,1.410210967449e-06
34673.68504526,3.668335589361e-06,2.423669008696e-05,3.668335589361e-06,2.423669008696e-05,1.498295331849e-06,-1.05360750363e-06,-4.883799222329e-07,1.404721845158e-06
35075.18739526,4.26646867866e-06,2.403780080187e-05,4.26646867866e-06,2.403780080187e-05,1.486513385759e-06,-1.057781965097e-06,-4.691055033991e-07,1.398944402763e-06
35481.33892336,4.864533254271e-06,2.381473453733e-05,4.864533254271e-06,2.381473453733e-05,1.474616110916e-06,-1.06181456374e-06,-4.499317348413e-07,1.392821590925e-06
35892.1934645,5.461453516957e-06,2.356789960005e-05,5.461453516957e-06,2.356789960005e-05,1.462667423354e-06,-1.065748053277e-06,-4.308862405013e-07,1.386414200005e-06
36307.80547701,6.055641406605e-06,2.329578530297e-05,6.055641406605e-06,2.329578530297e-05,1.45060856129e-06,-1.069535219891e-06,-4.119599235792e-07,1.379666339784e-06
36728.23004981,6.645897386111e-06,2.299893322447e-05,6.645897386111e-06,2.299893322447e-05,1.438502645013e-06,-1.073219162257e-06,-3.931788019895e-07,1.372638851786e-06
37153.52290972,7.230419213173e-06,2.267603245104e-05,7.230419213173e-06,2.267603245104e-05,1.426292035779e-06,-1.076752513001e-06,-3.745351960325e-07,1.365277060225e-06
37583.74042885,7.807901532609e-06,2.23277988472e-05,7.807901532609e-06,2.23277988472e-05,1.4140389477e-06,-1.08017882854e-06,-3.560533692294e-07,1.357641837841e-06
38018.93963206,8.376348894779e-06,2.195317238196e-05,8.376348894779e-06,2.195317238196e-05,1.401686989824e-06,-1.083450466254e-06,-3.377271304626e-07,1.349679728781e-06
38459.17820454,8.934379545895e-06,2.155308400868e-05,8.934379545895e-06,2.155308400868e-05,1.389297374993e-06,-1.086611524021e-06,-3.195788679325e-07,1.341451599111e-06
38904.51449943,9.480046188968e-06,2.112721339067e-05,9.480046188968e-06,2.112721339067e-05,1.376843512414e-06,-1.089637300622e-06,-3.016097624956e-07,1.332933250041e-06
39355.00754558,1.001132031547e-05,2.067542375663e-05,1.001132031547e-05,2.067542375663e-05,1.364299898026e-06,-1.092502943508e-06,-2.83822342624e-07,1.324101504679e-06
39810.71705535,1.052678215195e-05,2.019903880833e-05,1.052678215195e-05,2.019903880833e-05,1.351726426847e-06,-1.095253057781e-06,-2.662364120409e-07,1.315017030324e-06
40271.70343255,1.102415180105e-05,1.969782363241e-05,1.102415180105e-05,1.969782363241e-05,1.339069628416e-06,-1.097839735351e-06,-2.488488747504e-07,1.305629650696e-06
40738.02778041,1.150205829938e-05,1.917339556081e-05,1.150205829938e-05,1.917339556081e-05,1.326388422055e-06,-1.100307995198e-06,-2.316776972372e-07,1.295999835799e-06
41209.75190974,1.195847610748e-05,1.862629256275e-05,1.195847610748e-05,1.862629256275e-05,1.313657781823e-06,-1.102633250709e-06,-2.147250978264e-07,1.286105744162e-06
41686.93834704,1.239138984304e-05,1.8057272472e-05,1.239138984304e-05,1.8057272472e-05,1.300853825685e-06,-1.10479077678e-06,-1.9799455034e-07,1.275926629625e-06
42169.65034286,1.27996340504e-05,1.746840588803e-05,1.27996340504e-05,1.746840588803e-05,1.288034082951e-06,-1.106826053771e-06,-1.815013684972e-07,1.265522506746e-06
42657.95188016,1.318136327203e-05,1.686077921044e-05,1.318136327203e-05,1.686077921044e-05,1.275174391942e-06,-1.108714688754e-06,-1.652481316221e-07,1.25487294163e-06
43151.90768278,1.353480737804e-05,1.623569287114e-05,1.353480737804e-05,1.623569287114e-05,1.262251865628e-06,-1.110432046753e-06,-1.492387269608e-07,1.243958614704e-06
43651.58322402,1.385918137056e-05,1.559562354728e-05,1.385918137056e-05,1.559562354728e-05,1.249322461465e-06,-1.112024190635e-06,-1.334856423845e-07,1.232838933815e-06
44157.04473533,1.415300266286e-05,1.494214904349e-05,1.415300266286e-05,1.494214904349e-05,1.236363021388e-06,-1.113466783259e-06,-1.179918561585e-07,1.221494812796e-06
44668.3592151,1.441493012443e-05,1.427702507166e-05,1.441493012443e-05,1.427702507166e-05,1.223351471497e-06,-1.114735499029e-06,-1.027613494569e-07,1.209908332507e-06
45185.5944375,1.464471233256e-05,1.360301766954e-05,1.464471233256e-05,1.360301766954e-05,1.210342366171e-06,-1.11587671112e-06,-8.780401938845e-08,1.198138090707e-06
45708.81896149,1.484139131271e-05,1.292205946933e-05,1.484139131271e-05,1.292205946933e-05,1.197313333401e-06,-1.11686639161e-06,-7.312289710463e-08,1.186166316726e-06
46238.10213993,1.500419531669e-05,1.223620571213e-05,1.500419531669e-05,1.223620571213e-05,1.184243263818e-06,-1.117680370122e-06,-5.872211919523e-08,1.173976410553e-06
46773.51412872,1.513351236234e-05,1.154832697685e-05,1.513351236234e-05,1.154832697685e-05,1.171185129754e-06,-1.118365437493e-06,-4.460886324065e-08,1.161625991444e-06
47315.12589615,1.522900603369e-05,1.086051739896e-05,1.522900603369e-05,1.086051739896e-05,1.158117365367e-06,-1.118897855976e-06,-3.078614849112e-08,1.149098524374e-06
47863.00923227,1.529086809942e-05,1.017513353739e-05,1.529086809942e-05,1.017513353739e-05,1.145043551142e-06,-1.119277322955e-06,-1.725827536625e-08,1.136402457886e-06
48417.23675841,1.531918433707e-05,9.494300029375e-06,1.531918433707e-05,9.494300029375e-06,1.131943622943e-06,-1.119480134371e-06,-4.02920035674e-09,1.123522836847e-06
48977.88193685,1.531521683795e-05,8.820686742188e-06,1.531521683795e-05,8.820686742188e-06,1.118868375498e-06,-1.119553565236e-06,8.897453667251e-09,1.110515682186e-06
49545.01908048,1.527946082071e-05,8.156264868961e-06,1.527946082071e-05,8.156264868961e-06,1.105797469668e-06,-1.119474114522e-06,2.151864428295e-08,1.097365971541e-06
50118.72336273,1.521292104042e-05,7.503113957315e-06,1.521292104042e-05,7.503113957315e-06,1.092734371785e-06,-1.119241995602e-06,3.383146416964e-08,1.08408256618e-06
50699.07082747,1.51164575907e-05,6.863050435964e-06,1.51164575907e-05,6.863050435964e-06,1.079660100243e-06,-1.118833921918e-06,4.583220705887e-08,1.07065197829e-06
51286.13839914,1.499204200293e-05,6.238189888096e-06,1.499204200293e-05,6.238189888096e-06,1.066623286031e-06,-1.118297480634e-06,5.752059359011e-08,1.05712830707e-06
51880.0038929,1.484082562849e-05,5.630043589275e-06,1.484082562849e-05,5.630043589275e-06,1.053604619912e-06,-1.117609597939e-06,6.88938491199e-08,1.043497872904e-06
52480.74602498,1.466439627308e-05,5.040114520021e-06,1.466439627308e-05,5.040114520021e-06,1.04060756075e-06,-1.116770833331e-06,7.995033236813e-08,1.029769722637e-06
53088.4444231,1.44641347848e-05,4.469640548218e-06,1.44641347848e-05,4.469640548218e-06,1.027614097264e-06,-1.115758408688e-06,9.068676566233e-08,1.015931644203e-06
53703.17963703,1.424241216325e-05,3.919968034139e-06,1.424241216325e-05,3.919968034139e-06,1.014670561939e-06,-1.114620195577e-06,1.011061016151e-07,1.002035504953e-06
54325.03314925,1.400043939022e-05,3.391896943631e-06,1.400043939022e-05,3.391896943631e-06,1.001737883175e-06,-1.11331004119e-06,1.112033864247e-07,9.880481089397e-07
54954.08738577,1.374065514484e-05,2.886367485128e-06,1.374065514484e-05,2.886367485128e-06,9.888612519779e-07,-1.111875895986e-06,1.209830805926e-07,9.740201037729e-07
55590.42572704,1.34646193622e-05,2.40391461669e-06,1.34646193622e-05,2.40391461669e-06,9.760228686614e-07,-1.110295319472e-06,1.304429236056e-07,9.599394757344e-07
56234.13251904,1.317390940314e-05,1.944941501794e-06,1.317390940314e-05,1.944941501794e-06,9.632058881667e-07,-1.108546165197e-06,1.395802426949e-07,9.457953249863e-07
56885.29308439,1.287091485033e-05,1.509813379013e-06,1.287091485033e-05,1.509813379013e-06,9.504538433936e-07,-1.106676384454e-06,1.48401574104e-07,9.316363568654e-07
57543.99373372,1.255714631238e-05,1.098603072748e-06,1.255714631238e-05,1.098603072748e-06,9.377495444143e-07,-1.104663955823e-06,1.569050396494e-07,9.17451219033e-07
58210.32177709,1.223434501049e-05,7.11286063205e-07,1.223434501049e-05,7.11286063205e-07,9.250960385806e-07,-1.102510329676e-06,1.650919248048e-07,9.032485472469e-07
58884.36553556,1.190418861208e-05,3.477050865136e-07,1.190418861208e-05,3.477050865136e-07,9.124964906402e-07,-1.10021689771e-06,1.729636704435e-07,8.890368945695e-07
59566.2143529,1.156828156638e-05,7.577458881233e-09,1.156828156638e-05,7.577458881233e-09,8.999537588797e-07,-1.097785340004e-06,1.805222089434e-07,8.748246551577e-07
60255.95860744,1.122791173337e-05,-3.094792537917e-07,1.122791173337e-05,-3.094792537917e-07,8.874524339746e-07,-1.095194169965e-06,1.877655194809e-07,8.60602129849e-07
60953.68972402,1.088499185959e-05,-6.039652891924e-07,1.088499185959e-05,-6.039652891924e-07,8.750323998708e-07,-1.092491385404e-06,1.947040307812e-07,8.464137343428e-07
61659.50018615,1.054062274886e-05,-8.764531742791e-07,1.054062274886e-05,-8.764531742791e-07,8.626777810278e-07,-1.089655657468e-06,2.013364702213e-07,8.32249162321e-07
62373.48354825,1.019605244686e-05,-1.127589005175e-06,1.019605244686e-05,-1.127589005175e-06,8.50391404402e-07,-1.086688789183e-06,2.076656688536e-07,8.181162571482e-07
63095.73444802,9.852432276323e-06,-1.358080878121e-06,9.852432276323e-06,-1.358080878121e-06,8.381759201855e-07,-1.083592737188e-06,2.136947871542e-07,8.040226713689e-07
63826.34861906,9.510816478419e-06,-1.568687527019e-06,9.510816478419e-06,-1.568687527019e-06,8.260337902476e-07,-1.08036961234e-06,2.19427307033e-07,7.899758532718e-07
64565.42290347,9.171971723562e-06,-1.760166547861e-06,9.171971723562e-06,-1.760166547861e-06,8.139507250038e-07,-1.076998751125e-06,2.248619575607e-07,7.759668865315e-07
65313.05526475,8.837153319768e-06,-1.93341517912e-06,8.837153319768e-06,-1.93341517912e-06,8.019633563534e-07,-1.073527597317e-06,2.300119968331e-07,7.620356270648e-07
66069.34480076,8.506934872372e-06,-2.089246485553e-06,8.506934872372e-06,-2.089246485553e-06,7.900567293666e-07,-1.069935729942e-06,2.34876879126e-07,7.481724132791e-07
66834.39175687,8.18200154367e-06,-2.228516660603e-06,8.18200154367e-06,-2.228516660603e-06,7.782333154062e-07,-1.066225263532e-06,2.39460710388e-07,7.343839671612e-07
67608.2975392,7.862953770816e-06,-2.352088616923e-06,7.862953770816e-06,-2.352088616923e-06,7.664952248378e-07,-1.062398569639e-06,2.437679783604e-07,7.206767345118e-07
68391.16472815,7.550312576714e-06,-2.460821453672e-06,7.550312576714e-06,-2.460821453672e-06,7.548447121549e-07,-1.058457905853e-06,2.478031911243e-07,7.070569932837e-07
69183.0970919,7.244523368377e-06,-2.555567525231e-06,7.244523368377e-06,-2.555567525231e-06,7.432838057006e-07,-1.054405679601e-06,2.515711192309e-07,6.935307653274e-07
69984.19960023,6.945815946483e-06,-2.637109966691e-06,6.945815946483e-06,-2.637109966691e-06,7.317992938683e-07,-1.050222225829e-06,2.550712322972e-07,6.800896421148e-07
70794.57843842,6.654796145005e-06,-2.706381262099e-06,6.654796145005e-06,-2.706381262099e-06,7.204237769986e-07,-1.045954221741e-06,2.583193108308e-07,6.667679170772e-07
71614.34102129,6.371561050727e-06,-2.764128465794e-06,6.371561050727e-06,-2.764128465794e-06,7.091436454005e-07,-1.041581983878e-06,2.613151636172e-07,6.535564391727e-07
72443.5960075,6.09630329273e-06,-2.811129263178e-06,6.09630329273e-06,-2.811129263178e-06,6.97960676578e-07,-1.037108013136e-06,2.640640515907e-07,6.404603248562e-07
73282.4533139,5.829163970152e-06,-2.848136053296e-06,5.829163970152e-06,-2.848136053296e-06,6.868764511828e-07,-1.032534914266e-06,2.66571412543e-07,6.274844247269e-07
74131.0241301,5.570238247587e-06,-2.875872044175e-06,5.570238247587e-06,-2.875872044175e-06,6.758927137003e-07,-1.027865155519e-06,2.688426308682e-07,6.146334162533e-07
74989.42093325,5.319578313378e-06,-2.895032878191e-06,5.319578313378e-06,-2.895032878191e-06,6.650108442407e-07,-1.023101412195e-06,2.708833466526e-07,6.01911665675e-07
75857.75750292,5.077199083861e-06,-2.906282749169e-06,5.077199083861e-06,-2.906282749169e-06,6.542323889611e-07,-1.018246217709e-06,2.72699127011e-07,5.89323367153e-07
76736.14893619,4.84308088628e-06,-2.910256297178e-06,4.84308088628e-06,-2.910256297178e-06,6.435585931688e-07,-1.013302262785e-06,2.742957316712e-07,5.768724194875e-07
77624.71166287,4.617077943549e-06,-2.907494961159e-06,4.617077943549e-06,-2.907494961159e-06,6.329776401205e-07,-1.008250958536e-06,2.756730420895e-07,5.645507360675e-07
78523.56346101,4.399311473197e-06,-2.898693771446e-06,4.399311473197e-06,-2.898693771446e-06,6.225172728775e-07,-1.003137406415e-06,2.768484791615e-07,5.523856278053e-07
79432.82347243,4.189580446554e-06,-2.884333216327e-06,4.189580446554e-06,-2.884333216327e-06,6.121651235537e-07,-9.979430343644e-07,2.778221246664e-07,5.403682364567e-07
80352.61221857,3.987765256289e-06,-2.864924071529e-06,3.987765256289e-06,-2.864924071529e-06,6.01922328023e-07,-9.92670435566e-07,2.785997746289e-07,5.285015852122e-07
81283.05161642,3.7937283554e-06,-2.840948122797e-06,3.7937283554e-06,-2.840948122797e-06,5.917897925375e-07,-9.873222975807e-07,2.791873225543e-07,5.16788427592e-07
82224.26499471,3.607317494888e-06,-2.812857960281e-06,3.607317494888e-06,-2.812857960281e-06,5.81768418842e-07,-9.819012627595e-07,2.795906287749e-07,5.052313130434e-07
83176.37711027,3.428367457416e-06,-2.781078665623e-06,3.428367457416e-06,-2.781078665623e-06,5.718588846936e-07,-9.764100559554e-07,2.798156259103e-07,4.938325275616e-07
84139.51416453,3.256703470095e-06,-2.74600718282e-06,3.256703470095e-06,-2.74600718282e-06,5.62062082233e-07,-9.708512275812e-07,2.798680882957e-07,4.825942231487e-07
85113.80382024,3.092141455023e-06,-2.708015435074e-06,3.092141455023e-06,-2.708015435074e-06,5.523785240803e-07,-9.652274959507e-07,2.797539247619e-07,4.7151825042e-07
86099.37521847,2.934491312207e-06,-2.667449542754e-06,2.934491312207e-06,-2.667449542754e-06,5.428088745135e-07,-9.595414401603e-07,2.794789056561e-07,4.606063161802e-07
87096.35899561,2.783557368607e-06,-2.62463223145e-06,2.783557368607e-06,-2.62463223145e-06,5.333535476384e-07,-9.537957266086e-07,2.79048853388e-07,4.498598707062e-07
88104.88730081,2.639085780043e-06,-2.579808533686e-06,2.639085780043e-06,-2.579808533686e-06,5.240021825628e-07,-9.479730011898e-07,2.784635889952e-07,4.392710436583e-07
89125.09381338,2.500987717753e-06,-2.533366170848e-06,2.500987717753e-06,-2.533366170848e-06,5.14776982642e-07,-9.421158476444e-07,2.777406234388e-07,4.288594466456e-07
90157.1137606,2.369002496063e-06,-2.48550701009e-06,2.369002496063e-06,-2.48550701009e-06,5.0566717627e-07,-9.362067957359e-07,2.768796979849e-07,4.186165805486e-07
91201.0839356,2.242927261794e-06,-2.436468563846e-06,2.242927261794e-06,-2.436468563846e-06,4.966730155246e-07,-9.302483763313e-07,2.758863768896e-07,4.085431606917e-07
92257.14271548,2.12255972918e-06,-2.386469903809e-06,2.12255972918e-06,-2.386469903809e-06,4.877946623363e-07,-9.242431102872e-07,2.747661697509e-07,3.986397162165e-07
93325.43007971,2.007699025717e-06,-2.335712632961e-06,2.007699025717e-06,-2.335712632961e-06,4.79032217942e-07,-9.181934934707e-07,2.735245142842e-07,3.889066043967e-07
94406.0876286,1.898146066133e-06,-2.284382135455e-06,1.898146066133e-06,-2.284382135455e-06,4.703856079085e-07,-9.121020530941e-07,2.721668190725e-07,3.793439811378e-07
95499.25860215,1.793705020077e-06,-2.232647810459e-06,1.793705020077e-06,-2.232647810459e-06,4.618549353689e-07,-9.059711661465e-07,2.706983121764e-07,3.699519122021e-07
96605.08789899,1.694182409572e-06,-2.180665174114e-06,1.694182409572e-06,-2.180665174114e-06,4.534399271783e-07,-8.99803341703e-07,2.691242672753e-07,3.607302127783e-07
97723.72209559,1.599389182403e-06,-2.128575431602e-06,1.599389182403e-06,-2.128575431602e-06,4.451406022123e-07,-8.936008816965e-07,2.674497270389e-07,3.51678653234e-07
98855.3094657,1.509139570005e-06,-2.076507534485e-06,1.509139570005e-06,-2.076507534485e-06,4.369566666822e-07,-8.87366185694e-07,2.656797455869e-07,3.427967833902e-07
100000.0,1.423252095363e-06,-2.024578430684e-06,1.423252095363e-06,-2.024578430684e-06,4.288878048824e-07,-8.811016019228e-07,2.63819266441e-07,3.340840249829e-07
101157.945426,1.341550304616e-06,-1.972893538785e-06,1.341550304616e-06,-1.972893538785e-06,4.209339034687e-07,-8.748093224616e-07,2.618730389634e-07,3.255397448398e-07
102329.2992281,1.263861154733e-06,-1.921548737038e-06,1.263861154733e-06,-1.921548737038e-06,4.130942657356e-07,-8.684917585975e-07,2.598459101667e-07,3.171630241562e-07
103514.2166679,1.190017830636e-06,-1.870629263733e-06,1.190017830636e-06,-1.870629263733e-06,4.053687921559e-07,-8.621509782366e-07,2.577423844077e-07,3.089530187145e-07
104712.8548051,1.119833999634e-06,-1.82017388617e-06,1.119833999634e-06,-1.82017388617e-06,3.977485913775e-07,-8.55771284825e-07,2.55561660939e-07,3.009023439663e-07
105925.3725177,1.053199898001e-06,-1.770328507014e-06,1.053199898001e-06,-1.770328507014e-06,3.902498040746e-07,-8.493908791707e-07,2.533189584847e-07,2.930225581923e-07
107151.9305238,9.899383185767e-07,-1.7211143466e-06,9.899383185767e-07,-1.7211143466e-06,3.828635958634e-07,-8.429937125143e-07,2.510131052571e-07,2.853059904763e-07
108392.6914021,9.299012150956e-07,-1.672585096415e-06,9.299012150956e-07,-1.672585096415e-06,3.75589219004e-07,-8.365819179731e-07,2.48648342239e-07,2.777512362745e-07
109647.8196143,8.729459759064e-07,-1.624787564855e-06,8.729459759064e-07,-1.624787564855e-06,3.684261013694e-07,-8.301574909621e-07,2.462287257587e-07,2.703568651655e-07
110917.4815262,8.189346793403e-07,-1.577762591675e-06,8.189346793403e-07,-1.577762591675e-06,3.613734989955e-07,-8.237224454285e-07,2.437582444528e-07,2.631213221221e-07
112201.8454302,7.677349114485e-07,-1.531545068802e-06,7.677349114485e-07,-1.531545068802e-06,3.544309444409e-07,-8.172786181711e-07,2.412406753999e-07,2.560430655776e-07
113501.0815672,7.192179078825e-07,-1.486165299319e-06,7.192179078825e-07,-1.486165299319e-06,3.475973041804e-07,-8.108280771591e-07,2.386798821034e-07,2.491202929681e-07
114815.3621497,6.732610046025e-07,-1.441648143754e-06,6.732610046025e-07,-1.441648143754e-06,3.408721171149e-07,-8.043725449891e-07,2.360793948429e-07,2.423513418596e-07
116144.861384,6.297453891497e-07,-1.398014487034e-06,6.297453891497e-07,-1.398014487034e-06,3.342544439638e-07,-7.979138933217e-07,2.334427703413e-07,2.357343540639e-07
117489.755494,5.885569064738e-07,-1.355281147322e-06,5.885569064738e-07,-1.355281147322e-06,3.277433421672e-07,-7.914539381409e-07,2.307734427243e-07,2.292674210082e-07
118850.2227437,5.495863712196e-07,-1.313461050741e-06,5.495863712196e-07,-1.313461050741e-06,3.213381188173e-07,-7.849943381806e-07,2.280746538122e-07,2.229486616416e-07
120226.4434617,5.127285689388e-07,-1.272563943398e-06,5.127285689388e-07,-1.272563943398e-06,3.150378207464e-07,-7.785368069183e-07,2.253496035623e-07,2.167760774124e-07
121618.6000646,4.778824404203e-07,-1.232596540184e-06,4.778824404203e-07,-1.232596540184e-06,3.088413939753e-07,-7.720830436479e-07,2.22601401205e-07,2.107476035814e-07
123026.8770812,4.449515967532e-07,-1.193562560628e-06,4.449515967532e-07,-1.193562560628e-06,3.027480816867e-07,-7.656345771162e-07,2.198329589132e-07,2.048612282435e-07
124451.4611771,4.138431533458e-07,-1.155463395223e-06,4.138431533458e-07,-1.155463395223e-06,2.967567776422e-07,-7.591930238391e-07,2.170471707075e-07,1.991148090756e-07
125892.5411794,3.844684099566e-07,-1.118298032289e-06,3.844684099566e-07,-1.118298032289e-06,2.908665262947e-07,-7.527598895423e-07,2.142467773528e-07,1.935062215939e-07
127350.3081017,3.567424043883e-07,-1.082063406092e-06,3.567424043883e-07,-1.082063406092e-06,2.850763225578e-07,-7.463366500741e-07,2.114344230168e-07,1.880333049121e-07
128824.9551693,3.305837330601e-07,-1.046754615887e-06,3.305837330601e-07,-1.046754615887e-06,2.793850692918e-07,-7.399247668746e-07,2.086126666119e-07,1.826938533033e-07
130316.6778452,3.059147666129e-07,-1.012365008311e-06,3.059147666129e-07,-1.012365008311e-06,2.737918144978e-07,-7.335255984601e-07,2.057839247872e-07,1.774856866678e-07
131825.6738556,2.826611164597e-07,-9.788864871417e-07,2.826611164597e-07,-9.788864871417e-07,2.682954676323e-07,-7.271405083913e-07,2.02950544865e-07,1.724065732617e-07
133352.1432163,2.607517229497e-07,-9.463096081931e-07,2.607517229497e-07,-9.463096081931e-07,2.628949440854e-07,-7.207708117238e-07,2.001147706555e-07,1.67454273828e-07
134896.2882592,2.401186718086e-07,-9.146237478693e-07,2.401186718086e-07,-9.146237478693e-07,2.575891188939e-07,-7.144177920327e-07,1.972787553233e-07,1.626265314544e-07
136458.3136589,2.206973666011e-07,-8.838171693182e-07,2.206973666011e-07,-8.838171693182e-07,2.523770569074e-07,-7.080826208389e-07,1.944445119929e-07,1.579211378841e-07
138038.4264603,2.024214114975e-07,-8.538594612478e-07,2.024214114975e-07,-8.538594612478e-07,2.472522349702e-07,-7.017518734883e-07,1.916100375679e-07,1.533325592106e-07
139636.8361056,1.852407738317e-07,-8.247735565003e-07,1.852407738317e-07,-8.247735565003e-07,2.42224117502e-07,-6.954561846518e-07,1.887852569455e-07,1.488650864897e-07
141253.7544623,1.690944073083e-07,-7.965268741497e-07,1.690944073083e-07,-7.965268741497e-07,2.372861866196e-07,-6.89181871339e-07,1.859678977126e-07,1.445131264356e-07
142889.3958511,1.539287915375e-07,-7.69104688235e-07,1.539287915375e-07,-7.69104688235e-07,2.324374488014e-07,-6.829299572846e-07,1.831596212492e-07,1.402744638369e-07
144543.9770746,1.396926730591e-07,-7.42491825273e-07,1.396926730591e-07,-7.42491825273e-07,2.276766986111e-07,-6.767014991785e-07,1.803620482048e-07,1.361468339691e-07
146217.7174457,1.263373710702e-07,-7.16672662293e-07,1.263373710702e-07,-7.16672662293e-07,2.230028734446e-07,-6.704974659951e-07,1.7757668672e-07,1.321280202869e-07
147910.8388168,1.138162063859e-07,-6.916312904502e-07,1.138162063859e-07,-6.916312904502e-07,2.184146214463e-07,-6.643188840252e-07,1.748050209971e-07,1.28215741271e-07
149623.5656095,1.020851835431e-07,-6.673514505599e-07,1.020851835431e-07,-6.673514505599e-07,2.139110319317e-07,-6.581665971971e-07,1.720483705123e-07,1.244078457806e-07
151356.1248436,9.110191062451e-08,-6.438167604411e-07,9.110191062451e-08,-6.438167604411e-07,2.094906973345e-07,-6.520415738136e-07,1.693080736954e-07,1.20702066899e-07
153108.7461682,8.082651081982e-08,-6.210106176162e-07,8.082651081982e-08,-6.210106176162e-07,2.051526886315e-07,-6.459445928392e-07,1.665853050826e-07,1.170962797579e-07
154881.6618913,7.12207222674e-08,-5.98916373501e-07,7.12207222674e-08,-5.98916373501e-07,2.008957540069e-07,-6.398765017992e-07,1.638812281106e-07,1.135882931723e-07
156675.1070108,6.224816561238e-08,-5.775173264709e-07,6.224816561238e-08,-5.775173264709e-07,1.967186607735e-07,-6.338381069045e-07,1.611969322582e-07,1.101759408932e-07
158489.3192461,5.387450662107e-08,-5.567967440047e-07,5.387450662107e-08,-5.567967440047e-07,1.926204746699e-07,-6.278300893727e-07,1.585333884254e-07,1.068571532581e-07
160324.539069,4.606667887947e-08,-5.367379750624e-07,4.606667887947e-08,-5.367379750624e-07,1.885997919799e-07,-6.218532423189e-07,1.558915839117e-07,1.036297629311e-07
162181.0097359,3.879367556701e-08,-5.173243993541e-07,3.879367556701e-08,-5.173243993541e-07,1.846557069528e-07,-6.159081760613e-07,1.532723592277e-07,1.004917512077e-07
164058.97732,3.202563554176e-08,-4.985395345565e-07,3.202563554176e-08,-4.985395345565e-07,1.807868530221e-07,-6.09995608759e-07,1.506765712828e-07,9.744100733344e-08
165958.6907438,2.573445721159e-08,-4.803670085256e-07,2.573445721159e-08,-4.803670085256e-07,1.769921978583e-07,-6.041161289062e-07,1.481049640003e-07,9.44755287569e-08
167880.4018123,1.989335685212e-08,-4.627906145176e-07,1.989335685212e-08,-4.627906145176e-07,1.732706072236e-07,-5.982703264575e-07,1.455582423677e-07,9.159331259567e-08
169824.3652462,1.44768482497e-08,-4.457943279979e-07,1.44768482497e-08,-4.457943279979e-07,1.69620888953e-07,-5.92458780172e-07,1.43037066427e-07,8.879236800282e-08
171790.8387158,9.460880787621e-09,-4.293623193575e-07,9.460880787621e-09,-4.293623193575e-07,1.660420579825e-07,-5.866819821113e-07,1.405420134013e-07,8.607078083719e-08
173780.082875,4.82238301387e-09,-4.134789833943e-07,4.82238301387e-09,-4.134789833943e-07,1.625328078894e-07,-5.809404888366e-07,1.380736585964e-07,8.342658665903e-08
175792.3613959,5.396814219365e-10,-3.981289421467e-07,5.396814219364e-10,-3.981289421467e-07,1.590921518766e-07,-5.752347410307e-07,1.356324826063e-07,8.085792552269e-08
177827.9410039,-3.407864498347e-09,-3.832970665729e-07,-3.407864498347e-09,-3.832970665729e-07,1.557190078036e-07,-5.695651818238e-07,1.332189348996e-07,7.836294230391e-08
179887.0915129,-7.039925390363e-09,-3.689684834599e-07,-7.039925390363e-09,-3.689684834599e-07,1.524121666302e-07,-5.639322642776e-07,1.308334383777e-07,7.59397806779e-08
181970.085861,-1.03750763415e-08,-3.55128585999e-07,-1.03750763415e-08,-3.55128585999e-07,1.491705500713e-07,-5.583363818966e-07,1.284763555272e-07,7.3586644013e-08
184077.2001469,-1.343086017191e-08,-3.417630454807e-07,-1.343086017191e-08,-3.417630454807e-07,1.45993204715e-07,-5.527778727648e-07,1.261479927741e-07,7.130179308547e-08
186208.7136663,-1.622405746834e-08,-3.288578099186e-07,-1.622405746834e-08,-3.288578099186e-07,1.428789459578e-07,-5.472571142826e-07,1.238486486386e-07,6.908346451911e-08
188364.908949,-1.877041931546e-08,-3.163991205993e-07,-1.877041931546e-08,-3.163991205993e-07,1.398268557776e-07,-5.417743927018e-07,1.21578550904e-07,6.692998495081e-08
190546.0717963,-2.108506936006e-08,-3.043734986334e-07,-2.108506936006e-08,-3.043734986334e-07,1.368356865852e-07,-5.363300590105e-07,1.19337933662e-07,6.483963596307e-08
192752.4913191,-2.318222561248e-08,-2.9276776318e-07,-2.318222561248e-08,-2.9276776318e-07,1.339043883469e-07,-5.30924391846e-07,1.171269721796e-07,6.281077363381e-08
194984.4599758,-2.507522402983e-08,-2.815690412142e-07,-2.507522402983e-08,-2.815690412142e-07,1.310321657153e-07,-5.255575880469e-07,1.149457806901e-07,6.084183931289e-08
197242.2736115,-2.677689111785e-08,-2.707647405953e-07,-2.677689111785e-08,-2.707647405953e-07,1.282178679421e-07,-5.202299148717e-07,1.127944855629e-07,5.893122483559e-08
199526.2314969,-2.829934241552e-08,-2.603425666866e-07,-2.829934241552e-08,-2.603425666866e-07,1.254604015573e-07,-5.149416062322e-07,1.106731768253e-07,5.707736467614e-08
201836.6363682,-2.965397250594e-08,-2.502905287113e-07,-2.965397250594e-08,-2.502905287113e-07,1.227588268286e-07,-5.096928410591e-07,1.085818998499e-07,5.527875593988e-08
204173.794467,-3.085154699134e-08,-2.405969343376e-07,-3.085154699134e-08,-2.405969343376e-07,1.20112253499e-07,-5.044837702678e-07,1.065206694421e-07,5.353393481103e-08
206538.0155811,-3.190236921965e-08,-2.312503696992e-07,-3.190236921965e-08,-2.312503696992e-07,1.175195515682e-07,-4.99314585538e-07,1.044895015684e-07,5.184141545965e-08
208929.6130854,-3.2816045082e-08,-2.222397307585e-07,-3.2816045082e-08,-2.222397307585e-07,1.149799009916e-07,-4.94185389681e-07,1.024883562323e-07,5.01998062432e-08
211348.9039837,-3.360179639778e-08,-2.135541821325e-07,-3.360179639778e-08,-2.135541821325e-07,1.124921828506e-07,-4.890963403313e-07,1.005172024131e-07,4.860768148581e-08
213796.2089502,-3.426821115272e-08,-2.0518319342e-07,-3.426821115272e-08,-2.0518319342e-07,1.100555831381e-07,-4.840475096837e-07,9.857595732822e-08,4.706370710643e-08
216271.8523727,-3.482349526187e-08,-1.971165019836e-07,-3.482349526187e-08,-1.971165019836e-07,1.076690873714e-07,-4.790390022283e-07,9.666453881512e-08,4.556653559534e-08
218776.162395,-3.527532136233e-08,-1.893441374468e-07,-3.527532136233e-08,-1.893441374468e-07,1.053318860909e-07,-4.740708629169e-07,9.478282661643e-08,4.411488877586e-08
221309.4709606,-3.563100669262e-08,-1.818563908065e-07,-3.563100669262e-08,-1.818563908065e-07,1.030430043802e-07,-4.691431607001e-07,9.293069903656e-08,4.270748225839e-08
223872.1138569,-3.589746494072e-08,-1.74643821178e-07,-3.589746494072e-08,-1.74643821178e-07,1.008014598548e-07,-4.642559530985e-07,9.110801828404e-08,4.134305776935e-08
226464.4307593,-3.608110781417e-08,-1.676972768828e-07,-3.608110781417e-08,-1.676972768828e-07,9.860658669908e-08,-4.594092174442e-07,8.931460322756e-08,4.002044598215e-08
229086.7652768,-3.618815472709e-08,-1.61007830509e-07,-3.618815472709e-08,-1.61007830509e-07,9.645726345193e-08,-4.546030174072e-07,8.75502988033e-08,3.873841456803e-08
231739.4649969,-3.622432117896e-08,-1.545668437888e-07,-3.622432117896e-08,-1.545668437888e-07,9.435280141844e-08,-4.498373132794e-07,8.581489887924e-08,3.749584164113e-08
234422.881532,-3.619507509875e-08,-1.483659114231e-07,-3.619507509875e-08,-1.483659114231e-07,9.229229545177e-08,-4.451121008718e-07,8.410820377572e-08,3.629158880158e-08
237137.3705662,-3.610552877494e-08,-1.42396884046e-07,-3.610552877494e-08,-1.42396884046e-07,9.027497412815e-08,-4.404273383211e-07,8.242999130447e-08,3.512456837548e-08
239883.291902,-3.596056762109e-08,-1.366518350817e-07,-3.596056762109e-08,-1.366518350817e-07,8.829985933714e-08,-4.35783015821e-07,8.078004503778e-08,3.39936787576e-08
242661.0095083,-3.576466753971e-08,-1.311231066875e-07,-3.576466753971e-08,-1.311231066875e-07,8.636638331393e-08,-4.311790314714e-07,7.915810646541e-08,3.289791928416e-08
245470.8915685,-3.552219143767e-08,-1.258032305313e-07,-3.552219143767e-08,-1.258032305313e-07,8.447349541991e-08,-4.266153716479e-07,7.7563945527e-08,3.183622379973e-08
248313.3105296,-3.523712608446e-08,-1.206849963874e-07,-3.523712608446e-08,-1.206849963874e-07,8.262055172797e-08,-4.220919327872e-07,7.599729252691e-08,3.080762482393e-08
251188.643151,-3.491326697821e-08,-1.157614008248e-07,-3.491326697821e-08,-1.157614008248e-07,8.080675971818e-08,-4.176086332047e-07,7.445788164585e-08,2.981115059889e-08
254097.2705549,-3.455345172978e-08,-1.110233315201e-07,-3.455345172978e-08,-1.110233315201e-07,7.902970267446e-08,-4.131567238964e-07,7.294390999963e-08,2.884525362491e-08
257039.5782769,-3.416248895919e-08,-1.06468954618e-07,-3.416248895919e-08,-1.06468954618e-07,7.729194665908e-08,-4.087535045304e-07,7.145818414346e-08,2.791023743105e-08
260015.9563165,-3.374278339677e-08,-1.020894739762e-07,-3.374278339677e-08,-1.020894739762e-07,7.559107342509e-08,-4.043901118524e-07,6.999885494569e-08,2.700458499457e-08
263026.7991896,-3.329725381121e-08,-9.787872533397e-08,-3.329725381121e-08,-9.787872533397e-08,7.392646413398e-08,-4.000664029049e-07,6.856562071965e-08,2.612744343991e-08
266072.5059799,-3.282869798983e-08,-9.383071760752e-08,-3.282869798983e-08,-9.383071760752e-08,7.229725909105e-08,-3.957822729837e-07,6.715819115341e-08,2.527793937546e-08
269153.4803927,-3.233970928543e-08,-8.993965841783e-08,-3.233970928543e-08,-8.993965841783e-08,7.070272205007e-08,-3.915375878866e-07,6.577626335811e-08,2.445524180627e-08
272270.1308078,-3.183265860687e-08,-8.619996076067e-08,-3.183265860687e-08,-8.619996076067e-08,6.914238219577e-08,-3.873321605278e-07,6.441951460845e-08,2.365858436073e-08
275422.8703338,-3.130987335629e-08,-8.260617610561e-08,-3.130987335629e-08,-8.260617610561e-08,6.76152854788e-08,-3.8316588477e-07,6.30876490728e-08,2.288713942188e-08
278612.116863,-3.077342072828e-08,-7.915307195804e-08,-3.077342072828e-08,-7.915307195804e-08,6.612099090616e-08,-3.790385584126e-07,6.178033702548e-08,2.214018424144e-08
281838.2931265,-3.022531264755e-08,-7.58355537338e-08,-3.022531264755e-08,-7.58355537338e-08,6.465867976683e-08,-3.749500407965e-07,6.049726925963e-08,2.141695257734e-08
285101.8267504,-2.966736632832e-08,-7.264871621415e-08,-2.966736632832e-08,-7.264871621415e-08,6.322784095244e-08,-3.709001333806e-07,5.923811688437e-08,2.071674694573e-08
288403.1503127,-2.910133074001e-08,-6.958779197152e-08,-2.910133074001e-08,-6.958779197152e-08,6.182769153357e-08,-3.668886799561e-07,5.800256514741e-08,2.003884414481e-08
291742.7014001,-2.852875414182e-08,-6.664820383989e-08,-2.852875414182e-08,-6.664820383989e-08,6.045788774671e-08,-3.629154464219e-07,5.679027421462e-08,1.938260839588e-08
295120.9226667,-2.795119494101e-08,-6.382547477692e-08,-2.795119494101e-08,-6.382547477692e-08,5.911744649054e-08,-3.589803015272e-07,5.560093822961e-08,1.874732040199e-08
298538.2618918,-2.736999208116e-08,-6.111532341133e-08,-2.736999208116e-08,-6.111532341133e-08,5.780600584725e-08,-3.550830072418e-07,5.443421769652e-08,1.81323753956e-08
301995.1720402,-2.67864358871e-08,-5.851358972121e-08,-2.67864358871e-08,-5.851358972121e-08,5.652293878879e-08,-3.512233666049e-07,5.328978748251e-08,1.753714337985e-08
305492.1113216,-2.620173479803e-08,-5.601624645908e-08,-2.620173479803e-08,-5.601624645908e-08,5.526754542986e-08,-3.474011905827e-07,5.216732612005e-08,1.696099976569e-08
309029.5432514,-2.561695615471e-08,-5.361942543201e-08,-2.561695615471e-08,-5.361942543201e-08,5.40394531605e-08,-3.436162354422e-07,5.106649668031e-08,1.640338509521e-08
312607.9367124,-2.503312728846e-08,-5.131936910878e-08,-2.503312728846e-08,-5.131936910878e-08,5.283803380015e-08,-3.39868295645e-07,4.998697583381e-08,1.586371644852e-08
316227.7660169,-2.445119360897e-08,-4.911244780503e-08,-2.445119360897e-08,-4.911244780503e-08,5.166267644093e-08,-3.361571599134e-07,4.892844026064e-08,1.534142882027e-08
319889.5109692,-2.387202360092e-08,-4.699515583925e-08,-2.387202360092e-08,-4.699515583925e-08,5.051278605052e-08,-3.32482612056e-07,4.78905670564e-08,1.48359744768e-08
323593.6569297,-2.329639026308e-08,-4.496411977577e-08,-2.329639026308e-08,-4.496411977577e-08,4.938795208345e-08,-3.288444059358e-07,4.687302664835e-08,1.434684655753e-08
327340.6948789,-2.272502446062e-08,-4.301606996341e-08,-2.272502446062e-08,-4.301606996341e-08,4.828760550299e-08,-3.252423176023e-07,4.58754984259e-08,1.387352900595e-08
331131.1214826,-2.215858223413e-08,-4.114785556164e-08,-2.215858223413e-08,-4.114785556164e-08,4.721127499285e-08,-3.216761069676e-07,4.489765950915e-08,1.341553323033e-08
334965.4391579,-2.159766608725e-08,-3.935643198746e-08,-2.159766608725e-08,-3.935643198746e-08,4.615845960433e-08,-3.181455367515e-07,4.393919048091e-08,1.297237949237e-08
338844.1561392,-2.104281778121e-08,-3.763886333249e-08,-2.104281778121e-08,-3.763886333249e-08,4.512871118586e-08,-3.14650360888e-07,4.299977214417e-08,1.254360811351e-08
342767.7865465,-2.049455495138e-08,-3.599230034297e-08,-2.049455495138e-08,-3.599230034297e-08,4.412135335415e-08,-3.111903644353e-07,4.207909676573e-08,1.212874080369e-08
346736.8504526,-1.995329783363e-08,-3.441402022442e-08,-1.995329783363e-08,-3.441402022442e-08,4.313612412802e-08,-3.077652725884e-07,4.117684281679e-08,1.172736801538e-08
350751.8739526,-1.941945805078e-08,-3.290137526912e-08,-1.941945805078e-08,-3.290137526912e-08,4.217245317934e-08,-3.043748532892e-07,4.029270366416e-08,1.133905002194e-08
354813.3892336,-1.889338952819e-08,-3.145181916389e-08,-1.889338952819e-08,-3.145181916389e-08,4.122990179648e-08,-3.010188550925e-07,3.942637038889e-08,1.09633764747e-08
358921.934645,-1.837540558344e-08,-3.00628960042e-08,-1.837540558344e-08,-3.00628960042e-08,4.030804254633e-08,-2.976970245706e-07,3.857753670696e-08,1.059994961978e-08
363078.0547701,-1.786578522768e-08,-2.873223508931e-08,-1.786578522768e-08,-2.873223508931e-08,3.940642075842e-08,-2.944091114415e-07,3.774590040232e-08,1.024837902529e-08
367282.3004981,-1.736476775569e-08,-2.745755294042e-08,-1.736476775569e-08,-2.745755294042e-08,3.85246311492e-08,-2.911548585865e-07,3.693116071658e-08,9.908291243842e-09
371535.2290972,-1.687256596865e-08,-2.623664372814e-08,-1.687256596865e-08,-2.623664372814e-08,3.766220467018e-08,-2.879340168134e-07,3.613302230165e-08,9.579315023233e-09
375837.4042885,-1.63893476485e-08,-2.506738990263e-08,-1.63893476485e-08,-2.506738990263e-08,3.681883111075e-08,-2.847463163174e-07,3.535118787694e-08,9.261109144283e-09
380189.3963206,-1.591526816464e-08,-2.394774000029e-08,-1.591526816464e-08,-2.394774000029e-08,3.599402624952e-08,-2.815915098119e-07,3.458536936037e-08,8.953320232901e-09
384591.7820454,-1.545045132793e-08,-2.28757195585e-08,-1.545045132793e-08,-2.28757195585e-08,3.518735555215e-08,-2.784693433547e-07,3.383528036092e-08,8.655610874175e-09
389045.1449943,-1.499498650678e-08,-2.184943221047e-08,-1.499498650678e-08,-2.184943221047e-08,3.439850215959e-08,-2.753795484727e-07,3.310063435556e-08,8.367667229029e-09
393550.0754558,-1.454894568e-08,-2.086704712156e-08,-1.454894568e-08,-2.086704712156e-08,3.362708663313e-08,-2.723218649076e-07,3.238115042738e-08,8.089176609516e-09
398107.1705535,-1.411238132616e-08,-1.992679907514e-08,-1.411238132616e-08,-1.992679907514e-08,3.287270462385e-08,-2.692960358316e-07,3.167655200264e-08,7.81983210805e-09
402717.0343255,-1.368531768224e-08,-1.902699355869e-08,-1.368531768224e-08,-1.902699355869e-08,3.21350653948e-08,-2.663017911463e-07,3.098656287175e-08,7.559348666278e-09
407380.2778041,-1.326777951224e-08,-1.816598507037e-08,-1.326777951224e-08,-1.816598507037e-08,3.141361509317e-08,-2.633388927229e-07,3.031091795934e-08,7.307418783107e-09
412097.5190974,-1.285974050613e-08,-1.734221335457e-08,-1.285974050613e-08,-1.734221335457e-08,3.07082840164e-08,-2.604070454009e-07,2.964934233676e-08,7.06379905586e-09
416869.3834704,-1.246119328706e-08,-1.655415145219e-08,-1.246119328706e-08,-1.655415145219e-08,3.001850534592e-08,-2.575060137284e-07,2.90015786322e-08,6.828196449049e-09
421696.5034286,-1.207209264504e-08,-1.5800346185e-08,-1.207209264504e-08,-1.5800346185e-08,2.934405663475e-08,-2.546355224795e-07,2.836736379442e-08,6.60036492857e-09
426579.5188016,-1.169239436776e-08,-1.507938828025e-08,-1.169239436776e-08,-1.507938828025e-08,2.868449418094e-08,-2.517953227339e-07,2.774644437408e-08,6.380040829506e-09
431519.0768278,-1.132202563101e-08,-1.438993394073e-08,-1.132202563101e-08,-1.438993394073e-08,2.803964268349e-08,-2.489851360986e-07,2.713856383297e-08,6.166997394826e-09
436515.8322402,-1.096091940384e-08,-1.37306772624e-08,-1.096091940384e-08,-1.37306772624e-08,2.74090453309e-08,-2.462047168744e-07,2.654347651619e-08,5.960983697165e-09
441570.4473533,-1.060897986882e-08,-1.310037637829e-08,-1.060897986882e-08,-1.310037637829e-08,2.679257132753e-08,-2.434537841503e-07,2.596093255755e-08,5.761790930868e-09
446683.592151,-1.026612572077e-08,-1.249781795648e-08,-1.026612572077e-08,-1.249781795648e-08,2.618965925863e-08,-2.407321054547e-07,2.539069616866e-08,5.56917051868e-09
451855.944375,-9.932241573954e-09,-1.192185545169e-08,-9.932241573954e-09,-1.192185545169e-08,2.560022356725e-08,-2.380393973872e-07,2.483252406547e-08,5.382931023194e-09
457088.1896149,-9.607220668313e-09,-1.137137357505e-08,-9.607220668313e-09,-1.137137357505e-08,2.502387667863e-08,-2.353754108114e-07,2.428618382833e-08,5.202854977635e-09
462381.0213993,-9.290939949896e-09,-1.08453078097e-08,-9.290939949896e-09,-1.08453078097e-08,2.44604212715e-08,-2.327398773219e-07,2.375144247102e-08,5.028750697944e-09
467735.1412872,-8.983278709963e-09,-1.03426279109e-08,-8.983278709963e-09,-1.03426279109e-08,2.390948714831e-08,-2.301325481604e-07,2.32280745589e-08,4.860414406107e-09
473151.2589615,-8.684104754818e-09,-9.862348743414e-09,-8.684104754818e-09,-9.862348743414e-09,2.33708323505e-08,-2.275531624623e-07,2.271585556294e-08,4.697661111467e-09
478630.0923227,-8.393281173335e-09,-9.403523743357e-09,-8.393281173335e-09,-9.403523743357e-09,2.284422037686e-08,-2.250014602517e-07,2.22145645888e-08,4.540311630299e-09
484172.3675841,-8.110669196241e-09,-8.965241523095e-09,-8.110669196241e-09,-8.965241523095e-09,2.232936413735e-08,-2.224771883293e-07,2.172398548131e-08,4.388186950483e-09
489778.8193685,-7.836123891284e-09,-8.546628846787e-09,-7.836123891284e-09,-8.546628846787e-09,2.18260403109e-08,-2.199800883557e-07,2.124390444135e-08,4.241119412378e-09
495450.1908048,-7.569505627355e-09,-8.146839353603e-09,-7.569505627355e-09,-8.146839353603e-09,2.133380894346e-08,-2.17509924877e-07,2.07741154306e-08,4.098925456491e-09
501187.2336273,-7.310656808276e-09,-7.765074188294e-09,-7.310656808276e-09,-7.765074188294e-09,2.085263014874e-08,-2.150664246674e-07,2.031440834492e-08,3.961464893791e-09
506990.7082747,-7.059428454974e-09,-7.400556786387e-09,-7.059428454974e-09,-7.400556786387e-09,2.038218948749e-08,-2.126493430106e-07,1.986458190989e-08,3.82857565205e-09
512861.3839914,-6.815662053267e-09,-7.052549042564e-09,-6.815662053267e-09,-7.052549042564e-09,1.992239757547e-08,-2.102584154776e-07,1.942443433381e-08,3.700121254088e-09
518800.038929,-6.579214050017e-09,-6.720327022663e-09,-6.579214050017e-09,-6.720327022663e-09,1.947268625912e-08,-2.07893424171e-07,1.899377574112e-08,3.575925232465e-09
524807.4602498,-6.349916511816e-09,-6.403218310812e-09,-6.349916511816e-09,-6.403218310812e-09,1.903319197677e-08,-2.05554086847e-07,1.857240741259e-08,3.455880380233e-09
530884.444231,-6.127618597838e-09,-6.10056106035e-09,-6.127618597838e-09,-6.10056106035e-09,1.86035213867e-08,-2.032401726227e-07,1.816014329522e-08,3.339834778529e-09
537031.7963703,-5.912163648469e-09,-5.811725503579e-09,-5.912163648469e-09,-5.811725503579e-09,1.818344911054e-08,-2.009514363972e-07,1.775679777346e-08,3.227656005907e-09
543250.3314925,-5.703394932089e-09,-5.536107705211e-09,-5.703394932089e-09,-5.536107705211e-09,1.77727557997e-08,-1.986876342833e-07,1.736218849185e-08,3.11921604358e-09
549540.8738577,-5.50115458068e-09,-5.273130009389e-09,-5.50115458068e-09,-5.273130009389e-09,1.737127861991e-08,-1.964485192074e-07,1.697613555004e-08,3.014395506534e-09
555904.2572704,-5.30528546794e-09,-5.022238484536e-09,-5.30528546794e-09,-5.022238484536e-09,1.697885843735e-08,-1.942338456796e-07,1.659846233682e-08,2.913078758785e-09
562341.3251904,-5.115637550108e-09,-4.782895478337e-09,-5.115637550108e-09,-4.782895478337e-09,1.659509386002e-08,-1.920433909393e-07,1.622899908316e-08,2.815133018422e-09
568852.9308439,-4.932046812818e-09,-4.554601397629e-09,-4.932046812818e-09,-4.554601397629e-09,1.622018096452e-08,-1.898768826347e-07,1.586757043376e-08,2.720479585196e-09
575439.9373372,-4.754371077079e-09,-4.336855778149e-09,-4.754371077079e-09,-4.336855778149e-09,1.585348731577e-08,-1.877341211635e-07,1.551401626584e-08,2.628973105732e-09
582103.2177709,-4.582454871696e-09,-4.129194321547e-09,-4.582454871696e-09,-4.129194321547e-09,1.549497480765e-08,-1.856148577228e-07,1.516817090364e-08,2.540521612861e-09
588843.6553556,-4.41614491418e-09,-3.93117188567e-09,-4.41614491418e-09,-3.93117188567e-09,1.514460447893e-08,-1.835188461755e-07,1.482987197335e-08,2.455035596225e-09
595662.1435291,-4.255292123147e-09,-3.742359551481e-09,-4.255292123147e-09,-3.742359551481e-09,1.480224265032e-08,-1.81445850319e-07,1.449896154222e-08,2.372420435013e-09
602559.5860744,-4.09975577596e-09,-3.562339095775e-09,-4.09975577596e-09,-3.562339095775e-09,1.446743734616e-08,-1.793956614915e-07,1.41752887834e-08,2.29255908738e-09
609536.8972402,-3.949389951265e-09,-3.390717779374e-09,-3.949389951265e-09,-3.390717779374e-09,1.414007127191e-08,-1.773680453282e-07,1.38587013346e-08,2.215364442439e-09
616595.0018615,-3.804047704194e-09,-3.227123371988e-09,-3.804047704194e-09,-3.227123371988e-09,1.38202092537e-08,-1.753627554698e-07,1.354904761508e-08,2.140765972611e-09
623734.8354825,-3.663592152933e-09,-3.07119057268e-09,-3.663592152933e-09,-3.07119057268e-09,1.350751075156e-08,-1.733795794317e-07,1.324618398109e-08,2.068663991276e-09
630957.3444802,-3.527885047439e-09,-2.922573749356e-09,-3.527885047439e-09,-2.922573749356e-09,1.320182322588e-08,-1.714182917494e-07,1.294996725227e-08,1.998976164592e-09
638263.4861906,-3.396789071625e-09,-2.780943850807e-09,-3.396789071625e-09,-2.780943850807e-09,1.290308469187e-08,-1.694786620089e-07,1.266025601707e-08,1.931629351594e-09
645654.2290347,-3.270175006597e-09,-2.645979131465e-09,-3.270175006597e-09,-2.645979131465e-09,1.261089070941e-08,-1.67560487535e-07,1.237691550536e-08,1.866527173676e-09
653130.5526475,-3.147906300108e-09,-2.517383562099e-09,-3.147906300108e-09,-2.517383562099e-09,1.232544533964e-08,-1.656635218974e-07,1.209980680842e-08,1.803620834865e-09
660693.4480076,-3.029858527215e-09,-2.394862391989e-09,-3.029858527215e-09,-2.394862391989e-09,1.204635446147e-08,-1.637875652725e-07,1.182880036361e-08,1.742819395119e-09
668343.9175687,-2.91590442274e-09,-2.278140153711e-09,-2.91590442274e-09,-2.278140153711e-09,1.177357008249e-08,-1.619323941144e-07,1.156376541413e-08,1.684059600406e-09
676082.975392,-2.805921208467e-09,-2.16695107839e-09,-2.805921208467e-09,-2.16695107839e-09,1.150692167165e-08,-1.600977957011e-07,1.130457510539e-08,1.627271320475e-09
683911.6472815,-2.699788624411e-09,-2.061041080398e-09,-2.699788624411e-09,-2.061041080398e-09,1.124624328782e-08,-1.582835588727e-07,1.105110505287e-08,1.572386862735e-09
691830.970919,-2.59738693393e-09,-1.960169952795e-09,-2.59738693393e-09,-1.960169952795e-09,1.099153485423e-08,-1.564894626769e-07,1.080323173597e-08,1.519352029616e-09
699841.9960023,-2.498602220431e-09,-1.864103978285e-09,-2.498602220431e-09,-1.864103978285e-09,1.074255582888e-08,-1.547153050821e-07,1.056083648257e-08,1.468097682931e-09
707945.7843842,-2.403321560655e-09,-1.772621802356e-09,-2.403321560655e-09,-1.772621802356e-09,1.049919205735e-08,-1.529608770219e-07,1.032380177255e-08,1.418565385976e-09
716143.410213,-2.311436416153e-09,-1.685509475826e-09,-2.311436416153e-09,-1.685509475826e-09,1.026117729757e-08,-1.512259815471e-07,1.009201384061e-08,1.37068827963e-09
724435.960075,-2.222835645685e-09,-1.602569609608e-09,-2.222835645685e-09,-1.602569609608e-09,1.002871423304e-08,-1.495103920582e-07,9.865357008647e-09,1.324432584645e-09
732824.533139,-2.137417260785e-09,-1.523604865028e-09,-2.137417260785e-09,-1.523604865028e-09,9.801426966575e-09,-1.478139228326e-07,9.643723140498e-09,1.279727457858e-09
741310.241301,-2.055078741978e-09,-1.448430797706e-09,-2.055078741978e-09,-1.448430797706e-09,9.579216318284e-09,-1.461363712973e-07,9.427003819118e-09,1.236522272611e-09
749894.2093325,-1.975719138765e-09,-1.376872698969e-09,-1.975719138765e-09,-1.376872698969e-09,9.36209616255e-09,-1.444775295392e-07,9.215091925744e-09,1.194775109733e-09
758577.5750292,-1.899242646035e-09,-1.308760102741e-09,-1.899242646035e-09,-1.308760102741e-09,9.149822232481e-09,-1.428372082936e-07,9.007884691743e-09,1.154428900178e-09
767361.4893619,-1.825553843421e-09,-1.243933200474e-09,-1.825553843421e-09,-1.243933200474e-09,8.942375891267e-09,-1.412152056667e-07,8.805279615938e-09,1.115442476591e-09
776247.1166288,-1.754561188792e-09,-1.182237458517e-09,-1.754561188792e-09,-1.182237458517e-09,8.739594635978e-09,-1.396113306995e-07,8.607177460447e-09,1.077766948655e-09
785235.6346101,-1.686174950745e-09,-1.123526264588e-09,-1.686174950745e-09,-1.123526264588e-09,8.541392090151e-09,-1.380253896223e-07,8.413480447269e-09,1.041359582428e-09
794328.2347243,-1.620307874671e-09,-1.06765961676e-09,-1.620307874671e-09,-1.06765961676e-09,8.347683879737e-09,-1.364571903196e-07,8.224092812586e-09,1.006179028002e-09
803526.1221857,-1.55687566535e-09,-1.014503046665e-09,-1.55687566535e-09,-1.014503046665e-09,8.158318744588e-09,-1.349065466508e-07,8.038921275881e-09,9.721811731102e-10
812830.5161642,-1.495795341208e-09,-9.639297946159e-10,-1.495795341208e-09,-9.639297946159e-10,7.973286783708e-09,-1.333732657121e-07,7.85787347739e-09,9.393316027775e-10
822242.6499471,-1.436987090343e-09,-9.158176675239e-10,-1.436987090343e-09,-9.158176675239e-10,7.792475850362e-09,-1.318571627696e-07,7.680859735978e-09,9.075909010557e-10
831763.7711027,-1.380374485656e-09,-8.700483052475e-10,-1.380374485656e-09,-8.700483052475e-10,7.615610325969e-09,-1.303580642345e-07,7.507793327286e-09,8.769114334349e-10
841395.1416453,-1.325879734457e-09,-8.265144091895e-10,-1.325879734457e-09,-8.265144091895e-10,7.442952888544e-09,-1.288757670782e-07,7.338585738894e-09,8.472778077271e-10
851138.0382024,-1.273432337681e-09,-7.851056998665e-10,-1.273432337681e-09,-7.851056998665e-10,7.274003312379e-09,-1.274101141347e-07,7.173155358508e-09,8.186318384473e-10
860993.7521847,-1.222959261607e-09,-7.457243089809e-10,-1.222959261607e-09,-7.457243089809e-10,7.108990908385e-09,-1.259609081928e-07,7.011417548015e-09,7.909580461728e-10
870963.5899562,-1.174392703121e-09,-7.082720245989e-10,-1.174392703121e-09,-7.082720245989e-10,6.947655731855e-09,-1.245279816353e-07,6.853292579971e-09,7.64214226388e-10
881048.8730081,-1.127665712251e-09,-6.726570807919e-10,-1.127665712251e-09,-6.726570807919e-10,6.78993670467e-09,-1.231111573766e-07,6.698701152893e-09,7.383704093225e-10
891250.9381338,-1.082713244996e-09,-6.387922089143e-10,-1.082713244996e-09,-6.387922089143e-10,6.63580537487e-09,-1.217102583311e-07,6.547565460318e-09,7.133992647095e-10
901571.137606,-1.039472623818e-09,-6.065935968486e-10,-1.039472623818e-09,-6.065935968486e-10,6.485171594507e-09,-1.20325112604e-07,6.399809720121e-09,6.892709608901e-10
912010.839356,-9.978829657677e-10,-5.759815873987e-10,-9.978829657677e-10,-5.759815873987e-10,6.337978344312e-09,-1.189555482399e-07,6.255359569744e-09,6.659583149435e-10
922571.4271548,-9.57885597679e-10,-5.46879714804e-10,-9.57885597679e-10,-5.46879714804e-10,6.194109403413e-09,-1.176013982143e-07,6.114142562711e-09,6.434318684164e-10
933254.3007971,-9.194234035803e-10,-5.192155849632e-10,-9.194234035803e-10,-5.192155849632e-10,6.05351229714e-09,-1.162624937886e-07,5.976087439512e-09,6.216663585553e-10
944060.876286,-8.824416107315e-10,-4.92919257239e-10,-8.824416107315e-10,-4.92919257239e-10,5.916017843455e-09,-1.149386739099e-07,5.841125075959e-09,6.006313361795e-10
954992.5860215,-8.468861793845e-10,-4.679258788605e-10,-8.468861793845e-10,-4.679258788605e-10,5.781695831932e-09,-1.13629767013e-07,5.709186579481e-09,5.803093519427e-10
966050.8789899,-8.127056006441e-10,-4.441722650237e-10,-8.127056006441e-10,-4.441722650237e-10,5.650439181624e-09,-1.123356123084e-07,5.580205459367e-09,5.606745905975e-10
977237.2209559,-7.798500180143e-10,-4.215982258231e-10,-7.798500180143e-10,-4.215982258231e-10,5.52214442409e-09,-1.110560504088e-07,5.454116619784e-09,5.41702220986e-10
988553.094657,-7.482711877326e-10,-4.001464287024e-10,-7.482711877326e-10,-4.001464287024e-10,5.396711656869e-09,-1.097909233788e-07,5.330856336239e-09,5.233683611123e-10
1000000.0,-7.179220507327e-10,-3.797630000738e-10,-7.179220507327e-10,-3.797630000738e-10,5.274155370807e-09,-1.085400693222e-07,5.210361712098e-09,5.05655366522e-10
