frequency_hz,left_real,left_imag,right_real,right_imag,opneg_real,opneg_imag,oppos_real,oppos_imag
1.0,-7.550375586752e-11,3.374201332501e-10,-7.550375586752e-11,3.374201332501e-10,-5.320009280709e-12,-3.394150647345e-11,5.320702396869e-12,3.394132826851e-11
1.01157945426,8.9848053275e-11,9.689942304668e-11,8.9848053275e-11,9.689942304668e-11,-1.179669311041e-11,-5.719347922874e-12,1.179678947259e-11,5.71908905144e-12
1.023292992281,-1.068744770283e-11,-9.870747095868e-11,-1.068744770283e-11,-9.870747095868e-11,4.503933716606e-12,8.7433047876e-12,-4.50411021707e-12,-8.743191735251e-12
1.035142166679,6.264895991263e-11,4.950767336145e-11,6.264895991263e-11,4.950767336145e-11,-7.534256510329e-12,-2.370169437407e-12,7.534292309565e-12,2.370002987464e-12
1.047128548051,-7.330292738707e-11,-1.362730416524e-10,-7.330292738707e-11,-1.362730416524e-10,1.151938986739e-11,1.004469663763e-11,-1.151958491e-11,-1.004442643877e-11
1.059253725177,-4.417755194747e-11,-2.651268913941e-10,-4.417755194747e-11,-2.651268913941e-10,1.320692683964e-11,2.298672724693e-11,-1.320740527794e-11,-2.298639119818e-11
1.071519305238,5.674146171428e-11,-5.420460383404e-11,5.674146171428e-11,-5.420460383404e-11,-3.400981028492e-12,6.940588408109e-12,3.400820023295e-12,-6.940650084363e-12
1.083926914021,2.170285340079e-11,5.417977423366e-11,2.170285340079e-11,5.417977423366e-11,-3.82805514586e-12,-4.27827049533e-12,3.828143640368e-12,4.278175902531e-12
1.096478196143,5.474525453337e-11,-1.243809870406e-10,5.474525453337e-11,-1.243809870406e-10,-9.255655685547e-13,1.331702273178e-11,9.252609561474e-13,-1.331701713352e-11
1.109174815262,-7.358692309487e-11,-1.686446282761e-10,-7.358692309487e-11,-1.686446282761e-10,1.234406130836e-11,1.317037923537e-11,-1.234433950784e-11,-1.317006899738e-11
1.122018454302,2.810182118725e-11,1.002829902214e-10,2.810182118725e-11,1.002829902214e-10,-5.855398744602e-12,-8.356711766388e-12,5.855581444835e-12,8.356558825933e-12
1.135010815672,8.964230397959e-11,-2.653924542387e-10,8.964230397959e-11,-2.653924542387e-10,2.368255034172e-13,2.741028440519e-11,-2.374700984508e-13,-2.741022399614e-11
1.148153621497,-1.215913414786e-11,1.278833564767e-10,-1.215913414786e-11,1.278833564767e-10,-2.935938561536e-12,-1.220687781865e-11,2.936223289006e-12,1.22067835041e-11
1.16144861384,2.762248918255e-11,-2.94727092393e-11,2.762248918255e-11,-2.94727092393e-11,-1.628330815471e-12,3.591183913712e-12,1.62824107499e-12,-3.591215942734e-12
1.17489755494,2.216091487663e-11,-1.790272772052e-10,2.216091487663e-11,-1.790272772052e-10,3.505681884237e-12,1.723585950691e-11,-3.50609475106e-12,-1.723573962363e-11
1.188502227437,8.261764203378e-11,2.417593355616e-10,8.261764203378e-11,2.417593355616e-10,-1.505118512305e-11,-1.981318878205e-11,1.50516432668e-11,1.981277823828e-11
1.202264434617,-6.653350195557e-11,-4.109707026202e-11,-6.653350195557e-11,-4.109707026202e-11,7.395971503582e-12,1.781662680698e-12,-7.396001120878e-12,-1.781474747343e-12
1.216186000646,-6.064652871429e-11,2.875169856161e-11,-6.064652871429e-11,2.875169856161e-11,4.744144557854e-12,-4.475261877231e-12,-4.744022214125e-12,4.475372556721e-12
1.230268770812,1.644893867926e-10,2.541928000972e-10,1.644893867926e-10,2.541928000972e-10,-2.273559665235e-11,-1.862286260031e-11,2.273602621604e-11,1.862224538145e-11
1.244514611771,4.735290959475e-11,1.529207603695e-11,4.735290959475e-11,1.529207603695e-11,-4.824931218912e-12,-2.663970340979e-14,4.824922253276e-12,2.651514601891e-14
1.258925411794,-7.681252343265e-12,7.776452834483e-11,-7.681252343265e-12,7.776452834483e-11,-1.541489525424e-12,-7.410538998148e-12,1.541679879627e-12,7.410483934357e-12
1.273503081017,-1.449734075646e-10,-3.046637673643e-10,-1.449734075646e-10,-3.046637673643e-10,2.212047374402e-11,2.401218309445e-11,-2.212106353868e-11,-2.401155095381e-11
1.288249551693,-1.264304326303e-11,-1.160149171975e-10,-1.264304326303e-11,-1.160149171975e-10,4.451145483972e-12,1.036609190745e-11,-4.451413468707e-12,-1.036595227272e-11
1.303166778452,7.126879616449e-11,9.024153742791e-11,7.126879616449e-11,9.024153742791e-11,-9.11174633014e-12,-6.348084079865e-12,9.111899628091e-12,6.347825175643e-12
1.318256738556,-7.748834000103e-12,2.400676329034e-10,-7.748834000103e-12,2.400676329034e-10,-5.921492821106e-12,-2.240484370036e-11,5.922093372651e-12,2.240463701992e-11
1.333521432163,5.114922787844e-11,1.722228439934e-10,5.114922787844e-11,1.722228439934e-10,-9.435325615453e-12,-1.452131633073e-11,9.43570824959e-12,1.452102639188e-11
1.348962882592,1.305889848377e-10,7.412362297508e-11,1.305889848377e-10,7.412362297508e-11,-1.407378199765e-11,-3.32308218031e-12,1.407384678575e-11,3.322681887842e-12
1.364583136589,3.68124634661e-11,2.643285569662e-11,3.68124634661e-11,2.643285569662e-11,-4.108789935752e-12,-1.460029314416e-12,4.108823024793e-12,1.459910139586e-12
1.380384264603,7.436305450419e-11,-1.821145090827e-10,7.436305450419e-11,-1.821145090827e-10,-2.065025761532e-12,1.87972542221e-11,2.064483624044e-12,-1.879727571642e-11
1.396368361056,-5.874555185269e-11,-1.976075259628e-10,-5.874555185269e-11,-1.976075259628e-10,1.058818577225e-11,1.673239553905e-11,-1.058864903891e-11,-1.67320555013e-11
1.412537544623,1.782308250983e-10,1.658886503501e-10,1.782308250983e-10,1.658886503501e-10,-2.075525763171e-11,-1.073486751138e-11,2.075553050829e-11,1.073423814859e-11
1.428893958511,-9.354093579837e-12,-9.473568185963e-11,-9.354093579837e-12,-9.473568185963e-11,3.28118283363e-12,8.518262932065e-12,-3.281428641779e-12,-8.518148675412e-12
1.445439770746,-6.967270685224e-11,-2.645392716226e-12,-6.967270685224e-11,-2.645392716226e-12,6.506886090227e-12,-1.512352827163e-12,-6.506827744821e-12,1.512544815069e-12
1.462177174457,-5.62212783744e-11,5.089329791556e-11,-5.62212783744e-11,5.089329791556e-11,3.92815932812e-12,-6.10576303196e-12,-3.927966357112e-12,6.105869906575e-12
1.479108388168,4.054058829421e-11,6.773649359383e-11,4.054058829421e-11,6.773649359383e-11,-5.416525290352e-12,-5.262202823889e-12,5.416675836085e-12,5.26202617786e-12
1.496235656094,-3.755656308955e-12,2.168338173006e-10,-3.755656308955e-12,2.168338173006e-10,-4.934898322548e-12,-2.01344676686e-11,4.935513092142e-12,2.013427428195e-11
1.513561248436,3.961293488865e-11,2.435740575108e-10,3.961293488865e-11,2.435740575108e-10,-9.527116717937e-12,-2.156078896105e-11,9.527774293557e-12,2.156044683016e-11
1.531087461682,2.929968676625e-11,1.566075425038e-10,2.929968676625e-11,1.566075425038e-10,-6.436394001285e-12,-1.377849250325e-11,6.436818537577e-12,1.377826060102e-11
1.548816618912,1.476704334001e-10,-9.992081085686e-12,1.476704334001e-10,-9.992081085686e-12,-1.341473930217e-11,4.398699834393e-12,1.341457119968e-11,-4.39912183153e-12
1.566751070108,-7.454288687683e-11,2.280818761845e-11,-7.454288687683e-11,2.280818761845e-11,6.359760643427e-12,-3.84237928177e-12,-6.35962309476e-12,3.842578194379e-12
1.584893192461,-1.173848690814e-10,-2.397287145665e-11,-1.173848690814e-10,-2.397287145665e-11,1.14017428013e-11,-4.835604075811e-13,-1.140170409483e-11,4.839341227296e-13
1.60324539069,7.41620168435e-11,-2.776198733002e-10,7.41620168435e-11,-2.776198733002e-10,-5.438559999805e-13,2.734769192895e-11,5.429458084753e-13,-2.734765528254e-11
1.621810097359,-9.368591674612e-12,3.530698210392e-10,-9.368591674612e-12,3.530698210392e-10,-7.068649994947e-12,-3.284646444668e-11,7.069740388884e-12,3.284616101685e-11
1.6405897732,-3.898262386168e-12,1.132285548176e-10,-3.898262386168e-12,1.132285548176e-10,-2.15514452975e-12,-1.055285703879e-11,2.155499190617e-12,1.055276260995e-11
1.659586907438,7.140574949231e-11,2.095974981791e-10,7.140574949231e-11,2.095974981791e-10,-1.120346216874e-11,-1.780591078308e-11,1.120405246103e-11,1.780548963216e-11
1.678804018123,2.206096786539e-10,2.970193651767e-10,2.206096786539e-10,2.970193651767e-10,-2.68403205781e-11,-2.266545382001e-11,2.684105582856e-11,2.266447417495e-11
1.698243652462,1.337840805184e-10,1.089418512751e-10,1.337840805184e-10,1.089418512751e-10,-1.470435470223e-11,-7.198805084574e-12,1.470457876073e-11,7.198272906169e-12
1.717908387158,-2.123875463746e-10,-5.155446611862e-11,-2.123875463746e-10,-5.155446611862e-11,2.072575754388e-11,2.594609167975e-13,-2.072572530812e-11,-2.587221484612e-13
1.737800828749,-1.981801978152e-10,-3.863567220636e-10,-1.981801978152e-10,-3.863567220636e-10,2.642173022168e-11,3.15563890612e-11,-2.642281439466e-11,-3.155537387072e-11
1.757923613959,9.29039415883e-11,-1.066536107379e-11,9.29039415883e-11,-1.066536107379e-11,-8.366431421992e-12,2.911997035877e-12,8.366308536984e-12,-2.91229616092e-12
1.778279410039,-1.031614066672e-10,-5.314207056798e-12,-1.031614066672e-10,-5.314207056798e-12,9.644615203588e-12,-1.623103137515e-12,-9.644536054803e-12,1.623455501929e-12
1.798870915129,3.122259155399e-11,1.37548165532e-10,3.122259155399e-11,1.37548165532e-10,-5.672857784788e-12,-1.208164293167e-11,5.673297059543e-12,1.208140716198e-11
1.81970085861,1.376152672244e-10,2.796368558659e-10,1.376152672244e-10,2.796368558659e-10,-1.832116052994e-11,-2.309192611831e-11,1.832199513141e-11,2.309118863521e-11
1.840772001469,-1.304241168505e-10,-1.138942001268e-10,-1.304241168505e-10,-1.138942001268e-10,1.431073782162e-11,7.945485860749e-12,-1.431101243784e-11,-7.94492375467e-12
1.862087136663,1.812710750918e-10,-6.564055220575e-11,1.812710750918e-10,-6.564055220575e-11,-1.54709973124e-11,9.615396278851e-12,1.54705951032e-11,-9.615974358934e-12
1.88364908949,2.582138752087e-11,2.945690284402e-11,2.582138752087e-11,2.945690284402e-11,-2.95673660553e-12,-2.223239788944e-12,2.95681751936e-12,2.223119859516e-12
1.905460717963,-1.33256361802e-10,-1.148045505938e-10,-1.33256361802e-10,-1.148045505938e-10,1.451336293364e-11,8.063162001323e-12,-1.451365244919e-11,-8.062572458653e-12
1.927524913191,-1.023953335015e-10,-5.781186723321e-11,-1.023953335015e-10,-5.781186723321e-11,1.055798099242e-11,3.407757939967e-12,-1.055809605466e-11,-3.407329156984e-12
1.949844599758,-7.543905144494e-11,-2.821767560047e-10,-7.543905144494e-11,-2.821767560047e-10,1.22474259492e-11,2.467288861402e-11,-1.224839893345e-11,-2.467234407739e-11
1.972422736115,1.132687856366e-10,-1.447916977836e-10,1.132687856366e-10,-1.447916977836e-10,-7.794626794283e-12,1.547667498316e-11,7.793978240912e-12,-1.547696278161e-11
1.995262314969,7.949432648756e-11,4.749245774577e-11,7.949432648756e-11,4.749245774577e-11,-8.215516839181e-12,-2.937941706313e-12,8.215621938722e-12,2.937595944016e-12
2.018366363682,-1.084335161449e-10,-8.721119294957e-11,-1.084335161449e-10,-8.721119294957e-11,1.159774782287e-11,6.103423158106e-12,-1.159798003363e-11,-6.102925578154e-12
2.04173794467,2.025203312969e-10,1.238078817724e-10,2.025203312969e-10,1.238078817724e-10,-2.092984337255e-11,-7.829235124355e-12,2.093013292072e-11,7.828333401368e-12
2.065380155811,1.924311013201e-10,3.003272910729e-10,1.924311013201e-10,3.003272910729e-10,-2.308666440814e-11,-2.436518850223e-11,2.308766162007e-11,2.436415105195e-11
2.089296130854,3.811015939277e-11,3.257574497187e-11,3.811015939277e-11,3.257574497187e-11,-4.090926709585e-12,-2.346369775252e-12,4.091020165759e-12,2.346187857518e-12
2.113489039837,2.584860340734e-10,-1.375456304977e-11,2.584860340734e-10,-1.375456304977e-11,-2.365591747878e-11,5.728573008364e-12,2.365561908391e-11,-5.729598190596e-12
2.137962089502,7.993090000847e-11,1.027267336372e-10,7.993090000847e-11,1.027267336372e-10,-9.139462712199e-12,-8.133026023559e-12,9.139804948055e-12,8.132604594052e-12
2.162718523727,5.891442484337e-11,2.348581628484e-10,5.891442484337e-11,2.348581628484e-10,-9.403259943599e-12,-2.071630813188e-11,9.404170095004e-12,2.071584498939e-11
2.18776162395,-2.337259052179e-11,1.553892091415e-10,-2.337259052179e-11,1.553892091415e-10,-4.27985913136e-13,-1.475269654333e-11,4.286542685838e-13,1.475264759332e-11
2.213094709606,-2.600946254494e-12,1.235356136912e-10,-2.600946254494e-12,1.235356136912e-10,-1.793832231091e-12,-1.14618134675e-11,1.79435459133e-12,1.146170820566e-11
2.238721138568,-8.601615853854e-11,3.646898179381e-11,-8.601615853854e-11,3.646898179381e-11,7.357228794823e-12,-4.771199404326e-12,-7.356992591907e-12,4.771531364294e-12
2.264644307593,3.173800711214e-10,2.690507309364e-10,3.173800711214e-10,2.690507309364e-10,-3.366647915682e-11,-1.976239737386e-11,3.366733971591e-11,1.976077695724e-11
2.290867652768,-1.797109230526e-11,3.371033299157e-10,-1.797109230526e-11,3.371033299157e-10,-3.701340807306e-12,-3.144593935546e-11,3.702827074606e-12,3.144570057952e-11
2.317394649968,1.793010391639e-10,-7.113212610576e-12,1.793010391639e-10,-7.113212610576e-12,-1.646178933299e-11,3.477083293245e-12,1.646158929795e-11,-3.477867318425e-12
2.34422881532,-1.497984418287e-10,-1.59356643642e-10,-1.497984418287e-10,-1.59356643642e-10,1.632382186888e-11,1.240143674072e-11,-1.63243919706e-11,-1.240061846813e-11
2.371373705662,-2.921111329304e-10,-3.373517700411e-10,-2.921111329304e-10,-3.373517700411e-10,3.218537366254e-11,2.669409626106e-11,-3.218662173954e-11,-2.669246028168e-11
2.39883291902,-9.108089278155e-11,-1.903567967166e-10,-9.108089278155e-11,-1.903567967166e-10,1.131078554529e-11,1.621195656022e-11,-1.131156925385e-11,-1.621136151499e-11
2.426610095082,-2.225725269153e-10,-2.006546882465e-10,-2.225725269153e-10,-2.006546882465e-10,2.358670498576e-11,1.520505380932e-11,-2.358742278626e-11,-1.52038366093e-11
2.454708915685,-4.31739156178e-11,-1.460644119996e-10,-4.31739156178e-11,-1.460644119996e-10,6.159121583901e-12,1.286050360285e-11,-6.159763811261e-12,-1.286016436753e-11
2.483133105296,-2.169914127903e-10,-2.15751153523e-11,-2.169914127903e-10,-2.15751153523e-11,2.037416518236e-11,-1.190086268033e-12,-2.037406310684e-11,1.191132877076e-12
2.51188643151,1.321847604206e-10,9.934830905398e-11,1.321847604206e-10,9.934830905398e-11,-1.36597144111e-11,-7.265628299471e-12,1.366006546735e-11,7.264902315342e-12
2.540972705549,-9.775899982918e-11,-4.852729221705e-11,-9.775899982918e-11,-4.852729221705e-11,9.732251707138e-12,3.083660900985e-12,-9.732394680398e-12,-3.083141974918e-12
2.570395782769,7.7175430731e-12,1.867031192676e-10,7.7175430731e-12,1.867031192676e-10,-3.360180253526e-12,-1.714844834034e-11,3.361087462894e-12,1.71482349115e-11
2.600159563165,-2.835092362882e-10,-1.744485388674e-10,-2.835092362882e-10,-1.744485388674e-10,2.865085942362e-11,1.215195806797e-11,-2.865145718575e-11,-1.215038907853e-11
2.630267991895,-1.401552804797e-10,-1.072292143243e-10,-1.401552804797e-10,-1.072292143243e-10,1.444073377134e-11,7.970044949748e-12,-1.444113951058e-11,-7.969241429403e-12
2.660725059799,1.372308985983e-10,1.929032878769e-10,1.372308985983e-10,1.929032878769e-10,-1.53267028768e-11,-1.595159900016e-11,1.532755220529e-11,1.595072149468e-11
2.691534803927,1.853735577493e-10,-3.570353763393e-11,1.853735577493e-10,-3.570353763393e-11,-1.665160266641e-11,5.809844401936e-12,1.665124507857e-11,-5.810762048355e-12
2.722701308078,-3.779705571468e-10,-2.564310717932e-10,-3.779705571468e-10,-2.564310717932e-10,3.836942137327e-11,1.864477851072e-11,-3.837039707926e-11,-1.864257506555e-11
2.754228703338,-1.426584166019e-10,-1.195129565645e-10,-1.426584166019e-10,-1.195129565645e-10,1.476770878653e-11,9.159831196856e-12,-1.47682022973e-11,-9.15896950168e-12
2.78612116863,2.390300088688e-10,3.605062206978e-11,2.390300088688e-10,3.605062206978e-11,-2.256615248251e-11,-2.062782176441e-13,2.256611919141e-11,2.04974187379e-13
2.818382931264,-1.274084776866e-10,-2.095298733754e-10,-1.274084776866e-10,-2.095298733754e-10,1.44858240398e-11,1.772067442301e-11,-1.448683057274e-11,-1.771979240417e-11
2.851018267504,-1.411429883032e-11,2.287918467286e-10,-1.411429883032e-11,2.287918467286e-10,-1.619336363693e-12,-2.132870027825e-11,1.620593950417e-12,2.132856182048e-11
2.884031503127,1.283229048011e-10,2.22264824032e-10,1.283229048011e-10,2.22264824032e-10,-1.4669522934e-11,-1.892380107156e-11,1.467062516324e-11,1.892288593642e-11
2.917427014001,-4.635228310756e-10,-1.590667113521e-10,-4.635228310756e-10,-1.590667113521e-10,4.48321944342e-11,8.914378889551e-12,-4.48326438478e-11,-8.911649073072e-12
2.951209226666,4.47018671549e-10,3.605506447599e-10,4.47018671549e-10,3.605506447599e-10,-4.577136644318e-11,-2.78085819264e-11,4.577297638359e-11,2.780572537759e-11
2.985382618918,5.268369742334e-11,2.265664175111e-11,5.268369742334e-11,2.265664175111e-11,-5.146315203345e-12,-1.451288306087e-12,5.146394726146e-12,1.450966839684e-12
3.019951720402,1.565706747772e-10,1.304111878192e-10,1.565706747772e-10,1.304111878192e-10,-1.604592482601e-11,-1.016557007044e-11,1.604652920917e-11,1.016454495123e-11
3.054921113216,-3.428900608308e-10,-1.930045831665e-10,-3.428900608308e-10,-1.930045831665e-10,3.399679163138e-11,1.375091573494e-11,-3.39975945135e-11,-1.374873474958e-11
3.090295432514,-2.184941898929e-10,5.203101917904e-11,-2.184941898929e-10,5.203101917904e-11,1.958302862268e-11,-7.385445652216e-12,-1.958251614964e-11,7.386685644827e-12
3.126079367124,5.761144124275e-10,4.931857036137e-10,5.761144124275e-10,4.931857036137e-10,-5.900085468936e-11,-3.887313969961e-11,5.900325610105e-11,3.886923750027e-11
3.162277660168,-1.034208368455e-10,-1.895931435207e-10,-1.034208368455e-10,-1.895931435207e-10,1.174398309219e-11,1.633348333423e-11,-1.174503050901e-11,-1.633268056661e-11
3.198895109691,-4.785706692124e-10,1.186794040676e-10,-4.785706692124e-10,1.186794040676e-10,4.288492416087e-11,-1.642053296533e-11,-4.288374907244e-11,1.642334449453e-11
3.235936569296,8.584777708793e-11,4.561902609441e-11,8.584777708793e-11,4.561902609441e-11,-8.448918188868e-12,-3.250269328911e-12,8.449119331029e-12,3.249695930524e-12
3.273406948788,2.897606511494e-11,-1.373468364272e-11,2.897606511494e-11,-1.373468364272e-11,-2.52553607955e-12,1.592049457004e-12,2.525422960811e-12,-1.592217679495e-12
3.311311214826,-3.722916794654e-10,-1.619280019653e-10,-3.722916794654e-10,-1.619280019653e-10,3.619420357987e-11,1.087186228124e-11,-3.619487746364e-11,-1.086935545693e-11
3.349654391578,-1.191440518504e-10,-3.142975144038e-11,-1.191440518504e-10,-3.142975144038e-11,1.1354874686e-11,1.609414320353e-12,-1.135496370056e-11,-1.608622460943e-12
3.388441561392,-1.939257538601e-10,-7.123982910283e-11,-1.939257538601e-10,-7.123982910283e-11,1.869138933867e-11,4.500110702297e-12,-1.86916680301e-11,-4.498788470165e-12
3.427677865465,-3.656050864383e-11,1.285511580273e-10,-3.656050864383e-11,1.285511580273e-10,2.013229063007e-12,-1.227115696918e-11,-2.012352902837e-12,1.227127544716e-11
3.467368504525,-3.907788477732e-11,-5.173770622878e-11,-3.907788477732e-11,-5.173770622878e-11,4.155716828629e-12,4.371805385583e-12,-4.156022802205e-12,-4.371497848387e-12
3.507518739526,-7.605743590969e-11,-4.708157926711e-11,-7.605743590969e-11,-4.708157926711e-11,7.519325016391e-12,3.56206509638e-12,-7.519568994417e-12,-3.561511099465e-12
3.548133892336,8.627791965504e-11,2.490116434697e-10,8.627791965504e-11,2.490116434697e-10,-1.053159239847e-11,-2.213154486546e-11,1.053319946514e-11,2.213072568815e-11
3.58921934645,2.098421608697e-10,-7.963312381525e-11,2.098421608697e-10,-7.963312381525e-11,-1.85885148088e-11,9.490547890065e-12,1.85877712377e-11,-9.491912222755e-12
3.630780547701,-2.063796481477e-11,4.439566819831e-11,-2.063796481477e-11,4.439566819831e-11,1.46226027074e-12,-4.310755481144e-12,-1.461932814632e-12,4.310856917441e-12
3.672823004981,-4.995744056247e-10,-1.418128359895e-10,-4.995744056247e-10,-1.418128359895e-10,4.758448111438e-11,8.15384986369e-12,-4.758500661762e-11,-8.150209761969e-12
3.715352290972,-2.793113457845e-10,-3.277723370387e-10,-2.793113457845e-10,-3.277723370387e-10,2.903152745205e-11,2.755921003874e-11,-2.903359226216e-11,-2.755691829042e-11
3.758374042884,3.602349043609e-10,1.358083598402e-10,3.602349043609e-10,1.358083598402e-10,-3.461441365275e-11,-9.06218846119e-12,3.461505041041e-11,9.059472856172e-12
3.801893963206,8.258504944708e-11,1.610197686972e-10,8.258504944708e-11,1.610197686972e-10,-9.176363772107e-12,-1.409262396801e-11,9.177456286437e-12,1.409187232086e-11
3.845917820454,4.427159488366e-10,1.364883880032e-10,4.427159488366e-10,1.364883880032e-10,-4.221496162575e-11,-8.423499246919e-12,4.221554864255e-11,8.420115999229e-12
3.890451449943,-1.506312797461e-10,-1.567669933522e-10,-1.506312797461e-10,-1.567669933522e-10,1.539121470011e-11,1.30805110387e-11,-1.53922389749e-11,-1.307924323923e-11
3.935500754558,-7.094304920908e-10,-1.759450721102e-10,-7.094304920908e-10,-1.759450721102e-10,6.720433956734e-11,9.69791821726e-12,-6.720499606584e-11,-9.692414853184e-12
3.981071705535,-2.619407131796e-10,-2.187035366878e-10,-2.619407131796e-10,-2.187035366878e-10,2.621323814656e-11,1.781943806264e-11,-2.621465645295e-11,-1.781723852205e-11
4.027170343255,6.237149093104e-11,1.405773944413e-10,6.237149093104e-11,1.405773944413e-10,-7.036620709635e-12,-1.243017310914e-11,7.037644521218e-12,1.242956059619e-11
4.073802778041,5.780571427579e-11,-9.31111334063e-12,5.780571427579e-11,-9.31111334063e-12,-5.260016424267e-12,1.377448035194e-12,5.259889516367e-12,-1.377889573841e-12
4.120975190973,-3.683640443909e-10,-1.659172498125e-10,-3.683640443909e-10,-1.659172498125e-10,3.551591347711e-11,1.20811459066e-11,-3.551687447353e-11,-1.207808695806e-11
4.168693834703,5.781979619344e-10,3.405940210077e-10,5.781979619344e-10,3.405940210077e-10,-5.642102570779e-11,-2.643156816209e-11,5.64231970721e-11,2.642663831804e-11
4.216965034286,-7.643012663153e-10,-3.023977055675e-10,-7.643012663153e-10,-3.023977055675e-10,7.325945626925e-11,2.135167424147e-11,-7.326117610508e-11,-2.13452258284e-11
4.265795188016,3.719355052749e-10,2.312979507151e-10,3.719355052749e-10,2.312979507151e-10,-3.635430861694e-11,-1.820483310475e-11,3.635584582177e-11,1.820158105365e-11
4.315190768278,2.371688760457e-10,8.75838822276e-11,2.371688760457e-10,8.75838822276e-11,-2.266175572069e-11,-6.094356080625e-12,2.26622554968e-11,6.092316225534e-12
4.365158322402,-2.154650815702e-10,3.180925294501e-11,-2.154650815702e-10,3.180925294501e-11,1.965110623347e-11,-4.737706620186e-12,-1.965063796454e-11,4.739475710966e-12
4.415704473533,-2.401480793171e-10,-2.037726953128e-10,-2.401480793171e-10,-2.037726953128e-10,2.387841618799e-11,1.685532527577e-11,-2.387991145747e-11,-1.685310518297e-11
4.46683592151,8.060442969179e-11,6.580294826342e-11,8.060442969179e-11,6.580294826342e-11,-7.987061986138e-12,-5.425409236281e-12,7.987548430734e-12,5.424658598172e-12
4.518559443749,-2.59849360001e-10,-4.71412040887e-11,-2.59849360001e-10,-4.71412040887e-11,2.439898760517e-11,2.263550156878e-12,-2.439915066477e-11,-2.261259672651e-12
4.570881896149,-4.700826009799e-10,-2.555901807174e-10,-4.700826009799e-10,-2.555901807174e-10,4.548795307157e-11,1.988082361693e-11,-4.548974588672e-11,-1.987647256886e-11
4.623810213993,5.405909883666e-11,-1.320744825212e-10,5.405909883666e-11,-1.320744825212e-10,-3.956929314986e-12,1.263395617827e-11,3.955710120135e-12,-1.263431015364e-11
4.677351412872,-3.508111832895e-10,-8.84262579891e-11,-3.508111832895e-10,-8.84262579891e-11,3.311546099697e-11,5.442920392261e-12,-3.311592232167e-11,-5.439697841514e-12
4.731512589615,1.19675499355e-10,8.872720970064e-11,1.19675499355e-10,8.872720970064e-11,-1.174490890637e-11,-7.280604481056e-12,1.174559956949e-11,7.279437611908e-12
4.786300923226,-9.216528887479e-11,2.601389537677e-11,-9.216528887479e-11,2.601389537677e-11,8.32140219787e-12,-3.105638787176e-12,-8.321077265472e-12,3.106458372203e-12
4.841723675841,1.960773099647e-10,1.261437975587e-10,1.960773099647e-10,1.261437975587e-10,-1.907285302287e-11,-1.018573387333e-11,1.907383723566e-11,1.018379866651e-11
4.897788193685,-6.95850508713e-12,9.631276874006e-11,-6.95850508713e-12,9.631276874006e-11,-7.267223428062e-14,-8.954368541566e-12,7.35814306381e-14,8.954343160439e-12
4.954501908048,5.44560683881e-10,2.237541715328e-10,5.44560683881e-10,2.237541715328e-10,-5.198037835658e-11,-1.668147067049e-11,5.198198751606e-11,1.667609724617e-11
5.011872336273,2.334693524688e-10,4.597325530307e-11,2.334693524688e-10,4.597325530307e-11,-2.191459565973e-11,-2.553786761238e-12,2.191481697944e-11,2.551504296121e-12
5.069907082747,-6.803694981745e-10,-1.893571731818e-10,-6.803694981745e-10,-1.893571731818e-10,6.424934181829e-11,1.26182328889e-11,-6.425053906035e-11,-1.261145351107e-11
5.128613839914,2.073283927896e-10,6.234863018999e-11,2.073283927896e-10,6.234863018999e-11,-1.960686351175e-11,-4.291681735998e-12,1.960728044945e-11,4.289588130206e-12
5.18800038929,8.367601471184e-11,-5.4098628721e-11,8.367601471184e-11,-5.4098628721e-11,-7.355018480116e-12,5.587659926086e-12,7.354402618579e-12,-5.588439867895e-12
5.248074602498,-1.097760069241e-10,-9.453516152918e-11,-1.097760069241e-10,-9.453516152918e-11,1.080275696092e-11,7.976993881014e-12,-1.080360325159e-11,-7.975802320498e-12
5.30884444231,-1.227263648351e-10,-1.11238701484e-11,-1.227263648351e-10,-1.11238701484e-11,1.142044375194e-11,1.868487684841e-13,-1.142044134028e-11,-1.855912761606e-13
5.370317963703,-4.610041955067e-12,-3.754672634387e-11,-4.610041955067e-12,-3.754672634387e-11,6.80583947879e-13,3.439379870264e-12,-6.809655552332e-13,-3.439297165453e-12
5.432503314924,-3.611699792734e-10,-3.309214423005e-11,-3.611699792734e-10,-3.309214423005e-11,3.360634900717e-11,6.393064783365e-13,-3.360635337967e-11,-6.355197736999e-13
5.495408738576,7.106523508811e-13,1.892541223127e-11,7.106523508811e-13,1.892541223127e-11,-1.910184577812e-13,-1.744659639582e-12,1.912168672383e-13,1.744634362159e-12
5.559042572704,1.247290957577e-10,2.240777187652e-10,1.247290957577e-10,2.240777187652e-10,-1.299616672351e-11,-1.989606327738e-11,1.299843385214e-11,1.989452523494e-11
5.623413251904,1.513445674602e-10,8.063438524524e-11,1.513445674602e-10,8.063438524524e-11,-1.451128561633e-11,-6.47406307256e-12,1.451201126177e-11,6.472358044115e-12
5.688529308438,-3.463491354795e-10,-6.746515570961e-11,-3.463491354795e-10,-6.746515570961e-11,3.244625099751e-11,4.020631868683e-12,-3.244665988133e-11,-4.016796784185e-12
5.754399373372,-7.373454934714e-10,-3.19027090549e-10,-7.373454934714e-10,-3.19027090549e-10,7.017362593816e-11,2.482679238018e-11,-7.017644678357e-11,-2.481836965618e-11
5.821032177709,-8.003218148218e-11,-7.229048244693e-11,-8.003218148218e-11,-7.229048244693e-11,7.849611753789e-12,6.181905797103e-12,-7.8503420709e-12,-6.180945927346e-12
5.888436553556,-1.781013003467e-10,-5.678447110029e-11,-1.781013003467e-10,-5.678447110029e-11,1.681360677913e-11,4.148414206047e-12,-1.681407939571e-11,-4.146353015507e-12
5.95662143529,7.958878135699e-11,-3.976877165223e-11,7.958878135699e-11,-3.976877165223e-11,-7.113871288044e-12,4.16212535923e-12,7.113342899102e-12,-4.162995586281e-12
6.025595860744,4.030257105561e-10,1.579329206715e-10,4.030257105561e-10,1.579329206715e-10,-3.820711185103e-11,-1.216519589954e-11,3.820855472864e-11,1.216039788171e-11
6.095368972402,-2.002003296898e-10,2.594050805068e-11,-2.002003296898e-10,2.594050805068e-11,1.835065017609e-11,-3.592635379931e-12,-1.835015912969e-11,3.594947368008e-12
6.165950018615,6.137881230903e-11,3.675497762356e-11,6.137881230903e-11,3.675497762356e-11,-5.890374136117e-12,-3.035328092851e-12,5.890750318453e-12,3.034568902539e-12
6.237348354824,-2.209098229506e-10,-1.672875199943e-11,-2.209098229506e-10,-1.672875199943e-11,2.051730266292e-11,2.580244460889e-13,-2.051729465501e-11,-2.553704643937e-13
6.309573444802,8.178339790995e-10,3.013261160973e-10,8.178339790995e-10,3.013261160973e-10,-7.733334088442e-11,-2.313842145772e-11,7.733621199068e-11,2.312825760975e-11
6.382634861906,1.997946138798e-10,-1.987508038239e-11,1.997946138798e-10,-1.987508038239e-11,-1.835470848597e-11,2.975665718813e-12,1.835427765432e-11,-2.978088785147e-12
6.456542290347,3.655414564682e-10,2.810706514036e-11,3.655414564682e-10,2.810706514036e-11,-3.394705832747e-11,-5.390052126908e-13,3.394706198326e-11,5.344595356959e-13
6.531305526475,1.050048682403e-09,2.552171195715e-10,1.050048682403e-09,2.552171195715e-10,-9.848207304714e-11,-1.774411399521e-11,9.84842772388e-11,1.77307414418e-11
6.606934480076,-5.485569067985e-10,-8.039517680072e-11,-5.485569067985e-10,-8.039517680072e-11,5.114822422718e-11,4.411996201377e-12,-5.114872537547e-11,-4.404980440777e-12
6.683439175686,-5.996060543471e-11,-1.731716037284e-11,-5.996060543471e-11,-1.731716037284e-11,5.636662673559e-12,1.274474332562e-12,-5.636827905387e-12,-1.273690644927e-12
6.76082975392,-3.763132871655e-10,-8.377904706528e-11,-3.763132871655e-10,-8.377904706528e-11,3.523500562261e-11,5.720206550493e-12,-3.523573633079e-11,-5.715255681351e-12
6.839116472814,-4.966772856867e-10,-1.427093640622e-10,-4.966772856867e-10,-1.427093640622e-10,4.666893074927e-11,1.05508060147e-11,-4.667033263347e-11,-1.054416679873e-11
6.918309709189,-5.413623619107e-10,-1.815269597855e-10,-5.413623619107e-10,-1.815269597855e-10,5.099464745596e-11,1.393445595049e-11,-5.099654327817e-11,-1.392711274842e-11
6.998419960023,-2.407055541322e-10,-1.297535247241e-10,-2.407055541322e-10,-1.297535247241e-10,2.292358610948e-11,1.07433461246e-11,-2.292509872927e-11,-1.073999800727e-11
7.079457843841,-4.964760889811e-10,-1.759140542479e-10,-4.964760889811e-10,-1.759140542479e-10,4.679494382051e-11,1.371121897485e-11,-4.679686187393e-11,-1.37043222901e-11
7.161434102129,3.502147392025e-11,1.14317926217e-10,3.502147392025e-11,1.14317926217e-10,-3.817455031318e-12,-1.038918735504e-11,3.818989985947e-12,1.038859949988e-11
7.24435960075,-1.582500850521e-10,-5.056347987272e-11,-1.582500850521e-10,-5.056347987272e-11,1.488150223124e-11,3.87982532961e-12,-1.488205491257e-11,-3.877582164674e-12
7.328245331389,3.01242794577e-10,8.201552283191e-11,3.01242794577e-10,8.201552283191e-11,-2.825206600695e-11,-6.087043439535e-12,2.825293375942e-11,6.082738304649e-12
7.413102413009,6.29431804261e-11,7.030398151998e-11,6.29431804261e-11,7.030398151998e-11,-6.162801099105e-12,-6.189953259555e-12,6.16374006455e-12,6.188993470273e-12
7.498942093325,-7.232772600458e-10,-6.35100429428e-11,-7.232772600458e-10,-6.35100429428e-11,6.716372402865e-11,2.365518381231e-12,-6.716395588372e-11,-2.355070545276e-12
7.585775750292,-1.575861717556e-10,-1.705770439712e-11,-1.575861717556e-10,-1.705770439712e-11,1.464814831764e-11,8.218548979701e-13,-1.464824792601e-11,-8.195492724012e-13
7.673614893618,4.620815216385e-11,-5.147893447993e-11,4.620815216385e-11,-5.147893447993e-11,-4.027485214262e-12,4.977238988487e-12,4.026685137938e-12,-4.97786971385e-12
7.762471166287,-2.20620858127e-10,-9.838423279263e-11,-2.20620858127e-10,-9.838423279263e-11,2.085351787895e-11,8.061513781136e-12,-2.085477313695e-11,-8.05814106391e-12
7.852356346101,1.800359773069e-10,7.582531013587e-11,1.800359773069e-10,7.582531013587e-11,-1.699238867316e-11,-6.17595171072e-12,1.699335977114e-11,6.173172591593e-12
7.943282347243,2.271789471939e-10,-4.281961874706e-12,2.271789471939e-10,-4.281961874706e-12,-2.097964690661e-11,1.434738805975e-12,2.097936807743e-11,-1.438191236634e-12
8.035261221856,-2.19045879637e-10,2.66777299976e-11,-2.19045879637e-10,2.66777299976e-11,2.012685462823e-11,-3.456144733224e-12,-2.012623799901e-11,3.459490994084e-12
8.128305161641,2.492106535844e-10,7.577526497301e-11,2.492106535844e-10,7.577526497301e-11,-2.337431690663e-11,-5.89070049075e-12,2.337526228882e-11,5.886749129893e-12
8.222426499471,-2.252536454346e-11,1.148765763848e-10,-2.252536454346e-11,1.148765763848e-10,1.574733463483e-12,-1.071807883169e-11,-1.572902969995e-12,1.071832555638e-11
8.317637711027,4.065052120503e-10,9.241137697405e-11,4.065052120503e-10,9.241137697405e-11,-3.797866775312e-11,-6.767255411314e-12,3.797975775825e-11,6.760691812516e-12
8.413951416452,-8.506777082136e-11,1.260517912184e-11,-8.506777082136e-11,1.260517912184e-11,7.808819759625e-12,-1.532271218612e-12,-7.808536586389e-12,1.533630423545e-12
8.511380382024,4.31359592458e-10,4.1255581648e-11,4.31359592458e-10,4.1255581648e-11,-4.004860262914e-11,-1.97336974354e-12,4.004886954267e-11,1.966298006831e-12
8.609937521846,2.577890294429e-10,-6.972281785203e-11,2.577890294429e-10,-6.972281785203e-11,-2.353467497263e-11,7.531790226074e-12,2.353328256075e-11,-7.535976386964e-12
8.709635899561,5.792762758409e-10,4.871937634882e-11,5.792762758409e-10,4.871937634882e-11,-5.374831399587e-11,-2.089008472264e-12,5.374858199957e-11,2.079297845075e-12
8.81048873008,-1.483862130016e-10,-1.821192940996e-10,-1.483862130016e-10,-1.821192940996e-10,1.446633210452e-11,1.622283415255e-11,-1.446926628664e-11,-1.622015844695e-11
8.912509381338,-3.104701907476e-10,-1.160969309289e-10,-3.104701907476e-10,-1.160969309289e-10,2.917100480484e-11,9.467092239914e-12,-2.917269494724e-11,-9.461682298409e-12
9.01571137606,-7.324767493548e-10,-1.615884463066e-10,-7.324767493548e-10,-1.615884463066e-10,6.835672724426e-11,1.198803637402e-11,-6.835882913556e-11,-1.19752336593e-11
9.120108393559,1.788245987969e-10,3.985185562116e-11,1.788245987969e-10,3.985185562116e-11,-1.668816504858e-11,-2.972208827784e-12,1.668869312149e-11,2.969047038101e-12
9.225714271548,-7.657356732271e-10,-1.357923646891e-10,-7.657356732271e-10,-1.357923646891e-10,7.131461869496e-11,9.540505567897e-12,-7.131629846071e-11,-9.526844357426e-12
9.33254300797,-8.491485588717e-11,4.352174324729e-11,-8.491485588717e-11,4.352174324729e-11,7.679902099943e-12,-4.353009372942e-12,-7.679044122945e-12,4.35448660442e-12
9.440608762859,5.95685510482e-10,3.45451453171e-11,5.95685510482e-10,3.45451453171e-11,-5.519477516381e-11,-9.043372106799e-13,5.519483967984e-11,8.935312210352e-13
9.549925860214,-1.431727734665e-10,1.200082387294e-11,-1.431727734665e-10,1.200082387294e-11,1.318856096874e-11,-1.653054114972e-12,-1.318820674928e-11,1.655662243272e-12
9.660508789898,-5.84571822884e-10,-9.68120364027e-11,-5.84571822884e-10,-9.68120364027e-11,5.439818381913e-11,6.75430154783e-12,-5.439942576295e-11,-6.743391522542e-12
9.772372209558,2.960140680655e-10,1.309281722262e-11,2.960140680655e-10,1.309281722262e-11,-2.741056815423e-11,-1.118405026659e-13,2.741053486946e-11,1.062862149314e-13
9.88553094657,-3.921475027499e-10,-6.910070612292e-11,-3.921475027499e-10,-6.910070612292e-11,3.650149482449e-11,4.949035727613e-12,-3.650243469706e-11,-4.941543872583e-12
10.0,-5.09108354717e-11,-1.016672474685e-11,-5.09108354717e-11,-1.016672474685e-11,4.74278705533e-12,7.551947316793e-13,-4.742933951336e-12,-7.5420979809e-13
10.1157945426,4.007654170191e-11,-2.693861578327e-11,4.007654170191e-11,-2.693861578327e-11,-3.607936447536e-12,2.633669608701e-12,3.607376672815e-12,-2.634420973654e-12
10.23292992281,5.206245593238e-11,4.954191668629e-11,5.206245593238e-11,4.954191668629e-11,-4.987847326025e-12,-4.395000009433e-12,4.988769631231e-12,4.393932729293e-12
10.35142166679,-1.312159253619e-10,-2.986361787332e-11,-1.312159253619e-10,-2.986361787332e-11,1.223345695243e-11,2.301077767084e-12,-1.223392580467e-11,-2.298447379616e-12
10.47128548051,-1.973375657424e-10,-4.0850915049e-11,-1.973375657424e-10,-4.0850915049e-11,1.838220167682e-11,3.093210547825e-12,-1.838283563247e-11,-3.089213139479e-12
10.59253725177,-1.384607955087e-10,7.827306431309e-12,-1.384607955087e-10,7.827306431309e-12,1.27718182e-11,-1.197070228695e-12,-1.27715291273e-11,1.199872856561e-12
10.71519305238,-1.479985585622e-11,8.120065804516e-12,-1.479985585622e-11,8.120065804516e-12,1.340571052351e-12,-8.006071487421e-13,-1.340390431256e-12,8.009033475305e-13
10.83926914021,2.668256253765e-10,9.406837735001e-11,2.668256253765e-10,9.406837735001e-11,-2.497827084337e-11,-7.8036395694e-12,2.49799734641e-11,7.798009794899e-12
10.96478196143,2.009583519749e-10,-1.063949526579e-11,2.009583519749e-10,-1.063949526579e-11,-1.854039684421e-11,1.647136561864e-12,1.853998433082e-11,-1.651348317655e-12
11.09174815262,-1.115988651989e-10,-5.319699017268e-11,-1.115988651989e-10,-5.319699017268e-11,1.048926128414e-11,4.552963426255e-12,-1.049028684721e-11,-4.550541745821e-12
11.22018454302,-2.043459615581e-10,-3.665660993898e-11,-2.043459615581e-10,-3.665660993898e-11,1.900693520968e-11,2.729047623117e-12,-1.900753106464e-11,-2.724620161523e-12
11.35010815672,-5.410025268916e-11,6.219185295995e-12,-5.410025268916e-11,6.219185295995e-12,4.980910627492e-12,-7.473905326569e-13,-4.980724500262e-12,7.485611951722e-13
11.48153621497,1.470464371247e-10,-7.362078169749e-11,1.470464371247e-10,-7.362078169749e-11,-1.336015483075e-11,7.268593886845e-12,1.335839696774e-11,-7.271759500521e-12
11.6144861384,1.88206176938e-10,-3.967291381288e-11,1.88206176938e-10,-3.967291381288e-11,-1.72731975672e-11,4.253472654082e-12,1.727213769801e-11,-4.257623631226e-12
11.7489755494,9.505029448974e-11,3.469465224712e-11,9.505029448974e-11,3.469465224712e-11,-8.892777958616e-12,-2.914322528255e-12,8.89346959916e-12,2.912150170162e-12
11.88502227437,-1.727730333473e-10,-4.73276572934e-11,-1.727730333473e-10,-4.73276572934e-11,1.611426402692e-11,3.848918652986e-12,-1.61151793065e-11,-3.844939693385e-12
12.02264434617,4.840278223094e-10,1.156885910503e-10,4.840278223094e-10,1.156885910503e-10,-4.508897100265e-11,-9.237727480783e-12,4.509118083041e-11,9.226468522121e-12
12.16186000646,-4.645596983751e-12,-5.159571720061e-11,-4.645596983751e-12,-5.159571720061e-11,5.828053607836e-13,4.755425931104e-12,-5.840033312744e-13,-4.755269152166e-12
12.30268770812,-1.1470715998e-10,2.467694251067e-12,-1.1470715998e-10,2.467694251067e-12,1.059567619853e-11,-5.651498599922e-13,-1.059551015399e-11,5.678515380074e-13
12.44514611771,-4.172093799736e-11,-2.326911116153e-11,-4.172093799736e-11,-2.326911116153e-11,3.924041088253e-12,2.029710818403e-12,-3.924556732043e-12,-2.028694051585e-12
12.58925411794,4.951905649747e-10,1.158926644433e-10,4.951905649747e-10,1.158926644433e-10,-4.610546325884e-11,-9.291151004433e-12,4.61077931872e-11,9.279096823144e-12
12.73503081017,4.781561956054e-10,7.019709215983e-11,4.781561956054e-10,7.019709215983e-11,-4.439738725838e-11,-5.132174636962e-12,4.439865053858e-11,5.120440714541e-12
12.88249551693,-1.939866082189e-10,-6.697907204016e-11,-1.939866082189e-10,-6.697907204016e-11,1.811890035795e-11,5.647288463672e-12,-1.812037128276e-11,-5.642437000784e-12
13.03166778452,5.435125148351e-10,9.032041823904e-11,5.435125148351e-10,9.032041823904e-11,-5.048973078971e-11,-6.842596507833e-12,5.04914750241e-11,6.828939773885e-12
13.18256738556,3.542087099873e-11,2.02784646015e-11,3.542087099873e-11,2.02784646015e-11,-3.329658141755e-12,-1.777423431439e-12,3.330137062621e-12,1.776509637508e-12
13.33521432163,2.532540997625e-10,6.254005479285e-11,2.532540997625e-10,6.254005479285e-11,-2.357876490547e-11,-5.095351217287e-12,2.358012480137e-11,5.088821148545e-12
13.48962882592,4.063284330192e-10,9.2113449224e-11,4.063284330192e-10,9.2113449224e-11,-3.780529180481e-11,-7.427449951235e-12,3.780729069456e-11,7.416860375059e-12
13.64583136589,2.11868390921e-10,1.771268789658e-11,2.11868390921e-10,1.771268789658e-11,-1.963083295306e-11,-1.07708521757e-12,1.963109686911e-11,1.071528653329e-12
13.80384264603,1.107955340577e-10,2.587599641571e-11,1.107955340577e-10,2.587599641571e-11,-1.030897376277e-11,-2.102319406222e-12,1.030955401582e-11,2.099364445908e-12
13.96368361056,-1.406746360998e-11,6.298553951027e-12,-1.406746360998e-11,6.298553951027e-12,1.284055940085e-12,-6.185354017774e-13,-1.283874180239e-12,6.189058846324e-13
14.12537544623,-1.169805544007e-10,3.108137676003e-11,-1.169805544007e-10,3.108137676003e-11,1.073373654885e-11,-3.171575785579e-12,-1.073278526368e-11,3.174712887066e-12
14.28893958511,2.578143588227e-10,-8.284403606749e-12,2.578143588227e-10,-8.284403606749e-12,-2.381010655647e-11,1.416101872978e-12,2.380963729322e-11,-1.423153214547e-12
14.45439770746,6.571193814684e-10,7.7545156638e-11,6.571193814684e-10,7.7545156638e-11,-6.093397776033e-11,-5.529694058267e-12,6.093550769052e-11,5.511420348406e-12
14.62177174457,-1.523931540565e-11,5.105287970853e-11,-1.523931540565e-11,5.105287970853e-11,1.282860296753e-12,-4.756605743607e-12,-1.281415532235e-12,4.756984723558e-12
14.79108388168,2.869613322498e-10,7.369746418488e-11,2.869613322498e-10,7.369746418488e-11,-2.670464119474e-11,-6.113489548909e-12,2.670646018907e-11,6.105286835392e-12
14.96235656094,-1.348753687898e-10,-2.893360827948e-11,-1.348753687898e-10,-2.893360827948e-11,1.253679357542e-11,2.349916428314e-12,-1.253749632439e-11,-2.346022135197e-12
15.13561248436,1.373994156881e-10,4.129159830917e-12,1.373994156881e-10,4.129159830917e-12,-1.271029897167e-11,-5.492942791062e-14,1.271028953773e-11,5.094045783222e-14
15.31087461682,-7.243706515677e-10,-7.863137661604e-11,-7.243706515677e-10,-7.863137661604e-11,6.714181086605e-11,5.565875429238e-12,-6.714343677282e-11,-5.54454872798e-12
15.48816618913,-4.241017592483e-10,-5.073576892967e-11,-4.241017592483e-10,-5.073576892967e-11,3.931957323382e-11,3.704744332247e-12,-3.932068027607e-11,-3.692109509431e-12
15.66751070108,7.399660831843e-11,-4.581303574043e-11,7.399660831843e-11,-4.581303574043e-11,-6.73470430969e-12,4.404557765563e-12,6.733259277398e-12,-4.406736308639e-12
15.84893192461,-1.507532827032e-10,-2.464799122528e-11,-1.507532827032e-10,-2.464799122528e-11,1.399074874724e-11,1.936381951011e-12,-1.399135558653e-11,-1.931780245518e-12
16.0324539069,-1.742158010899e-10,-2.625383401699e-13,-1.742158010899e-10,-2.625383401699e-13,1.610418075517e-11,-3.662495358425e-13,-1.61040250171e-11,3.716021801202e-13
16.21810097359,-5.436203153412e-10,-5.72532126973e-11,-5.436203153412e-10,-5.72532126973e-11,5.037622805705e-11,4.087972607444e-12,-5.037749628451e-11,-4.07102378605e-12
16.405897732,-4.633972106022e-10,-1.425984073823e-10,-4.633972106022e-10,-1.425984073823e-10,4.314615801409e-11,1.216663834722e-11,-4.315020542082e-11,-1.215193569771e-11
16.59586907438,-8.397607222834e-11,-3.237821338723e-11,-8.397607222834e-11,-3.237821338723e-11,7.832348609306e-12,2.811210130187e-12,-7.833299371955e-12,-2.808509015459e-12
16.78804018123,-2.03984308325e-10,-9.323612089402e-11,-2.03984308325e-10,-9.323612089402e-11,1.905454950279e-11,8.182193877696e-12,-1.905735723079e-11,-8.175543809956e-12
16.98243652462,7.088742705714e-12,-5.479255256019e-11,7.088742705714e-12,-5.479255256019e-11,-5.394978161017e-13,5.079710091206e-12,5.377079954569e-13,-5.079889270715e-12
17.17908387158,2.532532075679e-10,6.493965673057e-12,2.532532075679e-10,6.493965673057e-12,-2.342295012073e-11,-7.159760416814e-14,2.342292580605e-11,6.325422519782e-14
17.37800828749,-1.079953730805e-10,2.599332733391e-11,-1.079953730805e-10,2.599332733391e-11,9.928904164094e-12,-2.625462414223e-12,-9.927937001719e-12,2.629034438796e-12
17.57923613959,-2.478934308288e-10,-3.658094342447e-11,-2.478934308288e-10,-3.658094342447e-11,2.298853125955e-11,2.876040204608e-12,-2.298953053276e-11,-2.867654848902e-12
17.78279410039,-1.413937916423e-10,5.153830245882e-12,-1.413937916423e-10,5.153830245882e-12,1.305931669939e-11,-7.611983303437e-13,-1.305900813907e-11,7.660118886087e-13
17.98870915129,2.53912604824e-10,-1.969848982937e-11,2.53912604824e-10,-1.969848982937e-11,-2.343113693816e-11,2.326210746892e-12,2.34302191724e-11,-2.334945255172e-12
18.1970085861,2.48576748887e-10,8.983335537055e-12,2.48576748887e-10,8.983335537055e-12,-2.299479439838e-11,-3.414764010334e-13,2.299487397607e-11,3.327996209051e-13
18.40772001469,-2.409781683264e-10,-5.651471910597e-11,-2.409781683264e-10,-5.651471910597e-11,2.238458553105e-11,4.755599488661e-12,-2.238635258921e-11,-4.747045673052e-12
18.62087136663,-4.103467851377e-10,-3.879892001925e-11,-4.103467851377e-10,-3.879892001925e-11,3.800480323063e-11,2.798365606445e-12,-3.80058019865e-11,-2.783686186756e-12
18.8364908949,-2.900116834525e-10,-1.712235778377e-11,-2.900116834525e-10,-1.712235778377e-11,2.683964256239e-11,1.032405742281e-12,-2.68399880098e-11,-1.021920916302e-12
19.05460717963,6.176983321263e-11,3.70513151472e-11,6.176983321263e-11,3.70513151472e-11,-5.779145742009e-12,-3.309016024034e-12,5.780440629956e-12,3.306725625734e-12
19.27524913191,-6.552687925662e-10,-3.951286473532e-11,-6.552687925662e-10,-3.951286473532e-11,6.064279648323e-11,2.438434733098e-12,-6.064364006018e-11,-2.414192868935e-12
19.49844599758,-5.960376610687e-10,-6.108700864828e-11,-5.960376610687e-10,-6.108700864828e-11,5.520640007245e-11,4.555533747713e-12,-5.520812239071e-11,-4.533204525609e-12
19.72422736115,-5.714091131914e-10,-4.854054492693e-11,-5.714091131914e-10,-4.854054492693e-11,5.29058399304e-11,3.453373067279e-12,-5.29071375992e-11,-3.431728632702e-12
19.95262314969,-1.560581959863e-10,-1.490123377791e-11,-1.560581959863e-10,-1.490123377791e-11,1.44518261343e-11,1.098515144713e-12,-1.445224922017e-11,-1.092533944071e-12
20.18366363682,8.019533994045e-11,-2.260968793683e-11,8.019533994045e-11,-2.260968793683e-11,-7.372914476162e-12,2.231515496846e-12,7.371964556355e-12,-2.234596186155e-12
20.4173794467,-8.382886284552e-11,-5.931200858535e-12,-8.382886284552e-11,-5.931200858535e-12,7.759045316595e-12,4.020107432271e-13,-7.759198596413e-12,-3.987251293014e-13
20.65380155811,-6.937929599325e-10,-8.142740243908e-11,-6.937929599325e-10,-8.142740243908e-11,6.427091178998e-11,6.330915975325e-12,-6.427348264539e-11,-6.303378447944e-12
20.89296130854,-2.795762719972e-10,-1.513540789982e-11,-2.795762719972e-10,-1.513540789982e-11,2.586833130641e-11,9.229489298393e-13,-2.586867454038e-11,-9.117406470258e-13
21.13489039837,-9.875822574345e-11,-2.01393996605e-11,-9.875822574345e-11,-2.01393996605e-11,9.162573179977e-12,1.695425522796e-12,-9.163296065073e-12,-1.691406581445e-12
21.37962089502,-2.396733697196e-10,-1.844670499986e-11,-2.396733697196e-10,-1.844670499986e-11,2.218480522724e-11,1.306730334603e-12,-2.218533576464e-11,-1.296893060476e-12
21.62718523727,-2.919763831477e-10,-1.677698963763e-11,-2.919763831477e-10,-1.677698963763e-11,2.701630878837e-11,1.071295710679e-12,-2.701672972186e-11,-1.059178491837e-12
21.8776162395,-2.813612015098e-11,3.278844284902e-11,-2.813612015098e-11,3.278844284902e-11,2.547558812963e-12,-3.076438702413e-12,-2.546157658803e-12,3.077587540722e-12
22.13094709606,-7.212575178847e-11,-6.843929173269e-12,-7.212575178847e-11,-6.843929173269e-12,6.677893769471e-12,5.170125103385e-13,-6.678116250613e-12,-5.139470629435e-13
22.38721138568,4.827640139057e-10,5.38468124489e-11,4.827640139057e-10,5.38468124489e-11,-4.470942339667e-11,-4.212884199481e-12,4.471127990803e-11,4.192121359705e-12
22.64644307593,-1.546576815581e-10,-9.135395545466e-12,-1.546576815581e-10,-9.135395545466e-12,1.431003087544e-11,6.0249846947e-13,-1.431028201028e-11,-5.957776931779e-13
22.90867652768,-4.122877979927e-12,8.216551846751e-12,-4.122877979927e-12,8.216551846751e-12,3.683997414949e-13,-7.658659585377e-13,-3.680351362538e-13,7.660392434037e-13
23.17394649969,4.17692814901e-10,1.647743824902e-11,4.17692814901e-10,1.647743824902e-11,-3.863447485796e-11,-8.854406451642e-13,3.863481412251e-11,8.668748468727e-13
23.4422881532,-1.6951365294e-11,1.401050997416e-11,-1.6951365294e-11,1.401050997416e-11,1.545766238766e-12,-1.320621124714e-12,-1.545120877211e-12,1.321369510969e-12
23.71373705662,-1.23652581572e-10,-1.98648126229e-11,-1.23652581572e-10,-1.98648126229e-11,1.145938494831e-11,1.65199248704e-12,-1.146017152926e-11,-1.646354305395e-12
23.9883291902,3.792739425187e-10,3.788250109897e-11,3.792739425187e-10,3.788250109897e-11,-3.511382821193e-11,-2.943534184386e-12,3.511521336631e-11,2.926062489174e-12
24.26610095082,-2.814070478717e-10,-3.106620743419e-11,-2.814070478717e-10,-3.106620743419e-11,2.60569404556e-11,2.462540470976e-12,-2.605812075813e-11,-2.449424526315e-12
24.54708915685,-4.662299782038e-10,-6.315980455236e-11,-4.662299782038e-10,-6.315980455236e-11,4.31865262963e-11,5.168722361147e-12,-4.318905946178e-11,-5.146730027932e-12
24.83133105296,-3.580601372279e-10,-5.927152864336e-11,-3.580601372279e-10,-5.927152864336e-11,3.318125262659e-11,4.970916739937e-12,-3.318373681363e-11,-4.953821653311e-12
25.1188643151,-5.458989826401e-11,-1.920674951952e-11,-5.458989826401e-11,-1.920674951952e-11,5.07290875409e-12,1.698895384804e-12,-5.073782060556e-12,-1.696249425038e-12
25.40972705549,-2.092174080309e-10,6.870035688213e-12,-2.092174080309e-10,6.870035688213e-12,1.932944627094e-11,-9.245256898088e-13,-1.932891515427e-11,9.347074295351e-13
25.70395782769,-1.155101271117e-10,-4.323658803754e-11,-1.155101271117e-10,-4.323658803754e-11,1.073623742488e-11,3.838694452879e-12,-1.073825876296e-11,-3.832963729474e-12
26.00159563165,1.164758287921e-10,2.539888504144e-11,1.164758287921e-10,2.539888504144e-11,-1.080069549382e-11,-2.190511811548e-12,1.080185172073e-11,2.184683829891e-12
26.30267991895,-3.711286623383e-11,-2.910637406607e-11,-3.711286623383e-11,-2.910637406607e-11,3.469322393697e-12,2.640959947644e-12,-3.470754727264e-12,-2.639061810947e-12
26.60725059799,-1.204887975514e-10,7.433013788776e-12,-1.204887975514e-10,7.433013788776e-12,1.112756042403e-11,-8.457212737428e-13,-1.112706820916e-11,8.518582499975e-13
26.91534803927,-3.32800434987e-10,-2.60430719308e-11,-3.32800434987e-10,-2.60430719308e-11,3.07961809625e-11,1.974495868034e-12,-3.079721169513e-11,-1.957304733236e-12
27.22701308078,-1.243553997751e-10,-2.605160205956e-11,-1.243553997751e-10,-2.605160205956e-11,1.152821434091e-11,2.248360760768e-12,-1.152945689317e-11,-2.241847444619e-12
27.54228703338,1.637365314826e-10,-4.930675068431e-12,1.637365314826e-10,-4.930675068431e-12,-1.512868549365e-11,6.634422513624e-13,1.512827142788e-11,-6.720803065723e-13
27.8612116863,2.076053604886e-10,3.004519254335e-11,2.076053604886e-10,3.004519254335e-11,-1.922757551631e-11,-2.51717843939e-12,1.922898478503e-11,2.506065050573e-12
28.18382931265,-4.072011664898e-10,-1.416688536445e-11,-4.072011664898e-10,-1.416688536445e-11,3.765704604257e-11,8.058255295786e-13,-3.765742877398e-11,-7.838177695334e-13
28.51018267504,-2.543380456225e-10,-1.534552714242e-11,-2.543380456225e-10,-1.534552714242e-11,2.352840801006e-11,1.107788345181e-12,-2.352900759235e-11,-1.093877095126e-12
28.84031503127,-2.53564786754e-10,-2.78524220974e-11,-2.53564786754e-10,-2.78524220974e-11,2.347178276896e-11,2.268682826401e-12,-2.347308407694e-11,-2.254641637194e-12
29.17427014001,-2.01009373317e-10,-1.279653648544e-11,-2.01009373317e-10,-1.279653648544e-11,1.85954842029e-11,9.434309918068e-13,-1.859601090048e-11,-9.321801243944e-13
29.51209226666,1.107051118946e-10,-8.58323984704e-12,1.107051118946e-10,-8.58323984704e-12,-1.022290009559e-11,9.235868177133e-13,1.022231066369e-11,-9.298401885355e-13
29.85382618918,-2.306351581706e-10,-4.336836013369e-11,-2.306351581706e-10,-4.336836013369e-11,2.136905472542e-11,3.740916086886e-12,-2.13713194356e-11,-3.727679675336e-12
30.19951720402,-2.886525995372e-10,-3.532217957473e-11,-2.886525995372e-10,-3.532217957473e-11,2.672201776886e-11,2.934031194583e-12,-2.672379105014e-11,-2.917291647239e-12
30.54921113216,5.853034027368e-10,2.137308615027e-11,5.853034027368e-10,2.137308615027e-11,-5.412654261053e-11,-1.31301325236e-12,5.412724433078e-11,1.278725220765e-12
30.90295432514,1.0367025382e-10,2.512889416409e-11,1.0367025382e-10,2.512889416409e-11,-9.610815636357e-12,-2.206909844672e-12,9.612206558435e-12,2.200746342017e-12
31.26079367124,-4.069801795059e-10,-3.7068468143e-11,-4.069801795059e-10,-3.7068468143e-11,3.765999581565e-11,2.977318844015e-12,-3.766183449749e-11,-2.952901368119e-12
31.62277660168,3.247802337627e-10,1.939897017443e-11,3.247802337627e-10,1.939897017443e-11,-3.004209703343e-11,-1.439320545219e-12,3.004296776824e-11,1.419619028288e-12
31.98895109691,-1.403058241251e-10,-1.100041073773e-11,-1.403058241251e-10,-1.100041073773e-11,1.298095737044e-11,8.659239429308e-13,-1.29815000418e-11,-8.573119116887e-13
32.35936569296,-3.824405147348e-10,-3.346326532829e-11,-3.824405147348e-10,-3.346326532829e-11,3.538630119795e-11,2.687133089566e-12,-3.538801743619e-11,-2.663383949148e-12
32.73406948788,-3.116150516487e-10,-4.369089490508e-11,-3.116150516487e-10,-4.369089490508e-11,2.884983290535e-11,3.711967727426e-12,-2.885228131204e-11,-3.692377560165e-12
33.11311214826,2.812713205662e-10,1.147467441563e-11,2.812713205662e-10,1.147467441563e-11,-2.601109988917e-11,-7.696717089399e-13,2.601156404816e-11,7.518110584334e-13
33.49654391578,6.251681300661e-10,1.189209578187e-11,6.251681300661e-10,1.189209578187e-11,-5.779936878396e-11,-4.608390399489e-13,5.779954537191e-11,4.206943814879e-13
33.88441561392,-9.297479586198e-11,-1.288504514856e-11,-9.297479586198e-11,-1.288504514856e-11,8.607084003659e-12,1.09731249515e-12,-8.60783348458e-12,-1.091262642424e-12
34.27677865465,-2.479173120464e-10,1.531926561156e-11,-2.479173120464e-10,1.531926561156e-11,2.290092007268e-11,-1.662668728978e-12,-2.289968102854e-11,1.678940471467e-12
34.67368504525,6.268626487487e-11,-1.41274835654e-11,6.268626487487e-11,-1.41274835654e-11,-5.780514136134e-12,1.367419194437e-12,5.779516495798e-12,-1.371571592146e-12
35.07518739526,-3.948797120622e-11,-1.218306323546e-11,-3.948797120622e-11,-1.218306323546e-11,3.661864066838e-12,1.087872640123e-12,-3.662645977256e-12,-1.085206745945e-12
35.48133892336,-2.366450674952e-10,1.010460210173e-11,-2.366450674952e-10,1.010460210173e-11,2.186454950583e-11,-1.160324105922e-12,-2.18636403092e-11,1.176406592043e-12
35.8921934645,-6.19829809274e-10,-2.951818207739e-11,-6.19829809274e-10,-2.951818207739e-11,5.732163083063e-11,2.143547676279e-12,-5.732307967822e-11,-2.10088318904e-12
36.30780547701,-2.293385545722e-10,1.475041734197e-11,-2.293385545722e-10,1.475041734197e-11,2.118510003223e-11,-1.577028306764e-12,-2.118385843414e-11,1.592972866745e-12
36.72823004981,-1.817843338615e-10,-1.769095413678e-11,-1.817843338615e-10,-1.769095413678e-11,1.681943413435e-11,1.468208041629e-12,-1.682050883918e-11,-1.455395595619e-12
37.15352290972,3.43667283492e-10,1.465666406148e-11,3.43667283492e-10,1.465666406148e-11,-3.178006522819e-11,-1.043170069342e-12,3.1780786422e-11,1.01868535614e-12
37.58374042885,-5.51994209027e-10,-1.534848977983e-11,-5.51994209027e-10,-1.534848977983e-11,5.103713880238e-11,9.248971258822e-13,-5.103772648641e-11,-8.85122610918e-13
38.01893963206,-4.02305720669e-10,-1.310366452918e-11,-4.02305720669e-10,-1.310366452918e-11,3.719856554213e-11,8.561317599649e-13,-3.719914291896e-11,-8.268058386043e-13
38.45917820454,-6.112213140135e-10,-9.794740472022e-12,-6.112213140135e-10,-9.794740472022e-12,5.650657306404e-11,3.731171187692e-13,-5.65067216534e-11,-3.280561340925e-13
38.90451449943,-3.824416022301e-10,-2.214976079153e-11,-3.824416022301e-10,-2.214976079153e-11,3.536989276562e-11,1.718863066763e-12,-3.537118555404e-11,-1.690326921138e-12
39.35500754558,1.533349616454e-10,-7.759936704472e-12,1.533349616454e-10,-7.759936704472e-12,-1.416689076065e-11,8.472292336456e-13,1.416616165137e-11,-8.587872126768e-13
39.81071705535,-6.289472602e-10,-3.909058442192e-11,-6.289472602e-10,-3.909058442192e-11,5.816920903719e-11,3.087573332448e-12,-5.817160170986e-11,-3.039549120983e-12
40.27170343255,-2.873688274315e-10,7.264903088413e-13,-2.873688274315e-10,7.264903088413e-13,2.656224309639e-11,-3.040940032235e-13,-2.656191752977e-11,3.262729484777e-13
40.73802778041,4.799418088644e-10,2.855043205553e-11,4.799418088644e-10,2.855043205553e-11,-4.438647860663e-11,-2.248749469303e-12,4.438825763834e-11,2.211250997972e-12
41.20975190973,-1.784498506891e-10,-1.098506792141e-11,-1.784498506891e-10,-1.098506792141e-11,1.650376237381e-11,8.722777636144e-13,-1.650446264409e-11,-8.581735627508e-13
41.68693834703,-2.111455496838e-10,-1.017570012441e-11,-2.111455496838e-10,-1.017570012441e-11,1.952521597517e-11,7.735806896366e-13,-1.952583098569e-11,-7.567018452177e-13
42.16965034286,1.534922328753e-10,9.120846105321e-12,1.534922328753e-10,9.120846105321e-12,-1.419511635754e-11,-7.233615726056e-13,1.419570959617e-11,7.109478768575e-13
42.65795188016,-1.120007533377e-10,3.849991193532e-12,-1.120007533377e-10,3.849991193532e-12,1.034979020627e-11,-4.420130884794e-13,-1.034937045439e-11,4.511661285453e-13
43.15190768278,1.812803526943e-10,2.522133125762e-12,1.812803526943e-10,2.522133125762e-12,-1.67584995031e-11,-9.566122985554e-14,1.675853816125e-11,8.066662422504e-14
43.65158322402,-2.093624420709e-10,-2.093866837369e-11,-2.093624420709e-10,-2.093866837369e-11,1.936799975232e-11,1.77892561937e-12,-1.93695552395e-11,-1.761390805889e-12
44.15704473533,-4.077372838113e-10,-4.636511305557e-12,-4.077372838113e-10,-4.636511305557e-12,3.769247085954e-11,1.28033830172e-13,-3.769248110225e-11,-9.352332455969e-14
44.6683592151,4.916072638186e-10,2.558589877313e-11,4.916072638186e-10,2.558589877313e-11,-4.546013564644e-11,-2.007811985435e-12,4.546186531202e-11,1.965702295696e-12
45.18559443749,3.096077495142e-10,2.700063650481e-11,3.096077495142e-10,2.700063650481e-11,-2.863782161234e-11,-2.274040053239e-12,2.863986974177e-11,2.247202802867e-12
45.70881896149,-1.293602307254e-10,1.555519263219e-12,-1.293602307254e-10,1.555519263219e-12,1.195626862615e-11,-2.351070240462e-13,-1.195601115241e-11,2.464378524665e-13
46.23810213993,-1.08298250858e-10,-1.457671019387e-11,-1.08298250858e-10,-1.457671019387e-11,1.002065194561e-11,1.272042158909e-12,-1.002184222704e-11,-1.262431439148e-12
46.77351412872,-8.258134078601e-11,1.520867299233e-11,-8.258134078601e-11,1.520867299233e-11,7.622948132787e-12,-1.462432112644e-12,-7.621507418049e-12,1.469820716198e-12
47.31512589615,-1.873943866133e-10,-6.260617815147e-12,-1.873943866133e-10,-6.260617815147e-12,1.732596187481e-11,4.520813587357e-13,-1.732635406269e-11,-4.350823475688e-13
47.86300923226,-2.820861376066e-10,-1.397802768449e-11,-2.820861376066e-10,-1.397802768449e-11,2.608383436569e-11,1.1042542208e-12,-2.608485238387e-11,-1.078365010293e-12
48.41723675841,-4.992192899518e-10,-1.692547944681e-11,-4.992192899518e-10,-1.692547944681e-11,4.61562520253e-11,1.237050073662e-12,-4.61573550747e-11,-1.190709919286e-12
48.97788193685,2.48121381746e-10,2.171552994333e-11,2.48121381746e-10,2.171552994333e-11,-2.29490395412e-11,-1.846934860433e-12,2.295084559058e-11,1.823623861266e-12
49.54501908048,-3.706092407032e-10,-1.182832323359e-11,-3.706092407032e-10,-1.182832323359e-11,3.42646548139e-11,8.574432280339e-13,-3.426543096525e-11,-8.222409531743e-13
50.11872336273,-4.77651049309e-10,-2.631211803545e-11,-4.77651049309e-10,-2.631211803545e-11,4.416799020062e-11,2.132683670698e-12,-4.417007041623e-11,-2.086778477382e-12
50.69907082747,-1.546457731176e-10,-1.702520633468e-11,-1.546457731176e-10,-1.702520633468e-11,1.430513546934e-11,1.47822934179e-12,-1.430664498967e-11,-1.463186962338e-12
51.28613839914,5.649739711417e-10,1.096445485021e-11,5.649739711417e-10,1.096445485021e-11,-5.222981833937e-11,-6.699549255852e-13,5.223036724098e-11,6.144122328908e-13
51.8800038929,1.276860830053e-10,-1.050032662263e-11,1.276860830053e-10,-1.050032662263e-11,-1.17963265033e-11,1.047044174299e-12,1.179516295313e-11,-1.059730201433e-12
52.48074602498,2.349488059978e-11,1.337367354526e-11,2.349488059978e-11,1.337367354526e-11,-2.179623757028e-12,-1.222340218318e-12,2.180946916299e-12,1.219964551077e-12
53.0884444231,-3.561740797483e-10,-1.672305589855e-12,-3.561740797483e-10,-1.672305589855e-12,3.292378071411e-11,-5.211763646696e-14,-3.292361760491e-11,8.835859482984e-14
53.70317963703,3.34564473679e-10,1.340390879715e-11,3.34564473679e-10,1.340390879715e-11,-3.093299044337e-11,-1.04787052239e-12,3.093405703234e-11,1.013423104108e-12
54.32503314924,2.549125448287e-10,-1.089852210268e-11,2.549125448287e-10,-1.089852210268e-11,-2.355661115528e-11,1.150716991663e-12,2.35552379885e-11,-1.177247355033e-12
54.95408738576,-3.416603001782e-11,-2.106312591337e-12,-3.416603001782e-11,-2.106312591337e-12,3.159288487508e-12,1.757928528312e-13,-3.159478372773e-12,-1.721924493543e-13
55.59042572704,-1.542867506926e-10,-1.587502572969e-11,-1.542867506926e-10,-1.587502572969e-11,1.427007510591e-11,1.383406230615e-12,-1.427162216989e-11,-1.366953433081e-12
56.23413251904,-4.529310598644e-10,-8.434466799695e-12,-4.529310598644e-10,-8.434466799695e-12,4.187101283414e-11,5.370398374184e-13,-4.187149834672e-11,-4.882171781905e-13
56.88529308439,1.288347231195e-11,-3.959089669917e-12,1.288347231195e-11,-3.959089669917e-12,-1.18879237781e-12,3.727449817817e-13,1.188348699811e-12,-3.741458788312e-13
57.54399373372,8.910475518545e-10,2.031888140075e-11,8.910475518545e-10,2.031888140075e-11,-8.237413492847e-11,-1.416394122707e-12,8.23755428718e-11,1.318105289259e-12
58.21032177709,-5.150732183695e-10,-8.843950757073e-12,-5.150732183695e-10,-8.843950757073e-12,4.761508110231e-11,5.549794987261e-13,-4.761558634554e-11,-4.975082149574e-13
58.88436553556,-7.596188527145e-11,8.026779111924e-12,-7.596188527145e-11,8.026779111924e-12,7.017481748304e-12,-7.80018836013e-13,-7.016504901736e-12,7.885839887689e-13
59.5662143529,3.61146064799e-10,1.340213594071e-11,3.61146064799e-10,1.340213594071e-11,-3.338898276001e-11,-1.060890957843e-12,3.339017532586e-11,1.019649461193e-12
60.25595860744,-4.109820144041e-10,-4.858757589019e-12,-4.109820144041e-10,-4.858757589019e-12,3.799129543806e-11,2.500809332879e-13,-3.799147259778e-11,-2.026147755747e-13
60.95368972402,5.922665677382e-10,1.799543307893e-11,5.922665677382e-10,1.799543307893e-11,-5.475446327704e-11,-1.381497626087e-12,5.475601230011e-11,1.312291820954e-12
61.65950018615,-7.212117887021e-10,-8.855574933843e-12,-7.212117887021e-10,-8.855574933843e-12,6.666903093299e-11,4.81241135836e-13,-6.666940387873e-11,-3.960047846853e-13
62.37348354824,-2.133717093371e-10,6.040294108241e-12,-2.133717093371e-10,6.040294108241e-12,1.972014189705e-11,-6.563794900649e-13,-1.971922059252e-11,6.818806986271e-13
63.09573444802,1.503859847869e-10,4.065025241214e-12,1.503859847869e-10,4.065025241214e-12,-1.390269467673e-11,-3.07867619114e-13,1.390304584524e-11,2.896782334835e-13
63.82634861906,-5.679664909372e-10,-2.311939873784e-11,-5.679664909372e-10,-2.311939873784e-11,5.250996926159e-11,1.885249722113e-12,-5.251226721896e-11,-1.815750858162e-12
64.56542290347,2.53137372792e-10,2.00704207476e-11,2.53137372792e-10,2.00704207476e-11,-2.340737127282e-11,-1.745012997499e-12,2.340961860204e-11,1.713670321477e-12
65.31305526475,5.961709872649e-10,1.520490537546e-11,5.961709872649e-10,1.520490537546e-11,-5.511328135616e-11,-1.150699285495e-12,5.511462836428e-11,1.076058938775e-12
66.06934480076,-8.635184710239e-11,-4.655452727817e-12,-8.635184710239e-11,-4.655452727817e-12,7.983844389499e-12,3.941066859544e-13,-7.984353329159e-12,-3.83168018575e-13
66.83439175686,1.29735484819e-10,-3.741431356651e-12,1.29735484819e-10,-3.741431356651e-12,-1.199049707133e-11,3.992331925184e-13,1.198989681815e-11,-4.158477182512e-13
67.6082975392,-2.968384006096e-12,-3.661639494253e-12,-2.968384006096e-12,-3.661639494253e-12,2.7585962808e-13,3.372632825594e-13,-2.763313160313e-13,-3.368752402679e-13
68.39116472814,-8.355357787817e-10,-4.812146326147e-12,-8.355357787817e-10,-4.812146326147e-12,7.723424312683e-11,1.139015566272e-13,-7.72340948684e-11,-4.379059166227e-15
69.1830970919,-3.093893252145e-10,-5.039654228324e-12,-3.093893252145e-10,-5.039654228324e-12,2.860020496248e-11,3.456852450468e-13,-2.860058478642e-11,-3.046576929578e-13
69.98419960023,-1.096543345802e-10,3.24686911233e-12,-1.096543345802e-10,3.24686911233e-12,1.013460687481e-11,-3.418701536249e-13,-1.013406918455e-11,3.565748833151e-13
70.79457843842,-5.729935364291e-10,3.468928288616e-12,-5.729935364291e-10,3.468928288616e-12,5.296307023177e-11,-5.344516439582e-13,-5.296206567409e-11,6.121930369512e-13
71.61434102129,-1.955639167849e-10,-6.446244798491e-12,-1.955639167849e-10,-6.446244798491e-12,1.807920619484e-11,5.243575945097e-13,-1.807990878247e-11,-4.975099262087e-13
72.4435960075,-2.516336971051e-10,-1.72515062566e-11,-2.516336971051e-10,-1.72515062566e-11,2.32658069515e-11,1.504521314979e-12,-2.326796783016e-11,-1.469567931847e-12
73.28245331389,2.99611524197e-10,6.832059420004e-12,2.99611524197e-10,6.832059420004e-12,-2.769682819676e-11,-5.264528625337e-13,2.769750878517e-11,4.843661554024e-13
74.13102413009,1.968949263892e-10,-2.294009914437e-12,1.968949263892e-10,-2.294009914437e-12,-1.819908935154e-11,2.796351070836e-13,1.81985801402e-11,-3.076070218523e-13
74.98942093325,-5.242932177971e-11,-3.715081461986e-13,-5.242932177971e-11,-3.715081461986e-13,4.846400662056e-12,1.672760748848e-14,-4.846405261703e-12,-9.192056209063e-15
75.85775750292,-2.32858114244e-10,-1.250226206701e-11,-2.32858114244e-10,-1.250226206701e-11,2.152822018116e-11,1.079116483971e-12,-2.152982117029e-11,-1.04525067343e-12
76.73614893618,-4.378523102826e-10,-1.13517234558e-12,-4.378523102826e-10,-1.13517234558e-12,4.047299899072e-11,-3.578192126747e-14,-4.047275865405e-11,1.001774477959e-13
77.62471166287,-6.307777266535e-11,-1.440373187935e-12,-6.307777266535e-11,-1.440373187935e-12,5.831010783445e-12,1.133242593287e-13,-5.831166411736e-12,-1.039387186289e-13
78.52356346101,1.327692697944e-10,1.413860593416e-12,1.327692697944e-10,1.413860593416e-12,-1.227288550226e-11,-8.993274363263e-14,1.227297484596e-11,6.995036760555e-14
79.43282347243,5.745624436558e-11,-1.107671362584e-11,5.745624436558e-11,-1.107671362584e-11,-5.307613409038e-12,1.041097207085e-12,5.305873718306e-12,-1.049833894377e-12
80.35261221856,-2.41339292766e-10,-1.881208989395e-12,-2.41339292766e-10,-1.881208989395e-12,2.230860644339e-11,1.032379155595e-13,-2.230867190335e-11,-6.606988899566e-14
81.28305161641,4.319876135722e-10,7.275105554913e-13,4.319876135722e-10,7.275105554913e-13,-3.993072566195e-11,5.616637076089e-14,3.993043771984e-11,-1.234635281271e-13
82.22426499471,3.171305742464e-10,1.065041890856e-11,3.171305742464e-10,1.065041890856e-11,-2.931674114886e-11,-8.960906223331e-13,2.931812502151e-11,8.461049960544e-13
83.17637711027,-7.156945383042e-10,-7.176738307273e-12,-7.156945383042e-10,-7.176738307273e-12,6.615673652746e-11,4.689322338358e-13,-6.615721617016e-11,-3.548352494495e-13
84.13951416452,3.534007957547e-10,5.867438034264e-12,3.534007957547e-10,5.867438034264e-12,-3.26679366505e-11,-4.487929919338e-13,3.266855484313e-11,3.917988608892e-13
85.11380382024,-3.025230905115e-11,3.698617123084e-12,-3.025230905115e-11,3.698617123084e-12,2.795399534012e-12,-3.496793458522e-13,-2.794768129089e-12,3.546108291996e-13
86.09937521846,2.575149845516e-10,7.821017675464e-12,2.575149845516e-10,7.821017675464e-12,-2.380519601426e-11,-6.583060239481e-13,2.380624775577e-11,6.15805158181e-13
87.09635899561,-1.931073687755e-10,-1.199728901781e-12,-1.931073687755e-10,-1.199728901781e-12,1.785004752723e-11,6.375626690192e-14,-1.785006875044e-11,-3.152072428622e-14
88.1048873008,3.059143378933e-10,1.141596337513e-11,3.059143378933e-10,1.141596337513e-11,-2.827970001681e-11,-9.826330623801e-13,2.828134415633e-11,9.309664555536e-13
89.12509381338,-1.160656820686e-10,-3.334401695498e-12,-1.160656820686e-10,-3.334401695498e-12,1.072922267086e-11,2.814574315758e-13,-1.072968469292e-11,-2.616288036711e-13
90.1571137606,2.548736799247e-10,1.219557481458e-11,2.548736799247e-10,1.219557481458e-11,-2.356180540647e-11,-1.070255595874e-12,2.356367663033e-11,1.026204417371e-12
91.20108393559,6.143078067012e-11,5.412525649159e-12,6.143078067012e-11,5.412525649159e-12,-5.679486896892e-12,-4.869692290944e-13,5.680376086302e-12,4.76226618343e-13
92.25714271548,-2.559227189447e-11,-3.296441434799e-12,-2.559227189447e-11,-3.296441434799e-12,2.36629729472e-12,2.993205512206e-13,-2.366856471918e-12,-2.947923812973e-13
93.3254300797,1.260843152666e-10,1.818676156261e-12,1.260843152666e-10,1.818676156261e-12,-1.165488506857e-11,-1.424243256158e-13,1.165509371545e-11,1.198707902576e-13
94.40608762859,-4.118173854604e-10,2.576159139827e-13,-4.118173854604e-10,2.576159139827e-13,3.806599388336e-11,-1.049683530895e-13,-3.806556642612e-11,1.794800487815e-13
95.49925860215,-6.105650542446e-11,7.368447550583e-14,-6.105650542446e-11,7.368447550583e-14,5.643699583182e-12,-1.843969079222e-14,-5.643629654764e-12,2.961476581831e-14
96.60508789898,1.414422339149e-10,-4.592653250471e-12,1.414422339149e-10,-4.592653250471e-12,-1.307326383398e-11,4.505261174336e-13,1.307228281056e-11,-4.767097479503e-13
97.72372209558,-3.99913956708e-10,-1.82738710361e-12,-3.99913956708e-10,-1.82738710361e-12,3.696607031204e-11,9.800244973387e-14,-3.696604318596e-11,-2.309974903467e-14
98.8553094657,1.952065284487e-10,1.818842102004e-12,1.952065284487e-10,1.818842102004e-12,-1.804407720118e-11,-1.347861299791e-13,1.804424157582e-11,9.780031676109e-14
100.0,1.396741907099e-10,2.47695270347e-12,1.396741907099e-10,2.47695270347e-12,-1.291108249335e-11,-2.060115542398e-13,1.291142831615e-11,1.792399530807e-13
101.157945426,-4.082163872483e-10,1.504649104886e-12,-4.082163872483e-10,1.504649104886e-12,3.773292310208e-11,-2.034869398106e-13,-3.773225483511e-11,2.82628370963e-13
102.3292992281,1.347900219275e-10,3.685835113231e-12,1.347900219275e-10,3.685835113231e-12,-1.245976558134e-11,-3.203030625322e-13,1.246036416807e-11,2.938646952006e-13
103.5142166679,1.676487023104e-10,-5.37492109005e-12,1.676487023104e-10,-5.37492109005e-12,-1.549569302057e-11,5.211108036626e-13,1.549447218591e-11,-5.54365772866e-13
104.7128548051,5.184289299388e-10,4.483625899983e-12,5.184289299388e-10,4.483625899983e-12,-4.792117073473e-11,-3.426787608347e-13,4.792159300324e-11,2.386322595428e-13
105.9253725177,3.467000055029e-10,6.196324255469e-12,3.467000055029e-10,6.196324255469e-12,-3.204774204908e-11,-5.269848616884e-13,3.204868077731e-11,4.565950125958e-13
107.1519305238,2.016551354224e-10,6.408561111012e-12,2.016551354224e-10,6.408561111012e-12,-1.864062544057e-11,-5.67039496584e-13,1.864175595344e-11,5.256212142986e-13
108.3926914021,-3.066053993313e-11,2.415845344918e-12,-3.066053993313e-11,2.415845344918e-12,2.833792374933e-12,-2.269623314418e-13,-2.833262306853e-12,2.333295417928e-13
109.6478196143,-1.132641975079e-10,-9.694255658379e-12,-1.132641975079e-10,-9.694255658379e-12,1.047057044727e-11,8.832958130893e-13,-1.047250353795e-11,-8.594848965796e-13
110.9174815262,2.267680261457e-11,3.362209770608e-12,2.267680261457e-11,3.362209770608e-12,-2.096468074258e-12,-3.083672658212e-13,2.09716197612e-12,3.035435592792e-13
112.2018454302,-2.410253232843e-10,-1.064613970822e-12,-2.410253232843e-10,-1.064613970822e-12,2.22790627419e-11,7.425876726294e-14,-2.227907036031e-11,-2.24275171793e-14
113.5010815672,-1.727047233376e-10,-6.095801899972e-12,-1.727047233376e-10,-6.095801899972e-12,1.596437321507e-11,5.472484803055e-13,-1.59655407473e-11,-5.096742877055e-13
114.8153621497,2.572165500448e-10,6.096806502019e-12,2.572165500448e-10,6.096806502019e-12,-2.377610313852e-11,-5.410309608469e-13,2.377720882689e-11,4.844249503077e-13
116.144861384,-1.421359433215e-10,5.092698492693e-12,-1.421359433215e-10,5.092698492693e-12,1.313778577145e-11,-4.822889764122e-13,-1.313652186316e-11,5.139234436557e-13
117.489755494,-2.113132691334e-10,-1.110178069316e-12,-2.113132691334e-10,-1.110178069316e-12,1.953261911703e-11,8.677476067798e-14,-1.953267552524e-11,-3.919122668742e-14
118.8502227437,-5.365051693963e-10,-8.715247921187e-12,-5.365051693963e-10,-8.715247921187e-12,4.959192155972e-11,7.687272945844e-13,-4.959341557672e-11,-6.465127602793e-13
120.2264434617,1.215959044599e-10,-4.142709288736e-12,1.215959044599e-10,-4.142709288736e-12,-1.123933598201e-11,3.905187762884e-13,1.123827016971e-11,-4.185331381696e-13
121.6186000646,7.321242263802e-10,1.027523306835e-11,7.321242263802e-10,1.027523306835e-11,-6.767372765625e-11,-9.086538249695e-13,6.767545331045e-11,7.379948345384e-13
123.0268770812,3.204796637703e-11,-1.723413825172e-12,3.204796637703e-11,-1.723413825172e-12,-2.96223421402e-12,1.609018976521e-13,2.961798573103e-12,-1.684568267878e-13
124.4514611771,9.78377028548e-11,4.962535372592e-12,9.78377028548e-11,4.962535372592e-12,-9.043740669607e-12,-4.544332401071e-13,9.044834990002e-12,4.31092698277e-13
125.8925411794,2.05596536835e-10,4.898025948354e-12,2.05596536835e-10,4.898025948354e-12,-1.900427648297e-11,-4.450461843038e-13,1.900527068679e-11,3.954354990951e-13
127.3503081017,-1.081104427432e-10,-5.756599542054e-12,-1.081104427432e-10,-5.756599542054e-12,9.993249161615e-12,5.287312149361e-13,-9.994555623535e-12,-5.023390956996e-13
128.8249551693,-5.410657900097e-10,-4.793160804159e-12,-5.410657900097e-10,-4.793160804159e-12,5.001292838015e-11,4.295365169745e-13,-5.001361885449e-11,-2.959432880561e-13
130.3166778452,-3.119112093796e-11,-3.337886509608e-12,-3.119112093796e-11,-3.337886509608e-12,2.883178184068e-12,3.079488863836e-13,-2.883983453157e-12,-3.001556031268e-13
131.8256738556,1.710283271922e-10,2.058884547595e-12,1.710283271922e-10,2.058884547595e-12,-1.580883007841e-11,-1.881682624005e-13,1.580919467461e-11,1.449560100486e-13
133.3521432163,-4.361961702199e-10,-4.658955074068e-13,-4.361961702199e-10,-4.658955074068e-13,4.031927872428e-11,4.031474028098e-14,-4.031900131013e-11,7.116692674923e-14
134.8962882592,-7.791194059539e-11,3.808068292633e-12,-7.791194059539e-11,3.808068292633e-12,7.20169582835e-12,-3.520006250912e-13,-7.200640546799e-12,3.721401547889e-13
136.4583136589,1.809122618863e-10,3.168744611757e-12,1.809122618863e-10,3.168744611757e-12,-1.672238295594e-11,-2.940096044168e-13,1.672304750266e-11,2.466929320478e-13
138.0384264603,-5.029067375433e-10,3.139490338946e-13,-5.029067375433e-10,3.139490338946e-13,4.648555807842e-11,-2.280302415965e-14,-4.648501903932e-11,1.558503770488e-13
139.6368361056,3.109481672419e-10,-4.964470415167e-12,3.109481672419e-10,-4.964470415167e-12,-2.874218923029e-11,4.531055427519e-13,2.874057894755e-11,-5.363171971386e-13
141.2537544623,6.744417516111e-10,6.726774872823e-13,6.744417516111e-10,6.726774872823e-13,-6.234112963115e-11,-7.891179273038e-14,6.234070130808e-11,-1.036733489935e-13
142.8893958511,3.79878329679e-10,6.443172178008e-12,3.79878329679e-10,6.443172178008e-12,-3.511335011535e-11,-6.073578196586e-13,3.511477109661e-11,5.03320708032e-13
144.5439770746,-6.702515920699e-11,-1.667302555428e-12,-6.702515920699e-11,-1.667302555428e-12,6.195317960642e-12,1.566131926815e-13,-6.195719294291e-12,-1.380440252156e-13
146.2177174457,3.721194838223e-11,-4.588078508573e-12,3.721194838223e-11,-4.588078508573e-12,-3.439834898778e-12,4.224735144928e-13,3.4385155825e-12,-4.328973888695e-13
147.9108388168,-4.552959473833e-10,-5.864588896228e-12,-4.552959473833e-10,-5.864588896228e-12,4.208435077029e-11,5.647394939239e-13,-4.208560273239e-11,-4.356678844093e-13
149.6235656094,-4.59072750229e-10,-1.260073460504e-12,-4.59072750229e-10,-1.260073460504e-12,4.243366312391e-11,1.421851284768e-13,-4.243361095618e-11,-1.054014861844e-14
151.3561248436,2.736026804726e-10,3.153624352699e-12,2.736026804726e-10,3.153624352699e-12,-2.528986891676e-11,-3.085371138501e-13,2.529053753139e-11,2.291674007421e-13
153.1087461682,-3.849037975526e-10,-1.220155570297e-12,-3.849037975526e-10,-1.220155570297e-12,3.55779274684e-11,1.391621795101e-13,-3.557793953579e-11,-2.621503991051e-14
154.8816618913,-2.968489667742e-10,-3.774172308914e-12,-2.968489667742e-10,-3.774172308914e-12,2.743850263051e-11,3.710670452371e-13,-2.743935640991e-11,-2.829477627335e-13
156.6751070108,-2.190802961192e-10,-1.263891157089e-12,-2.190802961192e-10,-1.263891157089e-12,2.025024664176e-11,1.345922014657e-13,-2.025042966571e-11,-6.880682060564e-14
158.4893192461,-2.290248624137e-10,-1.857908947499e-13,-2.290248624137e-10,-1.857908947499e-13,2.116953662599e-11,3.718816156026e-14,-2.116938788441e-11,3.237865638915e-14
160.324539069,-2.395909961826e-10,-4.879820242243e-12,-2.395909961826e-10,-4.879820242243e-12,2.214575217371e-11,4.735079687514e-13,-2.214703719836e-11,-3.998847847781e-13
162.1810097359,-2.872562208803e-12,9.260369368614e-13,-2.872562208803e-12,9.260369368614e-13,2.656132115326e-13,-8.53093953513e-14,-2.653228072325e-13,8.620143652235e-14
164.05897732,-1.362321734322e-10,7.225950904243e-14,-1.362321734322e-10,7.225950904243e-14,1.259240139453e-11,7.80963460305e-15,-1.259225706527e-11,3.502520187635e-14
165.9586907438,-5.92271900456e-10,-6.687150304259e-13,-5.92271900456e-10,-6.687150304259e-13,5.47455702048e-11,1.28561584672e-13,-5.474525486614e-11,5.98208687449e-14
167.8804018123,-6.624360140257e-10,-6.964744072618e-13,-6.624360140257e-10,-6.964744072619e-13,6.12310406774e-11,1.432499776662e-13,-6.123067493771e-11,6.98890618484e-14
169.8243652462,5.084818880054e-10,2.067761575024e-12,5.084818880054e-10,2.067761575024e-12,-4.700036406477e-11,-2.549153592942e-13,4.700058491557e-11,8.941536828874e-14
171.7908387158,3.410128805698e-10,3.091284711739e-12,3.410128805698e-10,3.091284711739e-12,-3.152050247261e-11,-3.306958199819e-13,3.152121743113e-11,2.18416722015e-13
173.7800828749,-2.629054202948e-11,2.432201223759e-12,-2.629054202948e-11,2.432201223759e-12,2.430454092177e-12,-2.211813540106e-13,-2.429620718418e-12,2.299354219138e-13
175.7923613959,1.708660943278e-10,1.235268734274e-12,1.708660943278e-10,1.235268734274e-12,-1.579350771103e-11,-1.389009430495e-13,1.579377257971e-11,8.13329154543e-14
177.8279410039,2.971104660932e-10,3.403681322773e-14,2.971104660932e-10,3.403681322774e-14,-2.746283132796e-11,-4.804897895878e-14,2.746258020663e-11,-5.321036851543e-14
179.8870915129,3.589228491609e-10,-3.771262997011e-12,3.589228491609e-10,-3.771262997011e-12,-3.317692602296e-11,2.920223594751e-13,3.317530893488e-11,-4.157612734138e-13
181.970085861,-2.055737089793e-11,1.775106379696e-12,-2.055737089793e-11,1.775106379696e-12,1.900470841911e-12,-1.607050942934e-13,-1.899833646743e-12,1.678729536515e-13
184.0772001469,-7.119855374517e-11,-2.238875228369e-12,-7.119855374517e-11,-2.238875228369e-12,6.580711382013e-12,2.190927641219e-13,-6.58143856511e-12,-1.939726399783e-13
186.2087136663,5.881590407303e-10,2.179587922804e-12,5.881590407303e-10,2.179587922804e-12,-5.436487276066e-11,-3.056529304645e-13,5.436513372276e-11,9.575164446893e-14
188.364908949,-6.090858175026e-10,1.18062907517e-14,-6.090858175026e-10,1.180629075169e-14,5.629955817314e-11,1.107978895702e-13,-5.629901952003e-11,1.090866239464e-13
190.5460717963,-4.903726395823e-10,-1.632715720481e-12,-4.903726395823e-10,-1.632715720481e-12,4.532622304575e-11,2.442263359774e-13,-4.532638978084e-11,-6.514691245889e-14
192.7524913191,1.416108375138e-10,1.96477688694e-12,1.416108375138e-10,1.96477688694e-12,-1.308909813182e-11,-2.094918401361e-13,1.308970013037e-11,1.571768015907e-13
194.9844599758,-4.268853134751e-10,4.356920195332e-12,-4.268853134751e-10,4.356920195332e-12,3.945906829907e-11,-3.15839630065e-13,-3.945706754602e-11,4.753601143738e-13
197.2422736115,-2.228735283082e-10,3.554580169753e-13,-2.228735283082e-10,3.554580169753e-13,2.060087641632e-11,1.398940389183e-14,-2.060054786673e-11,7.026105763889e-14
199.5262314969,-2.338585269618e-10,-2.800808365906e-12,-2.338585269618e-10,-2.800808365906e-12,2.16155561501e-11,3.096047801531e-13,-2.161642380117e-11,-2.201753986156e-13
201.8366363682,1.89926361776e-10,-1.037022570649e-12,1.89926361776e-10,-1.037022570649e-12,-1.755561966649e-11,5.33879966887e-14,1.755505366788e-11,-1.268554362296e-13
204.173794467,-2.448762772177e-10,-1.192691723581e-12,-2.448762772177e-10,-1.192691723581e-12,2.263426445181e-11,1.666491710064e-13,-2.263451902507e-11,-7.082696721168e-14
206.5380155811,-6.877845020672e-10,4.303617107888e-12,-6.877845020672e-10,4.303617107888e-12,6.357466182956e-11,-2.347054499597e-13,-6.35723636823e-11,5.069511219727e-13
208.9296130854,-1.915210548283e-10,-3.168310722437e-12,-1.915210548283e-10,-3.168310722437e-12,1.770198709977e-11,3.395727290737e-13,-1.770309051097e-11,-2.628813919766e-13
211.3489039837,2.416001709285e-10,3.265054792258e-13,2.416001709285e-10,3.265054792258e-13,-2.233160039487e-11,-9.076661876617e-14,2.233152463981e-11,-7.095035807372e-15
213.7962089502,-2.983967047232e-10,-2.123013639616e-12,-2.983967047232e-10,-2.123013639616e-12,2.758095849396e-11,2.731166979949e-13,-2.758157203582e-11,-1.508482696703e-13
216.2718523727,-7.510301804272e-11,3.005699301377e-12,-7.510301804272e-11,3.005699301377e-12,6.942738613348e-12,-2.579545164817e-13,-6.941428404211e-12,2.890813558458e-13
218.776162395,1.803988734751e-10,-2.091304807697e-13,1.803988734751e-10,-2.091304807697e-13,-1.66747261554e-11,-2.964842612982e-14,1.667448418274e-11,-4.599063377785e-14
221.3094709606,3.347245106187e-10,-4.417559910103e-12,3.347245106187e-10,-4.417559910103e-12,-3.094054199697e-11,3.151093931918e-13,3.093838270918e-11,-4.57076932032e-13
223.8721138568,-1.72169802055e-10,3.459634395185e-12,-1.72169802055e-10,3.459634395185e-12,1.591500520743e-11,-2.706266588714e-13,-1.591337427964e-11,3.444940004036e-13
226.4644307593,-2.845787197962e-10,3.886278907729e-12,-2.845787197962e-10,3.886278907729e-12,2.630532994342e-11,-2.759614346994e-13,-2.630340156331e-11,3.99471783574e-13
229.0867652768,-3.994168006711e-10,5.116025069905e-12,-3.994168006711e-10,5.116025069905e-12,3.692041944757e-11,-3.531989785787e-13,-3.691783495825e-11,5.285578930698e-13
231.7394649969,-3.237305413778e-10,8.273176344704e-13,-3.237305413778e-10,8.273176344704e-13,2.992328839915e-11,2.284481970103e-14,-2.992264746706e-11,1.20933541088e-13
234.422881532,2.125726870839e-10,9.094261033598e-13,2.125726870839e-10,9.094261033598e-13,-1.964820144291e-11,-1.507989470384e-13,1.964843091424e-11,5.529471436587e-14
237.1373705662,2.127717271016e-11,-1.508200010562e-12,2.127717271016e-11,-1.508200010562e-12,-1.967171417354e-12,1.325719293378e-13,1.966468096819e-12,-1.422406356679e-13
239.883291902,3.244325971025e-11,2.456494502301e-12,3.244325971025e-11,2.456494502301e-12,-2.997979319296e-12,-2.377134433298e-13,2.99908147881e-12,2.227959627857e-13
242.6610095082,-2.856089407211e-10,-5.55877625468e-13,-2.856089407211e-10,-5.55877625468e-13,2.639911717543e-11,1.472697226929e-13,-2.639913704871e-11,-1.444342499951e-14
245.4708915685,-3.71807073688e-10,1.372748993633e-12,-3.71807073688e-10,1.372748993633e-12,3.436718293668e-11,6.750091037653e-16,-3.436622737447e-11,1.742392587035e-13
248.3133105296,-6.188870303468e-10,5.08610222655e-13,-6.188870303468e-10,5.086102226549e-13,5.72048329342e-11,1.698923741448e-13,-5.720407683956e-11,1.246317385783e-13
251.188643151,1.810408907606e-10,-2.60922440853e-13,1.810408907606e-10,-2.60922440853e-13,-1.673396020355e-11,-4.06794346386e-14,1.673368468573e-11,-4.647417131912e-14
254.0972705549,-2.766319628719e-10,1.706586261557e-12,-2.766319628719e-10,1.706586261557e-12,2.557008757166e-11,-5.666103630171e-14,-2.556902816637e-11,1.913733298153e-13
257.0395782769,-1.432668738091e-10,3.947063374836e-12,-1.432668738091e-10,3.947063374836e-12,1.324381023963e-11,-3.114030513184e-13,-1.324174798154e-11,3.819754468269e-13
260.0159563165,-6.336570208643e-11,4.948770257824e-12,-6.336570208643e-11,4.948770257824e-12,5.85884988625e-12,-4.333089395676e-13,-5.856331854711e-12,4.648813057949e-13
263.0267991895,-1.091057530561e-10,1.235713161673e-12,-1.091057530561e-10,1.235713161673e-12,1.008524437595e-11,-7.18687421224e-14,-1.008453230819e-11,1.268668819198e-13
266.0725059799,2.183650747577e-10,-2.510851017601e-12,2.183650747577e-10,-2.510851017601e-12,-2.018469928679e-11,1.456434179112e-13,2.018324112617e-11,-2.569916039852e-13
269.1534803927,-5.712569621319e-11,-4.397225595479e-13,-5.712569621319e-11,-4.397225595479e-13,5.280003620247e-12,6.369851232866e-14,-5.280184094949e-12,-3.423094285503e-14
272.2701308078,1.898384981371e-10,-3.632041598456e-12,1.898384981371e-10,-3.632041598456e-12,-1.754842563255e-11,2.576192480649e-13,1.754637697042e-11,-3.566747426075e-13
275.4228703338,6.071796471107e-10,-5.177125898946e-12,6.071796471107e-10,-5.177125898946e-12,-5.612423874547e-11,2.239874842144e-13,5.612101710473e-11,-5.444803010882e-13
278.612116863,3.861093830865e-10,-6.634334617391e-12,3.861093830865e-10,-6.634334617391e-12,-3.569117634878e-11,4.483024911893e-13,3.568732421213e-11,-6.544629972163e-13
281.8382931265,3.046911401601e-10,-3.717017478062e-12,3.046911401601e-10,-3.717017478062e-12,-2.816438937731e-11,2.110027392643e-13,2.816213827064e-11,-3.755754743091e-13
285.1018267504,-3.40482237082e-10,1.461389067371e-12,-3.40482237082e-10,1.461389067371e-12,3.147157752671e-11,1.578753861845e-14,-3.147050816938e-11,1.702485514678e-13
288.4031503127,-1.572914413542e-10,3.064622718711e-12,-1.572914413542e-10,3.064622718711e-12,1.453988729599e-11,-2.122997482527e-13,-1.453806882069e-11,2.992354117903e-13
291.7427014001,2.514953975256e-10,-1.692669430436e-12,2.514953975256e-10,-1.692669430436e-12,-2.324656199369e-11,4.094204818447e-14,2.324541723964e-11,-1.815566647442e-13
295.1209226666,-1.792925037939e-10,-1.176659625747e-12,-1.792925037939e-10,-1.176659625747e-12,1.657148357825e-11,1.925772729474e-13,-1.657200831965e-11,-9.11697519551e-14
298.5382618918,8.832827232665e-11,-1.906914566148e-12,8.832827232665e-11,-1.906914566148e-12,-8.165093533188e-12,1.342337558846e-13,8.163933478516e-12,-1.847685527241e-13
301.9951720402,8.30472952619e-11,7.072479695157e-13,8.30472952619e-11,7.072479695157e-13,-7.675713892042e-12,-1.055718934435e-13,7.676058629286e-12,5.750638231954e-14
305.4921113216,-9.885510383858e-11,6.674999045185e-13,-9.885510383858e-11,6.674999045185e-13,9.13748862486e-12,-1.301487018453e-14,-9.137021311897e-12,7.08907780381e-14
309.0295432514,-3.166570993926e-10,1.612720716842e-12,-3.166570993926e-10,1.612720716842e-12,2.926933162729e-11,9.552914745163e-15,-2.926813263916e-11,1.779847193095e-13
312.6079367124,-3.863523234116e-10,2.416664925959e-12,-3.863523234116e-10,2.416664925959e-12,3.571161885247e-11,-2.655385778573e-14,-3.570987502429e-11,2.580168720901e-13
316.2277660168,-8.160918060868e-11,6.914849010894e-13,-8.160918060868e-11,6.914849010894e-13,7.543451677374e-12,-2.163930497787e-14,-7.542970419008e-12,7.109717381468e-14
319.8895109692,3.541641460134e-10,-1.762101460208e-12,3.541641460134e-10,-1.762101460208e-12,-3.273608951497e-11,-2.365472811373e-14,3.273474082845e-11,-1.934665442694e-13
323.5936569296,2.06820695436e-10,-3.107541086117e-12,2.06820695436e-10,-3.107541086117e-12,-1.911793994814e-11,1.764991312089e-13,1.911585692628e-11,-3.047575702365e-13
327.3406948788,-6.869877125142e-10,7.909433388093e-12,-6.869877125142e-10,7.909433388093e-12,6.350195625506e-11,-3.572186211842e-13,-6.349647965591e-11,7.881839196654e-13
331.1311214826,-4.077012090796e-10,5.989792499862e-12,-4.077012090796e-10,5.989792499862e-12,3.768671240538e-11,-3.281540588703e-13,-3.768260763838e-11,5.868759759532e-13
334.9654391578,-6.466408515098e-11,2.317916371965e-12,-6.466408515098e-11,2.317916371965e-12,5.978128210353e-12,-1.779022594052e-13,-5.97659236813e-12,2.194113565482e-13
338.8441561392,-2.191990482141e-10,3.245277130669e-12,-2.191990482141e-10,3.245277130669e-12,2.026213383753e-11,-1.74795141027e-13,-2.025986519326e-11,3.171357628068e-13
342.7677865465,1.367244948373e-10,-2.198164527415e-12,1.367244948373e-10,-2.198164527415e-12,-1.26385217107e-11,1.238614545489e-13,1.263697783027e-11,-2.136736679579e-13
346.7368504525,-5.091612025434e-10,4.560835985512e-12,-5.091612025434e-10,4.560835985512e-12,4.706364474233e-11,-1.215275582731e-13,-4.706024447207e-11,4.598628028913e-13
350.7518739526,-5.697149253699e-11,-3.30133879151e-14,-5.697149253699e-11,-3.301338791511e-14,5.265755937662e-12,3.714846680643e-14,-5.265737060569e-12,1.147530660205e-15
354.8133892336,4.905011955461e-11,-2.022229303506e-13,4.905011955461e-11,-2.022229303506e-13,-4.533732497415e-12,-1.11224320899e-14,4.533559883524e-12,-2.22304232846e-14
358.921934645,-6.918186414314e-11,-6.532240820265e-14,-6.918186414314e-11,-6.532240820265e-14,6.39429754575e-12,4.873813520794e-14,-6.394293325232e-12,-1.151300484219e-15
363.0780547701,-2.575355576383e-10,2.841655911146e-12,-2.575355576383e-10,2.841655911146e-12,2.380522365836e-11,-1.012486378967e-13,-2.380306480179e-11,2.804435861336e-13
367.2823004981,1.805194569258e-10,-2.807451097794e-12,1.805194569258e-10,-2.807451097794e-12,-1.668677172854e-11,1.44625882124e-13,1.668466935274e-11,-2.716862152857e-13
371.5352290972,-7.21684570293e-11,3.075023603294e-13,-7.21684570293e-11,3.075023603294e-13,6.670546029846e-12,1.819403442743e-14,-6.67027699798e-12,3.319110636557e-14
375.8374042885,2.527205990608e-10,-3.350208201058e-12,2.527205990608e-10,-3.350208201058e-12,-2.336047757477e-11,1.43949931152e-13,2.335789061284e-11,-3.259729476713e-13
380.1893963206,-6.138236076172e-10,7.906410303598e-12,-6.138236076172e-10,7.906410303598e-12,5.673920966496e-11,-3.222711564061e-13,-5.673303020121e-11,7.694988913339e-13
384.5917820454,-3.233023009741e-10,6.750337707294e-12,-3.233023009741e-10,6.750337707294e-12,2.988640218287e-11,-4.055523305523e-13,-2.988120827777e-11,6.43833679623e-13
389.0451449943,-7.714110687185e-11,2.039654253731e-13,-7.714110687185e-11,2.039654253731e-13,7.130042359084e-12,3.402147965595e-14,-7.129838593004e-12,2.349252206006e-14
393.5500754558,4.841467842146e-10,-8.038335213337e-12,4.841467842146e-10,-8.038335213337e-12,-4.475361911242e-11,4.062292658505e-13,4.474723519102e-11,-7.713685957642e-13
398.1071705535,2.133302843599e-10,-3.465925603528e-12,2.133302843599e-10,-3.465925603528e-12,-1.971979246842e-11,1.697976034685e-13,1.971700795966e-11,-3.325522812208e-13
402.7170343255,3.365079539655e-11,-7.385352411149e-13,3.365079539655e-11,-7.385352411149e-13,-3.110743517159e-12,4.416698703949e-14,3.110151641785e-12,-7.013707742912e-14
407.3802778041,-1.283210798892e-10,-9.625596291365e-13,-1.283210798892e-10,-9.625596291365e-13,1.18595035217e-11,1.821710803133e-13,-1.186017235725e-11,-8.198994390149e-14
412.0975190973,1.901636883414e-10,-3.009119991503e-12,1.901636883414e-10,-3.009119991503e-12,-1.757824525013e-11,1.380043236488e-13,1.757574768154e-11,-2.881823473929e-13
416.8693834704,4.538008215364e-10,-6.862532380511e-12,4.538008215364e-10,-6.862532380511e-12,-4.194793109574e-11,2.951089149311e-13,4.19421628525e-11,-6.576385293112e-13
421.6965034286,1.512745153954e-10,-1.2714413994e-12,1.512745153954e-10,-1.2714413994e-12,-1.398256563987e-11,2.83912025371e-15,1.398144394636e-11,-1.250881383772e-13
426.5795188016,-1.834104372518e-10,1.301630842414e-12,-1.834104372518e-10,1.301630842414e-12,1.695273662438e-11,2.070671094749e-14,-1.69515597061e-11,1.292283351559e-13
431.5190768278,5.17772669701e-10,-7.77733020455e-12,5.17772669701e-10,-7.77733020455e-12,-4.786116109496e-11,3.151153186192e-13,4.785441496818e-11,-7.432838506499e-13
436.5158322402,2.783305377043e-10,-4.388910496724e-12,2.783305377043e-10,-4.388910496724e-12,-2.572808387016e-11,1.855769725816e-13,2.572424545793e-11,-4.184050363691e-13
441.5704473533,-3.009153112197e-10,5.885336545226e-12,-3.009153112197e-10,5.885336545226e-12,2.781665240493e-11,-3.026915898794e-13,-2.7811494043e-11,5.573257476068e-13
446.683592151,-8.69827433803e-11,8.583416508475e-13,-8.69827433803e-11,8.583416508475e-13,8.040009624042e-12,-8.620666917043e-15,-8.03922409593e-12,8.307798829531e-14
451.8559443749,2.971134456802e-11,6.452504120309e-13,2.971134456802e-11,6.452504120309e-13,-2.745508602057e-12,-8.412536617992e-14,2.746050236886e-12,5.839744526316e-14
457.0881896149,2.009458402192e-10,-3.612207932815e-12,2.009458402192e-10,-3.612207932815e-12,-1.857518037486e-11,1.659384532258e-13,1.857190236667e-11,-3.419531561499e-13
462.3810213993,-4.236408022769e-10,6.313290779825e-12,-4.236408022769e-10,6.313290779825e-12,3.91596979237e-11,-2.24614436516e-13,-3.91538673467e-11,5.999913156664e-13
467.7351412872,3.913112733002e-10,-7.281678434675e-12,3.913112733002e-10,-7.281678434675e-12,-3.617249301316e-11,3.369528696471e-13,3.616575121389e-11,-6.876966915176e-13
473.1512589615,-2.106615266725e-10,3.9723092849e-12,-2.106615266725e-10,3.9723092849e-12,1.947341345949e-11,-1.837515200704e-13,-1.946969791473e-11,3.747596055471e-13
478.6300923227,-4.678934473428e-10,9.117764942154e-12,-4.678934473428e-10,9.117764942154e-12,4.325199964233e-11,-4.29840171762e-13,-4.32433883597e-11,8.589932381188e-13
484.1723675841,-1.339188726841e-10,3.958784198032e-13,-1.339188726841e-10,3.958784198032e-13,1.237745403893e-11,8.317903688865e-14,-1.2377016931e-11,4.10748377795e-14
489.7788193685,-4.775979756794e-10,8.681397523886e-12,-4.775979756794e-10,8.681397523886e-12,4.414846944701e-11,-3.694508651441e-13,-4.414007708378e-11,8.177064872901e-13
495.4501908048,3.155471248758e-10,-6.234702847239e-12,3.155471248758e-10,-6.234702847239e-12,-2.916915729878e-11,2.863529907512e-13,2.916307963231e-11,-5.859420349813e-13
501.1872336273,-1.145519829e-11,-3.275845244996e-13,-1.145519829e-11,-3.275845244996e-13,1.058401498931e-12,4.094013751884e-14,-1.058710494553e-12,-2.993808220271e-14
506.9907082747,3.893190722632e-10,-9.034507499811e-12,3.893190722632e-10,-9.034507499811e-12,-3.598985073612e-11,4.676918784867e-13,3.598088618661e-11,-8.459290049586e-13
512.8613839914,-1.954063829349e-10,4.885165141745e-12,-1.954063829349e-10,4.885165141745e-12,1.806429659093e-11,-2.646844131907e-13,-1.805940367343e-11,4.567261311853e-13
518.800038929,-3.971065741291e-10,6.724545847988e-12,-3.971065741291e-10,6.724545847988e-12,3.670731758638e-11,-2.368098990323e-13,-3.670045003587e-11,6.315981711539e-13
524.8074602498,1.463616449599e-10,-2.480762106966e-12,1.463616449599e-10,-2.480762106966e-12,-1.352920857423e-11,8.561378724673e-14,1.352664821703e-11,-2.328054001827e-13
530.884444231,2.786991592095e-10,-6.300916626581e-12,2.786991592095e-10,-6.300916626581e-12,-2.576360600167e-11,3.051641222943e-13,2.575707442638e-11,-5.886875638585e-13
537.0317963703,3.916685929919e-10,-8.126453041916e-12,3.916685929919e-10,-8.126453041916e-12,-3.620601239527e-11,3.563995707762e-13,3.619748332644e-11,-7.594607606605e-13
543.2503314925,3.802139120435e-10,-7.087424427024e-12,3.802139120435e-10,-7.087424427024e-12,-3.514628821764e-11,2.668817567966e-13,3.513875343093e-11,-6.626848089348e-13
549.5408738576,1.533292261202e-10,-1.543654258421e-12,1.533292261202e-10,-1.543654258421e-12,-1.417210019012e-11,-1.590910671864e-14,1.417041332685e-11,-1.455549938079e-13
555.9042572704,1.446819964501e-10,-3.434755202316e-12,1.446819964501e-10,-3.434755202316e-12,-1.337488195519e-11,1.658521575637e-13,1.33711670698e-11,-3.199731349459e-13
562.3413251904,2.904794370081e-10,-6.589750273257e-12,2.904794370081e-10,-6.589750273257e-12,-2.685253787731e-11,3.007154893101e-13,2.684532819285e-11,-6.137276836971e-13
568.8529308439,2.881325151452e-11,-8.931590855984e-13,2.881325151452e-11,-8.931590855984e-13,-2.663813642776e-12,5.156600312021e-14,2.662829651317e-12,-8.297364513357e-14
575.4399373372,-1.672616783646e-10,5.620631187791e-12,-1.672616783646e-10,5.620631187791e-12,1.546398808791e-11,-3.372880328276e-13,-1.545773227484e-11,5.217205809894e-13
582.1032177709,-3.234441233697e-10,6.635474028663e-12,-3.234441233697e-10,6.635474028663e-12,2.989900942665e-11,-2.564340927847e-13,-2.989150011294e-11,6.17212442226e-13
588.8436553556,5.814672264005e-11,-1.283875873455e-12,5.814672264005e-11,-1.283875873455e-12,-5.3751477076e-12,5.368221190657e-14,5.373680484382e-12,-1.192913757988e-13
595.662143529,-5.57042923958e-10,1.259162867486e-11,-5.57042923958e-10,1.259162867486e-11,5.149393710396e-11,-5.332666106246e-13,-5.147939516493e-11,1.169074746862e-12
602.5595860744,-1.146341975401e-10,1.89370779251e-12,-1.146341975401e-10,1.89370779251e-12,1.059615627371e-11,-4.361361386049e-14,-1.059393653226e-11,1.759716926079e-13
609.5368972402,3.850607434017e-10,-8.001497235677e-12,3.850607434017e-10,-8.001497235677e-12,-3.559472813994e-11,2.924530117203e-13,3.558527676939e-11,-7.421947116354e-13
616.5950018615,-4.727729269925e-11,2.288270655361e-12,-4.727729269925e-11,2.288270655361e-12,4.371805939434e-12,-1.558862502226e-13,-4.36909009711e-12,2.117438089127e-13
623.7348354824,6.761156617134e-10,-1.627780484727e-11,6.761156617134e-10,-1.627780484727e-11,-6.250207436951e-11,6.99271450376e-13,6.248245514213e-11,-1.50734465946e-12
630.9573444802,5.455342042162e-11,-2.143148120304e-12,5.455342042162e-11,-2.143148120304e-12,-5.04406920621e-12,1.322757476094e-13,5.041465747181e-12,-1.982308581878e-13
638.2634861906,-3.141744596872e-10,7.643458278564e-12,-3.141744596872e-10,7.643458278564e-12,2.904321282114e-11,-3.227201848603e-13,-2.903379884643e-11,7.069548183706e-13
645.6542290347,-3.552243509315e-10,9.48072264978e-12,-3.552243509315e-10,9.48072264978e-12,3.283897822358e-11,-4.368872093239e-13,-3.28271805212e-11,8.763540320579e-13
653.1305526475,1.615181506951e-11,-7.508285464585e-13,1.615181506951e-11,-7.508285464585e-13,-1.493565334047e-12,4.91609511253e-14,1.492622855359e-12,-6.937444321292e-14
660.6934480076,-1.274284294924e-10,3.691910184584e-12,-1.274284294924e-10,3.691910184584e-12,1.178055901865e-11,-1.796024508731e-13,-1.177586512762e-11,3.409213426463e-13
668.3439175686,-1.710650681705e-10,4.566537655002e-12,-1.710650681705e-10,4.566537655002e-12,1.581418498308e-11,-2.023676050506e-13,-1.580831320262e-11,4.214351813523e-13
676.082975392,-1.458288041094e-12,5.133576666572e-13,-1.458288041094e-12,5.133576666572e-13,1.354286732078e-13,-4.554388026382e-14,-1.347634762577e-13,4.743293542015e-14
683.9116472815,-5.183098545893e-10,1.387616167989e-11,-5.183098545893e-10,1.387616167989e-11,4.791530602878e-11,-6.000327728927e-13,-4.789706987565e-11,1.279238833781e-12
691.830970919,-5.747959407272e-11,2.034532918619e-12,-5.747959407272e-11,2.034532918619e-12,5.314370808133e-12,-1.114016231182e-13,-5.311669158772e-12,1.875960349337e-13
699.8419960023,-1.215786262306e-11,6.707046427447e-13,-1.215786262306e-11,6.707046427447e-13,1.124399638228e-12,-4.557274654144e-14,-1.12349952069e-12,6.187560797946e-14
707.9457843842,-2.341191666252e-10,5.278150245806e-12,-2.341191666252e-10,5.278150245806e-12,2.164176208954e-11,-1.678755148835e-13,-2.163459297885e-11,4.854471051608e-13
716.1434102129,-5.575882064504e-11,2.130962399705e-12,-5.575882064504e-11,2.130962399705e-12,5.155490331973e-12,-1.197875544141e-13,-5.15256523139e-12,1.962970806428e-13
724.435960075,-3.346226899346e-10,8.9755685019e-12,-3.346226899346e-10,8.9755685019e-12,3.093406154953e-11,-3.607787183788e-13,-3.092160382423e-11,8.25245555468e-13
732.8245331389,1.237672753198e-10,-4.187012945304e-12,1.237672753198e-10,-4.187012945304e-12,-1.144282391747e-11,2.114246173502e-13,1.143694793028e-11,-3.85205685013e-13
741.3102413009,4.776261656573e-10,-1.41142060055e-11,4.776261656573e-10,-1.41142060055e-11,-4.41556549378e-11,6.186473604553e-13,4.413563020755e-11,-1.29704122905e-12
749.8942093325,-1.073086184882e-10,2.35083734454e-12,-1.073086184882e-10,2.35083734454e-12,9.919275019408e-12,-6.129295515994e-14,-9.915904876727e-12,2.154720105576e-13
758.5775750292,9.69071808615e-11,-3.628204411167e-12,9.69071808615e-11,-3.628204411167e-12,-8.9599838935e-12,1.927013885907e-13,8.954719701887e-12,-3.335472796831e-13
767.3614893619,-2.403135317276e-10,8.264151444487e-12,-2.403135317276e-10,8.264151444487e-12,2.221815634777e-11,-4.057519503863e-13,-2.22060344944e-11,7.590680167238e-13
776.2471166287,1.119919016225e-10,-4.246603058842e-12,1.119919016225e-10,-4.246603058842e-12,-1.035478218775e-11,2.235613047508e-13,1.034848245257e-11,-3.901206004287e-13
785.2356346101,3.482582800356e-10,-1.098690618027e-11,3.482582800356e-10,-1.098690618027e-11,-3.219659544212e-11,4.837290396292e-13,3.218012474962e-11,-1.007667519075e-12
794.3282347243,-3.3062807166e-10,1.052636871908e-11,-3.3062807166e-10,1.052636871908e-11,3.05667692471e-11,-4.618758828274e-13,-3.05508138044e-11,9.650466014882e-13
803.5261221857,-1.625254742793e-10,5.054452669962e-12,-1.625254742793e-10,5.054452669962e-12,1.502536470775e-11,-2.128756486438e-13,-1.501761942866e-11,4.630793495658e-13
812.8305161641,5.774648644332e-10,-1.805274644413e-11,5.774648644332e-10,-1.805274644413e-11,-5.338625075463e-11,7.539650941008e-13,5.335828082252e-11,-1.653244140112e-12
822.2426499471,-4.232131536134e-10,1.4374564073e-11,-4.232131536134e-10,1.4374564073e-11,3.912752590974e-11,-6.500700394824e-13,-3.910499847665e-11,1.316761358652e-12
831.7637711027,-3.618730913851e-10,1.12717485835e-11,-3.618730913851e-10,1.12717485835e-11,3.34547104587e-11,-4.545664354663e-13,-3.343685885204e-11,1.031224222701e-12
841.3951416452,-6.061328393626e-12,8.883733568785e-13,-6.061328393626e-12,8.883733568785e-13,5.615092211085e-13,-7.213251498134e-14,-5.600792185939e-13,8.190345664768e-14
851.1380382024,-6.286266832272e-10,2.16953777727e-11,-6.286266832272e-10,2.16953777727e-11,5.811895423499e-11,-9.599867461123e-13,-5.808380613255e-11,1.985042830233e-12
860.9937521846,7.972190225477e-11,-3.007073888752e-12,7.972190225477e-11,-3.007073888752e-12,-7.371011096758e-12,1.437537171051e-13,7.366082434362e-12,-2.752547000757e-13
870.9635899561,3.46754821905e-10,-1.166917581789e-11,3.46754821905e-10,-1.166917581789e-11,-3.205817085572e-11,4.878607603094e-13,3.203884775311e-11,-1.066448904439e-12
881.0488730081,-6.170889693989e-11,2.959435283361e-12,-6.170889693989e-11,2.959435283361e-12,5.706616319833e-12,-1.67105271391e-13,-5.70164944274e-12,2.712632378461e-13
891.2509381338,-3.527920308917e-10,1.248727976191e-11,-3.527920308917e-10,1.248727976191e-11,3.261722291424e-11,-5.384779072997e-13,-3.259607536675e-11,1.140840384653e-12
901.571137606,-2.391523511758e-10,9.188140761788e-12,-2.391523511758e-10,9.188140761788e-12,2.211194105005e-11,-4.267809021402e-13,-2.209619721647e-11,8.398379283089e-13
912.0108393559,6.055000382815e-11,-2.938860375299e-12,6.055000382815e-11,-2.938860375299e-12,-5.59951523619e-12,1.633528251315e-13,5.594414515258e-12,-2.691433263606e-13
922.5714271548,8.437472588452e-10,-3.14941335358e-11,8.437472588452e-10,-3.14941335358e-11,-7.801058935823e-11,1.384174115652e-12,7.79554299658e-11,-2.875384567414e-12
933.254300797,3.691899852945e-10,-1.339105847326e-11,3.691899852945e-10,-1.339105847326e-11,-3.413350924605e-11,5.615923065862e-13,3.410980167257e-11,-1.221634698069e-12
944.060876286,-3.457430347813e-11,1.272648364481e-12,-3.457430347813e-11,1.272648364481e-12,3.196596921856e-12,-5.354481893982e-14,-3.194318457592e-12,1.16072286718e-13
954.9925860215,4.548680508436e-10,-1.737178088658e-11,4.548680508436e-10,-1.737178088658e-11,-4.205626969379e-11,7.523362407758e-13,4.202481084158e-11,-1.584479991353e-12
966.0508789899,1.103191761132e-10,-3.468983425585e-12,1.103191761132e-10,-3.468983425585e-12,-1.01984693661e-11,1.112151123658e-13,1.019213194474e-11,-3.153691333157e-13
977.2372209559,-2.369552139644e-10,9.705267501515e-12,-2.369552139644e-10,9.705267501515e-12,2.190957870711e-11,-4.417143993311e-13,-2.189159663758e-11,8.85292346257e-13
988.553094657,2.487003311893e-10,-9.992760250533e-12,2.487003311893e-10,-9.992760250533e-12,-2.299513393993e-11,4.399720309601e-13,2.297641664746e-11,-9.10922095217e-13
1000.0,-1.46805811649e-10,6.024508406463e-12,-1.46805811649e-10,6.024508406463e-12,1.357405195385e-11,-2.679046978157e-13,-1.356263911172e-11,5.491185776112e-13
1011.57945426,4.420128767409e-10,-1.843566250325e-11,4.420128767409e-10,-1.843566250325e-11,-4.087014951887e-11,8.235742257348e-13,4.083482908834e-11,-1.680066166824e-12
1023.292992281,-2.014072892275e-10,8.763562118347e-12,-2.014072892275e-10,8.763562118347e-12,1.862354314669e-11,-4.040011150519e-13,-1.86065577289e-11,7.987841848957e-13
1035.142166679,-7.144035951453e-10,3.088715024408e-11,-7.144035951453e-10,3.088715024408e-11,6.605823900904e-11,-1.397465444147e-12,-6.599771000611e-11,2.813981115622e-12
1047.128548051,-2.412752022087e-10,1.020112817673e-11,-2.412752022087e-10,1.020112817673e-11,2.230928067789e-11,-4.447809554274e-13,-2.228907213806e-11,9.287132057564e-13
1059.253725177,3.462221187681e-11,-1.096118568826e-12,3.462221187681e-11,-1.096118568826e-12,-3.200531748022e-12,2.900065819086e-14,3.198345595372e-12,-9.924614146969e-14
1071.519305238,-5.557730613576e-10,2.43890519311e-11,-5.557730613576e-10,2.43890519311e-11,5.139055590172e-11,-1.079190681284e-12,-5.134113368971e-11,2.21985539385e-12
1083.926914021,-1.242295084623e-10,4.688060866721e-12,-1.242295084623e-10,4.688060866721e-12,1.148543542425e-11,-1.675554746225e-13,-1.147585012944e-11,4.254711140253e-13
1096.478196143,1.568033998897e-10,-6.348551346875e-12,1.568033998897e-10,-6.348551346875e-12,-1.449785820853e-11,2.473139368448e-13,1.448471975171e-11,-5.766223442301e-13
1109.174815262,-3.712803334643e-10,1.639844262692e-11,-3.712803334643e-10,1.639844262692e-11,3.433097267597e-11,-7.021912852891e-13,-3.429661489825e-11,1.490949431547e-12
1122.018454302,-3.205474987086e-10,1.434545537638e-11,-3.205474987086e-10,1.434545537638e-11,2.964018806519e-11,-6.15195831422e-13,-2.96097907143e-11,1.30405102325e-12
1135.010815672,-3.427341492106e-10,1.683197437589e-11,-3.427341492106e-10,1.683197437589e-11,3.16949508211e-11,-7.866659010277e-13,-3.165884014419e-11,1.531719396902e-12
1148.153621497,-6.514743370356e-11,3.569692982298e-12,-6.514743370356e-11,3.569692982298e-12,6.02544671469e-12,-1.819845610567e-13,-6.01769178947e-12,3.252436586317e-13
1161.44861384,3.775806679067e-10,-1.798703392457e-11,3.775806679067e-10,-1.798703392457e-11,-3.491595332382e-11,7.949391622475e-13,3.487651331252e-11,-1.634835355434e-12
1174.89755494,-1.67324539745e-10,9.522275833217e-12,-1.67324539745e-10,9.522275833217e-12,1.547651596998e-11,-4.90980638516e-13,-1.545535227545e-11,8.674859867423e-13
1188.502227437,2.137672751104e-10,-1.121111150026e-11,2.137672751104e-10,-1.121111150026e-11,-1.976992138709e-11,5.332085849812e-13,1.974475148949e-11,-1.019777201981e-12
1202.264434617,-6.469591217453e-10,3.210810046191e-11,-6.469591217453e-10,3.210810046191e-11,5.982846185869e-11,-1.427347559716e-12,-5.975562739466e-11,2.916953351456e-12
1216.186000646,-3.194984038651e-10,1.601404293189e-11,-3.194984038651e-10,1.601404293189e-11,2.954632656333e-11,-7.103958826321e-13,-2.950958839797e-11,1.454537676229e-12
1230.268770812,5.494007124596e-11,-2.807516686082e-12,5.494007124596e-11,-2.807516686082e-12,-5.080815073428e-12,1.255516188224e-13,5.074300330026e-12,-2.549916769989e-13
1244.514611771,-1.514922016876e-10,7.782878470054e-12,-1.514922016876e-10,7.782878470054e-12,1.400992455855e-11,-3.456330823328e-13,-1.399166114086e-11,7.066784863984e-13
1258.925411794,-3.22772468455e-11,1.679224374942e-12,-3.22772468455e-11,1.679224374942e-12,2.985023216633e-12,-7.463397520949e-14,-2.981037859347e-12,1.524483858493e-13
1273.503081017,8.111034624797e-10,-4.236126903022e-11,8.111034624797e-10,-4.236126903022e-11,-7.501151471787e-11,1.866571849364e-12,7.490984646971e-11,-3.844595414582e-12
1288.249551693,2.270295520859e-10,-1.204765777067e-11,2.270295520859e-10,-1.204765777067e-11,-2.099626731807e-11,5.332599245627e-13,2.096702162154e-11,-1.093313133503e-12
1303.166778452,1.507399770586e-10,-7.787267195891e-12,1.507399770586e-10,-7.787267195891e-12,-1.394020109321e-11,3.299232041251e-13,1.392109464674e-11,-7.060774759401e-13
1318.256738556,-3.286531756963e-11,2.105500591819e-12,-3.286531756963e-11,2.105500591819e-12,3.040382220603e-12,-1.085700737436e-13,-3.035140962822e-12,1.915305245419e-13
1333.521432163,8.45523841184e-11,-4.832082542693e-12,8.45523841184e-11,-4.832082542693e-12,-7.820412166218e-12,2.227001110822e-13,7.808269355469e-12,-4.385974375789e-13
1348.962882592,-1.07212846576e-10,6.321865228151e-12,-1.07212846576e-10,6.321865228151e-12,9.916799668471e-12,-2.970059797564e-13,-9.900726998883e-12,5.73929298608e-13
1364.583136589,-1.952953334734e-10,1.16310245876e-11,-1.952953334734e-10,1.16310245876e-11,1.806434935117e-11,-5.454688190715e-13,-1.803444237744e-11,1.055733094911e-12
1380.384264603,-2.750466579211e-10,1.5762748653e-11,-2.750466579211e-10,1.5762748653e-11,2.543935698044e-11,-7.023334709244e-13,-2.539839804451e-11,1.429273961865e-12
1396.368361056,7.087148222897e-11,-4.143538755606e-12,7.087148222897e-11,-4.143538755606e-12,-6.555170738462e-12,1.862365223687e-13,6.544279626383e-12,-3.75712592233e-13
1412.537544623,-2.693916622733e-10,1.563109674285e-11,-2.693916622733e-10,1.563109674285e-11,2.491658631497e-11,-6.880764667923e-13,-2.487504611965e-11,1.416621577926e-12
1428.893958511,6.567496586693e-10,-3.940383378673e-11,6.567496586693e-10,-3.940383378673e-11,-6.074744671282e-11,1.775387254408e-12,6.064149521286e-11,-3.572032848036e-12
1445.439770746,-2.998025094927e-10,1.744799721543e-11,-2.998025094927e-10,1.744799721543e-11,2.772916648358e-11,-7.505649365204e-13,-2.768175176213e-11,1.580198202831e-12
1462.177174457,3.485663922624e-10,-2.078955874878e-11,3.485663922624e-10,-2.078955874878e-11,-3.224066092435e-11,9.073007321739e-13,3.218350791343e-11,-1.883022391108e-12
1479.108388168,-3.302341759236e-11,1.550470708959e-12,-3.302341759236e-11,1.550470708959e-12,3.053251452026e-12,-4.612851818512e-14,-3.048962919006e-12,1.39635725818e-13
1496.235656094,5.491418348439e-12,-5.133666916856e-13,5.491418348439e-12,-5.133666916856e-13,-5.084746159574e-13,3.10706891648e-14,5.070216810352e-13,-4.680030764747e-14
1513.561248436,-1.255315375034e-10,7.959147908307e-12,-1.255315375034e-10,7.959147908307e-12,1.161222734824e-11,-3.57243979938e-13,-1.158957835232e-11,7.209580959917e-13
1531.087461682,-5.035317798897e-10,3.20419732781e-11,-5.035317798897e-10,3.20419732781e-11,4.657900142459e-11,-1.425803114651e-12,-4.648679362937e-11,2.901584836221e-12
1548.816618913,3.265478169218e-10,-2.10517059867e-11,3.265478169218e-10,-2.10517059867e-11,-3.020781203018e-11,9.380182921982e-13,3.014653797839e-11,-1.906140042759e-12
1566.751070108,-2.603711884776e-10,1.771066289083e-11,-2.603711884776e-10,1.771066289083e-11,2.408876155988e-11,-8.238513938264e-13,-2.403658353824e-11,1.604697045903e-12
1584.893192461,2.143660341091e-10,-1.439432062638e-11,2.143660341091e-10,-1.439432062638e-11,-1.983180006965e-11,6.531300388577e-13,1.978892710007e-11,-1.303431530526e-12
1603.24539069,-3.604238769762e-10,2.409651216745e-11,-3.604238769762e-10,2.409651216745e-11,3.334360208933e-11,-1.074996529445e-12,-3.327103336319e-11,2.181005933149e-12
1621.810097359,-1.316849527388e-11,1.037843551717e-12,-1.316849527388e-11,1.037843551717e-12,1.218745558138e-12,-5.331232965027e-14,-1.215575792749e-12,9.418888435151e-14
1640.5897732,1.683658756342e-10,-1.122037993888e-11,1.683658756342e-10,-1.122037993888e-11,-1.557555000593e-11,4.861002398253e-13,1.55410001687e-11,-1.014754261536e-12
1659.586907438,-3.917803588785e-10,2.745571959677e-11,-3.917803588785e-10,2.745571959677e-11,3.624780335167e-11,-1.240295899197e-12,-3.616223196674e-11,2.484660751898e-12
1678.804018123,2.822845664003e-10,-2.028090946807e-11,2.822845664003e-10,-2.028090946807e-11,-2.611864928967e-11,9.286633161749e-13,2.605470126596e-11,-1.83560337051e-12
1698.243652462,8.749595162612e-11,-6.093782603671e-12,8.749595162612e-11,-6.093782603671e-12,-8.094939410973e-12,2.666379287942e-13,8.075521486084e-12,-5.509944133249e-13
1717.908387158,-1.765427298001e-11,1.234276446176e-12,-1.765427298001e-11,1.234276446176e-12,1.63333807763e-12,-5.353155271742e-14,-1.62936072093e-12,1.115692022117e-13
1737.800828749,-6.031232255434e-10,4.439622663369e-11,-6.031232255434e-10,4.439622663369e-11,5.580697184305e-11,-2.010206490665e-12,-5.566215965193e-11,4.015844521097e-12
1757.923613959,-1.978439207338e-10,1.457460264809e-11,-1.978439207338e-10,1.457460264809e-11,1.830638660932e-11,-6.523703623137e-13,-1.82583137954e-11,1.317878222613e-12
1778.279410039,1.209280748e-10,-9.067780004903e-12,1.209280748e-10,-9.067780004903e-12,-1.118987691573e-11,4.084576613398e-13,1.11596222607e-11,-8.199312897476e-13
1798.870915129,-2.127879890712e-10,1.575670030451e-11,-2.127879890712e-10,1.575670030451e-11,1.968910141084e-11,-6.91465456646e-13,-1.963595397902e-11,1.423859088497e-12
1819.70085861,-2.338723703402e-10,1.820857888248e-11,-2.338723703402e-10,1.820857888248e-11,2.164304652419e-11,-8.322658993925e-13,-2.158087898144e-11,1.646523114476e-12
1840.772001469,3.976987800952e-12,1.252984134371e-13,3.976987800952e-12,1.252984134371e-13,-3.664410102846e-13,-2.614264418232e-14,3.669035850826e-13,1.213881028717e-14
1862.087136663,-6.138871820408e-11,4.792841875027e-12,-6.138871820408e-11,4.792841875027e-12,5.68099433686e-12,-2.144078071043e-13,-5.664261182511e-12,4.331012657906e-13
1883.64908949,5.385796249226e-10,-4.24207262682e-11,5.385796249226e-10,-4.24207262682e-11,-4.984180682497e-11,1.891796280648e-12,4.969201960771e-11,-3.832589093297e-12
1905.460717963,-2.851728174203e-10,2.304817291061e-11,-2.851728174203e-10,2.304817291061e-11,2.639273615149e-11,-1.043195351553e-12,-2.631039909095e-11,2.082684447493e-12
1927.524913191,-3.269422430477e-11,2.894480923852e-12,-3.269422430477e-11,2.894480923852e-12,3.026789359999e-12,-1.413863939853e-13,-3.016314671845e-12,2.619368900444e-13
1949.844599758,-2.808939903317e-10,2.29762312595e-11,-2.808939903317e-10,2.29762312595e-11,2.599728737936e-11,-1.027502488776e-12,-2.591333900363e-11,2.07515172007e-12
1972.422736115,-5.701344369739e-11,4.355095889802e-12,-5.701344369739e-11,4.355095889802e-12,5.275438383392e-12,-1.774954117225e-13,-5.259372067604e-12,3.925885483101e-13
1995.262314969,5.933647959313e-10,-4.993629847154e-11,5.933647959313e-10,-4.993629847154e-11,-5.492147019e-11,2.245017522875e-12,5.4734801742e-11,-4.50943272648e-12
2018.366363682,9.694239139608e-11,-8.007324575883e-12,9.694239139608e-11,-8.007324575883e-12,-8.97222318344e-12,3.483002523014e-13,8.941967959456e-12,-7.225191152957e-13
2041.73794467,-5.705385721666e-10,4.90683973253e-11,-5.705385721666e-10,4.90683973253e-11,5.281181930806e-11,-2.20193414219e-12,-5.262418319701e-11,4.429742779878e-12
2065.380155811,7.700409339694e-11,-6.115839031191e-12,7.700409339694e-11,-6.115839031191e-12,-7.125705663053e-12,2.467613048413e-13,7.102099104835e-12,-5.509054058101e-13
2089.296130854,-4.013027407468e-11,3.924816680296e-12,-4.013027407468e-11,3.924816680296e-12,3.716540167131e-12,-1.946588963351e-13,-3.701154205442e-12,3.549943257979e-13
2113.489039837,5.650372055606e-11,-4.973810878018e-12,5.650372055606e-11,-4.973810878018e-12,-5.230553064771e-12,2.203747168939e-13,5.210878478943e-12,-4.487260129883e-13
2137.962089502,-1.82118860765e-10,1.622262363806e-11,-1.82118860765e-10,1.622262363806e-11,1.685936041948e-11,-7.188878855774e-13,-1.679445584017e-11,1.463377205548e-12
2162.718523727,-7.946221168095e-10,7.259369446027e-11,-7.946221168095e-10,7.259369446027e-11,7.356773882765e-11,-3.263649886313e-12,-7.32738953545e-11,6.549454924102e-12
2187.76162395,7.274763213993e-10,-6.717418476227e-11,7.274763213993e-10,-6.717418476227e-11,-6.735352951268e-11,3.016731034078e-12,6.707852079178e-11,-6.059549126128e-12
2213.094709606,2.729167878989e-10,-2.543234835354e-11,2.729167878989e-10,-2.543234835354e-11,-2.526875255705e-11,1.139038283428e-12,2.516344914273e-11,-2.293721056462e-12
2238.721138568,-1.572348036736e-10,1.508678195256e-11,-1.572348036736e-10,1.508678195256e-11,1.455976738549e-11,-6.880899012253e-13,-1.449656232349e-11,1.361000723097e-12
2264.644307593,-8.918072874592e-11,8.924667333641e-12,-8.918072874592e-11,8.924667333641e-12,8.259594777475e-12,-4.194616212952e-13,-8.221753898973e-12,8.055234852314e-13
2290.867652768,-6.675844829676e-11,5.949143205504e-12,-6.675844829676e-11,5.949143205504e-12,6.179510880743e-12,-2.430106256785e-13,-6.154070440017e-12,5.353283269239e-13
2317.394649969,3.856090714339e-10,-3.757221950158e-11,3.856090714339e-10,-3.757221950158e-11,-3.57081806412e-11,1.678590864724e-12,3.554538582976e-11,-3.386543225635e-12
2344.22881532,2.166239886162e-10,-2.15666044345e-11,2.166239886162e-10,-2.15666044345e-11,-2.006168004441e-11,9.735110808996e-13,1.996714714885e-11,-1.944040090474e-12
2371.373705662,4.122531858779e-10,-4.15205777319e-11,4.122531858779e-10,-4.15205777319e-11,-3.818073665354e-11,1.873902422091e-12,3.799666093022e-11,-3.742165091713e-12
2398.83291902,-7.680062736688e-11,8.109340762134e-12,-7.680062736688e-11,8.109340762134e-12,7.114561830085e-12,-3.792883193753e-13,-7.078171502422e-12,7.313457535343e-13
2426.610095083,2.452508517967e-10,-2.534342302287e-11,2.452508517967e-10,-2.534342302287e-11,-2.271628099564e-11,1.146425717036e-12,2.260133736652e-11,-2.283598970042e-12
2454.708915685,-1.780814087394e-10,1.810786380906e-11,-1.780814087394e-10,1.810786380906e-11,1.649304050132e-11,-7.951254682557e-13,-1.641002749976e-11,1.630347334859e-12
2483.133105296,-3.584764770918e-10,3.731916604452e-11,-3.584764770918e-10,3.731916604452e-11,3.320409486913e-11,-1.659802773994e-12,-3.303101061974e-11,3.360450598369e-12
2511.88643151,1.839672083667e-10,-1.955433607994e-11,1.839672083667e-10,-1.955433607994e-11,-1.704180316443e-11,8.780887806851e-13,1.695005712027e-11,-1.760891528079e-12
2540.972705549,-1.048715818499e-10,1.148779125097e-11,-1.048715818499e-10,1.148779125097e-11,9.716347384426e-12,-5.257231533623e-13,-9.661810709068e-12,1.034762088318e-12
2570.395782769,2.734854566726e-10,-2.990246643837e-11,2.734854566726e-10,-2.990246643837e-11,-2.533773239501e-11,1.349467558086e-12,2.519419805231e-11,-2.692211000387e-12
2600.159563165,2.751859140683e-10,-3.039386838788e-11,2.751859140683e-10,-3.039386838788e-11,-2.549642826804e-11,1.369285921911e-12,2.534887583889e-11,-2.735916733209e-12
2630.267991896,-1.258359793683e-10,1.390378993084e-11,-1.258359793683e-10,1.390378993084e-11,1.165873494631e-11,-6.189117498374e-13,-1.159048420669e-11,1.25102384878e-12
2660.725059799,-4.465918197565e-10,5.042120972399e-11,-4.465918197565e-10,5.042120972399e-11,4.138179163207e-11,-2.267892456509e-12,-4.113140495508e-11,4.537057319644e-12
2691.534803927,3.044118210624e-10,-3.50431845203e-11,3.044118210624e-10,-3.50431845203e-11,-2.821031118864e-11,1.588813012347e-12,2.803427466938e-11,-3.153335521961e-12
2722.701308078,6.964252124649e-11,-7.934114822832e-12,6.964252124649e-11,-7.934114822832e-12,-6.453310418253e-12,3.51416137511e-13,6.413020250156e-12,-7.134549586744e-13
2754.228703338,-1.581948658122e-10,1.848313883794e-11,-1.581948658122e-10,1.848313883794e-11,1.466110477482e-11,-8.304586587217e-13,-1.4566145971e-11,1.66229361078e-12
2786.12116863,1.057489819635e-10,-1.262059965952e-11,1.057489819635e-10,-1.262059965952e-11,-9.801833856811e-12,5.726478885207e-13,9.736241014739e-12,-1.135097738996e-12
2818.382931265,-1.77465699871e-10,2.127686153142e-11,-1.77465699871e-10,2.127686153142e-11,1.644945835966e-11,-9.582519362464e-13,-1.633763498546e-11,1.91298440193e-12
2851.018267504,-1.402489941998e-11,1.7531467235e-12,-1.402489941998e-11,1.7531467235e-12,1.300362532267e-12,-8.138717041644e-14,-1.291037239124e-12,1.577059148762e-13
2884.031503127,6.630592463342e-11,-8.143630108758e-12,6.630592463342e-11,-8.143630108758e-12,-6.146815054829e-12,3.669791327063e-13,6.103033939081e-12,-7.319332651562e-13
2917.427014001,4.234753272896e-11,-5.2855064041e-12,4.234753272896e-11,-5.2855064041e-12,-3.926188352873e-12,2.392506653155e-13,3.89744637499e-12,-4.750120322878e-13
2951.209226667,-1.066131009103e-10,1.315074374411e-11,-1.066131009103e-10,1.315074374411e-11,9.883343632919e-12,-5.806193624168e-13,-9.811057874811e-12,1.18097469355e-12
2985.382618918,1.068996865128e-10,-1.356837251038e-11,1.068996865128e-10,-1.356837251038e-11,-9.911954201239e-12,6.098593208246e-13,9.836493842919e-12,-1.218740890326e-12
3019.951720402,-3.521949908367e-10,4.546480590202e-11,-3.521949908367e-10,4.546480590202e-11,3.26600791856e-11,-2.054395427862e-12,-3.240431933048e-11,4.083457802944e-12
3054.921113216,1.935063679628e-11,-2.600542381343e-12,1.935063679628e-11,-2.600542381343e-12,-1.795026781142e-12,1.209184896963e-13,1.780221286687e-12,-2.336814405555e-13
3090.295432514,1.876520958638e-10,-2.4448607853e-11,1.876520958638e-10,-2.4448607853e-11,-1.740209084605e-11,1.088192938494e-12,1.726145915777e-11,-2.194230877789e-12
3126.079367124,1.341891816386e-10,-1.782748135334e-11,1.341891816386e-10,-1.782748135334e-11,-1.244599382351e-11,7.999716982874e-13,1.234226282525e-11,-1.599966740843e-12
3162.277660169,-1.588702605752e-10,2.139484490722e-11,-1.588702605752e-10,2.139484490722e-11,1.473660631144e-11,-9.618147549303e-13,-1.461069830207e-11,1.919810267893e-12
3198.895109692,-2.01953636632e-10,2.759211839968e-11,-2.01953636632e-10,2.759211839968e-11,1.873501583494e-11,-1.243789565666e-12,-1.857078208805e-11,2.475539905666e-12
3235.936569296,-1.246107255997e-11,1.696124284801e-12,-1.246107255997e-11,1.696124284801e-12,1.155928775808e-12,-7.521058841659e-14,-1.145722362764e-12,1.520832493015e-13
3273.406948789,-6.210762756585e-10,8.678246276752e-11,-6.210762756585e-10,8.678246276752e-11,5.762609102275e-11,-3.907069482638e-12,-5.709776367588e-11,7.78242541958e-12
3311.311214826,-5.234722989644e-10,7.400090728994e-11,-5.234722989644e-10,7.400090728994e-11,4.857433607298e-11,-3.330946295233e-12,-4.81187119692e-11,6.634691090349e-12
3349.654391578,-7.494814691502e-10,1.071098841674e-10,-7.494814691502e-10,1.071098841674e-10,6.955214393892e-11,-4.816417732589e-12,-6.888520252959e-11,9.600718116263e-12
3388.441561392,2.051477232406e-10,-2.953060810739e-11,2.051477232406e-10,-2.953060810739e-11,-1.903868017483e-11,1.321487161073e-12,1.885273815281e-11,-2.646032848533e-12
3427.677865465,-2.080425141536e-10,3.054513479605e-11,-2.080425141536e-10,3.054513479605e-11,1.931085754915e-11,-1.378215143261e-12,-1.911630921802e-11,2.736830564127e-12
3467.368504525,2.229729911439e-11,-3.108867570083e-12,2.229729911439e-11,-3.108867570083e-12,-2.068469087244e-12,1.30754647163e-13,2.048476386693e-12,-2.780277934006e-13
3507.518739526,-1.314540129964e-10,1.9615156301e-11,-1.314540129964e-10,1.9615156301e-11,1.220325285785e-11,-8.781093038229e-13,-1.207549741764e-11,1.756317598783e-12
3548.133892336,-6.832395459729e-10,1.035616999193e-10,-6.832395459729e-10,1.035616999193e-10,6.343652092185e-11,-4.654605465546e-12,-6.275431224468e-11,9.271352432301e-12
3589.21934645,-1.287820111071e-10,1.96981217003e-11,-1.287820111071e-10,1.96981217003e-11,1.195788159263e-11,-8.827487719445e-13,-1.182666193292e-11,1.762894702675e-12
3630.780547701,-1.625865143804e-13,3.919361017767e-14,-1.625865143804e-13,3.919361017767e-14,1.520030786392e-14,-2.414664118607e-15,-1.493385943458e-14,3.538915856541e-15
3672.823004981,1.953163887502e-10,-3.074563150564e-11,1.953163887502e-10,-3.074563150564e-11,-1.814100995369e-11,1.384936567249e-12,1.793151236955e-11,-2.750492247663e-12
3715.352290972,-6.102815597471e-11,9.739480331344e-12,-6.102815597471e-11,9.739480331344e-12,5.669100079389e-12,-4.395408796791e-13,-5.601983195703e-12,8.710940297248e-13
3758.374042885,-2.761552119513e-10,4.418949704923e-11,-2.761552119513e-10,4.418949704923e-11,2.5652957106e-11,-1.975158857478e-12,-2.534507122597e-11,3.950244906409e-12
3801.893963206,4.297961744402e-11,-6.958564869943e-12,4.297961744402e-11,-6.958564869943e-12,-3.992990059806e-12,3.109662788686e-13,3.943959905339e-12,-6.218693387783e-13
3845.917820454,-1.268570802619e-10,2.058983760604e-11,-1.268570802619e-10,2.058983760604e-11,1.178552565274e-11,-9.109544962472e-13,-1.163884876287e-11,1.839071108969e-12
3890.451449943,2.133115769402e-10,-3.519477733947e-11,2.133115769402e-10,-3.519477733947e-11,-1.982117703427e-11,1.564568057184e-12,1.956760124559e-11,-3.1430154154e-12
3935.500754558,4.121197277433e-11,-6.979618270378e-12,4.121197277433e-11,-6.979618270378e-12,-3.830735262505e-12,3.149105248937e-13,3.779861953107e-12,-6.233489138885e-13
3981.071705535,-1.490104946462e-10,2.536884732688e-11,-1.490104946462e-10,2.536884732688e-11,1.385135942226e-11,-1.136659542269e-12,-1.36643998601e-11,2.264591913407e-12
4027.170343255,6.408818678906e-10,-1.106240457333e-10,6.408818678906e-10,-1.106240457333e-10,-5.958341187414e-11,4.965976021184e-12,5.875893296691e-11,-9.872414926815e-12
4073.802778041,3.811049438502e-10,-6.655271954748e-11,3.811049438502e-10,-6.655271954748e-11,-3.543655388096e-11,2.98651426279e-12,3.493496115192e-11,-5.937402488465e-12
4120.975190974,7.074166939127e-11,-1.267406370029e-11,7.074166939127e-11,-1.267406370029e-11,-6.580196808598e-12,5.767421962105e-13,6.483566250604e-12,-1.130737932925e-12
4168.693834704,7.080634977863e-10,-1.263861367147e-10,7.080634977863e-10,-1.263861367147e-10,-6.585562584397e-11,5.659186199672e-12,6.488159976856e-11,-1.126726422125e-11
4216.965034286,7.697287699185e-10,-1.393574413761e-10,7.697287699185e-10,-1.393574413761e-10,-7.16044989351e-11,6.254270326778e-12,7.051838003764e-11,-1.242014680137e-11
4265.795188016,-2.571911969855e-10,4.741145948614e-11,-2.571911969855e-10,4.741145948614e-11,2.393157035019e-11,-2.141069476811e-12,-2.355784847444e-11,4.224735477971e-12
4315.190768278,1.370617574873e-10,-2.537739176256e-11,1.370617574873e-10,-2.537739176256e-11,-1.275396783066e-11,1.137010846407e-12,1.255172797107e-11,-2.260052883738e-12
4365.158322402,4.311907316431e-10,-8.099714643002e-11,4.311907316431e-10,-8.099714643002e-11,-4.013178320879e-11,3.638063295716e-12,3.947901520169e-11,-7.2112754314e-12
4415.704473533,1.127857276337e-10,-2.141454730689e-11,1.127857276337e-10,-2.141454730689e-11,-1.049872869988e-11,9.605299490228e-13,1.032421887693e-11,-1.905786496984e-12
4466.83592151,-3.233628374839e-10,6.215797122998e-11,-3.233628374839e-10,6.215797122998e-11,3.010581672903e-11,-2.788806878224e-12,-2.95936101225e-11,5.52968950522e-12
4518.559443749,-3.829067055527e-10,7.443619233045e-11,-3.829067055527e-10,7.443619233045e-11,3.565530479605e-11,-3.336837623211e-12,-3.503507406834e-11,6.619268059297e-12
4570.881896149,-7.479965395519e-11,1.476969813381e-11,-7.479965395519e-11,1.476969813381e-11,6.966906141434e-12,-6.645200934302e-13,-6.842451663323e-12,1.313011494896e-12
4623.810213993,-4.130413568422e-10,8.221625893057e-11,-4.130413568422e-10,8.221625893057e-11,3.847523555068e-11,-3.683611067921e-12,-3.777479553811e-11,7.305162129049e-12
4677.351412872,-4.002521698895e-10,8.052439875904e-11,-4.002521698895e-10,8.052439875904e-11,3.728999434914e-11,-3.602391219094e-12,-3.659634082693e-11,7.151588629109e-12
4731.512589615,-5.469678592559e-10,1.115047691878e-10,-5.469678592559e-10,1.115047691878e-10,5.097012872959e-11,-4.99401476234e-12,-4.999886387093e-11,9.899168521872e-12
4786.300923227,-3.58899403193e-10,7.391447836151e-11,-3.58899403193e-10,7.391447836151e-11,3.345004629885e-11,-3.303762409289e-12,-3.279907559002e-11,6.558785667316e-12
4841.723675841,-3.457555179674e-10,7.214793881134e-11,-3.457555179674e-10,7.214793881134e-11,3.223236146148e-11,-3.228071005889e-12,-3.158985774617e-11,6.399391689281e-12
4897.788193685,-5.148116301734e-10,1.086981495375e-10,-5.148116301734e-10,1.086981495375e-10,4.80020945548e-11,-4.861528949236e-12,-4.702334232673e-11,9.636887487474e-12
4954.501908048,-8.730625807652e-10,1.866143892042e-10,-8.730625807652e-10,1.866143892042e-10,8.14240849851e-11,-8.347103780481e-12,-7.97250739622e-11,1.653717011924e-11
5011.872336273,5.769720731678e-10,-1.248245743034e-10,5.769720731678e-10,-1.248245743034e-10,-5.382183683845e-11,5.582652497719e-12,5.267277134984e-11,-1.105632308183e-11
5069.907082747,3.199100011593e-10,-7.001966006412e-11,3.199100011593e-10,-7.001966006412e-11,-2.98486984341e-11,3.129661889096e-12,2.919699825104e-11,-6.198900776541e-12
5128.613839914,-1.467826260502e-10,3.25982455528e-11,-1.467826260502e-10,3.25982455528e-11,1.369933727735e-11,-1.460586068963e-12,-1.339254936177e-11,2.884736084326e-12
5188.00038929,1.712590202833e-10,-3.842579477733e-11,1.712590202833e-10,-3.842579477733e-11,-1.598683564848e-11,1.718152911615e-12,1.562122164299e-11,-3.398532820301e-12
5248.074602498,2.662430585416e-10,-6.053732688737e-11,2.662430585416e-10,-6.053732688737e-11,-2.486033892677e-11,2.709765258602e-12,2.427794944275e-11,-5.351592935475e-12
5308.84444231,1.322528232421e-10,-3.028984530992e-11,1.322528232421e-10,-3.028984530992e-11,-1.235059681371e-11,1.348784184611e-12,1.205602336741e-11,-2.675862559316e-12
5370.317963703,2.629321692079e-10,-6.112735627682e-11,2.629321692079e-10,-6.112735627682e-11,-2.456239591137e-11,2.729550665283e-12,2.396131333749e-11,-5.397656814248e-12
5432.503314925,-3.46641772528e-10,8.175039765491e-11,-3.46641772528e-10,8.175039765491e-11,3.239280517789e-11,-3.658035890978e-12,-3.15800180156e-11,7.215207800972e-12
5495.408738577,-2.042013406352e-10,4.860203472803e-11,-2.042013406352e-10,4.860203472803e-11,1.908571271049e-11,-2.167711998192e-12,-1.859722193738e-11,4.286758851631e-12
5559.042572704,1.846416465699e-10,-4.456868071339e-11,1.846416465699e-10,-4.456868071339e-11,-1.726329314606e-11,1.991349848287e-12,1.681038931962e-11,-3.928977184282e-12
5623.413251904,-1.830526208094e-10,4.470307713208e-11,-1.830526208094e-10,4.470307713208e-11,1.71193620816e-11,-1.99589957193e-12,-1.66601110522e-11,3.938441374926e-12
5688.529308439,6.810768181625e-10,-1.682238394167e-10,6.810768181625e-10,-1.682238394167e-10,-6.371243511645e-11,7.502875266832e-12,6.196529899901e-11,-1.48115903477e-11
5754.399373372,2.803087929458e-10,-7.009940763651e-11,2.803087929458e-10,-7.009940763651e-11,-2.622998390369e-11,3.126484121087e-12,2.549396610052e-11,-6.168278725238e-12
5821.032177709,1.043108354458e-10,-2.646412461597e-11,1.043108354458e-10,-2.646412461597e-11,-9.764603216666e-12,1.182721616957e-12,9.483679985785e-12,-2.327362799966e-12
5888.436553556,1.476077104475e-10,-3.775287154096e-11,1.476077104475e-10,-3.775287154096e-11,-1.382020367219e-11,1.679669706445e-12,1.341512169085e-11,-3.317568638682e-12
5956.62143529,4.046906750907e-10,-1.049774446141e-10,4.046906750907e-10,-1.049774446141e-10,-3.790496194768e-11,4.678591750377e-12,3.676621041054e-11,-9.219485574972e-12
6025.595860744,-1.226981760938e-10,3.219767513729e-11,-1.226981760938e-10,3.219767513729e-11,1.149596520637e-11,-1.433583029681e-12,-1.114289986432e-11,2.825748017396e-12
6095.368972402,5.469690170577e-10,-1.453824140385e-10,5.469690170577e-10,-1.453824140385e-10,-5.126567491321e-11,6.475098795525e-12,4.965409736038e-11,-1.275058774527e-11
6165.950018615,-7.253259347815e-11,1.956660425162e-11,-7.253259347815e-11,1.956660425162e-11,6.801250963612e-12,-8.735143062239e-13,-6.581977794015e-12,1.715004162324e-12
6237.348354825,-1.201554736999e-12,2.994583911565e-13,-1.201554736999e-12,2.994583911565e-13,1.123500401987e-13,-1.205256762615e-14,-1.089684965899e-13,2.614524761296e-14
6309.573444802,-2.350673089424e-10,6.480447677891e-11,-2.350673089424e-10,6.480447677891e-11,2.205568445892e-11,-2.882932197944e-12,-2.131368718762e-11,5.671306447634e-12
6382.634861906,-2.830855785859e-10,7.901837551888e-11,-2.830855785859e-10,7.901837551888e-11,2.657129832683e-11,-3.51463795631e-12,-2.565676253436e-11,6.910064422151e-12
6456.542290347,-1.499180263773e-10,4.231787997276e-11,-1.499180263773e-10,4.231787997276e-11,1.407663740838e-11,-1.879463089255e-12,-1.358159075356e-11,3.697669212696e-12
6531.305526475,1.598808849545e-10,-4.588984277303e-11,1.598808849545e-10,-4.588984277303e-11,-1.50207059116e-11,2.046581564194e-12,1.447800273056e-11,-4.007236294465e-12
6606.934480076,-3.450782714012e-10,9.985646629058e-11,-3.450782714012e-10,9.985646629058e-11,3.242772639167e-11,-4.432701624046e-12,-3.123425826772e-11,8.711518215622e-12
6683.439175686,-1.874980761658e-10,5.495785322351e-11,-1.874980761658e-10,5.495785322351e-11,1.762734495955e-11,-2.439948400112e-12,-1.696342600391e-11,4.790696215025e-12
6760.82975392,1.344122382815e-10,-3.99896713466e-11,1.344122382815e-10,-3.99896713466e-11,-1.264339573515e-11,1.779382375833e-12,1.215507244329e-11,-3.483305584798e-12
6839.116472815,1.243139931184e-10,-3.742934354294e-11,1.243139931184e-10,-3.742934354294e-11,-1.169849773834e-11,1.66404473039e-12,1.123655010871e-11,-3.257447103678e-12
6918.30970919,-2.205824713869e-10,6.709209960018e-11,-2.205824713869e-10,6.709209960018e-11,2.07651938417e-11,-2.974727950404e-12,-1.992836509654e-11,5.833398721375e-12
6998.419960023,-4.116417133647e-10,1.267273822669e-10,-4.116417133647e-10,1.267273822669e-10,3.876867151536e-11,-5.614621639851e-12,-3.717116955885e-11,1.100846954118e-11
7079.457843842,3.809352086571e-11,-1.203180248429e-11,3.809352086571e-11,-1.203180248429e-11,-3.591630320543e-12,5.400138928935e-13,3.438270811387e-12,-1.044712986726e-12
7161.434102129,-3.476708012923e-10,1.096714150718e-10,-3.476708012923e-10,1.096714150718e-10,3.277487190176e-11,-4.852053473321e-12,-3.136281739416e-11,9.509067418623e-12
7244.35960075,-5.900551017562e-10,1.886731679767e-10,-5.900551017562e-10,1.886731679767e-10,5.565554419233e-11,-8.352833958433e-12,-5.320043842184e-11,1.634395441797e-11
7328.245331389,-2.034840497217e-10,6.567873737123e-11,-2.034840497217e-10,6.567873737123e-11,1.920015108074e-11,-2.897069363689e-12,-1.833655646255e-11,5.683256295392e-12
7413.10241301,3.18303584789e-10,-1.042676147068e-10,3.18303584789e-10,-1.042676147068e-10,-3.005364167591e-11,4.607687861889e-12,2.866804373304e-11,-9.014154881808e-12
7498.942093325,4.83204689351e-10,-1.603663537883e-10,4.83204689351e-10,-1.603663537883e-10,-4.564963933757e-11,7.087110217252e-12,4.349603287637e-11,-1.385015264534e-11
7585.775750292,7.771896935144e-10,-2.613049226493e-10,7.771896935144e-10,-2.613049226493e-10,-7.346637713479e-11,1.154710442011e-11,6.992024680675e-11,-2.254464098403e-11
7673.614893619,2.224931708596e-10,-7.579207489811e-11,2.224931708596e-10,-7.579207489811e-11,-2.104471656281e-11,3.34928144642e-12,2.000533116234e-11,-6.5322929262e-12
7762.471166287,2.790519449084e-10,-9.630339103135e-11,2.790519449084e-10,-9.630339103135e-11,-2.641077880735e-11,4.255170799964e-12,2.50762489005e-11,-8.291206788328e-12
7852.356346101,-3.011742361993e-11,1.053907020806e-11,-3.011742361993e-11,1.053907020806e-11,2.852416107803e-12,-4.660082414032e-13,-2.704836191143e-12,9.063941596488e-13
7943.282347243,2.643677772599e-10,-9.356377192746e-11,2.643677772599e-10,-9.356377192746e-11,-2.505212746128e-11,4.129178917935e-12,2.372834670161e-11,-8.037227334607e-12
8035.261221857,1.88012229145e-10,-6.742084584064e-11,1.88012229145e-10,-6.742084584064e-11,-1.782859192604e-11,2.975131942402e-12,1.686474913288e-11,-5.784912089332e-12
8128.305161641,2.238141802213e-10,-8.119219807944e-11,2.238141802213e-10,-8.119219807944e-11,-2.123626948987e-11,3.576523720144e-12,2.006355941404e-11,-6.957954002071e-12
8222.426499471,-1.148141572631e-10,4.216351338994e-11,-1.148141572631e-10,4.216351338994e-11,1.090110885446e-11,-1.855246007703e-12,-1.028582210238e-11,3.608849750562e-12
8317.637711027,1.369819706126e-10,-5.101269798319e-11,1.369819706126e-10,-5.101269798319e-11,-1.301606977424e-11,2.246028186466e-12,1.226392253497e-11,-4.361084087096e-12
8413.951416452,9.94133824948e-12,-3.705370800455e-12,9.94133824948e-12,-3.705370800455e-12,-9.445664475732e-13,1.610499004376e-13,8.893983342488e-13,-3.162131206088e-13
8511.380382024,4.662822463886e-10,-1.780141944854e-10,4.662822463886e-10,-1.780141944854e-10,-4.436943924821e-11,7.821609046275e-12,4.169055486215e-11,-1.517910658997e-11
8609.937521846,5.871233552432e-11,-2.273356369663e-11,5.871233552432e-11,-2.273356369663e-11,-5.591613216524e-12,9.994930712862e-13,5.245979062225e-12,-1.936017262077e-12
8709.635899561,2.291738436262e-10,-8.96924761825e-11,2.291738436262e-10,-8.96924761825e-11,-2.18398578117e-11,3.932015275655e-12,2.046239936336e-11,-7.627309355358e-12
8810.488730081,1.404528542658e-11,-5.479459748172e-12,1.404528542658e-11,-5.479459748172e-12,-1.338007682239e-12,2.360824227899e-13,1.25305977469e-12,-4.64992159986e-13
8912.509381338,3.701479065124e-10,-1.489091894148e-10,3.701479065124e-10,-1.489091894148e-10,-3.533709032655e-11,6.529829247931e-12,3.300328170356e-11,-1.262870197349e-11
9015.71137606,3.371087409449e-10,-1.374687821741e-10,3.371087409449e-10,-1.374687821741e-10,-3.221217185389e-11,6.027251631291e-12,3.003579334628e-11,-1.164201618024e-11
9120.10839356,-8.514587572395e-11,3.519605725032e-11,-8.514587572395e-11,3.519605725032e-11,8.143658057527e-12,-1.54286942992e-12,-7.580801752152e-12,2.976402045873e-12
9225.714271548,5.56015947062e-11,-2.321376527766e-11,5.56015947062e-11,-2.321376527766e-11,-5.321491108126e-12,1.013656097812e-12,4.946572840173e-12,-1.959886400531e-12
9332.54300797,-1.96157030023e-10,8.303341789515e-11,-1.96157030023e-10,8.303341789515e-11,1.879243246873e-11,-3.625497570624e-12,-1.74378912853e-11,6.999818661623e-12
9440.60876286,1.088415671461e-10,-4.680148054455e-11,1.088415671461e-10,-4.680148054455e-11,-1.04397201537e-11,2.047154323428e-12,9.668513004738e-12,-3.939725057807e-12
9549.925860215,1.847028937896e-11,-8.01149542741e-12,1.847028937896e-11,-8.01149542741e-12,-1.772696899129e-12,3.485648865027e-13,1.639394019859e-12,-6.731852710128e-13
9660.508789899,5.744063268401e-12,-2.584525615026e-12,5.744063268401e-12,-2.584525615026e-12,-5.530149633982e-13,1.149948298448e-13,5.095359809262e-13,-2.170575766938e-13
9772.372209559,6.854752440543e-11,-3.069589837408e-11,6.854752440543e-11,-3.069589837408e-11,-6.595824860303e-12,1.340575616213e-12,6.074766442346e-12,-2.571473466341e-12
9885.53094657,-2.660852845815e-10,1.205063195812e-10,-2.660852845815e-10,1.205063195812e-10,2.562674490942e-11,-5.24762720214e-12,-2.356119845791e-11,1.007698972467e-11
10000.0,-5.275755817633e-10,2.422122897786e-10,-5.275755817633e-10,2.422122897786e-10,5.086966862217e-11,-1.054120515737e-11,-4.667716550767e-11,2.02194566532e-11
10115.7945426,2.196398552761e-10,-1.022429817543e-10,2.196398552761e-10,-1.022429817543e-10,-2.120358180585e-11,4.447626787501e-12,1.941647480018e-11,-8.520142877371e-12
10232.92992281,9.632466138629e-11,-4.541822450648e-11,9.632466138629e-11,-4.541822450648e-11,-9.309570373762e-12,1.972672126651e-12,8.507988574238e-12,-3.777847178383e-12
10351.42166679,4.00831145423e-11,-1.910480454799e-11,4.00831145423e-11,-1.910480454799e-11,-3.877662230757e-12,8.267640730935e-13,3.537255689086e-12,-1.58596876226e-12
10471.28548051,4.894241893852e-11,-2.366549651707e-11,4.894241893852e-11,-2.366549651707e-11,-4.741137273969e-12,1.024015605535e-12,4.31537196469e-12,-1.960953189506e-12
10592.53725177,1.209666324922e-10,-5.948440260243e-11,1.209666324922e-10,-5.948440260243e-11,-1.173766535451e-11,2.579706670479e-12,1.065699088874e-11,-4.920305648663e-12
10715.19305238,-2.090651390144e-10,1.041877286724e-10,-2.090651390144e-10,1.041877286724e-10,2.031294921734e-11,-4.51250242622e-12,-1.840200246314e-11,8.600941212996e-12
10839.26914021,4.470939017082e-10,-2.259324815734e-10,4.470939017082e-10,-2.259324815734e-10,-4.350191877847e-11,9.777476708033e-12,3.931836669765e-11,-1.861413134171e-11
10964.78196143,2.364140433667e-10,-1.210886581573e-10,2.364140433667e-10,-1.210886581573e-10,-2.303538968206e-11,5.233249468852e-12,2.077191945972e-11,-9.955717660726e-12
11091.74815262,8.386554575447e-11,-4.355654770187e-11,8.386554575447e-11,-4.355654770187e-11,-8.183839568696e-12,1.880593650861e-12,7.36193717283e-12,-3.573701082578e-12
11220.18454302,-1.221502644153e-11,6.451717425457e-12,-1.221502644153e-11,6.451717425457e-12,1.194239024283e-12,-2.79068810401e-13,-1.07132867989e-12,5.283073126038e-13
11350.10815672,-5.354643502569e-11,2.863210903845e-11,-5.354643502569e-11,2.863210903845e-11,5.242413425984e-12,-1.235098339299e-12,-4.691880505555e-12,2.339276988454e-12
11481.53621497,-4.181732612567e-11,2.264614260455e-11,-4.181732612567e-11,2.264614260455e-11,4.100128268926e-12,-9.745146593682e-13,-3.660658335812e-12,1.845982969089e-12
11614.4861384,2.135293076474e-11,-1.172568909222e-11,2.135293076474e-11,-1.172568909222e-11,-2.097122409881e-12,5.039204791758e-13,1.867461611586e-12,-9.536424277198e-13
11748.9755494,-3.189757412691e-10,1.778607580317e-10,-3.189757412691e-10,1.778607580317e-10,3.138690399389e-11,-7.643356287385e-12,-2.787084888828e-11,1.443293132971e-11
11885.02227437,-1.564657325475e-10,8.851612264161e-11,-1.564657325475e-10,8.851612264161e-11,1.54244284557e-11,-3.800230766554e-12,-1.365846221658e-11,7.166076436123e-12
12022.64434617,5.259188620826e-11,-3.024643540283e-11,5.259188620826e-11,-3.024643540284e-11,-5.19579478395e-12,1.299740089256e-12,4.586750549903e-12,-2.443138300056e-12
12161.86000646,-1.42216045067e-10,8.276790880458e-11,-1.42216045067e-10,8.276790880458e-11,1.407236832343e-11,-3.543608070435e-12,-1.239082181931e-11,6.668194201257e-12
12302.68770812,-2.905545478031e-10,1.716686227127e-10,-2.905545478031e-10,1.716686227127e-10,2.881057186258e-11,-7.345044957821e-12,-2.529115289652e-11,1.379654957099e-11
12445.14611771,5.190679223962e-11,-3.117844208013e-11,5.190679223962e-11,-3.117844208013e-11,-5.159085777903e-12,1.334849680891e-12,4.514051246911e-12,-2.499669801294e-12
12589.25411794,-9.438700619886e-12,5.687691470856e-12,-9.438700619886e-12,5.687691470856e-12,9.384847195944e-13,-2.404845423132e-13,-8.198464996346e-13,4.544900470816e-13
12735.03081017,-2.864225605254e-11,1.765906628563e-11,-2.864225605254e-11,1.765906628563e-11,2.857739627527e-12,-7.516824090303e-13,-2.485919265059e-12,1.408098773215e-12
12882.49551693,-4.479612733147e-10,2.809118814328e-10,-4.479612733147e-10,2.809118814328e-10,4.481220113808e-11,-1.196645736394e-11,-3.884424312234e-11,2.234219629824e-11
13031.66778452,-3.853858262782e-10,2.453445534996e-10,-3.853858262782e-10,2.453445534996e-10,3.864478671635e-11,-1.043892901189e-11,-3.338649183946e-11,1.946010501185e-11
13182.56738556,-2.848417455032e-10,1.8405858668e-10,-2.848417455032e-10,1.8405858668e-10,2.863213174699e-11,-7.819743364859e-12,-2.46528314066e-11,1.455818035449e-11
13335.21432163,-1.476442639899e-10,9.685943405204e-11,-1.476442639899e-10,9.685943405204e-11,1.487880801769e-11,-4.10942352474e-12,-1.276650910954e-11,7.639340755665e-12
13489.62882592,4.584869230806e-10,-3.055388327986e-10,4.584869230806e-10,-3.055388327986e-10,-4.63290780225e-11,1.295048552057e-11,3.960809707352e-11,-2.402886752229e-11
13645.83136589,2.31221047244e-10,-1.564639541804e-10,2.31221047244e-10,-1.564639541804e-10,-2.342783426636e-11,6.622160719911e-12,1.995650917467e-11,-1.226862950175e-11
13803.84264603,4.038622948652e-11,-2.774991343656e-11,4.038622948652e-11,-2.774991343656e-11,-4.103436807156e-12,1.172603103462e-12,3.482525522809e-12,-2.169354057664e-12
13963.68361056,-1.151353884939e-10,8.051155052499e-11,-1.151353884939e-10,8.051155052499e-11,1.173692997617e-11,-3.403494147206e-12,-9.919931733751e-12,6.275603876259e-12
14125.37544623,1.890099682684e-10,-1.341359587127e-10,1.890099682684e-10,-1.341359587127e-10,-1.93226617692e-11,5.656924890062e-12,1.62701560645e-11,-1.042215702195e-11
14288.93958511,9.837924640746e-11,-7.08555404293e-11,9.837924640746e-11,-7.08555404293e-11,-1.008683644357e-11,2.980689674815e-12,8.461023939695e-12,-5.487464156212e-12
14454.39770746,3.940046740922e-11,-2.88052205899e-11,3.940046740922e-11,-2.88052205899e-11,-4.052045172071e-12,1.208775914674e-12,3.38565316151e-12,-2.223469242328e-12
14621.77174457,1.097415862233e-11,-8.12202322688e-12,1.097415862233e-11,-8.12202322688e-12,-1.131495523745e-12,3.390733697372e-13,9.421015640816e-13,-6.24694325193e-13
14791.08388168,1.194027210557e-11,-9.038213976392e-12,1.194027210557e-11,-9.038213976392e-12,-1.237060805758e-12,3.789687258046e-13,1.024476134753e-12,-6.931600381135e-13
14962.35656095,4.1179240239e-11,-3.1730953177e-11,4.1179240239e-11,-3.1730953177e-11,-4.283218704683e-12,1.330130082372e-12,3.530733456479e-12,-2.425491027184e-12
15135.61248436,5.095588088824e-10,-3.990039435695e-10,5.095588088824e-10,-3.990039435695e-10,-5.319609947462e-11,1.669174559141e-11,4.365783890831e-11,-3.03928176301e-11
15310.87461682,1.799413374625e-10,-1.432974948129e-10,1.799413374625e-10,-1.432974948129e-10,-1.885970218808e-11,5.985862197515e-12,1.540665079201e-11,-1.087689471134e-11
15488.16618913,2.871753812071e-10,-2.326370594296e-10,2.871753812071e-10,-2.326370594296e-10,-3.022331470544e-11,9.703933123536e-12,2.45727490839e-11,-1.759518765752e-11
15667.51070108,1.380531077991e-11,-1.13848456165e-11,1.380531077991e-11,-1.13848456165e-11,-1.459361567761e-12,4.744583306245e-13,1.180632221648e-12,-8.579950341536e-13
15848.93192461,1.701047469999e-10,-1.426150503117e-10,1.701047469999e-10,-1.426150503117e-10,-1.805781201731e-11,5.929635963765e-12,1.453909692821e-11,-1.070745534515e-11
16032.4539069,-5.097792071109e-11,4.353475299335e-11,-5.097792071109e-11,4.353475299335e-11,5.43786555016e-12,-1.808724153967e-12,-4.355303064705e-12,3.256531146078e-12
16218.10097359,-2.45932996258e-10,2.137612495274e-10,-2.45932996258e-10,2.137612495274e-10,2.635913762762e-11,-8.866239266637e-12,-2.100262278321e-11,1.592885887513e-11
16405.897732,3.705547689802e-10,-3.278661737601e-10,3.705547689802e-10,-3.278661737601e-10,-3.991292427115e-11,1.357570966556e-11,3.163429468798e-11,-2.433665522126e-11
16595.86907438,2.190877684981e-10,-1.974303677985e-10,2.190877684981e-10,-1.974303677985e-10,-2.3721808351e-11,8.162892698358e-12,1.869874839897e-11,-1.459724461139e-11
16788.04018123,9.08873720742e-11,-8.340023836637e-11,9.08873720742e-11,-8.340023836637e-11,-9.893345496836e-12,3.441881575204e-12,7.75552021385e-12,-6.141505079403e-12
16982.43652462,-1.499128424656e-11,1.403792796932e-11,-1.499128424656e-11,1.403792796932e-11,1.641818487102e-12,-5.792434750966e-13,-1.279238345404e-12,1.029690503256e-12
17179.08387158,-9.939097261897e-11,9.478840479474e-11,-9.939097261897e-11,9.478840479474e-11,1.094723911803e-11,-3.902904831284e-12,-8.48095888433e-12,6.923810815651e-12
17378.00828749,-1.632586592515e-10,1.586544348913e-10,-1.632586592515e-10,1.586544348913e-10,1.809017665718e-11,-6.520149841301e-12,-1.393194464464e-11,1.154015294915e-11
17579.23613959,-2.074782652672e-10,2.054962583151e-10,-2.074782652672e-10,2.054962583151e-10,2.313392998591e-11,-8.428622732553e-12,-1.770891983812e-11,1.488344534587e-11
17782.79410039,-2.328487536256e-10,2.352669438704e-10,-2.328487536256e-10,2.352669438704e-10,2.613761775096e-11,-9.63611047078e-12,-1.988161996407e-11,1.696678605161e-11
17988.70915129,-2.403292930104e-10,2.477571372291e-10,-2.403292930104e-10,2.477571372291e-10,2.716587316604e-11,-1.013234821686e-11,-2.053042135865e-11,1.778990255767e-11
18197.0085861,1.324206085286e-10,-1.3936204967e-10,1.324206085286e-10,-1.3936204967e-10,-1.507871931843e-11,5.691921363665e-12,1.131963970441e-11,-9.962874638538e-12
18407.72001469,1.54325328069e-10,-1.657188561766e-10,1.54325328069e-10,-1.657188561766e-10,-1.770326868771e-11,6.754751372408e-12,1.320192297641e-11,-1.179357786641e-11
18620.87136663,1.912847374926e-10,-2.098392035169e-10,1.912847374926e-10,-2.098392035169e-10,-2.21197681415e-11,8.542172822419e-12,1.637991252289e-11,-1.486634636268e-11
18836.4908949,-1.090775519235e-10,1.222308307171e-10,-1.090775519235e-10,1.222308307171e-10,1.271771486705e-11,-4.967665501957e-12,-9.351074088912e-12,8.619858255561e-12
19054.60717963,-4.042618574666e-11,4.634811818131e-11,-4.042618574666e-11,4.634811818131e-11,4.75627421927e-12,-1.882462370976e-12,-3.470762780786e-12,3.253713863002e-12
19275.24913191,4.068859871027e-11,-4.764999347488e-11,4.068859871027e-11,-4.764999347488e-11,-4.828986473836e-12,1.93093015858e-12,3.498450245012e-12,-3.329125581688e-12
19498.44599758,-2.055652451336e-10,2.460856578829e-10,-2.055652451336e-10,2.460856578829e-10,2.462320771958e-11,-9.952410530753e-12,-1.770552309825e-11,1.711056273409e-11
19724.22736115,-9.766685670563e-11,1.196646730923e-10,-9.766685670563e-11,1.196646730923e-10,1.181628833286e-11,-4.833180576276e-12,-8.429699805334e-12,8.280680500003e-12
19952.62314969,2.006688079093e-11,-2.517659988757e-11,2.006688079093e-11,-2.517659988757e-11,-2.453389411097e-12,1.015566588098e-12,1.73609795038e-12,-1.733801266301e-12
20183.66363682,-1.785895120707e-10,2.293902626842e-10,-1.785895120707e-10,2.293902626842e-10,2.206917271913e-11,-9.236289561327e-12,-1.549071511143e-11,1.571910418891e-11
20417.3794467,-3.911230882104e-11,5.148637677951e-11,-3.911230882104e-11,5.148637677951e-11,4.888944827904e-12,-2.070242939572e-12,-3.402682756835e-12,3.510744011982e-12
20653.80155811,1.075388654809e-10,-1.450857938491e-10,1.075388654809e-10,-1.450857938491e-10,-1.360160472891e-11,5.823810129903e-12,9.386182744639e-12,-9.843394242013e-12
20892.96130854,-5.020473198022e-11,6.947636151168e-11,-5.020473198022e-11,6.947636151168e-11,6.429776742537e-12,-2.784623279491e-12,-4.398081297124e-12,4.689888138594e-12
21134.89039837,1.130827959539e-10,-1.606564528322e-10,1.130827959539e-10,-1.606564528322e-10,-1.467580777258e-11,6.430925399996e-12,9.947349120488e-12,-1.079005170794e-11
21379.62089502,-1.933628072341e-11,2.819796004815e-11,-1.933628072341e-11,2.819796004815e-11,2.543695105789e-12,-1.126678008122e-12,-1.70850059756e-12,1.88404647079e-12
21627.18523727,-1.374260860146e-10,2.060897418515e-10,-1.374260860146e-10,2.060897418515e-10,1.834845287969e-11,-8.226802932459e-12,-1.220500570131e-11,1.369986098805e-11
21877.6162395,4.72385400271e-11,-7.286076979748e-11,4.72385400271e-11,-7.286076979748e-11,-6.404455471225e-12,2.904679663433e-12,4.218724594492e-12,-4.818376902906e-12
22130.94709606,-4.970186014477e-11,7.892248831595e-11,-4.970186014477e-11,7.892248831595e-11,6.848804308317e-12,-3.142784369302e-12,-4.466220729038e-12,5.192210290559e-12
22387.21138568,-1.341930991625e-10,2.195404758602e-10,-1.341930991625e-10,2.195404758602e-10,1.881033237875e-11,-8.73242746984e-12,-1.214083457544e-11,1.436803278096e-11
22646.44307593,-2.068571529413e-10,3.489103258147e-10,-2.068571529413e-10,3.489103258147e-10,2.952091270108e-11,-1.386145527497e-11,-1.885477811736e-11,2.271492364457e-11
22908.67652768,-3.230766184661e-12,5.604564881355e-12,-3.230766184661e-12,5.604564881355e-12,4.690199813095e-13,-2.219007404574e-13,-2.966784556541e-13,3.628224866169e-13
23173.94649969,-6.035562704837e-11,1.085022045564e-10,-6.035562704837e-11,1.085022045564e-10,8.954875553314e-12,-4.300290930089e-12,-5.596460076175e-12,6.989381284286e-12
23442.2881532,-1.075351635112e-10,2.000525008923e-10,-1.075351635112e-10,2.000525008923e-10,1.630320742797e-11,-7.924057673504e-12,-1.007199375634e-11,1.281967446751e-11
23713.73705662,-1.454304690778e-10,2.801780759707e-10,-1.454304690778e-10,2.801780759707e-10,2.25528260334e-11,-1.1088777917e-11,-1.377118597231e-11,1.785994132533e-11
23988.3291902,-1.74658520577e-10,3.488385206626e-10,-1.74658520577e-10,3.488385206626e-10,2.774009108176e-11,-1.379440137e-11,-1.67380419648e-11,2.211963801372e-11
24266.10095083,3.561801492499e-11,-7.389911402171e-11,3.561801492499e-11,-7.389911402171e-11,-5.804694754301e-12,2.921116597139e-12,3.459220665891e-12,-4.661601189253e-12
24547.08915685,1.469924167757e-11,-3.17456534192e-11,1.469924167757e-11,-3.17456534192e-11,-2.46294538135e-12,1.254844789554e-12,1.448916967397e-12,-1.992299568236e-12
24831.33105296,4.553622850389e-13,-1.021421704765e-12,4.553622850389e-13,-1.021421704765e-12,-7.839236727122e-14,4.029052398889e-14,4.556850077775e-14,-6.375206977754e-14
25118.8643151,-7.814468106335e-12,1.824517161394e-11,-7.814468106335e-12,1.824517161394e-11,1.385118839948e-12,-7.184712678395e-13,-7.952088411132e-13,1.132635955079e-12
25409.72705549,-1.067189641766e-11,2.611183407166e-11,-1.067189641766e-11,2.611183407166e-11,1.957936447753e-12,-1.029303978384e-12,-1.108061996249e-12,1.613092971464e-12
25703.95782769,-8.789257489138e-12,2.259353912035e-11,-8.789257489138e-12,2.259353912035e-11,1.673508150215e-12,-8.917035228988e-13,-9.331955245387e-13,1.389056204593e-12
26001.59563165,-2.867337955856e-12,7.71803908832e-12,-2.867337955856e-12,7.71803908832e-12,5.658296479577e-13,-3.041429724943e-13,-3.113569666203e-13,4.720041973226e-13
26302.67991896,6.43808640517e-12,-1.844922607244e-11,6.43808640517e-12,-1.844922607244e-11,-1.333664723532e-12,7.307814696801e-13,7.207430328712e-13,-1.123853563403e-12
26607.25059799,1.851672535877e-11,-5.581259047984e-11,1.851672535877e-11,-5.581259047984e-11,-3.996336965314e-12,2.206765978365e-12,2.130459990065e-12,-3.382110333098e-12
26915.34803927,-1.265657722142e-10,4.041026689894e-10,-1.265657722142e-10,4.041026689894e-10,2.863722365158e-11,-1.597852530977e-11,-1.503676790322e-11,2.437015317456e-11
27227.01308078,-1.020531430868e-10,3.471921385036e-10,-1.020531430868e-10,3.471921385036e-10,2.434503176665e-11,-1.374268090971e-11,-1.257805892233e-11,2.084344881781e-11
27542.28703338,-7.670268925277e-11,2.792515291088e-10,-7.670268925277e-11,2.792515291088e-10,1.938119486012e-11,-1.106584366368e-11,-9.849538423599e-12,1.6690649608e-11
27861.2116863,-5.115848077011e-11,2.004505768993e-10,-5.115848077011e-11,2.004505768993e-10,1.377296797656e-11,-7.954720728871e-12,-6.881188523128e-12,1.192988510829e-11
28183.82931265,-2.616716630742e-11,1.109561404438e-10,-2.616716630742e-11,1.109561404438e-10,7.550878134297e-12,-4.409429314662e-12,-3.707871128411e-12,6.576216396299e-12
28510.18267504,-2.350269422183e-12,1.098705574201e-11,-2.350269422183e-12,1.098705574201e-11,7.394033309141e-13,-4.388371813007e-13,-3.556899953659e-13,6.491003528566e-13
28840.31503127,1.943747917487e-11,-9.925230535548e-11,1.943747917487e-11,-9.925230535548e-11,-6.627914327257e-12,3.963051821532e-12,3.136469677553e-12,-5.838619033295e-12
29174.27014001,3.855742651502e-11,-2.194732778121e-10,3.855742651502e-11,-2.194732778121e-10,-1.45265581853e-11,8.78701962465e-12,6.743548938845e-12,-1.286626675345e-11
29512.09226667,-2.709608862684e-11,1.744010386938e-10,-2.709608862684e-11,1.744010386938e-10,1.144573161279e-11,-7.003337707878e-12,-5.209559668086e-12,1.019114810206e-11
29853.82618918,-4.845794011611e-12,3.608311488662e-11,-4.845794011611e-12,3.608311488662e-11,2.348028089791e-12,-1.454986030218e-12,-1.046427827225e-12,2.102726009466e-12
30199.51720402,1.27325389315e-11,-1.114862540531e-10,1.27325389315e-11,-1.114862540531e-10,-7.202644961021e-12,4.507949704056e-12,3.146264454023e-12,-6.478042169995e-12
30549.21113216,-2.399049213402e-11,2.578970889813e-10,-2.399049213402e-11,2.578970889813e-10,1.653888600499e-11,-1.047432515626e-11,-7.068245831787e-12,1.49514889976e-11
30902.95432514,-6.644401624544e-12,9.317547313981e-11,-6.644401624544e-12,9.317547313981e-11,5.932977645676e-12,-3.804233395406e-12,-2.477992927803e-12,5.392017154685e-12
31260.79367124,3.973823220237e-12,-7.978759336686e-11,3.973823220237e-12,-7.978759336686e-11,-5.048778196491e-12,3.27398607738e-12,2.060828914357e-12,-4.609760686885e-12
31622.77660169,7.320750765162e-12,-2.604662808724e-10,7.320750765162e-12,-2.604662808724e-10,-1.638868684e-11,1.074517166518e-11,6.534111355739e-12,-1.502945048673e-11
31988.95109692,2.595719645629e-12,-4.482981017612e-10,2.595719645629e-12,-4.482981017612e-10,-2.805813934796e-11,1.861095038634e-11,1.091296243403e-11,-2.584920408387e-11
32359.36569296,-2.0133012624e-12,-1.196994008005e-10,-2.0133012624e-12,-1.196994008005e-10,-7.456937806188e-12,5.003128613933e-12,2.827272465584e-12,-6.900091118842e-12
32734.06948789,-1.281067473896e-11,-3.215967959034e-10,-1.281067473896e-11,-3.215967959034e-10,-1.995379037869e-11,1.354217934778e-11,7.368117403093e-12,-1.854307230995e-11
33113.11214826,-3.349213808687e-11,-5.290452481509e-10,-3.349213808687e-11,-5.290452481509e-10,-3.271381911957e-11,2.24599035108e-11,1.175290271959e-11,-3.0529207893e-11
33496.54391578,-1.957708081178e-11,-2.244738264694e-10,-1.957708081178e-11,-2.244738264694e-10,-1.38433538199e-11,9.614174872751e-12,4.834107266251e-12,-1.297160644162e-11
33884.41561392,-4.950934643655e-11,-4.436096267931e-10,-4.950934643655e-11,-4.436096267931e-10,-2.730485673875e-11,1.918234745818e-11,9.25793260042e-12,-2.568671130278e-11
34276.77865465,-2.12637438256e-11,-1.557373935697e-10,-2.12637438256e-11,-1.557373935697e-10,-9.574964506505e-12,6.804571650634e-12,3.148517049528e-12,-9.042245477001e-12
34673.68504526,-6.238400296927e-11,-3.84924059669e-10,-6.238400296927e-11,-3.84924059669e-10,-2.36581998477e-11,1.700901897351e-11,7.535018692097e-12,-2.242622035756e-11
35075.18739526,-2.141503978971e-11,-1.138284534666e-10,-2.141503978971e-11,-1.138284534666e-10,-7.000429754039e-12,5.090828201036e-12,2.15710740209e-12,-6.659609214048e-12
35481.33892336,-7.548120537917e-11,-3.511878664312e-10,-7.548120537917e-11,-3.511878664312e-10,-2.16308313555e-11,1.591360565738e-11,6.438579329474e-12,-2.065035612683e-11
35892.1934645,-2.344696647218e-11,-9.680379737718e-11,-2.344696647218e-11,-9.680379737718e-11,-5.978135471402e-12,4.447331557898e-12,1.717289044435e-12,-5.725340082524e-12
36307.80547701,-9.206686872979e-11,-3.401984871338e-10,-9.206686872979e-11,-3.401984871338e-10,-2.108269434718e-11,1.587145529003e-11,5.830095580734e-12,-2.026045859406e-11
36728.23004981,-3.064297612384e-11,-1.022991198795e-10,-3.064297612384e-11,-1.022991198795e-10,-6.36989915404e-12,4.849602401803e-12,1.694186924683e-12,-6.139785756989e-12
37153.52290972,4.089485752973e-11,1.240738946232e-10,4.089485752973e-11,1.240738946232e-10,7.770894010983e-12,-5.985970710041e-12,-1.982824648462e-12,7.513446301367e-12
37583.74042885,-4.596537933806e-11,-1.275388352921e-10,-4.596537933806e-11,-1.275388352921e-10,-8.045222218621e-12,6.267759952327e-12,1.966604333986e-12,-7.800282290334e-12
38018.93963206,3.23837405617e-11,8.245728802312e-11,3.23837405617e-11,8.245728802312e-11,5.244703756899e-12,-4.136021203886e-12,-1.223777762991e-12,5.100721046043e-12
38459.17820454,-7.205388801655e-11,-1.693381611519e-10,-7.205388801655e-11,-1.693381611519e-10,-1.087784841466e-11,8.67264510216e-12,2.421913120015e-12,-1.06039375106e-11
38904.51449943,1.149253225745e-11,2.495299031896e-11,1.149253225745e-11,2.495299031896e-11,1.620667211727e-12,-1.308697316494e-12,-3.422683257445e-13,1.584790679799e-12
39355.00754558,-1.110897578627e-10,-2.241287645733e-10,-1.110897578627e-10,-2.241287645733e-10,-1.474610434908e-11,1.203327724886e-11,2.957541592918e-12,-1.444662498889e-11
39810.71705535,-2.381084234123e-11,-4.470544806852e-11,-2.381084234123e-11,-4.470544806852e-11,-2.983906161233e-12,2.462423775976e-12,5.657773451113e-13,-2.929442558824e-12
40271.70343255,6.995057867749e-11,1.223838650996e-10,6.995057867749e-11,1.223838650996e-10,8.300105388705e-12,-6.930965889799e-12,-1.480427830655e-12,8.167128902125e-12
40738.02778041,-7.496126638028e-11,-1.224920342573e-10,-7.496126638028e-11,-1.224920342573e-10,-8.456550618984e-12,7.14213514269e-12,1.414489470974e-12,-8.336915023484e-12
41209.75190974,2.017082804941e-11,3.08283736322e-11,2.017082804941e-11,3.08283736322e-11,2.17050589333e-12,-1.854046481992e-12,-3.3887502778e-13,2.143599021655e-12
41686.93834704,1.200579604368e-10,1.717284971655e-10,1.200579604368e-10,1.717284971655e-10,1.235372179006e-11,-1.067836432677e-11,-1.787972789743e-12,1.222379055122e-11
42169.65034286,-4.730364631456e-11,-6.33954629141e-11,-4.730364631456e-11,-6.33954629141e-11,-4.669295342021e-12,4.083439985958e-12,6.227605465603e-13,-4.627952608014e-12
42657.95188016,5.189042762134e-11,6.524002862901e-11,5.189042762134e-11,6.524002862901e-11,4.930426741921e-12,-4.359951318763e-12,-6.026329569275e-13,4.892965971298e-12
43151.90768278,1.540811833266e-10,1.817006437499e-10,1.540811833266e-10,1.817006437499e-10,1.41208946058e-11,-1.263462495753e-11,-1.564122154921e-12,1.403407113352e-11
43651.58322402,-3.44794186076e-11,-3.815579115818e-11,-3.44794186076e-11,-3.815579115818e-11,-3.056518418588e-12,2.766496103793e-12,3.037499551986e-13,-3.041412635282e-12
44157.04473533,6.536055944746e-11,6.788875893242e-11,6.536055944746e-11,6.788875893242e-11,5.61948951719e-12,-5.144414398596e-12,-4.947008721962e-13,5.597339285464e-12
44668.3592151,1.665595476087e-10,1.622968140422e-10,1.665595476087e-10,1.622968140422e-10,1.391793966325e-11,-1.28915344062e-11,-1.064758611345e-12,1.387766215649e-11
45185.5944375,-4.063085665386e-11,-3.715000765314e-11,-4.063085665386e-11,-3.715000765314e-11,-3.309512434216e-12,3.099695891329e-12,2.158959913982e-13,-3.301962709163e-12
45708.81896149,5.707037542554e-11,4.890652405763e-11,5.707037542554e-11,4.890652405763e-11,4.539263608947e-12,-4.301495990606e-12,-2.436607790839e-13,4.532416668128e-12
46238.10213993,1.546746462425e-10,1.241275622025e-10,1.546746462425e-10,1.241275622025e-10,1.204024399227e-11,-1.154387057259e-11,-5.069231882967e-13,1.202984665947e-11
46773.51412872,-6.731847905401e-11,-5.055490726761e-11,-6.731847905401e-11,-5.055490726761e-11,-5.141259099598e-12,4.98565329707e-12,1.577107683719e-13,-5.138595171312e-12
47315.12589615,2.621660445106e-11,1.840326035655e-11,2.621660445106e-11,1.840326035655e-11,1.968883818864e-12,-1.930767117646e-12,-3.806167370419e-14,1.968103852999e-12
47863.00923227,1.184478639862e-10,7.753157153081e-11,1.184478639862e-10,7.753157153081e-11,8.760019961803e-12,-8.693643432027e-12,-6.666194311103e-14,8.759782365286e-12
48417.23675841,2.087886887666e-10,1.272427401074e-10,2.087886887666e-10,1.272427401074e-10,1.524224756386e-11,-1.530222807301e-11,5.964763432752e-14,1.524231680595e-11
48977.88193685,-2.540048942028e-11,-1.438157461284e-11,-2.540048942028e-11,-1.438157461284e-11,-1.834239177147e-12,1.862550753197e-12,-2.817872480068e-14,-1.833930647089e-12
49545.01908048,6.048423517754e-11,3.172779659729e-11,6.048423517754e-11,3.172779659729e-11,4.328651142968e-12,-4.445945080586e-12,1.161015655391e-13,4.326666125387e-12
50118.72336273,1.436764777231e-10,6.957842396674e-11,1.436764777231e-10,6.957842396674e-11,1.02076384636e-11,-1.060723883622e-11,3.919674397677e-13,1.019989046461e-11
50699.07082747,2.23757551511e-10,9.966087452311e-11,2.23757551511e-10,9.966087452311e-11,1.581127628215e-11,-1.662170215553e-11,7.894191383666e-13,1.579181618612e-11
51286.13839914,-1.454906434082e-11,-5.926853880686e-12,-1.454906434082e-11,-5.926853880686e-12,-1.023826100011e-12,1.089596951298e-12,-6.328238962565e-14,-1.022300787534e-12
51880.0038929,6.153184295654e-11,2.285541207962e-11,6.153184295654e-11,2.285541207962e-11,4.324807062782e-12,-4.651820897091e-12,3.148520828003e-13,4.31312348817e-12
52480.74602498,1.340815776351e-10,4.505299318264e-11,1.340815776351e-10,4.505299318264e-11,9.421965680389e-12,-1.025229358801e-11,7.940048590968e-13,9.388267529611e-12
53088.4444231,2.028521617629e-10,6.117043967434e-11,2.028521617629e-10,6.117043967434e-11,1.427481603146e-11,-1.571318983101e-11,1.366229542168e-12,1.420926503079e-11
53703.17963703,2.676406773586e-10,7.172790777949e-11,2.676406773586e-10,7.172790777949e-11,1.889141916278e-11,-2.103514934495e-11,2.023027853725e-12,1.878244940748e-11
54325.03314925,-2.590911657944e-10,-6.094429893975e-11,-2.590911657944e-10,-6.094429893975e-11,-1.837104946628e-11,2.069301411993e-11,-2.176318710263e-12,-1.82415632061e-11
54954.08738577,-1.916447835128e-10,-3.894243113446e-11,-1.916447835128e-10,-3.894243113446e-11,-1.367101739965e-11,1.557685074164e-11,-1.774301618635e-12,-1.35551004479e-11
55590.42572704,-1.278437231062e-10,-2.196675319758e-11,-1.278437231062e-10,-2.196675319758e-11,-9.187813506327e-12,1.059004709047e-11,-1.296364032365e-12,-9.095785948591e-12
56234.13251904,-6.778768651201e-11,-9.559302829425e-12,-6.778768651201e-11,-9.559302829425e-12,-4.914592195269e-12,5.730781590572e-12,-7.490562782766e-13,-4.8573809188e-12
56885.29308439,-1.154620751404e-11,-1.280002683736e-12,-1.154620751404e-11,-1.280002683736e-12,-8.456831251138e-13,9.974547700348e-13,-1.383418288991e-13,-8.34280305466e-13
57543.99373372,-2.222874473474e-10,-1.804072154471e-11,-2.222874473474e-10,-1.804072154471e-11,-1.646816422318e-11,1.964835179806e-11,-2.878022015283e-12,-1.62144137513e-11
58210.32177709,-1.669222963525e-10,-8.65898271797e-12,-1.669222963525e-10,-8.65898271797e-12,-1.252328420457e-11,1.511570931938e-11,-2.328591957868e-12,-1.230515852476e-11
58884.36553556,-1.152281212405e-10,-2.655042827539e-12,-1.152281212405e-10,-2.655042827539e-12,-8.765416426668e-12,1.070219843167e-11,-1.726947991507e-12,-8.593681750202e-12
59566.2143529,-6.717723910432e-11,3.653642929551e-13,-6.717723910432e-11,3.653642929551e-13,-5.187181048665e-12,6.406682311916e-12,-1.079249245893e-12,-5.073715604264e-12
60255.95860744,-2.272603053434e-11,7.609808914821e-13,-2.272603053434e-11,7.609808914821e-13,-1.783438234676e-12,2.227735125814e-12,-3.904188259748e-13,-1.739950517899e-12
60953.68972402,-2.097007239729e-10,1.288597930721e-11,-2.097007239729e-10,1.288597930721e-11,-1.673804422323e-11,2.115414408222e-11,-3.849175779764e-12,-1.628934514705e-11
61659.50018615,-1.649736180082e-10,1.469123724245e-11,-1.649736180082e-10,1.469123724245e-11,-1.340857715267e-11,1.714189516477e-11,-3.229047379298e-12,-1.301359375404e-11
62373.48354825,-1.235822083977e-10,1.439480266158e-11,-1.235822083977e-10,1.439480266158e-11,-1.023725368367e-11,1.323975164569e-11,-2.576339002152e-12,-9.90779122809e-12
63095.73444802,-8.543686343873e-11,1.227699213756e-11,-8.543686343873e-11,1.227699213756e-11,-7.220140008577e-12,9.445739610205e-12,-1.894611804397e-12,-6.967079812529e-12
63826.34861906,-5.042804624184e-11,8.612233042425e-12,-5.042804624184e-11,8.612233042425e-12,-4.351291924783e-12,5.758612525784e-12,-1.188370285014e-12,-4.18590364861e-12
64565.42290347,-1.843975355813e-11,3.643970747119e-12,-1.843975355813e-11,3.643970747119e-12,-1.626212875968e-12,2.17654385364e-12,-4.611385704573e-13,-1.559198924515e-12
65313.05526475,1.065411400817e-11,-2.393182265896e-12,1.065411400817e-11,-2.393182265896e-12,9.608138928955e-13,-1.301219670422e-12,2.827643164178e-13,9.182883158308e-13
66069.34480076,-1.409422661957e-10,3.543546744948e-11,-1.409422661957e-10,3.543546744948e-11,-1.300987830784e-11,1.782244201008e-11,-3.964770228194e-12,-1.239101124841e-11
66834.39175687,-1.104206769095e-10,3.071833850978e-11,-1.104206769095e-10,3.071833850978e-11,-1.044016993135e-11,1.446751830786e-11,-3.290178786829e-12,-9.908035022249e-12
67608.2975392,-8.251191891669e-11,2.516770823009e-11,-8.251191891669e-11,2.516770823009e-11,-7.996201645061e-12,1.120999824175e-11,-2.603014607537e-12,-7.561008456733e-12
68391.16472815,-5.70893398878e-11,1.893992461752e-11,-5.70893398878e-11,1.893992461752e-11,-5.675114086101e-12,8.047073810243e-12,-1.905114219909e-12,-5.345499114602e-12
69183.0970919,-3.402060727215e-11,1.22015756688e-11,-3.402060727215e-11,1.22015756688e-11,-3.470993863995e-12,4.978988139953e-12,-1.200645105899e-12,-3.256681246405e-12
69984.19960023,-1.317665421335e-11,5.077934586826e-12,-1.317665421335e-11,5.077934586826e-12,-1.380963975247e-12,2.003031797317e-12,-4.912351731771e-13,-1.290202944602e-12
70794.57843842,5.57657645284e-12,-2.302538868351e-12,5.57657645284e-12,-2.302538868351e-12,6.003355792466e-13,-8.816063394661e-13,2.199143568289e-13,5.587945935244e-13
71614.34102129,2.236485704252e-11,-9.837402182923e-12,2.236485704252e-11,-9.837402182923e-12,2.476080426281e-12,-3.676769136538e-12,9.30921422719e-13,2.294448763479e-12
72443.5960075,-9.007344735274e-11,4.207842818318e-11,-9.007344735274e-11,4.207842818318e-11,-1.025982531309e-11,1.540987751769e-11,-3.957633464158e-12,-9.465160375906e-12
73282.4533139,-7.124268441504e-11,3.524884583783e-11,-7.124268441504e-11,3.524884583783e-11,-8.352416095415e-12,1.269193046331e-11,-3.304103371778e-12,-7.671404748027e-12
74131.0241301,-5.418567452168e-11,2.831011713615e-11,-5.418567452168e-11,2.831011713615e-11,-6.542704489368e-12,1.00559770052e-11,-2.650942230853e-12,-5.981275673271e-12
74989.42093325,-3.878324108772e-11,2.134987016305e-11,-3.878324108772e-11,2.134987016305e-11,-4.82505065037e-12,7.502174286214e-12,-2.001345005063e-12,-4.390333063534e-12
75857.75750292,-2.492698750057e-11,1.442666158815e-11,-2.492698750057e-11,1.442666158815e-11,-3.196927204426e-12,5.02817108619e-12,-1.356313410014e-12,-2.894853680006e-12
76736.14893619,-1.251059619863e-11,7.598440483762e-12,-1.251059619863e-11,7.598440483762e-12,-1.654763368999e-12,2.632884291903e-12,-7.176376367702e-13,-1.491056566543e-12
77624.71166287,-1.432863851765e-12,9.117764887566e-13,-1.432863851765e-12,9.117764887566e-13,-1.955434043316e-13,3.147616386707e-13,-8.663584288133e-14,-1.75319851726e-13
78523.56346101,8.405339122801e-12,-5.592298883002e-12,8.405339122801e-12,-5.592298883002e-12,1.184304265474e-12,-1.927591940532e-12,5.352419088841e-13,1.056136057494e-12
79432.82347243,1.709394871364e-11,-1.18849383523e-11,1.709394871364e-11,-1.18849383523e-11,2.486821241226e-12,-4.09623610603e-12,1.147352397042e-12,2.20653949565e-12
80352.61221857,-5.85250432567e-11,4.244700351215e-11,-5.85250432567e-11,4.244700351215e-11,-8.796750391447e-12,1.465579181546e-11,-4.137093692594e-12,-7.763072758828e-12
81283.05161642,-4.781123134516e-11,3.613682762462e-11,-4.781123134516e-11,3.613682762462e-11,-7.427529543261e-12,1.251783732071e-11,-3.559361106135e-12,-6.518997897044e-12
82224.26499471,-3.815504541193e-11,3.002196337921e-11,-3.815504541193e-11,3.002196337921e-11,-6.128847013553e-12,1.044841253376e-11,-2.990931102343e-12,-5.349218210394e-12
83176.37711027,-2.947609141867e-11,2.412419730785e-11,-2.947609141867e-11,2.412419730785e-11,-4.897441750816e-12,8.446066014912e-12,-2.432820587736e-12,-4.25035850838e-12
84139.51416453,-2.170208318397e-11,1.845884522591e-11,-2.170208318397e-11,1.845884522591e-11,-3.731215541672e-12,6.509209880512e-12,-1.885617391423e-12,-3.219567653774e-12
85113.80382024,-1.476278626871e-11,1.304029524858e-11,-1.476278626871e-11,1.304029524858e-11,-2.627396324134e-12,4.636785436604e-12,-1.350241075884e-12,-2.25388235074e-12
86099.37521847,-8.592520210716e-12,7.876944534272e-12,-8.592520210716e-12,7.876944534272e-12,-1.583634189748e-12,2.827164723577e-12,-8.271937907641e-13,-1.350430626619e-12
87096.35899561,-3.130179972313e-12,2.974912859171e-12,-3.130179972313e-12,2.974912859171e-12,-5.977587795216e-13,1.078955901167e-12,-3.169767569509e-13,-5.06525845009e-13
88104.88730081,1.68392663328e-12,-1.659213013707e-12,1.68392663328e-12,-1.659213013707e-12,3.332442572243e-13,-6.085599257172e-13,1.794870661069e-13,2.806699461497e-13
89125.09381338,5.902575755656e-12,-6.026852153437e-12,5.902575755656e-12,-6.026852153437e-12,1.21095071493e-12,-2.237361388148e-12,6.622029664272e-13,1.013630044351e-12
90157.1137606,9.576011489015e-12,-1.012827908397e-11,9.576011489015e-12,-1.012827908397e-11,2.037384558976e-12,-3.808662814133e-12,1.130795132162e-12,1.694789923433e-12
91201.0839356,1.275350849248e-11,-1.39645493216e-11,1.275350849248e-11,-1.39645493216e-11,2.815298984879e-12,-5.323560027365e-12,1.584729397856e-12,2.326813357335e-12
92257.14271548,-2.878107678612e-11,3.261685877605e-11,-2.878107678612e-11,3.261685877605e-11,-6.594186770786e-12,1.261411535454e-11,-3.76359930186e-12,-5.414682674465e-12
93325.43007971,-2.406967775942e-11,2.822176385279e-11,-2.406967775942e-11,2.822176385279e-11,-5.726192286018e-12,1.107985594211e-11,-3.31206919442e-12,-4.670796834978e-12
94406.0876286,-1.984127275635e-11,2.406660413553e-11,-1.984127275635e-11,2.406660413553e-11,-4.902930830761e-12,9.59761872784e-12,-2.873551188441e-12,-3.972731835302e-12
95499.25860215,-1.605927776383e-11,2.014572768515e-11,-1.605927776383e-11,2.014572768515e-11,-4.123713864809e-12,8.165693615162e-12,-2.447796738584e-12,-3.318725207097e-12
96605.08789899,-1.268554696001e-11,1.645533209489e-11,-1.268554696001e-11,1.645533209489e-11,-3.386296056113e-12,6.782991128354e-12,-2.035099354689e-12,-2.706556935078e-12
97723.72209559,-9.685806878994e-12,1.299047666381e-11,-9.685806878994e-12,1.299047666381e-11,-2.688953636535e-12,5.448450959025e-12,-1.635616938256e-12,-2.134268599968e-12
98855.3094657,-7.027858954913e-12,9.744705340129e-12,-7.027858954913e-12,9.744705340129e-12,-2.029953507765e-12,4.160705032795e-12,-1.249351899305e-12,-1.599882004553e-12
100000.0,-4.682958690138e-12,6.711865139002e-12,-4.682958690138e-12,6.711865139002e-12,-1.408008421258e-12,2.918791437853e-12,-8.763503027743e-13,-1.101717873057e-12
101157.945426,-2.621697682691e-12,3.885642549546e-12,-2.621697682691e-12,3.885642549546e-12,-8.20783728787e-13,1.721713554943e-12,-5.168108470422e-13,-6.377208143853e-13
102329.2992281,-8.209742636317e-13,1.257977907426e-12,-8.209742636317e-13,1.257977907426e-12,-2.677741170135e-13,5.6820468207e-13,-1.704549410508e-13,-2.065414714295e-13
103514.2166679,7.440075231335e-13,-1.178732287554e-12,7.440075231335e-13,-1.178732287554e-12,2.529383197258e-13,-5.429450367329e-13,1.627331930245e-13,1.936673274679e-13
104712.8548051,2.094826407285e-12,-3.431695578004e-12,2.094826407285e-12,-3.431695578004e-12,7.426777816698e-13,-1.612597639285e-12,4.827706468635e-13,5.644183682933e-13
105925.3725177,3.251810121589e-12,-5.50882017014e-12,3.251810121589e-12,-5.50882017014e-12,1.202860298214e-12,-2.641868822385e-12,7.897785300396e-13,9.072661138441e-13
107151.9305238,4.233111633041e-12,-7.418140871615e-12,4.233111633041e-12,-7.418140871615e-12,1.634575435802e-12,-3.631874106826e-12,1.083954076714e-12,1.223601937212e-12
108392.6914021,5.056850301659e-12,-9.167164166757e-12,5.056850301659e-12,-9.167164166757e-12,2.03954754141e-12,-4.583541416825e-12,1.365335690992e-12,1.514984984782e-12
109647.8196143,5.737459507884e-12,-1.07640108442e-11,5.737459507884e-12,-1.07640108442e-11,2.418338001082e-12,-5.497994332616e-12,1.634247229362e-12,1.782535817176e-12
110917.4815262,6.290058377818e-12,-1.221599387773e-11,6.290058377818e-12,-1.221599387773e-11,2.772407824563e-12,-6.376085294019e-12,1.890777135529e-12,2.027630200841e-12
112201.8454302,-9.247560775878e-12,1.859815634826e-11,-9.247560775878e-12,1.859815634826e-11,-4.264876300206e-12,9.922364388423e-12,-2.934793039456e-12,-3.094700766667e-12
113501.0815672,-7.900623588291e-12,1.645855578044e-11,-7.900623588291e-12,1.645855578044e-11,-3.815115388392e-12,8.977953522208e-12,-2.647951825711e-12,-2.746279820999e-12
114815.3621497,-6.697530652551e-12,1.446028764967e-11,-6.69753065255e-12,1.446028764967e-11,-3.388605415649e-12,8.067067447626e-12,-2.372145303619e-12,-2.419831901361e-12
116144.861384,-5.626773459619e-12,1.259625822568e-11,-5.626773459619e-12,1.259625822568e-11,-2.984990940601e-12,7.188580506704e-12,-2.107016663083e-12,-2.114438998972e-12
117489.755494,-4.676352708652e-12,1.08601813513e-11,-4.676352708652e-12,1.08601813513e-11,-2.60316002509e-12,6.341708258788e-12,-1.852436627346e-12,-1.828992765179e-12
118850.2227437,-3.835787745902e-12,9.24534392762e-12,-3.835787745902e-12,9.24534392762e-12,-2.242389194605e-12,5.525359397217e-12,-1.608100753495e-12,-1.562507512877e-12
120226.4434617,-3.094096687243e-12,7.746356685537e-12,-3.094096687243e-12,7.746356685537e-12,-1.90117941227e-12,4.739137355195e-12,-1.374047569788e-12,-1.31385526279e-12
121618.6000646,-2.443083193544e-12,6.356721230159e-12,-2.443083193544e-12,6.356721230159e-12,-1.579263584075e-12,3.981914301659e-12,-1.149877256297e-12,-1.082261157744e-12
123026.8770812,-1.873586054713e-12,5.070811636337e-12,-1.873586054713e-12,5.070811636337e-12,-1.275374159747e-12,3.25298734712e-12,-9.354699351162e-13,-8.666909125469e-13
124451.4611771,-1.377981422876e-12,3.883163154135e-12,-1.377981422876e-12,3.883163154135e-12,-9.887987821918e-13,2.551662535206e-12,-7.306235286754e-13,-6.663289528127e-13
125892.5411794,-9.494901366875e-13,2.787984158221e-12,-9.494901366875e-13,2.787984158221e-12,-7.19001536599e-13,1.876906751249e-12,-5.349938813871e-13,-4.803989811388e-13
127350.3081017,-5.809986843946e-13,1.78028254867e-12,-5.809986843946e-13,1.78028254867e-12,-4.648674528472e-13,1.228115719071e-12,-3.484515842635e-13,-3.080115962271e-13
128824.9551693,-2.671840034849e-13,8.550035497883e-13,-2.671840034849e-13,8.550035497883e-13,-2.261614698882e-13,6.044935215122e-13,-1.706860070741e-13,-1.485695317525e-13
130316.6778452,-2.146069965863e-15,7.249958193734e-15,-2.146069965863e-15,7.249958193734e-15,-1.927701573949e-15,5.255185497618e-15,-1.478368663985e-15,-1.260549005037e-15
131825.6738556,2.19191540617e-13,-7.671378645477e-13,2.19191540617e-13,-7.671378645477e-13,2.084945401774e-13,-5.699764240019e-13,1.592986837599e-13,1.345581034901e-13
133352.1432163,4.013942120802e-13,-1.473017988191e-12,4.013942120802e-13,-1.473017988191e-12,4.057223017912e-13,-1.122229598144e-12,3.119923318223e-13,2.59572055535e-13
134896.2882592,5.489032869983e-13,-2.114481503206e-12,5.489032869983e-13,-2.114481503206e-12,5.905365204558e-13,-1.652078837036e-12,4.567855807243e-13,3.744435936588e-13
136458.3136589,6.653665809792e-13,-2.695504891714e-12,6.653665809792e-13,-2.695504891714e-12,7.63365664103e-13,-2.160163625279e-12,5.939254499706e-13,4.797104104323e-13
138038.4264603,7.543266123063e-13,-3.219888722918e-12,7.543266123063e-13,-3.219888722918e-12,9.247948853951e-13,-2.647101064718e-12,7.236349977877e-13,5.75939172005e-13
139636.8361056,8.188449412765e-13,-3.691456169929e-12,8.188449412765e-13,-3.691456169929e-12,1.075263796286e-12,-3.113684608259e-12,8.46208571981e-13,6.636518104105e-13
141253.7544623,8.622101379788e-13,-4.113421726143e-12,8.622101379788e-13,-4.113421726143e-12,1.215596106389e-12,-3.560276146724e-12,9.617662003948e-13,7.434244522465e-13
142889.3958511,8.867067910318e-13,-4.489287065558e-12,8.867067910318e-13,-4.489287065558e-12,1.346001853052e-12,-3.987692761649e-12,1.070634134476e-12,8.156754304493e-13
144543.9770746,8.9472276795e-13,-4.822129173094e-12,8.9472276795e-13,-4.822129173094e-12,1.466938412695e-12,-4.396486199116e-12,1.173029070942e-12,8.808556029195e-13
146217.7174457,8.886770223528e-13,-5.114874564281e-12,8.886770223528e-13,-5.114874564281e-12,1.579088400814e-12,-4.787165692847e-12,1.269132643581e-12,9.39463335331e-13
147910.8388168,8.70415193979e-13,-5.370367598809e-12,8.70415193979e-13,-5.370367598809e-12,1.682789000496e-12,-5.160341809887e-12,1.359191244761e-12,9.918877689304e-13
149623.5656095,8.414814413307e-13,-5.59131534138e-12,8.414814413307e-13,-5.59131534138e-12,1.778239080689e-12,-5.516653464186e-12,1.443470062023e-12,1.038466464254e-12
151356.1248436,8.037558752075e-13,-5.780042020862e-12,8.037558752075e-13,-5.780042020862e-12,1.866086096295e-12,-5.856405980153e-12,1.522092356509e-12,1.079623735382e-12
153108.7461682,-9.034041566083e-13,7.07148975117e-12,-9.034041566083e-13,7.07148975117e-12,-2.318009719114e-12,7.35866873198e-12,-1.899482422675e-12,-1.328496549427e-12
154881.6618913,-7.548601722594e-13,6.476710107202e-12,-7.548601722594e-13,6.476710107202e-12,-2.155749664774e-12,6.922803641191e-12,-1.774593494873e-12,-1.223873750203e-12
156675.1070108,-6.244140318488e-13,5.92189943431e-12,-6.244140318488e-13,5.92189943431e-12,-2.001600322298e-12,6.502467390733e-12,-1.655128784048e-12,-1.125638501196e-12
158489.3192461,-5.10488573656e-13,5.404737344958e-12,-5.10488573656e-13,5.404737344958e-12,-1.855400718063e-12,6.097171030136e-12,-1.540887787966e-12,-1.033500585241e-12
160324.539069,-4.112809348602e-13,4.923035841973e-12,-4.112809348602e-13,4.923035841973e-12,-1.716589265427e-12,5.706538404936e-12,-1.431737082064e-12,-9.470783227414e-13
162181.0097359,-3.254593569004e-13,4.474635883444e-12,-3.254593569004e-13,4.474635883444e-12,-1.584979779939e-12,5.330029073988e-12,-1.327466705535e-12,-8.660921604859e-13
164058.97732,-2.516658561289e-13,4.057626190291e-12,-2.516658561289e-13,4.057626190291e-12,-1.460263660378e-12,4.967313482782e-12,-1.227936876614e-12,-7.902560288357e-13
165958.6907438,-1.886145835268e-13,3.670027449065e-12,-1.886145835268e-13,3.670027449065e-12,-1.34204211337e-12,4.617877897097e-12,-1.132965925919e-12,-7.192548002488e-13
167880.4018123,-1.351254978031e-13,3.310107968532e-12,-1.351254978031e-13,3.310107968532e-12,-1.229961139224e-12,4.281405222121e-12,-1.042422870068e-12,-6.528116263038e-13
169824.3652462,-9.031565199451e-14,2.976172169521e-12,-9.031565199451e-14,2.976172169521e-12,-1.12392143849e-12,3.957454461099e-12,-9.561254724322e-13,-5.907167510187e-13
171790.8387158,-5.3113656838e-14,2.666559307366e-12,-5.3113656838e-14,2.666559307366e-12,-1.023450719575e-12,3.645606224987e-12,-8.739277115119e-13,-5.326723044803e-13
173780.082875,-2.283194074221e-14,2.379805816752e-12,-2.283194074221e-14,2.379805816752e-12,-9.285290720038e-13,3.345496127883e-12,-7.956662495751e-13,-4.785117656119e-13
175792.3613959,1.474316546891e-15,2.114443818661e-12,1.474316546891e-15,2.114443818661e-12,-8.38657082114e-13,3.056770240636e-12,-7.212171795326e-13,-4.279526807726e-13
177827.9410039,2.043342131959e-14,1.869152882661e-12,2.043342131959e-14,1.869152882661e-12,-7.537110518541e-13,2.779091783696e-12,-6.504354493651e-13,-3.80818976931e-13
179887.0915129,3.465375556786e-14,1.642638934838e-12,3.465375556786e-14,1.642638934838e-12,-6.735009522707e-13,2.512077299221e-12,-5.831712164616e-13,-3.369210593244e-13
181970.085861,4.475846469091e-14,1.433711224449e-12,4.475846469091e-14,1.433711224449e-12,-5.977482303345e-13,2.255431217303e-12,-5.193047783078e-13,-2.960601425316e-13
184077.2001469,5.121537868939e-14,1.241204537952e-12,5.121537868939e-14,1.241204537952e-12,-5.26317940611e-13,2.008756089438e-12,-4.58683481234e-13,-2.580732668054e-13
186208.7136663,5.45884099547e-14,1.064065520571e-12,5.45884099547e-14,1.064065520571e-12,-4.588747405929e-13,1.771805725561e-12,-4.012071040032e-13,-2.227644797682e-13
188364.908949,5.521490054972e-14,9.012670949899e-13,5.521490054972e-14,9.012670949899e-13,-3.953631883748e-13,1.544197800655e-12,-3.467260856769e-13,-1.900038135665e-13
190546.0717963,5.353009754645e-14,7.518818496727e-13,5.353009754645e-14,7.518818496727e-13,-3.355314353633e-13,1.325696759669e-12,-2.951410801652e-13,-1.596283663148e-13
192752.4913191,4.984218120167e-14,6.149848372468e-13,4.984218120167e-14,6.149848372468e-13,-2.792543634015e-13,1.115938436299e-12,-2.463160391393e-13,-1.315034251131e-13
194984.4599758,4.454921159262e-14,4.897483517642e-13,4.454921159262e-14,4.897483517642e-13,-2.262192304941e-13,9.147164872384e-13,-2.001654983507e-13,-1.054648664579e-13
197242.2736115,3.784321868062e-14,3.753796867027e-13,3.784321868062e-14,3.753796867027e-13,-1.764195501247e-13,7.217038369132e-13,-1.565594252532e-13,-8.141847778138e-14
199526.2314969,2.999840695026e-14,2.711084574115e-13,2.999840695026e-14,2.711084574115e-13,-1.296421809628e-13,5.366001035179e-13,-1.153885532457e-13,-5.922795364953e-14
201836.6363682,2.122478590985e-14,1.762834543173e-13,2.122478590985e-14,1.762834543173e-13,-8.579948852532e-14,3.592291297232e-13,-7.656692364593e-14,-3.879737666505e-14
204173.794467,1.172804337798e-14,9.019769310079e-14,1.172804337798e-14,9.019769310079e-14,-4.470491789639e-14,1.892490370018e-13,-3.997819967604e-14,-2.000336251116e-14
206538.0155811,1.70852369487e-15,1.224409098802e-14,1.70852369487e-15,1.224409098802e-14,-6.182620420593e-15,2.645270545508e-14,-5.537889165514e-15,-2.736860504135e-15
208929.6130854,-8.654607682891e-15,-5.812288977048e-14,-8.654607682891e-15,-5.812288977048e-14,2.991935271193e-14,-1.293052054176e-13,2.68247830473e-14,1.309866858359e-14
211348.9039837,-1.935868331123e-14,-1.214937942093e-13,-1.935868331123e-14,-1.214937942093e-13,6.347662429832e-14,-2.784630179751e-13,5.725685727672e-14,2.7550779687e-14
213796.2089502,-3.00781859932e-14,-1.783738169979e-13,-3.00781859932e-14,-1.783738169979e-13,9.504090327646e-14,-4.210617401365e-13,8.578254802196e-14,4.079067797416e-14
216271.8523727,-4.088864223598e-14,-2.292178313388e-13,-4.088864223598e-14,-2.292178313388e-13,1.243118752178e-13,-5.574254256115e-13,1.125282214881e-13,5.281550052544e-14
218776.162395,-5.159601253668e-14,-2.744968266766e-13,-5.159601253668e-14,-2.744968266766e-13,1.516432746681e-13,-6.877233661171e-13,1.375529234119e-13,6.375272458001e-14
221309.4709606,-6.217970643234e-14,-3.146083390567e-13,-6.217970643234e-14,-3.146083390567e-13,1.769818477213e-13,-8.121655349821e-13,1.609422380119e-13,7.364195656964e-14
223872.1138569,-7.252988999204e-14,-3.499931574348e-13,-7.252988999204e-14,-3.499931574348e-13,2.00572606941e-13,-9.310233620328e-13,1.827787789029e-13,8.258538718094e-14
226464.4307593,-8.25970291761e-14,-3.809627854158e-13,-8.25970291761e-14,-3.809627854158e-13,2.224327816621e-13,-1.044362844291e-12,2.031114555168e-13,9.062559806334e-14
229086.7652768,-9.236095406275e-14,-4.078742841018e-13,-9.236095406275e-14,-4.078742841018e-13,2.425925732881e-13,-1.152433313273e-12,2.220247286249e-13,9.781411976145e-14
231739.4649969,-1.017530639068e-13,-4.310626322792e-13,-1.017530639068e-13,-4.310626322792e-13,2.612225106828e-13,-1.255418886156e-12,2.395818629554e-13,1.042255717009e-13
234422.881532,-1.107379213327e-13,-4.508311195692e-13,-1.107379213327e-13,-4.508311195692e-13,2.78416405235e-13,-1.35350053864e-12,2.558473419577e-13,1.099162439456e-13
237137.3705662,-1.192776312017e-13,-4.67461086952e-13,-1.192776312017e-13,-4.67461086952e-13,2.942880600265e-13,-1.446836443976e-12,2.708788707084e-13,1.149431027181e-13
239883.291902,-1.274004561437e-13,-4.812091097629e-13,-1.274004561437e-13,-4.812091097629e-13,3.087727833707e-13,-1.53564388483e-12,2.847512451756e-13,1.193285820492e-13
242661.0095083,-1.350666497275e-13,-4.923020665648e-13,-1.350666497275e-13,-4.923020665648e-13,3.219824882118e-13,-1.62000394147e-12,2.975041531457e-13,1.231226970364e-13
245470.8915685,-1.422727984375e-13,-5.009784595335e-13,-1.422727984375e-13,-5.009784595335e-13,3.339771331035e-13,-1.70011367536e-12,3.092005343998e-13,1.263680056308e-13
248313.3105296,-1.489726109907e-13,-5.074614805861e-13,-1.489726109907e-13,-5.074614805861e-13,3.449573239174e-13,-1.776097262855e-12,3.198828436818e-13,1.291288923403e-13
251188.643151,-1.552128363023e-13,-5.119382371651e-13,-1.552128363023e-13,-5.119382371651e-13,3.548220431659e-13,-1.848146926599e-12,3.29616178603e-13,1.314136355093e-13
254097.2705549,-1.609690069462e-13,-5.146104988072e-13,-1.609690069462e-13,-5.146104988072e-13,3.637357672727e-13,-1.916424154622e-12,3.384485975273e-13,1.332776514251e-13
257039.5782769,-1.662437454244e-13,-5.156236242152e-13,-1.662437454244e-13,-5.156236242152e-13,3.717163659213e-13,-1.980986012593e-12,3.464131415418e-13,1.347438488373e-13
260015.9563165,-1.710736008362e-13,-5.151314357419e-13,-1.710736008362e-13,-5.151314357419e-13,3.787047967529e-13,-2.042004273239e-12,3.535652705143e-13,1.358242948016e-13
263026.7991896,-1.754011057717e-13,-5.133108590254e-13,-1.754011057717e-13,-5.133108590254e-13,3.850241330296e-13,-2.09958768379e-12,3.599350260734e-13,1.365962073701e-13
266072.5059799,-1.793095415508e-13,-5.102714383843e-13,-1.793095415508e-13,-5.102714383843e-13,3.904236791943e-13,-2.153909532041e-12,3.655818323273e-13,1.370348848363e-13
269153.4803927,-1.827579438181e-13,-5.061527212164e-13,-1.827579438181e-13,-5.061527212164e-13,3.951536057257e-13,-2.205035580833e-12,3.70528539671e-13,1.372001852895e-13
272270.1308078,-1.8580253142e-13,-5.010698653365e-13,-1.8580253142e-13,-5.010698653365e-13,3.990974800979e-13,-2.253167723139e-12,3.748324519994e-13,1.370906456056e-13
275422.8703338,-1.884078758731e-13,-4.951184833749e-13,-1.884078758731e-13,-4.951184833749e-13,4.024470560884e-13,-2.298268805718e-12,3.784989932946e-13,1.367499608602e-13
278612.116863,-1.906250927106e-13,-4.884136379359e-13,-1.906250927106e-13,-4.884136379359e-13,4.051380235424e-13,-2.340584311126e-12,3.815890541969e-13,1.361853141035e-13
281838.2931265,-1.924475139829e-13,-4.810465589708e-13,-1.924475139829e-13,-4.810465589708e-13,4.072887796848e-13,-2.380168529124e-12,3.841243124918e-13,1.35428294568e-13
285101.8267504,-1.938979633567e-13,-4.730993289234e-13,-1.938979633567e-13,-4.730993289234e-13,4.089009447043e-13,-2.417129287624e-12,3.861381564146e-13,1.344914474666e-13
288403.1503127,-1.949975061512e-13,-4.646579463589e-13,-1.949975061512e-13,-4.646579463589e-13,4.100073459645e-13,-2.451611439546e-12,3.876681298237e-13,1.333928094855e-13
291742.7014001,-1.957635873952e-13,-4.557691761581e-13,-1.957635873952e-13,-4.557691761581e-13,4.1056655619e-13,-2.48361043727e-12,3.887285253795e-13,1.321336160925e-13
295120.9226667,-1.9620260296e-13,-4.465257855899e-13,-1.9620260296e-13,-4.465257855899e-13,4.107207287281e-13,-2.513304028496e-12,3.893575795172e-13,1.307490903679e-13
298538.2618918,-1.963368402115e-13,-4.369679272652e-13,-1.963368402115e-13,-4.369679272652e-13,4.104156352163e-13,-2.54070915217e-12,3.895720772411e-13,1.292377822672e-13
301995.1720402,-1.961752907512e-13,-4.271710349212e-13,-1.961752907512e-13,-4.271710349212e-13,4.097686392242e-13,-2.565978472426e-12,3.894052144144e-13,1.276284360484e-13
305492.1113216,-1.957384400132e-13,-4.171800214466e-13,-1.957384400132e-13,-4.171800214466e-13,4.087712409454e-13,-2.589182831472e-12,3.888796555539e-13,1.259270526084e-13
309029.5432514,-1.95046705276e-13,-4.070338097678e-13,-1.95046705276e-13,-4.070338097678e-13,4.074031979896e-13,-2.610382556621e-12,3.880160433047e-13,1.241372938249e-13
312607.9367124,-1.941158785632e-13,-3.967814785305e-13,-1.941158785632e-13,-3.967814785305e-13,4.05707902426e-13,-2.629689549669e-12,3.868406726851e-13,1.222734231808e-13
316227.7660169,-1.92955379296e-13,-3.864612407684e-13,-1.92955379296e-13,-3.864612407684e-13,4.037365426896e-13,-2.647159119115e-12,3.853703919517e-13,1.203488768555e-13
319889.5109692,-1.915819834157e-13,-3.761010255143e-13,-1.915819834157e-13,-3.761010255143e-13,4.0147710837e-13,-2.662834453005e-12,3.836212319724e-13,1.183668911355e-13
323593.6569297,-1.900132587666e-13,-3.657377340928e-13,-1.900132587666e-13,-3.657377340928e-13,3.989528780555e-13,-2.676823482183e-12,3.816174188742e-13,1.163370918188e-13
327340.6948789,-1.882588709268e-13,-3.554016022904e-13,-1.882588709268e-13,-3.554016022904e-13,3.962140460966e-13,-2.689186555385e-12,3.79374932083e-13,1.142714691692e-13
331131.1214826,-1.863353904528e-13,-3.451180033744e-13,-1.863353904528e-13,-3.451180033744e-13,3.932640108986e-13,-2.699999129671e-12,3.769124328233e-13,1.121750867058e-13
334965.4391579,-1.842578163351e-13,-3.349039340337e-13,-1.842578163351e-13,-3.349039340337e-13,3.900853709878e-13,-2.709298324383e-12,3.742429763107e-13,1.100490124577e-13
338844.1561392,-1.820355068074e-13,-3.247879566132e-13,-1.820355068074e-13,-3.247879566132e-13,3.867480750528e-13,-2.717175739307e-12,3.713850760911e-13,1.07907509848e-13
342767.7865465,-1.796825823516e-13,-3.147827388065e-13,-1.796825823516e-13,-3.147827388065e-13,3.832337785806e-13,-2.723665540856e-12,3.683504573936e-13,1.057508448395e-13
346736.8504526,-1.77213698128e-13,-3.049058179315e-13,-1.77213698128e-13,-3.049058179315e-13,3.795458663897e-13,-2.728845450869e-12,3.651560028599e-13,1.0358303394e-13
350751.8739526,-1.74632372556e-13,-2.951759884828e-13,-1.74632372556e-13,-2.951759884828e-13,3.757692806775e-13,-2.732760780539e-12,3.618121179099e-13,1.014182562229e-13
354813.3892336,-1.719584178084e-13,-2.855992693256e-13,-1.719584178084e-13,-2.855992693256e-13,3.718311272555e-13,-2.735467954101e-12,3.583333056331e-13,9.924916414204e-14
358921.934645,-1.691960438053e-13,-2.761891604636e-13,-1.691960438053e-13,-2.761891604636e-13,3.677965410218e-13,-2.737003181466e-12,3.547283832309e-13,9.708653847882e-14
363078.0547701,-1.663624095456e-13,-2.669533429731e-13,-1.663624095456e-13,-2.669533429731e-13,3.636209845836e-13,-2.737443465524e-12,3.510131777783e-13,9.492704404144e-14
367282.3004981,-1.634608322298e-13,-2.579071069426e-13,-1.634608322298e-13,-2.579071069426e-13,3.59398119614e-13,-2.736853892387e-12,3.471990144479e-13,9.278506063233e-14
371535.2290972,-1.605012682131e-13,-2.490451917682e-13,-1.605012682131e-13,-2.490451917682e-13,3.550650420943e-13,-2.735203345551e-12,3.432872053054e-13,9.065269496872e-14
375837.4042885,-1.574922368432e-13,-2.403805866086e-13,-1.574922368432e-13,-2.403805866086e-13,3.506754126791e-13,-2.732587063771e-12,3.392931137675e-13,8.853917379685e-14
380189.3963206,-1.544458770698e-13,-2.319184306623e-13,-1.544458770698e-13,-2.319184306623e-13,3.46214857227e-13,-2.729079558264e-12,3.352300451109e-13,8.644441344966e-14
384591.7820454,-1.513675927855e-13,-2.236575174029e-13,-1.513675927855e-13,-2.236575174029e-13,3.416784619346e-13,-2.72467498601e-12,3.311007186555e-13,8.436818931812e-14
389045.1449943,-1.482639641933e-13,-2.156052613419e-13,-1.482639641933e-13,-2.156052613419e-13,3.371114612487e-13,-2.71944622744e-12,3.269166538764e-13,8.231759110532e-14
393550.0754558,-1.45137191054e-13,-2.077592971865e-13,-1.45137191054e-13,-2.077592971865e-13,3.325311204254e-13,-2.71336728293e-12,3.226774353953e-13,8.029449020997e-14
398107.1705535,-1.420012820295e-13,-2.001225880881e-13,-1.420012820295e-13,-2.001225880881e-13,3.278985319545e-13,-2.70654391256e-12,3.183992827019e-13,7.829587335185e-14
402717.0343255,-1.388619679626e-13,-1.926966180852e-13,-1.388619679626e-13,-1.926966180852e-13,3.232305449275e-13,-2.699022318734e-12,3.140899099686e-13,7.632451319106e-14
407380.2778041,-1.357193659336e-13,-1.854784309558e-13,-1.357193659336e-13,-1.854784309558e-13,3.185593969541e-13,-2.690773141357e-12,3.097477138819e-13,7.438376564158e-14
412097.5190974,-1.325836948847e-13,-1.784684233925e-13,-1.325836948847e-13,-1.784684233925e-13,3.138583024795e-13,-2.681878911011e-12,3.053849419903e-13,7.247153552607e-14
416869.3834704,-1.294544052229e-13,-1.716649269716e-13,-1.294544052229e-13,-1.716649269716e-13,3.091779974806e-13,-2.672323745359e-12,3.010010654701e-13,7.059330055211e-14
421696.5034286,-1.263439204878e-13,-1.650670440308e-13,-1.263439204878e-13,-1.650670440308e-13,3.044604075823e-13,-2.662213942632e-12,2.966108434858e-13,6.874357953676e-14
426579.5188016,1.219079954136e-13,1.569452374677e-13,1.219079954136e-13,1.569452374677e-13,-2.965083265591e-13,2.622656362601e-12,-2.890307259673e-13,-6.620061924255e-14
431519.0768278,1.172070039263e-13,1.487088012072e-13,1.172070039263e-13,1.487088012072e-13,-2.877940964273e-13,2.575016093483e-12,-2.80695373515e-13,-6.353727884485e-14
436515.8322402,1.126744687296e-13,1.409064875581e-13,1.126744687296e-13,1.409064875581e-13,-2.793633130533e-13,2.528503297675e-12,-2.726250725146e-13,-6.098683930555e-14
441570.4473533,1.083057533626e-13,1.33516355835e-13,1.083057533626e-13,1.33516355835e-13,-2.712119737418e-13,2.483101888618e-12,-2.648122648557e-13,-5.85451084959e-14
446683.592151,1.040945712273e-13,1.265150985253e-13,1.040945712273e-13,1.265150985253e-13,-2.633279940559e-13,2.43875284504e-12,-2.572450713171e-13,-5.620667317058e-14
451855.944375,1.000399328002e-13,1.198838949924e-13,1.000399328002e-13,1.198838949924e-13,-2.556796371094e-13,2.395488098322e-12,-2.499217946078e-13,-5.396528585787e-14
457088.1896149,9.613095057178e-14,1.135996847513e-13,9.613095057178e-14,1.135996847513e-13,-2.482827545619e-13,2.353175201805e-12,-2.428229652395e-13,-5.181806354247e-14
462381.0213993,9.236566538018e-14,1.076484376147e-13,9.236566538018e-14,1.076484376147e-13,-2.411498114239e-13,2.311864197276e-12,-2.359487052866e-13,-4.976388220202e-14
467735.1412872,8.874192975752e-14,1.02010843942e-13,8.874192975752e-14,1.02010843942e-13,-2.342241752983e-13,2.271539558465e-12,-2.292930340601e-13,-4.779385375166e-14
473151.2589615,8.525121791312e-14,9.666825044286e-14,8.525121791312e-14,9.666825044286e-14,-2.275167744192e-13,2.232103030392e-12,-2.228410295521e-13,-4.590541099497e-14
478630.0923227,8.18902489333e-14,9.160734609787e-14,8.18902489333e-14,9.160734609787e-14,-2.210363498286e-13,2.193569757942e-12,-2.165896402049e-13,-4.409702528289e-14
484172.3675841,7.865565219797e-14,8.681237267379e-14,7.865565219797e-14,8.681237267379e-14,-2.147524065167e-13,2.155917105624e-12,-2.10532487267e-13,-4.236294502964e-14
489778.8193685,7.554287526009e-14,8.227043456058e-14,7.554287526009e-14,8.227043456058e-14,-2.086776858051e-13,2.11913204957e-12,-2.0466386107e-13,-4.070195295465e-14
495450.1908048,7.254688766144e-14,7.796569750141e-14,7.254688766144e-14,7.796569750141e-14,-2.027813021585e-13,2.083146543452e-12,-1.989732960309e-13,-3.910812942077e-14
501187.2336273,6.966440342913e-14,7.388770974769e-14,6.966440342913e-14,7.388770974769e-14,-1.970779946914e-13,2.0479755418e-12,-1.934581607388e-13,-3.758092231039e-14
506990.7082747,6.689277219835e-14,7.002448325162e-14,6.689277219835e-14,7.002448325162e-14,-1.915443088634e-13,2.013617164513e-12,-1.881145929402e-13,-3.611601086557e-14
512861.3839914,6.422441375056e-14,6.636314830232e-14,6.422441375056e-14,6.636314830232e-14,-1.862010360954e-13,1.979969411439e-12,-1.829290644775e-13,-3.47124805113e-14
518800.038929,6.166023189443e-14,6.289519066068e-14,6.166023189443e-14,6.289519066068e-14,-1.810141520361e-13,1.94711596686e-12,-1.779061402385e-13,-3.336600424666e-14
524807.4602498,5.919288355287e-14,5.960759853618e-14,5.919288355287e-14,5.960759853618e-14,-1.759825600847e-13,1.914933997766e-12,-1.730309734044e-13,-3.207365517329e-14
530884.444231,5.682143975338e-14,5.649256938054e-14,5.682143975338e-14,5.649256938054e-14,-1.710935007269e-13,1.88347310875e-12,-1.683049160214e-13,-3.083301542972e-14
537031.7963703,5.454075470046e-14,5.354115856133e-14,5.454075470046e-14,5.354115856133e-14,-1.663707307121e-13,1.852685706491e-12,-1.637202122493e-13,-2.96442042281e-14
543250.3314925,5.234822312579e-14,5.074508959178e-14,5.234822312579e-14,5.074508959178e-14,-1.618062962224e-13,1.822570895667e-12,-1.59273733013e-13,-2.850489740234e-14
549540.8738577,5.024096707831e-14,4.809443592355e-14,5.024096707831e-14,4.809443592355e-14,-1.573558926832e-13,1.79308900973e-12,-1.549593012165e-13,-2.740938563997e-14
555904.2572704,4.821520721116e-14,4.558349415208e-14,4.821520721116e-14,4.558349415208e-14,-1.53065751651e-13,1.76424099848e-12,-1.507737384098e-13,-2.636030354773e-14
562341.3251904,4.626867969731e-14,4.32034573094e-14,4.626867969731e-14,4.32034573094e-14,-1.488890544612e-13,1.736000530256e-12,-1.467123006598e-13,-2.535202236008e-14
568852.9308439,4.439811438503e-14,4.094804875609e-14,4.439811438503e-14,4.094804875609e-14,-1.448407178923e-13,1.708354127453e-12,-1.427710043836e-13,-2.438443916404e-14
575439.9373372,4.260043579174e-14,3.881065516172e-14,4.260043579174e-14,3.881065516172e-14,-1.409202617644e-13,1.681278526039e-12,-1.389452672102e-13,-2.345608887082e-14
582103.2177709,4.087337489338e-14,3.678483069699e-14,4.087337489338e-14,3.678483069699e-14,-1.371102678665e-13,1.654763831253e-12,-1.352318552313e-13,-2.256425544002e-14
588843.6553556,3.921488805854e-14,3.486531550536e-14,3.921488805854e-14,3.486531550536e-14,-1.334106706542e-13,1.628821067594e-12,-1.316291906454e-13,-2.170787861478e-14
595662.1435291,3.762152207582e-14,3.304581460293e-14,3.762152207582e-14,3.304581460293e-14,-1.298166394562e-13,1.603400481134e-12,-1.281308401127e-13,-2.088514417369e-14
602559.5860744,3.609064668304e-14,3.132150237498e-14,3.609064668304e-14,3.132150237498e-14,-1.263394189701e-13,1.578490955887e-12,-1.247335620113e-13,-2.009584017004e-14
609536.8972402,3.462074424224e-14,2.968733083209e-14,3.462074424224e-14,2.968733083209e-14,-1.229577915533e-13,1.554100254947e-12,-1.214358872913e-13,-1.933731437972e-14
616595.0018615,3.320817470919e-14,2.813815813946e-14,3.320817470919e-14,2.813815813946e-14,-1.196840419497e-13,1.530169285269e-12,-1.182309443757e-13,-1.860921220758e-14
623734.8354825,3.185252948713e-14,2.667037255065e-14,3.185252948713e-14,2.667037255065e-14,-1.165028992953e-13,1.506753535304e-12,-1.151210857982e-13,-1.790975803861e-14
630957.3444802,3.055057217833e-14,2.527906507766e-14,3.055057217833e-14,2.527906507766e-14,-1.134149677541e-13,1.483795725614e-12,-1.120998355545e-13,-1.723777645992e-14
638263.4861906,2.930029816804e-14,2.396033439409e-14,2.930029816804e-14,2.396033439409e-14,-1.10419665658e-13,1.461287083656e-12,-1.091646037604e-13,-1.659233143239e-14
645654.2290347,2.810029684763e-14,2.271042272635e-14,2.810029684763e-14,2.271042272635e-14,-1.075028054704e-13,1.439235194158e-12,-1.063141544127e-13,-1.59715968622e-14
653130.5526475,2.694779701764e-14,2.152567964209e-14,2.694779701764e-14,2.152567964209e-14,-1.046793877467e-13,1.417599864183e-12,-1.035435845397e-13,-1.537569766967e-14
660693.4480076,2.58415180128e-14,2.040272661065e-14,2.58415180128e-14,2.040272661065e-14,-1.019351739708e-13,1.396389144275e-12,-1.008518232891e-13,-1.480288257077e-14
668343.9175687,2.477980794676e-14,1.933825038604e-14,2.477980794676e-14,1.933825038604e-14,-9.926141654141e-14,1.375595430281e-12,-9.823664439829e-14,-1.425177723907e-14
676082.975392,2.376057562498e-14,1.832956341025e-14,2.376057562498e-14,1.832956341025e-14,-9.667851987741e-14,1.355204324035e-12,-9.569524289156e-14,-1.372309371903e-14
683911.6472815,2.278216613667e-14,1.737300894961e-14,2.278216613667e-14,1.737300894961e-14,-9.415611018135e-14,1.335186328334e-12,-9.322409101174e-14,-1.321386576124e-14
691830.970919,2.184340009214e-14,1.646658504054e-14,2.184340009214e-14,1.646658504054e-14,-9.170966105499e-14,1.315566570924e-12,-9.082333735922e-14,-1.272470074475e-14
699841.9960023,2.094237501084e-14,1.560724333788e-14,2.094237501084e-14,1.560724333788e-14,-8.932899061055e-14,1.296309895325e-12,-8.848907153721e-14,-1.225411813291e-14
707945.7843842,2.007751688861e-14,1.479275630423e-14,2.007751688861e-14,1.479275630423e-14,-8.702453349646e-14,1.277408831961e-12,-8.621929789648e-14,-1.18022271669e-14
716143.410213,1.924784325711e-14,1.402071880058e-14,1.924784325711e-14,1.402071880058e-14,-8.477953793781e-14,1.258871583915e-12,-8.401324704835e-14,-1.136737189605e-14
724435.960075,1.845166094952e-14,1.32888212339e-14,1.845166094952e-14,1.32888212339e-14,-8.259655995104e-14,1.240672927945e-12,-8.186784165677e-14,-1.094909185157e-14
732824.533139,1.768794486246e-14,1.259518197104e-14,1.768794486246e-14,1.259518197104e-14,-8.047518001041e-14,1.222824473479e-12,-7.978253259174e-14,-1.054690731612e-14
741310.241301,1.695506976962e-14,1.193753394507e-14,1.695506976962e-14,1.193753394507e-14,-7.841072783622e-14,1.205293312481e-12,-7.775389312643e-14,-1.015988615056e-14
749894.2093325,1.625181456754e-14,1.131421493534e-14,1.625181456754e-14,1.131421493534e-14,-7.641239920898e-14,1.188077470778e-12,-7.578053921591e-14,-9.788151712032e-15
758577.5750292,1.557736025091e-14,1.072323751359e-14,1.557736025091e-14,1.072323751359e-14,-7.445708842981e-14,1.171181262786e-12,-7.386164583782e-14,-9.429793896441e-15
767361.4893619,1.49302400023e-14,1.016306841336e-14,1.49302400023e-14,1.016306841336e-14,-7.256165314114e-14,1.154584835521e-12,-7.199471801912e-14,-9.08538692346e-15
776247.1166288,1.430948543284e-14,9.632220078968e-15,1.430948543284e-14,9.632220078968e-15,-7.072754565067e-14,1.138291084144e-12,-7.01788117106e-14,-8.754609476793e-15
785235.6346101,1.37141483798e-14,9.128833186323e-15,1.37141483798e-14,9.128833186323e-15,-6.893065853122e-14,1.122287538639e-12,-6.841215093223e-14,-8.43552500532e-15
794328.2347243,1.314299563145e-14,8.651639637939e-15,1.314299563145e-14,8.651639637939e-15,-6.718653251684e-14,1.10655973417e-12,-6.669273952433e-14,-8.128670740671e-15
803526.1221857,1.259529187586e-14,8.199392826999e-15,1.259529187586e-14,8.199392826999e-15,-6.549298812609e-14,1.09111918481e-12,-6.502026265778e-14,-7.833589276252e-15
812830.5161642,1.206999392783e-14,7.770582697574e-15,1.206999392783e-14,7.770582697574e-15,-6.383892976898e-14,1.075945100963e-12,-6.339251272757e-14,-7.549194960118e-15
822242.6499471,1.156616913744e-14,7.364089340025e-15,1.156616913744e-14,7.364089340025e-15,-6.223078515358e-14,1.061032364861e-12,-6.180820873591e-14,-7.275526471366e-15
831763.7711027,1.108299889345e-14,6.978818762385e-15,1.108299889345e-14,6.978818762385e-15,-6.067036632988e-14,1.046380153971e-12,-6.026636613481e-14,-7.012363503206e-15
841395.1416453,1.061955215739e-14,6.61350611303e-15,1.061955215739e-14,6.61350611303e-15,-5.914901077298e-14,1.031968729907e-12,-5.876497329831e-14,-6.758829701183e-15
851138.0382024,1.017519987553e-14,6.267329273914e-15,1.017519987553e-14,6.267329273914e-15,-5.767483459603e-14,1.017812730691e-12,-5.73039716054e-14,-6.515143496435e-15
860993.7521847,9.749424684707e-15,5.939309717562e-15,9.749424684707e-15,5.939309717562e-15,-5.62378803022e-14,1.003927016892e-12,-5.588335143195e-14,-6.280497550276e-15
870963.5899562,9.340778325768e-15,5.628120510433e-15,9.340778325768e-15,5.628120510433e-15,-5.483612999301e-14,9.902351417955e-13,-5.44980133307e-14,-6.054272951608e-15
881048.8730081,8.949188397533e-15,5.333260295029e-15,8.949188397533e-15,5.333260295029e-15,-5.347209556148e-14,9.767973018123e-13,-5.315050947885e-14,-5.836540179449e-15
891250.9381338,8.573649713732e-15,5.053730511639e-15,8.573649713732e-15,5.053730511639e-15,-5.214613673911e-14,9.63575628268e-13,-5.183797098901e-14,-5.626951346418e-15
901571.137606,8.2136279904e-15,4.788721122545e-15,8.2136279904e-15,4.788721122545e-15,-5.085079203518e-14,9.505741438851e-13,-5.055989393436e-14,-5.424877189846e-15
912010.839356,7.868523976463e-15,4.537587089934e-15,7.868523976463e-15,4.537587089934e-15,-4.959357877147e-14,9.377957887607e-13,-4.931567700565e-14,-5.230499015133e-15
922571.4271548,7.537629613873e-15,4.299530733553e-15,7.537629613873e-15,4.299530733553e-15,-4.837141307631e-14,9.252225576849e-13,-4.810366388636e-14,-5.04337573098e-15
933254.3007971,7.22043448627e-15,4.073849474769e-15,7.22043448627e-15,4.073849474769e-15,-4.717786084718e-14,9.12854838225e-13,-4.692321021427e-14,-4.862960670495e-15
944060.876286,6.916360338672e-15,3.859896049367e-15,6.916360338672e-15,3.859896049367e-15,-4.60124873003e-14,9.00685669291e-13,-4.577329128584e-14,-4.68901462029e-15
954992.5860215,6.624909842695e-15,3.657137856793e-15,6.624909842695e-15,3.657137856793e-15,-4.488046989133e-14,8.88718289238e-13,-4.465341002026e-14,-4.521615152279e-15
966050.8789899,6.34553682756e-15,3.464947365098e-15,6.34553682756e-15,3.464947365098e-15,-4.37778025224e-14,8.769426170244e-13,-4.356243424833e-14,-4.360342014641e-15
977237.2209559,6.077745090759e-15,3.282801248621e-15,6.077745090759e-15,3.282801248621e-15,-4.270675472811e-14,8.653553106311e-13,-4.249958182263e-14,-4.205117001223e-15
988553.094657,5.821058229329e-15,3.110147977442e-15,5.821058229329e-15,3.110147977442e-15,-4.166339077422e-14,8.539500834689e-13,-4.146396100465e-14,-4.05555350987e-15
1000000.0,5.575082196121e-15,2.946505017747e-15,5.575082196121e-15,2.946505017747e-15,-4.06448141561e-14,8.427305982913e-13,-4.045518015129e-14,-3.911353014716e-15
