frequency_hz,left_real,left_imag,right_real,right_imag,opneg_real,opneg_imag,oppos_real,oppos_imag
1.0,1.258874490835,4.947493102242,1.258874490835,4.947493102242,-0.2982812441831,-0.4127897366604,0.2982892064614,0.4127827262078
1.01157945426,1.317208457891,4.980441859594,1.317208457891,4.980441859594,-0.3028097094651,-0.4142596078773,0.3028177926196,0.4142524278822
1.023292992281,1.376189860417,5.012701038286,1.376189860417,5.012701038286,-0.307369936703,-0.41568468659,0.3073781415812,0.4156773334392
1.035142166679,1.435803675981,5.044255429326,1.435803675981,5.044255429326,-0.3119610398177,-0.4170641291784,0.3119693672434,0.4170565992078
1.047128548051,1.496034420266,5.075090198738,1.496034420266,5.075090198738,-0.3165821042145,-0.4183971122657,0.3165905549872,0.4183894017612
1.059253725177,1.556866157782,5.105190904385,1.556866157782,5.105190904385,-0.3212321873388,-0.4196828338558,0.3212407622327,0.4196749390531
1.071519305238,1.618282513303,5.134543512484,1.618282513303,5.134543512484,-0.325910319283,-0.4209205144535,0.3259190190465,0.4209124315386
1.083926914021,1.680266684047,5.163134413784,1.680266684047,5.163134413784,-0.3306155034474,-0.4221093981673,0.3306243288023,0.4221011232766
1.096478196143,1.742801452569,5.190950439356,1.742801452569,5.190950439356,-0.3353467172515,-0.4232487537903,0.3353556688922,0.4232402830112
1.109174815262,1.805869200368,5.217978875973,1.805869200368,5.217978875973,-0.3401029128967,-0.4243378758574,0.3401119914896,0.4243292052283
1.122018454302,1.869451922191,5.244207481029,1.869451922191,5.244207481029,-0.344883018179,-0.4253760856756,0.3448922243619,0.4253672111864
1.135010815672,1.933531241013,5.269624496965,1.933531241013,5.269624496965,-0.349685937351,-0.4263627323248,0.3496952717325,0.4263536499175
1.148153621497,1.998088423683,5.294218665167,1.998088423683,5.294218665167,-0.3545105520315,-0.4272971936268,0.3545200151902,0.4272878991956
1.16144861384,2.063104397209,5.317979239293,2.063104397209,5.317979239293,-0.3593557221618,-0.4281788770793,0.359365314646,0.4281693664714
1.17489755494,2.128559765662,5.340895998007,2.128559765662,5.340895998007,-0.3642202870067,-0.429007220753,0.3642300093336,0.4289974897685
1.188502227437,2.194434827676,5.362959257067,2.194434827676,5.362959257067,-0.3691030661992,-0.4297816941482,0.3691129188545,0.4297717385412
1.202264434617,2.260709594508,5.384159880751,2.260709594508,5.384159880751,-0.3740028608265,-0.4305017990106,0.374012844264,0.430491614489
1.216186000646,2.327363808639,5.404489292579,2.327363808639,5.404489292579,-0.3789184545556,-0.4311670701012,0.3789285691964,0.431156652328
1.230268770812,2.39437696288,5.423939485307,2.39437696288,5.423939485307,-0.3838486147961,-0.4317770759208,0.3838588610285,0.431766420514
1.244514611771,2.461728319946,5.442503030158,2.461728319946,5.442503030158,-0.3887920938983,-0.4323314193854,0.3888024720773,0.4323205219188
1.258925411794,2.52939693247,5.46017308527,2.52939693247,5.46017308527,-0.3937476303842,-0.432829738451,0.3937581408311,0.4328185944547
1.273503081017,2.597361663414,5.47694340333,2.597361663414,5.47694340333,-0.3987139502088,-0.4332717066857,0.3987245932107,0.4332603116465
1.288249551693,2.665601206841,5.492808338378,2.665601206841,5.492808338378,-0.4036897680483,-0.4336570337885,0.4037005438583,0.4336453831509
1.303166778452,2.734094109008,5.507762851753,2.734094109008,5.507762851753,-0.4086737886146,-0.4339854660517,0.4086846974509,0.4339735552179
1.318256738556,2.802818789734,5.521802517166,2.802818789734,5.521802517166,-0.4136647079906,-0.4342567867668,0.4136757500368,0.4342446110976
1.333521432163,2.871753564011,5.534923524886,2.871753564011,5.534923524886,-0.4186612149857,-0.4344708165718,0.4186723903902,0.4344583713873
1.348962882592,2.940876663799,5.547122685021,2.940876663799,5.547122685021,-0.4236619925068,-0.43462741374,0.4236733013829,0.4346146943199
1.364583136589,3.010166259976,5.55839742989,3.010166259976,5.55839742989,-0.4286657189432,-0.4347264744079,0.4286771613689,0.4347134759924
1.380384264603,3.079600484381,5.568745815462,3.079600484381,5.568745815462,-0.4336710695611,-0.434767932743,0.4336826455791,0.4347546505329
1.396368361056,3.149157451924,5.578166521883,3.149157451924,5.578166521883,-0.4386767179055,-0.4347517610498,0.4386884275229,0.4347381902077
1.412537544623,3.218815282695,5.586658853053,3.218815282695,5.586658853053,-0.4436813372058,-0.4346779698147,0.4436931803945,0.4346641054652
1.428893958511,3.288552124043,5.594222735291,3.288552124043,5.594222735291,-0.4486836017822,-0.4345466076891,0.4486955784784,0.4345324449193
1.445439770746,3.358346172567,5.60085871505,3.358346172567,5.60085871505,-0.4536821884493,-0.4343577614102,0.4536942985541,0.4343432952706
1.462177174457,3.428175695983,5.606567955727,3.428175695983,5.606567955727,-0.4586757779149,-0.4341115556615,0.458688021294,0.4340967811664
1.479108388168,3.498019054805,5.61135223354,3.498019054805,5.61135223354,-0.463663056169,-0.4338081528714,0.463675432653,0.4337930649994
1.496235656094,3.567854723815,5.615213932508,3.567854723815,5.615213932508,-0.4686427158616,-0.4334477529518,0.4686552252464,0.4334323466462
1.513561248436,3.637661313257,5.618156038535,3.637661313257,5.618156038535,-0.473613457666,-0.4330305929768,0.4736260997125,0.4330148631465
1.531087461682,3.707417589729,5.620182132616,3.707417589729,5.620182132616,-0.4785739916227,-0.432556946803,0.4785867660576,0.4325408883227
1.548816618912,3.777102496713,5.621296383177,3.777102496713,5.621296383177,-0.4835230384644,-0.4320271246323,0.48353594498,0.4320107323432
1.566751070108,3.846695174715,5.621503537588,3.846695174715,5.621503537588,-0.4884593309155,-0.4314414725182,0.4884723691705,0.4314247412283
1.584893192461,3.916174980969,5.620808912849,3.916174980969,5.620808912849,-0.4933816149667,-0.4308003718176,0.493394784586,0.4307832963022
1.60324539069,3.985521508662,5.619218385484,3.985521508662,5.619218385484,-0.4982886511193,-0.4301042385891,0.4983019516949,0.4300868135913
1.621810097359,4.054714605651,5.616738380677,4.054714605651,5.616738380677,-0.5031792155985,-0.42935352294,0.5031926466896,0.429335743171
1.6405897732,4.123734392631,5.613375860668,4.123734392631,5.613375860668,-0.5080521015323,-0.4285487083242,0.508065662666,0.4285305684638
1.659586907438,4.19256128072,5.609138312447,4.19256128072,5.609138312447,-0.5129061200943,-0.4276903107918,0.5129198107658,0.4276718054886
1.678804018123,4.261175988431,5.60403373477,4.261175988431,5.60403373477,-0.5177401016076,-0.4267788781937,0.5177539212809,0.4267600020656
1.698243652462,4.329559558006,5.598070624549,4.329559558006,5.598070624549,-0.5225528966082,-0.4258149893433,0.5225668447165,0.4257957369777
1.717908387158,4.397693371073,5.591257962629,4.397693371073,5.591257962629,-0.5273433768655,-0.4247992531369,0.5273574528121,0.4247796190911
1.737800828749,4.46555916361,5.583605199011,4.46555916361,5.583605199011,-0.5321104363597,-0.4237323076363,0.532124639518,0.4237122864374
1.757923613959,4.533139040195,5.575122237539,4.533139040195,5.575122237539,-0.5368529922118,-0.4226148191148,0.5368673219266,0.4225944052603
1.778279410039,4.600415487511,5.565819420108,4.600415487511,5.565819420108,-0.5415699855675,-0.4214474810706,0.541584441155,0.4214266690285
1.798870915129,4.667371387096,5.555707510424,4.667371387096,5.555707510424,-0.5462603824317,-0.4202310132093,0.5462749631807,0.4202097974181
1.81970085861,4.733990027326,5.544797677353,4.733990027326,5.544797677353,-0.5509231744545,-0.4189661603987,0.5509378796268,0.4189445352674
1.840772001469,4.800255114602,5.533101477912,4.800255114602,5.533101477912,-0.555557379665,-0.4176536915974,0.5555722084961,0.4176316515061
1.862087136663,4.86615078375,5.520630839934,4.86615078375,5.520630839934,-0.5601620431553,-0.4162943987625,0.5601769948551,0.4162719380617
1.88364908949,4.93166160761,5.507398044447,4.93166160761,5.507398044447,-0.5647362377112,-0.4148890957361,0.564751311465,0.4148662087474
1.905460717963,4.996772605821,5.493415707825,4.996772605821,5.493415707825,-0.5692790643916,-0.4134386171157,0.5692942593606,0.4134152981312
1.927524913191,5.06146925278,5.478696763728,5.06146925278,5.478696763728,-0.5737896530545,-0.4119438171099,0.5738049683766,0.4119200603925
1.949844599758,5.125737484803,5.463254444891,5.125737484803,5.463254444891,-0.5782671628299,-0.4104055683828,0.5782825976205,0.410381368166
1.972422736115,5.189563706454,5.447102264802,5.189563706454,5.447102264802,-0.5827107825405,-0.4088247608898,0.5827263358934,0.4088001113775
1.995262314969,5.252934796074,5.430253999291,5.252934796074,5.430253999291,-0.5871197310695,-0.4072023007069,0.5871354020576,0.4071771960731
2.018366363682,5.315838110504,5.4127236681,5.315838110504,5.4127236681,-0.5914932576758,-0.4055391088566,0.5915090453519,0.4055135432455
2.04173794467,5.378261489005,5.394525516441,5.378261489005,5.394525516441,-0.5958306422575,-0.4038361201333,0.595846545655,0.4038100876587
2.065380155811,5.440193256396,5.3756739966,5.440193256396,5.3756739966,-0.6001311955638,-0.4020942819297,0.6001472136978,0.4020677766749
2.089296130854,5.501622225413,5.356183749624,5.501622225413,5.356183749624,-0.604394259357,-0.4003145530673,0.6044103912251,0.4002875690847
2.113489039837,5.562537698307,5.336069587112,5.562537698307,5.336069587112,-0.6086192065238,-0.3984979026342,0.6086354511066,0.3984704339448
2.137962089502,5.622929467688,5.315346473158,5.622929467688,5.315346473158,-0.6128054411387,-0.3966453088301,0.612821797401,0.3966173494234
2.162718523727,5.682787816651,5.294029506472,5.682787816651,5.294029506472,-0.6169523984789,-0.3947577578236,0.6169688653703,0.3947293016567
2.18776162395,5.742103518173,5.272133902716,5.742103518173,5.272133902716,-0.6210595449932,-0.3928362426213,0.621076121449,0.3928072836188
2.213094709606,5.800867833835,5.249674977081,5.800867833835,5.249674977081,-0.6251263782252,-0.3908817619531,0.6251430631673,0.3908522940065
2.238721138568,5.859072511857,5.226668127134,5.859072511857,5.226668127134,-0.6291524266931,-0.3888953191734,0.6291692190308,0.3888653361401
2.264644307593,5.91670978449,5.203128815961,5.91670978449,5.203128815961,-0.6331372497266,-0.3868779211813,0.6331541483573,0.3868474168847
2.290867652768,5.973772364786,5.179072555636,5.973772364786,5.179072555636,-0.6370804372625,-0.3848305773616,0.6370974410727,0.38479954559
2.317394649968,6.030253442754,5.154514891039,6.030253442754,5.154514891039,-0.6409816096017,-0.3827542985476,0.6409987174676,0.3827227330534
2.34422881532,6.086146680956,5.129471384038,6.086146680956,5.129471384038,-0.6448404171278,-0.3806500960067,0.6448576279163,0.3806179905062
2.371373705662,6.14144620953,5.103957598059,6.14144620953,5.103957598059,-0.6486565399895,-0.3785189804521,0.6486738525589,0.3784863286243
2.39883291902,6.196146620709,5.077989083076,6.196146620709,5.077989083076,-0.6524296877489,-0.3763619610796,0.6524471009498,0.3763287565655
2.426610095082,6.250242962829,5.051581361009,6.250242962829,5.051581361009,-0.6561595989972,-0.374180044632,0.6561771116729,0.374146281034
2.454708915685,6.303730733867,5.024749911578,6.303730733867,5.024749911578,-0.6598460409389,-0.3719742344917,0.6598636519266,0.3719399053725
2.483133105296,6.356605874542,4.997510158597,6.356605874542,4.997510158597,-0.6634888089473,-0.3697455298026,0.6635065170788,0.3697106286844
2.51188643151,6.408864760992,4.969877456749,6.408864760992,4.969877456749,-0.667087726093,-0.3674949246218,0.6671055301951,0.3674594449855
2.540972705549,6.460504197066,4.941867078821,6.460504197066,4.941867078821,-0.6706426426461,-0.3652234071021,0.6706605415417,0.3651873423862
2.570395782769,6.511521406257,4.91349420344,6.511521406257,4.91349420344,-0.6741534355555,-0.3629319587059,0.6741714280641,0.3628953023058
2.600159563165,6.561914023299,4.884773903284,6.561914023299,4.884773903284,-0.6776200079056,-0.3606215534508,0.677638092844,0.3605842987172
2.630267991895,6.61168008546,4.855721133811,6.61168008546,4.855721133811,-0.6810422883533,-0.358293157187,0.6810604645364,0.3582552974254
2.660725059799,6.660818023555,4.826350722467,6.660818023555,4.826350722467,-0.684420230547,-0.3559477269077,0.6844384967884,0.3559092553773
2.691534803927,6.709326652705,4.796677358421,6.709326652705,4.796677358421,-0.6877538125278,-0.353586210092,0.6877721676405,0.3535471200045
2.722701308078,6.757205162874,4.766715582788,6.757205162874,4.766715582788,-0.6910430361175,-0.3512095440804,0.6910614789143,0.3511698285988
2.754228703338,6.804453109207,4.73647977937,6.804453109207,4.73647977937,-0.694287926292,-0.3488186554834,0.6943064555865,0.3487783077209
2.78612116863,6.851070402185,4.705984165894,6.851070402185,4.705984165894,-0.6974885305438,-0.3464144596222,0.6975071451507,0.3463734726413
2.818382931264,6.897057297636,4.675242785761,6.897057297636,4.675242785761,-0.7006449182347,-0.3439978600029,0.7006636169705,0.3439562268139
2.851018267504,6.942414386622,4.644269500283,6.942414386622,4.644269500283,-0.7037571799398,-0.3415697478223,0.7037759616233,0.3415274613821
2.884031503127,6.987142585216,4.613077981424,6.987142585216,4.613077981424,-0.706825426785,-0.3391310015062,0.706844290238,0.3390880547171
2.917427014001,7.031243124204,4.581681705028,7.031243124204,4.581681705028,-0.7098497897789,-0.3366824862789,0.7098687338266,0.3366388719877
2.951209226666,7.074717538723,4.550093944522,7.074717538723,4.550093944522,-0.7128304191412,-0.3342250537652,0.7128494426126,0.3341807647612
2.985382618918,7.117567657869,4.518327765105,7.117567657869,4.518327765105,-0.7157674836279,-0.3317595416215,0.7157865853566,0.3317145706361
3.019951720402,7.159795594275,4.486396018395,7.159795594275,4.486396018395,-0.7186611698559,-0.3292867731989,0.7186803486803,0.3292411129035
3.054921113216,7.201403733706,4.454311337537,7.201403733706,4.454311337537,-0.7215116816275,-0.326807557235,0.7215309363913,0.32676120024
3.090295432514,7.242394724659,4.422086132762,7.242394724659,4.422086132762,-0.7243192392559,-0.3243226875748,0.7243385688087,0.3242756264283
3.126079367124,7.282771468008,4.389732587378,7.282771468008,4.389732587378,-0.7270840788933,-0.3218329429211,0.727103482091,0.3217851701074
3.162277660168,7.322537106703,4.357262654193,7.322537106703,4.357262654193,-0.7298064518628,-0.319339086611,0.7298259275678,0.3192905945493
3.198895109691,7.361695015535,4.32468805235,7.361695015535,4.32468805235,-0.732486623994,-0.316841866421,0.7325061710757,0.316792647464
3.235936569296,7.40024879099,4.292020264573,7.40024879099,4.292020264573,-0.7351248749651,-0.3143420143976,0.7351444923003,0.3142920608297
3.273406948788,7.438202241197,4.259270534794,7.438202241197,4.259270534794,-0.7377214976506,-0.3118402467128,0.7377411841239,0.3117895507495
3.311311214826,7.475559375987,4.226449866173,7.475559375987,4.226449866173,-0.740276797477,-0.309337263546,0.7402965519808,0.3092858173316
3.349654391578,7.512324397082,4.193569019472,7.512324397082,4.193569019472,-0.7427910917857,-0.3068337489877,0.7428109132211,0.3067815445942
3.388441561392,7.548501688412,4.160638511794,7.548501688412,4.160638511794,-0.7452647092056,-0.3043303709675,0.7452845964821,0.3042774003933
3.427677865465,7.58409580658,4.127668615655,7.58409580658,4.127668615655,-0.7476979890347,-0.3018277812042,0.7477179410711,0.3017740363721
3.467368504525,7.619111471483,4.09466935839,7.619111471483,4.09466935839,-0.7500912806322,-0.2993266151763,0.7501112963561,0.2992720879325
3.507518739526,7.653553557095,4.061650521868,7.653553557095,4.061650521868,-0.7524449428207,-0.296827492114,0.7524650211695,0.2967721742263
3.548133892336,7.687427082423,4.028621642517,7.687427082423,4.028621642517,-0.7547593433004,-0.2943310150099,0.754779483221,0.2942748981664
3.58921934645,7.720737202638,3.995592011623,7.720737202638,3.995592011623,-0.7570348580745,-0.2918377706492,0.7570550585238,0.2917808464563
3.630780547701,7.753489200402,3.96257067592,7.753489200402,3.96257067592,-0.7592718708871,-0.2893483296566,0.7592921308322,0.289290589638
3.672823004981,7.785688477374,3.929566438429,7.785688477374,3.929566438429,-0.7614707726734,-0.2868632465616,0.7614910910916,0.2868046821563
3.715352290972,7.81734054592,3.896587859553,7.81734054592,3.896587859553,-0.7636319610227,-0.2843830598783,0.7636523369018,0.2843236624394
3.758374042884,7.84845102102,3.863643258406,7.84845102102,3.863643258406,-0.765755839655,-0.2819082922021,0.7657762719935,0.2818480529948
3.801893963206,7.879025612386,3.83074071436,7.879025612386,3.83074071436,-0.7678428179103,-0.2794394503194,0.7678633057176,0.2793783605197
3.845917820454,7.909070116776,3.797888068812,7.909070116776,3.797888068812,-0.7698933102526,-0.2769770253318,0.7699138525488,0.2769150760249
3.890451449943,7.938590410531,3.765092927137,7.938590410531,3.765092927137,-0.7719077357861,-0.2745214927928,0.7719283316025,0.2744586749712
3.935500754558,7.967592442315,3.73236266084,7.967592442315,3.73236266084,-0.7738865177868,-0.2720733128563,0.7739071661659,0.2720096174185
3.981071705535,7.996082226072,3.69970440987,7.996082226072,3.69970440987,-0.7758300832473,-0.2696329304369,0.7758507832429,0.2695683481855
4.027170343255,8.024065834201,3.667125085104,8.024065834201,3.667125085104,-0.7777388624359,-0.2672007753799,0.7777596131129,0.2671352970202
4.073802778041,8.051549390938,3.634631370978,8.051549390938,3.634631370978,-0.7796132884696,-0.2647772626415,0.7796340889045,0.2647108787795
4.120975190973,8.078539065958,3.602229728263,8.078539065958,3.602229728263,-0.7814537969014,-0.2623627924782,0.7814746461821,0.2622954936193
4.168693834703,8.105041068193,3.56992639696,8.105041068193,3.56992639696,-0.7832608253213,-0.2599577506437,0.7832817225474,0.2598895271909
4.216965034286,8.131061639861,3.537727399328,8.131061639861,3.537727399328,-0.785034812972,-0.2575625085944,0.7850557572545,0.2574933508464
4.265795188016,8.156607050702,3.505638543008,8.156607050702,3.505638543008,-0.7867762003777,-0.255177423701,0.7867971908391,0.2551073218509
4.315190768278,8.181683592439,3.473665424252,8.181683592439,3.473665424252,-0.7884854289868,-0.2528028394671,0.7885064647616,0.2527317836002
4.365158322402,8.206297573433,3.441813431243,8.206297573433,3.441813431243,-0.7901629408293,-0.250439085753,0.7901840210633,0.2503670658455
4.415704473533,8.230455313553,3.410087747491,8.230455313553,3.410087747491,-0.7918091781862,-0.2480864790045,0.7918303020368,0.2480134849218
4.46683592151,8.254163139245,3.378493355303,8.254163139245,3.378493355303,-0.7934245832733,-0.2457453224874,0.7934457499098,0.2456713439818
4.518559443749,8.277427378811,3.347035039315,8.277427378811,3.347035039315,-0.795009597938,-0.2434159065239,0.7950308065411,0.2433409332336
4.570881896149,8.300254357875,3.315717390083,8.300254357875,3.315717390083,-0.7965646633686,-0.2410985087346,0.7965859131307,0.2410225301815
4.623810213993,8.322650395053,3.284544807715,8.322650395053,3.284544807715,-0.7980902198172,-0.2387933942822,0.7981115099423,0.2387163998702
4.677351412872,8.344621797809,3.253521505549,8.344621797809,3.253521505549,-0.7995867063347,-0.2365008161177,0.7996080360381,0.2364227951309
4.731512589615,8.366174858505,3.222651513859,8.366174858505,3.222651513859,-0.8010545605175,-0.2342210152293,0.8010759290263,0.2341419568303
4.786300923226,8.38731585063,3.191938683594,8.38731585063,3.191938683594,-0.8024942182677,-0.231954220892,0.8025156248203,0.2318741141202
4.841723675841,8.408051025212,3.161386690127,8.408051025212,3.161386690127,-0.8039061135639,-0.229700650919,0.8039275574099,0.2296194846885
4.897788193685,8.428386607411,3.130999037026,8.428386607411,3.130999037026,-0.8052906782439,-0.2274605119135,0.8053121586445,0.2273782750117
4.954501908048,8.448328793272,3.10077905983,8.448328793272,3.10077905983,-0.806648341799,-0.2252339995212,0.8066698580265,0.2251506806065
5.011872336273,8.467883746665,3.070729929826,8.467883746665,3.070729929826,-0.8079795311789,-0.2230212986822,0.8080010825169,0.2229368862825
5.069907082747,8.487057596373,3.040854657828,8.487057596373,3.040854657828,-0.8092846706078,-0.2208225838832,0.8093062563508,0.2207370663939
5.128613839914,8.505856433347,3.011156097941,8.505856433347,3.011156097941,-0.8105641814104,-0.2186380194088,0.8105858008639,0.218551385091
5.18800038929,8.524286308121,2.981636951317,8.524286308121,2.981636951317,-0.8118184818482,-0.2164677595917,0.8118401343289,0.2163799965704
5.248074602498,8.542353228366,2.952299769898,8.542353228366,2.952299769898,-0.8130479869665,-0.214311949062,0.8130696718018,0.214223045324
5.30884444231,8.560063156608,2.923146960131,8.560063156608,2.923146960131,-0.8142531084499,-0.2121707229949,0.8142748249778,0.2120806663871
5.370317963703,8.577422008071,2.894180786664,8.577422008071,2.894180786664,-0.8154342544873,-0.2100442073562,0.8154560020567,0.2099529855836
5.432503314924,8.594435648672,2.865403376013,8.594435648672,2.865403376013,-0.8165918296469,-0.2079325191468,0.8166136076171,0.2078401197707
5.495408738576,8.611109893143,2.836816720195,8.611109893143,2.836816720195,-0.8177262347588,-0.2058357666441,0.8177480424994,0.20574217708
5.559042572704,8.627450503287,2.80842268033,8.627450503287,2.80842268033,-0.8188378668063,-0.2037540496415,0.8188597036975,0.2036592571573
5.623413251904,8.643463186353,2.780222990208,8.643463186353,2.780222990208,-0.8199271188261,-0.2016874596854,0.8199489842582,0.2015914513993
5.688529308438,8.659153593537,2.752219259809,8.659153593537,2.752219259809,-0.8209943798154,-0.1996360803091,0.8210162731888,0.1995388431876
5.754399373372,8.674527318604,2.724412978788,8.674527318604,2.724412978788,-0.8220400346475,-0.197599987264,0.8220619553725,0.1975015081201
5.821032177709,8.68958989661,2.696805519912,8.68958989661,2.696805519912,-0.8230644639939,-0.195579248748,0.8230864114906,0.1954795142392
5.888436553556,8.704346802744,2.669398142453,8.704346802744,2.669398142453,-0.8240680442538,-0.1935739256308,0.8240900179524,0.1934729222567
5.95662143529,8.718803451273,2.642191995534,8.718803451273,2.642191995534,-0.8250511474913,-0.191584071675,0.8250731468313,0.1914817857759
6.025595860744,8.732965194579,2.615188121421,8.732965194579,2.615188121421,-0.8260141413771,-0.1896097337555,0.8260361658076,0.1895061515097
6.095368972402,8.746837322305,2.588387458766,8.746837322305,2.588387458766,-0.8269573891388,-0.1876509520737,0.8269794381182,0.1875460594958
6.165950018615,8.760425060585,2.561790845801,8.760425060585,2.561790845801,-0.8278812495154,-0.1857077603695,0.8279033225114,0.1856015433083
6.237348354824,8.773733571363,2.535399023476,8.773733571363,2.535399023476,-0.8287860767185,-0.1837801861288,0.828808173208,0.1836726302652
6.309573444802,8.786767951806,2.509212638542,8.786767951806,2.509212638542,-0.829672220399,-0.1818682507881,0.8296943398678,0.1817593416328
6.382634861906,8.799533233786,2.483232246578,8.799533233786,2.483232246578,-0.8305400256187,-0.1799719699344,0.8305621675614,0.1798616928261
6.456542290347,8.812034383449,2.457458314965,8.812034383449,2.457458314965,-0.8313898328273,-0.1780913535027,0.8314119967472,0.1779796936055
6.531305526475,8.824276300856,2.431891225803,8.824276300856,2.431891225803,-0.8322219778439,-0.176226405968,0.832244163253,0.1761133482697
6.606934480076,8.836263819697,2.406531278768,8.836263819697,2.406531278768,-0.8330367918436,-0.1743771265351,0.8330589982624,0.1742626558447
6.683439175686,8.848001707067,2.381378693916,8.848001707067,2.381378693916,-0.8338346013481,-0.1725435093234,0.8338568283053,0.1724276102691
6.76082975392,8.859494663316,2.356433614425,8.859494663316,2.356433614425,-0.8346157282206,-0.1707255435487,0.8346379752531,0.1706082005753
6.839116472814,8.870747321949,2.331696109284,8.870747321949,2.331696109284,-0.8353804896645,-0.1689232136999,0.8354027563173,0.1688044110672
6.918309709189,8.8817642496,2.307166175919,8.8817642496,2.307166175919,-0.8361291982265,-0.1671364997136,0.8361514840524,0.1670162214935
6.998419960023,8.892549946045,2.282843742766,8.892549946045,2.282843742766,-0.8368621618023,-0.165365377143,0.8368844663621,0.1652436072176
7.079457843841,8.903108844278,2.258728671786,8.903108844278,2.258728671786,-0.8375796836467,-0.1636098173244,0.8376020065087,0.1634865393836
7.161434102129,8.913445310637,2.234820760917,8.913445310637,2.234820760917,-0.8382820623862,-0.1618697875388,0.8383044031263,0.1617449850778
7.24435960075,8.923563644974,2.211119746476,8.923563644974,2.211119746476,-0.8389695920351,-0.1601452511705,0.8389919502365,0.1600189074877
7.328245331389,8.933468080868,2.187625305499,8.933468080868,2.187625305499,-0.8396425620142,-0.1584361678611,0.8396649372674,0.1583082660557
7.413102413009,8.943162785886,2.16433705803,8.943162785886,2.16433705803,-0.840301257172,-0.1567424936605,0.8403236490747,0.15661301663
7.498942093325,8.952651861882,2.141254569346,8.952651861882,2.141254569346,-0.8409459578094,-0.1550641811737,0.8409683659662,0.1549331116115
7.585775750292,8.961939345329,2.118377352136,8.961939345329,2.118377352136,-0.8415769397055,-0.1534011797039,0.8415993637279,0.1532685000969
7.673614893618,8.971029207691,2.095704868617,8.971029207691,2.095704868617,-0.8421944741468,-0.1517534353921,0.8422169136528,0.1516191280184
7.762471166287,8.97992535583,2.0732365326,8.97992535583,2.0732365326,-0.8427988279575,-0.1501208913532,0.842821282572,0.1499849382791
7.852356346101,8.988631632436,2.0509717115,8.988631632436,2.0509717115,-0.8433902635326,-0.1485034878077,0.8434127328869,0.148365870886
7.943282347243,8.997151816494,2.028909728295,8.997151816494,2.028909728295,-0.8439690388725,-0.1469011622113,0.8439915226041,0.1467618630779
8.035261221856,9.005489623773,2.007049863435,9.005489623773,2.007049863435,-0.8445354076192,-0.1453138493795,0.8445579053719,0.1451728494515
8.128305161641,9.013648707342,1.985391356688,9.013648707342,1.985391356688,-0.8450896190941,-0.1437414816098,0.8451121305178,0.1435987620825
8.222426499471,9.021632658112,1.963933408953,9.021632658112,1.963933408953,-0.8456319183378,-0.1421839887999,0.8456544430882,0.1420395306446
8.317637711027,9.029445005394,1.942675184003,9.029445005394,1.942675184003,-0.8461625461502,-0.1406412985632,0.8461850838889,0.1404950825241
8.413951416452,9.03708921748,1.921615810198,9.03708921748,1.921615810198,-0.8466817391329,-0.1391133363401,0.8467042895273,0.138965342932
8.511380382024,9.044568702246,1.900754382135,9.044568702246,1.900754382135,-0.8471897297325,-0.1376000255071,0.8472122924555,0.1374502350125
8.609937521846,9.051886807762,1.880089962256,9.051886807762,1.880089962256,-0.8476867462842,-0.1361012874817,0.847709321014,0.1359496799482
8.709635899561,9.05904682293,1.85962158241,9.05904682293,1.85962158241,-0.8481730130574,-0.1346170418252,0.8481955994776,0.1344635970627
8.81048873008,9.066051978125,1.839348245367,9.066051978125,1.839348245367,-0.8486487503013,-0.1331472063417,0.8486713481008,0.1329919039196
8.912509381338,9.072905445858,1.81926892629,9.072905445858,1.81926892629,-0.8491141742921,-0.1316916971743,0.8491367831648,0.1315345164187
9.01571137606,9.07961034144,1.799382574156,9.07961034144,1.799382574156,-0.8495694973802,-0.1302504288984,0.849592117025,0.1300913488894
9.120108393559,9.086169723668,1.779688113144,9.086169723668,1.779688113144,-0.8500149280382,-0.1288233146123,0.8500375581588,0.128662314181
9.225714271548,9.092586595512,1.760184443968,9.092586595512,1.760184443968,-0.8504506709097,-0.1274102660247,0.8504733112144,0.1272473237504
9.33254300797,9.098863904809,1.740870445181,9.098863904809,1.740870445181,-0.8508769268582,-0.1260111935394,0.85089957706,0.1258462877465
9.440608762859,9.105004544973,1.72174497443,9.105004544973,1.72174497443,-0.8512938930166,-0.1246260063378,0.851316552833,0.124459115093
9.549925860214,9.111011355701,1.702806869673,9.111011355701,1.702806869673,-0.8517017628372,-0.1232546124577,0.85172443199,0.1230857135671
9.660508789898,9.116887123688,1.684054950357,9.116887123688,1.684054950357,-0.8521007261413,-0.1218969188711,0.8521234043566,0.1217259898768
9.772372209558,9.122634583351,1.665488018562,9.122634583351,1.665488018562,-0.8524909691702,-0.1205528315577,0.8525136561782,0.1203798497353
9.88553094657,9.128256417543,1.647104860102,9.128256417543,1.647104860102,-0.8528726746349,-0.1192222555775,0.8528953701698,0.1190471979325
10.0,9.133755258287,1.62890424559,9.133755258287,1.62890424559,-0.8532460217672,-0.1179050951398,0.8532687255671,0.1177279384049
10.1157945426,9.139133687496,1.610884931474,9.139133687496,1.610884931474,-0.8536111863699,-0.1166012536707,0.8536338981767,0.1164219743022
10.23292992281,9.144394237701,1.593045661032,9.144394237701,1.593045661032,-0.8539683408677,-0.1153106338774,0.8539910604271,0.1151292080526
10.35142166679,9.149539392783,1.575385165332,9.149539392783,1.575385165332,-0.8543176543578,-0.1140331378117,0.8543403814188,0.113849541425
10.47128548051,9.154571588697,1.557902164168,9.154571588697,1.557902164168,-0.85465929266,-0.1127686669295,0.8546820269754,0.1125828755896
10.59253725177,9.159493214196,1.540595366955,9.159493214196,1.540595366955,-0.8549934183676,-0.1115171221495,0.8550161596933,0.1113291111761
10.71519305238,9.16430661156,1.523463473594,9.16430661156,1.523463473594,-0.8553201908973,-0.1102784039096,0.8553429389925,0.1100881483299
10.83926914021,9.169014077318,1.506505175311,9.169014077318,1.506505175311,-0.8556397665392,-0.1090524122206,0.8556625211662,0.108859886766
10.96478196143,9.173617862964,1.489719155466,9.173617862964,1.489719155466,-0.8559522985068,-0.1078390467189,0.8559750594311,0.1076442258215
11.09174815262,9.178120175678,1.473104090323,9.178120175678,1.473104090323,-0.8562579369867,-0.1066382067165,0.8562807039765,0.1064410645059
11.22018454302,9.182523179037,1.456658649806,9.182523179037,1.456658649806,-0.8565568291872,-0.1054497912497,0.8565796020137,0.1052503015492
11.35010815672,9.186828993725,1.440381498221,9.186828993725,1.440381498221,-0.8568491193882,-0.1042736991254,0.8568718978252,0.1040718354488
11.48153621497,9.191039698235,1.424271294947,9.191039698235,1.424271294947,-0.8571349489891,-0.1031098289663,0.857157732813,0.1029055645142
11.6144861384,9.195157329574,1.40832669511,9.195157329574,1.40832669511,-0.8574144565574,-0.1019580792539,0.8574372455472,0.1017513869099
11.7489755494,9.199183883954,1.392546350224,9.199183883954,1.392546350224,-0.8576877778765,-0.10081834837,0.8577105718137,0.1006092006974
11.88502227437,9.203121317483,1.376928908814,9.203121317483,1.376928908814,-0.8579550459933,-0.09969053463646,0.8579778446615,0.0994789038744
12.02264434617,9.206971546849,1.36147301701,9.206971546849,1.36147301701,-0.8582163912653,-0.09857453635383,0.8582391944503,0.09836039441359
12.16186000646,9.210736449996,1.34617731912,9.210736449996,1.34617731912,-0.858471941407,-0.09747025183773,0.8584947488968,0.09725357029897
12.30268770812,9.214417866797,1.331040458181,9.214417866797,1.331040458181,-0.8587218215363,-0.09637757945438,0.858744633121,0.09615832956133
12.44514611771,9.218017599722,1.316061076488,9.218017599722,1.316061076488,-0.8589661542203,-0.09529641765434,0.8589889696918,0.09507457031197
12.58925411794,9.221537414489,1.301237816099,9.221537414489,1.301237816099,-0.8592050595205,-0.094226665005,0.8592278786723,0.0940021907751
12.73503081017,9.224979040725,1.286569319328,9.224979040725,1.286569319328,-0.8594386550372,-0.09316822022166,0.8594614776649,0.09294108931891
12.88249551693,9.228344172601,1.272054229203,9.228344172601,1.272054229203,-0.8596670559543,-0.09212098219729,0.859689881855,0.09189116448529
13.03166778452,9.231634469477,1.257691189921,9.231634469477,1.257691189921,-0.859890375083,-0.09108485003109,0.8599132040551,0.0908523150183
13.18256738556,9.234851556529,1.243478847276,9.234851556529,1.243478847276,-0.8601087229045,-0.09005972305565,0.8601315547479,0.08982443989137
13.33521432163,9.237997025373,1.229415849066,9.237997025373,1.229415849066,-0.8603222076132,-0.08904550086314,0.8603450421294,0.08880743833332
13.48962882592,9.241072434675,1.215500845488,9.241072434675,1.215500845488,-0.860530935159,-0.08804208333012,0.8605537721503,0.08780120985324
13.64583136589,9.244079310767,1.201732489517,9.244079310767,1.201732489517,-0.8607350092882,-0.08704937064137,0.8607578485583,0.0868056542642
13.80384264603,9.247019148239,1.18810943726,9.247019148239,1.18810943726,-0.8609345315854,-0.08606726331256,0.860957372939,0.08582067170593
13.96368361056,9.249893410535,1.174630348303,9.249893410535,1.174630348303,-0.8611296015137,-0.08509566221191,0.8611524447563,0.08484616266635
14.12537544623,9.252703530535,1.16129388604,9.252703530535,1.16129388604,-0.8613203164545,-0.08413446858079,0.8613431613926,0.0838820280022
14.28893958511,9.255450911131,1.148098717983,9.255450911131,1.148098717983,-0.8615067717472,-0.08318358405335,0.8615296181879,0.08292816895857
14.45439770746,9.258136925797,1.135043516062,9.258136925797,1.135043516062,-0.861689060728,-0.0822429106752,0.8617119084793,0.08198448718756
14.62177174457,9.260762919147,1.122126956908,9.260762919147,1.122126956908,-0.8618672747682,-0.08131235092115,0.8618901236384,0.08105088476594
14.79108388168,9.263330207486,1.109347722125,9.263330207486,1.109347722125,-0.8620415033121,-0.08039180771205,0.86206435311,0.08012726421197
14.96235656094,9.265840079357,1.096704498548,9.265840079357,1.096704498548,-0.8622118339137,-0.07948118443081,0.8622346844486,0.07921352850135
15.13561248436,9.268293796075,1.084195978486,9.268293796075,1.084195978486,-0.8623783522742,-0.07858038493754,0.8624012033555,0.07830958108227
15.31087461682,9.270692592253,1.071820859955,9.270692592253,1.071820859955,-0.862541142277,-0.07768931358387,0.8625639937144,0.07741532588977
15.48816618913,9.273037676326,1.0595778469,9.273037676326,1.0595778469,-0.8627002860243,-0.07680787522654,0.8627231376274,0.07653066735918
15.66751070108,9.275330231056,1.047465649401,9.275330231056,1.047465649401,-0.8628558638712,-0.0759359752402,0.8628787154498,0.07565551043892
15.84893192461,9.277571414045,1.035482983876,9.277571414045,1.035482983876,-0.8630079544606,-0.07507351952949,0.8630308058243,0.07478976060251
16.0324539069,9.279762358221,1.023628573262,9.279762358221,1.023628573262,-0.8631566347569,-0.07422041454041,0.8631794857151,0.07393332385986
16.21810097359,9.281904172333,1.011901147197,9.281904172333,1.011901147197,-0.8633019800793,-0.07337656727104,0.863324830441,0.07308610676797
16.405897732,9.283997941425,1.000299442181,9.283997941425,1.000299442181,-0.8634440641346,-0.07254188528154,0.8634669137085,0.07224801644087
16.59586907438,9.286044727313,0.9888222017407,9.286044727313,0.9888222017407,-0.8635829590494,-0.07171627670363,0.8636058076437,0.071418960559
16.78804018123,9.288045569046,0.9774681765713,9.288045569046,0.9774681765713,-0.8637187354018,-0.07089965024931,0.8637415828239,0.07059884737792
16.98243652462,9.290001483365,0.9662361246773,9.290001483365,0.9662361246773,-0.8638514622524,-0.07009191521913,0.8638743083093,0.06978758573648
17.17908387158,9.291913465147,0.9551248115025,9.291913465147,0.9551248115025,-0.8639812071751,-0.06929298150982,0.8640040516728,0.06898508506443
17.37800828749,9.29378248785,0.9441330100517,9.29378248785,0.9441330100517,-0.8641080362872,-0.06850275962138,0.8641308790309,0.06819125538941
17.57923613959,9.295609503948,0.9332595010043,9.295609503948,0.9332595010043,-0.8642320142788,-0.06772116066366,0.8642548550727,0.06740600734349
17.78279410039,9.29739544535,0.9225030728197,9.29739544535,0.9225030728197,-0.864353204442,-0.06694809636243,0.8643760430891,0.06662925216917
17.98870915129,9.299141223827,0.9118625218363,9.299141223827,0.9118625218363,-0.8644716686993,-0.06618347906495,0.8644945050014,0.0658609017249
18.1970085861,9.300847731415,0.901336652362,9.300847731415,0.901336652362,-0.8645874676317,-0.06542722174508,0.8646103013894,0.06510086849008
18.40772001469,9.302515840825,0.8909242767587,9.302515840825,0.8909242767587,-0.8647006605062,-0.06467923800793,0.8647234915187,0.06434906556972
18.62087136663,9.304146405838,0.8806242155193,9.304146405838,0.8806242155193,-0.8648113053031,-0.06393944209409,0.864834133368,0.06360540669853
18.8364908949,9.305740261693,0.8704352973389,9.305740261693,0.8704352973389,-0.864919458742,-0.06320774888341,0.8649422836554,0.06286980624469
19.05460717963,9.307298225468,0.8603563591794,9.307298225468,0.8603563591794,-0.8650251763085,-0.0624840738984,0.8650479978646,0.06214217921315
19.27524913191,9.308821096462,0.8503862463282,9.308821096462,0.8503862463282,-0.8651285122791,-0.06176833330725,0.8651513302704,0.06142244124859
19.49844599758,9.310309656555,0.8405238124514,9.310309656555,0.8405238124514,-0.8652295197469,-0.06106044392647,0.865252333964,0.06071050863797
19.72422736115,9.311764670577,0.8307679196406,9.311764670577,0.8307679196406,-0.8653282506459,-0.06036032322313,0.8653510608774,0.06000629831277
19.95262314969,9.313186886658,0.8211174384557,9.313186886658,0.8211174384557,-0.8654247557756,-0.05966788931684,0.8654475618076,0.05930972785081
20.18366363682,9.314577036579,0.8115712479614,9.314577036579,0.8115712479614,-0.8655190848239,-0.05898306098133,0.8655418864406,0.05862071547781
20.4173794467,9.315935836115,0.8021282357596,9.315935836115,0.8021282357596,-0.8656112863912,-0.05830575764573,0.8656340833744,0.0579391800686
20.65380155811,9.317263985365,0.7927872980162,9.317263985365,0.7927872980162,-0.8657014080131,-0.05763589939557,0.8657242001419,0.05726504114801
20.89296130854,9.318562169087,0.7835473394846,9.318562169087,0.7835473394846,-0.8657894961824,-0.05697340697346,0.8658122832334,0.05659821889152
21.13489039837,9.319831057018,0.7744072735233,9.319831057018,0.7744072735233,-0.8658755963713,-0.0563182017795,0.8658983781184,0.05593863412557
21.37962089502,9.321071304191,0.7653660221111,9.321071304191,0.7653660221111,-0.8659597530532,-0.05567020587143,0.8659825292675,0.05528620832764
21.62718523727,9.322283551245,0.7564225158562,9.322283551245,0.7564225158562,-0.8660420097235,-0.0550293419645,0.8660647801729,0.05464086362604
21.8776162395,9.32346842473,0.7475756940038,9.32346842473,0.7475756940038,-0.8661224089203,-0.05439553343115,0.8661451733699,0.05400252279951
22.13094709606,9.324626537407,0.7388245044379,9.324626537407,0.7388245044379,-0.8662009922451,-0.05376870430036,0.8662237504566,0.0533711092765
22.38721138568,9.325758488536,0.7301679036807,9.325758488536,0.7301679036807,-0.8662778003823,-0.05314877925687,0.8663005521142,0.05274654713432
22.64644307593,9.326864864169,0.7216048568886,9.326864864169,0.7216048568886,-0.8663528731189,-0.05253568364011,0.8663756181262,0.05212876109797
22.90867652768,9.327946237426,0.7131343378446,9.327946237426,0.7131343378446,-0.8664262493639,-0.05192934344301,0.8664489873979,0.05151767653886
23.17394649969,9.329003168777,0.7047553289474,9.329003168777,0.7047553289474,-0.8664979671665,-0.05132968531049,0.8665206979749,0.05091321947327
23.4422881532,9.330036206304,0.6964668211986,9.330036206304,0.6964668211986,-0.8665680637349,-0.05073663653791,0.8665907870617,0.05031531656063
23.71373705662,9.331045885974,0.6882678141856,9.331045885974,0.6882678141856,-0.8666365754545,-0.0501501250692,0.8666592910393,0.04972389510166
23.9883291902,9.332032731894,0.6801573160629,9.332032731894,0.6801573160629,-0.8667035379049,-0.0495700794949,0.8667262454834,0.04913888303627
24.26610095082,9.332997256567,0.6721343435301,9.332997256567,0.6721343435301,-0.8667689858778,-0.04899642905006,0.8667916851816,0.04856020894137
24.54708915685,9.333939961141,0.6641979218083,9.333939961141,0.6641979218083,-0.8668329533939,-0.04842910361187,0.8668556441499,0.04798780202845
24.83133105296,9.334861335653,0.656347084613,9.334861335653,0.656347084613,-0.8668954737192,-0.04786803369728,0.8669181556499,0.04742159214108
25.1188643151,9.335761859268,0.6485808741254,9.335761859268,0.6485808741254,-0.8669565793815,-0.04731315046039,0.8669792522048,0.04686150975222
25.40972705549,9.336642000517,0.6408983409618,9.336642000517,0.6408983409618,-0.8670163021863,-0.04676438568973,0.8670389656151,0.0463074859614
25.70395782769,9.337502217521,0.6332985441405,9.337502217521,0.6332985441405,-0.8670746732327,-0.0462216718054,0.8670973269749,0.04575945249182
26.00159563165,9.33834295822,0.6257805510465,9.33834295822,0.6257805510465,-0.867131722928,-0.04568494185615,0.8671543666865,0.04521734168726
26.30267991895,9.339164660593,0.6183434373951,9.339164660593,0.6183434373951,-0.8671874810036,-0.04515412951623,0.8672101144757,0.04468108650889
26.60725059799,9.339967752874,0.6109862871934,9.339967752874,0.6109862871934,-0.8672419765288,-0.04462916908227,0.8672645994067,0.04415062053203
26.91534803927,9.340752653761,0.6037081926998,9.340752653761,0.6037081926998,-0.867295237926,-0.04410999546995,0.867317849896,0.04362587794274
27.22701308078,9.341519772627,0.5965082543823,9.341519772627,0.5965082543823,-0.867347292984,-0.04359654421059,0.8673698937267,0.04310679353432
27.54228703338,9.34226950972,0.589385580875,9.34226950972,0.589385580875,-0.8673981688724,-0.04308875144772,0.8674207580626,0.04259330270376
27.8612116863,9.343002256362,0.5823392889339,9.343002256362,0.5823392889339,-0.867447892155,-0.04258655393349,0.867470469461,0.04208534144806
28.18382931265,9.343718395144,0.5753685033901,9.343718395144,0.5753685033901,-0.8674964888025,-0.04208988902499,0.8675190538866,0.04158284636046
28.51018267504,9.344418300119,0.5684723571027,9.344418300119,0.5684723571027,-0.8675439842063,-0.04159869468057,0.867566536724,0.04108575462664
28.84031503127,9.345102336982,0.5616499909102,9.345102336982,0.5616499909102,-0.8675904031903,-0.04111290945602,0.8676129427908,0.04059400402081
29.17427014001,9.345770863259,0.5549005535809,9.345770863259,0.5549005535809,-0.8676357700241,-0.04063247250069,0.8676582963495,0.04010753290174
29.51209226666,9.346424228483,0.5482232017615,9.346424228483,0.5482232017615,-0.8676801084345,-0.04015732355359,0.86770262112,0.03962628020873
29.85382618918,9.347062774369,0.5416170999261,9.347062774369,0.5416170999261,-0.8677234416178,-0.03968740293938,0.8677459402913,0.0391501854575
30.19951720402,9.347686834986,0.5350814203226,9.347686834986,0.5350814203226,-0.8677657922514,-0.03922265156433,0.8677882765332,0.03867918873606
30.54921113216,9.348296736923,0.5286153429194,9.348296736923,0.5286153429194,-0.867807182505,-0.03876301091224,0.867829652008,0.03821323070049
30.90295432514,9.348892799456,0.5222180553508,9.348892799456,0.5222180553508,-0.8678476340519,-0.03830842304026,0.8678700883811,0.03775225257068
31.26079367124,9.349475334706,0.5158887528619,9.349475334706,0.5158887528619,-0.8678871680799,-0.03785883057473,0.8679096068321,0.03729619612606
31.62277660168,9.350044647798,0.5096266382519,9.350044647798,0.5096266382519,-0.867925805302,-0.03741417670695,0.8679482280659,0.03684500370124
31.98895109691,9.350601037014,0.5034309218179,9.350601037014,0.5034309218179,-0.8679635659669,-0.03697440518892,0.8679859723225,0.03639861818162
32.35936569296,9.351144793943,0.4973008212975,9.351144793943,0.4973008212975,-0.8680004698689,-0.036539460329,0.8680228593879,0.035956982999
32.73406948788,9.351676203631,0.4912355618106,9.351676203631,0.4912355618106,-0.8680365363586,-0.03610928698762,0.8680589086033,0.03552004212711
33.11311214826,9.352195544723,0.4852343758008,9.352195544723,0.4852343758008,-0.868071784352,-0.03568383057291,0.8680941388759,0.03508774007713
33.49654391578,9.352703089603,0.4792965029769,9.352703089603,0.4792965029769,-0.8681062323405,-0.03526303703631,0.8681285686876,0.03466002189321
33.88441561392,9.353199104538,0.4734211902526,9.353199104538,0.4734211902526,-0.8681398984003,-0.03484685286813,0.8681622161048,0.03423683314791
34.27677865465,9.353683849805,0.4676076916873,9.353683849805,0.4676076916873,-0.8681728002013,-0.03443522509317,0.8681950987876,0.03381811993767
34.67368504525,9.35415757983,0.4618552684256,9.35415757983,0.4618552684256,-0.8682049550163,-0.03402810126626,0.8682272339988,0.03340382887823
35.07518739526,9.354620543314,0.4561631886365,9.354620543314,0.4561631886365,-0.8682363797299,-0.03362542946775,0.8682586386124,0.03299390710004
35.48133892336,9.355072983361,0.4505307274523,9.355072983361,0.4505307274523,-0.8682670908468,-0.03322715829909,0.8682893291225,0.03258830224365
35.8921934645,9.3555151376,0.4449571669078,9.3555151376,0.4449571669078,-0.8682971045005,-0.03283323687831,0.8683193216517,0.03218696245511
36.30780547701,9.35594723831,0.4394417958787,9.35594723831,0.4394417958787,-0.8683264364612,-0.03244361483553,0.8683486319591,0.03178983638133
36.72823004981,9.356369512536,0.4339839100193,9.356369512536,0.4339839100193,-0.8683551021445,-0.03205824230844,0.8683772754486,0.03139687316545
37.15352290972,9.356782182202,0.4285828117015,9.356782182202,0.4285828117015,-0.8683831166185,-0.03167706993782,0.8684052671766,0.03100802244217
37.58374042885,9.357185464233,0.423237809952,9.357185464233,0.423237809952,-0.8684104946121,-0.031300048863,0.86843262186,0.03062323433318
38.01893963206,9.357579570658,0.4179482203904,9.357579570658,0.4179482203904,-0.8684372505221,-0.03092713071735,0.8684593538833,0.03024245944239
38.45917820454,9.357964708721,0.4127133651669,9.357964708721,0.4127133651669,-0.8684633984211,-0.03055826762374,0.8684854773063,0.0298656488514
38.90451449943,9.35834108099,0.4075325728997,9.35834108099,0.4075325728997,-0.8684889520644,-0.03019341219008,0.8685110058712,0.02949275411474
39.35500754558,9.358708885457,0.4024051786127,9.358708885457,0.4024051786127,-0.8685139248968,-0.02983251750476,0.8685359530098,0.0291237272553
39.81071705535,9.359068315642,0.3973305236731,9.359068315642,0.3973305236731,-0.8685383300601,-0.02947553713216,0.8685603318501,0.02875852075964
40.27170343255,9.359419560694,0.3923079557285,9.359419560694,0.3923079557285,-0.8685621803994,-0.02912242510812,0.8685841552233,0.02839708757333
40.73802778041,9.359762805482,0.3873368286446,9.359762805482,0.3873368286446,-0.8685854884702,-0.02877313593551,0.8686074356705,0.02803938109635
41.20975190973,9.360098230699,0.3824165024428,9.360098230699,0.3824165024428,-0.8686082665441,-0.02842762457967,0.8686301854488,0.02768535517843
41.68693834703,9.360426012946,0.3775463432377,9.360426012946,0.3775463432377,-0.8686305266158,-0.02808584646396,0.8686524165378,0.02733496411444
42.16965034286,9.360746324832,0.3727257231742,9.360746324832,0.3727257231742,-0.8686522804091,-0.02774775746532,0.8686741406459,0.02698816263977
42.65795188016,9.361059335054,0.367954020366,9.361059335054,0.367954020366,-0.8686735393828,-0.02741331390977,0.8686953692162,0.02664490592569
43.15190768278,9.361365208492,0.3632306188327,9.361365208492,0.3632306188327,-0.8686943147367,-0.02708247256799,0.8687161134326,0.02630514957482
43.65158322402,9.361664106288,0.3585549084377,9.361664106288,0.3585549084377,-0.8687146174177,-0.0267551906509,0.868736384225,0.02596884961649
44.15704473533,9.361956185935,0.3539262848268,9.361956185935,0.3539262848268,-0.8687344581247,-0.02643142580522,0.8687561922758,0.02563596250218
44.6683592151,9.362241601352,0.3493441493653,9.362241601352,0.3493441493653,-0.8687538473149,-0.02611113610909,0.8687755480248,0.02530644510099
45.18559443749,9.362520502969,0.3448079090772,9.362520502969,0.3448079090772,-0.8687727952089,-0.02579428006768,0.8687944616747,0.02498025469507
45.70881896149,9.362793037802,0.340316976583,9.362793037802,0.340316976583,-0.868791311796,-0.02548081660883,0.8688129431968,0.0246573489751
46.23810213993,9.363059349531,0.3358707700386,9.363059349531,0.3358707700386,-0.8688094068393,-0.0251707050787,0.8688310023356,0.02433768603577
46.77351412872,9.363319578572,0.3314687130738,9.363319578572,0.3314687130738,-0.8688270898809,-0.02486390523743,0.8688486486141,0.02402122437132
47.31512589615,9.363573862151,0.3271102347315,9.363573862151,0.3271102347315,-0.8688443702468,-0.02456037725485,0.8688658913388,0.02370792287101
47.86300923226,9.363822334377,0.3227947694068,9.363822334377,0.3227947694068,-0.8688612570516,-0.02426008170618,0.8688827396044,0.0233977408147
48.41723675841,9.364065126309,0.3185217567862,9.364065126309,0.3185217567862,-0.8688777592037,-0.02396297956775,0.8688992022988,0.02309063786839
48.97788193685,9.364302366025,0.3142906417874,9.364302366025,0.3142906417874,-0.8688938854092,-0.02366903221277,0.8689152881073,0.02278657407981
49.54501908048,9.364534178688,0.3101008744987,9.364534178688,0.3101008744987,-0.8689096441771,-0.0233782014071,0.8689310055174,0.02248550987401
50.11872336273,9.364760686612,0.3059519101198,9.364760686612,0.3059519101198,-0.8689250438233,-0.02309044930501,0.868946362823,0.02218740604896
50.69907082747,9.364982009326,0.3018432089013,9.364982009326,0.3018432089013,-0.868940092475,-0.02280573844505,0.868961368129,0.02189222377123
51.28613839914,9.365198263634,0.2977742360856,9.365198263634,0.2977742360856,-0.8689547980753,-0.02252403174588,0.8689760293554,0.02159992457161
51.8800038929,9.365409563677,0.2937444618478,9.365409563677,0.2937444618478,-0.8689691683868,-0.02224529250207,0.8689903542413,0.0213104703408
52.48074602498,9.365616020994,0.2897533612363,9.365616020994,0.2897533612363,-0.8689832109957,-0.02196948438009,0.8690043503489,0.02102382332512
53.0884444231,9.365817744577,0.2858004141147,9.365817744577,0.2858004141147,-0.8689969333164,-0.02169657141413,0.8690180250677,0.02073994612224
53.70317963703,9.366014840931,0.2818851051028,9.366014840931,0.2818851051028,-0.8690103425945,-0.02142651800209,0.8690313856183,0.02045880167687
54.32503314924,9.366207414126,0.2780069235191,9.366207414126,0.2780069235191,-0.869023445911,-0.0211592889015,0.8690444390559,0.02018035327662
54.95408738576,9.366395565856,0.2741653633222,9.366395565856,0.2741653633222,-0.8690362501863,-0.02089484922555,0.8690571922742,0.01990456454769
55.59042572704,9.366579395485,0.2703599230539,9.366579395485,0.2703599230539,-0.869048762183,-0.02063316443907,0.8690696520089,0.01963139945076
56.23413251904,9.366759000108,0.2665901057813,9.366759000108,0.2665901057813,-0.8690609885103,-0.02037420035455,0.8690818248415,0.01936082227679
56.88529308439,9.366934474593,0.2628554190405,9.366934474593,0.2628554190405,-0.8690729356269,-0.02011792312823,0.8690937172023,0.01909279764288
57.54399373372,9.367105911635,0.2591553747793,9.367105911635,0.2591553747793,-0.8690846098444,-0.01986429925618,0.8691053353738,0.01882729048815
58.21032177709,9.367273401806,0.2554894893008,9.367273401806,0.2554894893008,-0.869096017331,-0.01961329557041,0.8691166854946,0.01856426606966
58.88436553556,9.367437033597,0.2518572832079,9.367437033597,0.2518572832079,-0.8691071641142,-0.01936487923498,0.8691277735618,0.01830368995833
59.5662143529,9.367596893469,0.2482582813467,9.367596893469,0.2482582813467,-0.8691180560844,-0.0191190177422,0.8691386054345,0.01804552803488
60.25595860744,9.367753065897,0.2446920127515,9.367753065897,0.2446920127515,-0.8691286989977,-0.01887567890882,0.8691491868371,0.01778974648583
60.95368972402,9.367905633412,0.2411580105895,9.367905633412,0.2411580105895,-0.869139098479,-0.01863483087221,0.8691595233618,0.01753631179948
61.65950018615,9.368054676647,0.2376558121056,9.368054676647,0.2376558121056,-0.869149260025,-0.01839644208662,0.8691696204719,0.01728519076194
62.37348354824,9.368200274378,0.2341849585684,9.368200274378,0.2341849585684,-0.8691591890069,-0.01816048131948,0.8691794835045,0.01703635045318
63.09573444802,9.368342503566,0.2307449952152,9.368342503566,0.2307449952152,-0.8691688906734,-0.01792691764762,0.8691891176733,0.0167897582431
63.82634861906,9.368481439394,0.2273354711986,9.368481439394,0.2273354711986,-0.8691783701534,-0.01769572045368,0.8691985280715,0.01654538178762
64.56542290347,9.368617155313,0.2239559395323,9.368617155313,0.2239559395323,-0.8691876324587,-0.01746685942238,0.8692077196742,0.01630318902481
65.31305526475,9.368749723074,0.2206059570382,9.368749723074,0.2206059570382,-0.8691966824865,-0.01724030453694,0.8692166973411,0.016063148171
66.06934480076,9.368879212767,0.2172850842932,9.368879212767,0.2172850842932,-0.8692055250222,-0.01701602607548,0.8692254658192,0.015825227717
66.83439175686,9.369005692862,0.213992885576,9.369005692862,0.213992885576,-0.8692141647417,-0.0167939946074,0.8692340297451,0.01558939642423
67.6082975392,9.36912923024,0.2107289288153,9.36912923024,0.2107289288153,-0.8692226062139,-0.01657418098989,0.8692423936476,0.015355623321
68.39116472814,9.369249890229,0.2074927855374,9.369249890229,0.2074927855374,-0.8692308539031,-0.01635655636436,0.86925056195,0.01512387769866
69.1830970919,9.369367736641,0.204284030814,9.369367736641,0.204284030814,-0.8692389121715,-0.016141092153,0.8692585389722,0.01489412910795
69.98419960023,9.369482831802,0.2011022432113,9.369482831802,0.2011022432113,-0.8692467852812,-0.01592776005524,0.8692663289333,0.01466634735521
70.79457843842,9.369595236587,0.197947004738,9.369595236587,0.197947004738,-0.8692544773967,-0.01571653204437,0.8692739359537,0.01444050249874
71.61434102129,9.369705010452,0.1948179007951,9.369705010452,0.1948179007951,-0.869261992587,-0.0155073803641,0.8692813640573,0.01421656484509
72.4435960075,9.369812211463,0.1917145201249,9.369812211463,0.1917145201249,-0.8692693348276,-0.01530027752514,0.8692886171734,0.01399450494544
73.28245331389,9.369916896329,0.1886364547604,9.369916896329,0.1886364547604,-0.8692765080028,-0.01509519630188,0.8692956991391,0.01377429359196
74.13102413009,9.370019120431,0.1855832999758,9.370019120431,0.1855832999758,-0.8692835159077,-0.01489210972903,0.8693026137011,0.01355590181419
74.98942093325,9.37011893785,0.1825546542364,9.37011893785,0.1825546542364,-0.86929036225,-0.01469099109829,0.8693093645176,0.01333930087552
75.85775750292,9.370216401397,0.1795501191489,9.370216401397,0.1795501191489,-0.8692970506523,-0.01449181395509,0.8693159551605,0.01312446226955
76.73614893618,9.370311562639,0.176569299413,9.370311562639,0.176569299413,-0.8693035846534,-0.0142945520953,0.869322389117,0.01291135771663
77.62471166287,9.370404471929,0.1736118027716,9.370404471929,0.1736118027716,-0.8693099677111,-0.014099179562,0.8693286697915,0.01269995916027
78.52356346101,9.370495178428,0.1706772399629,9.370495178428,0.1706772399629,-0.8693162032031,-0.01390567064227,0.8693348005077,0.01249023876374
79.43282347243,9.370583730137,0.1677652246715,9.370583730137,0.1677652246715,-0.8693222944292,-0.013713999864,0.8693407845097,0.0122821689065
80.35261221856,9.370670173916,0.164875373481,9.370670173916,0.164875373481,-0.8693282446131,-0.0135241419927,0.8693466249645,0.01207572218084
81.28305161641,9.370754555512,0.1620073058255,9.370754555512,0.1620073058255,-0.8693340569039,-0.01333607202842,0.8693523249629,0.01187087138837
82.22426499471,9.370836919584,0.1591606439428,9.370836919584,0.1591606439428,-0.8693397343779,-0.01314976520255,0.8693578875217,0.01166758953668
83.17637711027,9.370917309722,0.1563350128267,9.370917309722,0.1563350128267,-0.8693452800402,-0.01296519697479,0.8693633155851,0.01146584983592
84.13951416452,9.370995768476,0.1535300401803,9.370995768476,0.1535300401803,-0.8693506968262,-0.01278234303006,0.869368612026,0.01126562569542
85.11380382024,9.371072337373,0.1507453563692,9.371072337373,0.1507453563692,-0.8693559876031,-0.01260117927545,0.8693737796479,0.01106689072039
86.09937521846,9.371147056944,0.147980594375,9.371147056944,0.147980594375,-0.8693611551716,-0.01242168183722,0.8693788211863,0.01086961870855
87.09635899561,9.371219966738,0.1452353897495,9.371219966738,0.1452353897495,-0.8693662022673,-0.01224382705776,0.8693837393099,0.01067378364683
88.1048873008,9.371291105353,0.1425093805682,9.371291105353,0.1425093805682,-0.8693711315621,-0.01206759149266,0.8693885366221,0.01047935970811
89.12509381338,9.371360510446,0.1398022073854,9.371360510446,0.1398022073854,-0.8693759456656,-0.01189295190772,0.8693932156627,0.01028632124792
90.1571137606,9.37142821876,0.1371135131881,9.37142821876,0.1371135131881,-0.8693806471264,-0.01171988527605,0.8693977789087,0.01009464280122
91.20108393559,9.371494266141,0.1344429433512,9.371494266141,0.1344429433512,-0.8693852384339,-0.01154836877515,0.869402228776,0.009904299079138
92.25714271548,9.371558687555,0.1317901455925,9.371558687555,0.1317901455925,-0.8693897220188,-0.01137837978401,0.8694065676205,0.009715264965784
93.3254300797,9.37162151711,0.1291547699281,9.37162151711,0.1291547699281,-0.8693941002551,-0.01120989588028,0.8694107977395,0.009527515515045
94.40608762859,9.371682788071,0.1265364686279,9.371682788071,0.1265364686279,-0.8693983754612,-0.01104289483738,0.8694149213727,0.009341025947415
95.49925860215,9.37174253288,0.1239348961715,9.37174253288,0.1239348961715,-0.8694025499007,-0.01087735462174,0.8694189407034,0.009155771646833
96.60508789898,9.371800783171,0.1213497092039,9.371800783171,0.1213497092039,-0.8694066257841,-0.01071325338994,0.86942285786,0.008971728157542
97.72372209558,9.371857569788,0.1187805664921,9.371857569788,0.1187805664921,-0.8694106052698,-0.01055056948598,0.8694266749165,0.008788871180973
98.8553094657,9.371912922799,0.1162271288817,9.371912922799,0.1162271288817,-0.8694144904651,-0.01038928143851,0.8694303938943,0.00860717657263
100.0,9.371966871517,0.1136890592531,9.371966871517,0.1136890592531,-0.8694182834276,-0.01022936795807,0.8694340167626,0.008426620339006
101.157945426,9.372019444509,0.1111660224786,9.372019444509,0.1111660224786,-0.8694219861658,-0.01007080793441,0.8694375454401,0.008247178634508
102.3292992281,9.372070669617,0.1086576853797,9.372070669617,0.1086576853797,-0.8694256006408,-0.009913580433752,0.8694409817953,0.0080688277584
103.5142166679,9.372120573966,0.1061637166845,9.372120573966,0.1061637166845,-0.8694291287668,-0.009757664696174,0.8694443276482,0.007891544151761
104.7128548051,9.372169183987,0.1036837869846,9.372169183987,0.1036837869846,-0.8694325724123,-0.009603040132896,0.8694475847705,0.007715304394462
105.9253725177,9.372216525421,0.1012175686936,9.372216525421,0.1012175686936,-0.8694359334014,-0.009449686323675,0.8694507548874,0.007540085202151
107.1519305238,9.372262623343,0.09876473600447,9.372262623343,0.09876473600447,-0.8694392135141,-0.00929758301418,0.8694538396778,0.00736586342326
108.3926914021,9.372307502166,0.09632496484802,9.372307502166,0.09632496484802,-0.8694424144878,-0.00914671011339,0.8694568407755,0.007192616036022
109.6478196143,9.37235118566,0.09389793285092,9.37235118566,0.09389793285092,-0.8694455380179,-0.008997047691023,0.8694597597699,0.007020320145509
110.9174815262,9.37239369696,0.09148331929434,9.37239369696,0.09148331929434,-0.8694485857589,-0.008848575974967,0.8694625982071,0.006848952980672
112.2018454302,9.372435058583,0.08908080507256,9.372435058583,0.08908080507256,-0.8694515593252,-0.008701275348741,0.8694653575905,0.006678491891407
113.5010815672,9.372475292438,0.08669007265182,9.372475292438,0.08669007265182,-0.8694544602919,-0.00855512634897,0.8694680393817,0.006508914345631
114.8153621497,9.372514419834,0.08431080602928,9.372514419834,0.08431080602928,-0.8694572901958,-0.008410109662878,0.8694706450012,0.006340197926363
116.144861384,9.372552461497,0.08194269069231,9.372552461497,0.08194269069231,-0.8694600505358,-0.008266206125798,0.8694731758291,0.006172320328831
117.489755494,9.372589437576,0.0795854135776,9.372589437576,0.0795854135776,-0.8694627427743,-0.008123396718699,0.869475633206,0.006005259357583
118.8502227437,9.372625367659,0.07723866303093,9.372625367659,0.07723866303093,-0.8694653683374,-0.007981662565732,0.8694780184337,0.00583899292361
120.2264434617,9.372660270778,0.07490212876656,9.372660270778,0.07490212876656,-0.8694679286161,-0.007840984931794,0.8694803327755,0.005673499041488
121.6186000646,9.372694165421,0.07257550182719,9.372694165421,0.07257550182719,-0.8694704249667,-0.007701345220101,0.8694825774575,0.005508755826522
123.0268770812,9.372727069543,0.07025847454385,9.372727069543,0.07025847454385,-0.8694728587117,-0.007562724969786,0.8694847536687,0.005344741491912
124.4514611771,9.372759000575,0.06795074049588,9.372759000575,0.06795074049588,-0.8694752311405,-0.007425105853509,0.8694868625619,0.005181434345917
125.8925411794,9.372789975431,0.06565199447142,9.372789975431,0.06565199447142,-0.86947754351,-0.007288469675083,0.8694889052545,0.005018812789047
127.3503081017,9.372820010521,0.06336193242742,9.372820010521,0.06336193242742,-0.8694797970453,-0.007152798367114,0.8694908828283,0.004856855311245
128.8249551693,9.372849121756,0.06108025145029,9.372849121756,0.06108025145029,-0.8694819929404,-0.007018073988663,0.8694927963312,0.004695540489098
130.3166778452,9.372877324557,0.05880664971662,9.372877324557,0.05880664971662,-0.8694841323585,-0.006884278722912,0.8694946467768,0.004534846983046
131.8256738556,9.372904633866,0.05654082645363,9.372904633866,0.05654082645363,-0.8694862164334,-0.006751394874857,0.8694964351455,0.004374753534605
133.3521432163,9.372931064149,0.05428248190018,9.372931064149,0.05428248190018,-0.8694882462692,-0.006619404869004,0.8694981623846,0.004215238963598
134.8962882592,9.372956629411,0.05203131726777,9.372956629411,0.05203131726777,-0.8694902229414,-0.006488291247089,0.8694998294093,0.004056282165395
136.4583136589,9.372981343193,0.04978703470142,9.372981343193,0.04978703470142,-0.8694921474973,-0.006358036665805,0.8695014371027,0.003897862108163
138.0384264603,9.37300521859,0.04754933724095,9.37300521859,0.04754933724095,-0.8694940209566,-0.006228623894549,0.8695029863166,0.003739957830122
139.6368361056,9.373028268251,0.04531792878218,9.373028268251,0.04531792878218,-0.8694958443122,-0.006100035813175,0.8695044778717,0.003582548436813
141.2537544623,9.373050504386,0.0430925140383,9.373050504386,0.0430925140383,-0.86949761853,-0.005972255409768,0.8695059125584,0.003425613098366
142.8893958511,9.373071938776,0.04087279850144,9.373071938776,0.04087279850144,-0.8694993445502,-0.005845265778425,0.8695072911366,0.003269131046784
144.5439770746,9.373092582778,0.03865848840386,9.373092582778,0.03865848840386,-0.8695010232875,-0.005719050117055,0.8695086143368,0.00311308157323
146.2177174457,9.373112447329,0.03644929067981,9.373112447329,0.03644929067981,-0.8695026556312,-0.005593591725182,0.8695098828601,0.00295744402532
147.9108388168,9.373131542953,0.03424491292727,9.373131542953,0.03424491292727,-0.8695042424465,-0.005468874001774,0.8695110973785,0.002802197804422
149.6235656094,9.373149879767,0.0320450633694,9.373149879767,0.0320450633694,-0.8695057845742,-0.00534488044307,0.8695122585355,0.002647322362967
151.3561248436,9.373167467485,0.02984945081668,9.373167467485,0.02984945081668,-0.8695072828315,-0.005221594640426,0.8695133669463,0.002492797201757
153.1087461682,9.373184315427,0.02765778462847,9.373184315427,0.02765778462847,-0.8695087380122,-0.005099000278177,0.8695144231983,0.002338601867285
154.8816618913,9.373200432519,0.02546977467534,9.373200432519,0.02546977467534,-0.8695101508876,-0.004977081131497,0.869515427851,0.002184715949058
156.6751070108,9.373215827298,0.02328513130067,9.373215827298,0.02328513130067,-0.8695115222064,-0.004855821064286,0.8695163814367,0.002031119076925
158.4893192461,9.373230507922,0.02110356528286,9.373230507922,0.02110356528286,-0.8695128526952,-0.004735204027053,0.8695172844607,0.001877790918407
160.324539069,9.373244482168,0.01892478779748,9.373244482168,0.01892478779749,-0.8695141430591,-0.004615214054822,0.8695181374014,0.001724711176038
162.1810097359,9.37325775744,0.01674851037929,9.37325775744,0.01674851037929,-0.8695153939819,-0.00449583526504,0.8695189407108,0.001571859584703
164.05897732,9.373270340772,0.01457444488435,9.373270340772,0.01457444488435,-0.8695166061267,-0.004377051855499,0.8695196948144,0.00141921590898
165.9586907438,9.373282238828,0.01240230345242,9.373282238828,0.01240230345242,-0.8695177801356,-0.004258848102267,0.8695204001118,0.001266759940494
167.8804018123,9.373293457914,0.01023179846886,9.373293457914,0.01023179846886,-0.869518916631,-0.004141208357625,0.8695210569768,0.00111447149526
169.8243652462,9.373304003972,0.008062642527224,9.373304003972,0.008062642527224,-0.869520016215,-0.004024117048025,0.8695216657572,0.0009623304110424
171.7908387158,9.37331388259,0.005894548391154,9.37331388259,0.005894548391154,-0.8695210794705,-0.00390755867204,0.8695222267757,0.0008103165447056
173.7800828749,9.373323099,0.003727228956921,9.373323099,0.003727228956921,-0.8695221069609,-0.003791517798337,0.8695227403295,0.0006584097695746
175.7923613959,9.373331658085,0.001560397215586,9.373331658085,0.001560397215586,-0.8695230992307,-0.003675979063652,0.8695232066907,0.0005065899727931
177.8279410039,9.373339564379,-0.0006062337847056,9.373339564379,-0.0006062337847056,-0.8695240568059,-0.003560927170775,0.8695236261064,0.0003548370526838
179.8870915129,9.373346822069,-0.002772950976534,9.373346822069,-0.002772950976534,-0.8695249801938,-0.003446346886543,0.8695239987987,0.0002031309161105
181.970085861,9.373353435,-0.004940041310793,9.373353435,-0.004940041310793,-0.869525869884,-0.003332223039841,0.8695243249651,5.145147584027e-05
184.0772001469,9.373359406675,-0.00710779179453,9.373359406675,-0.00710779179453,-0.8695267263479,-0.003218540519611,0.8695246047784,-0.0001002213520936
186.2087136663,9.373364740255,-0.009276489528647,9.373364740255,-0.009276489528647,-0.8695275500394,-0.003105284272867,0.8695248383868,-0.0002519076510289
188.364908949,9.373369438566,-0.01144642174576,9.373369438566,-0.01144642174576,-0.8695283413951,-0.00299243930272,0.869525025914,-0.0004036275063117
190.5460717963,9.373373504094,-0.01361787584795,9.373373504094,-0.01361787584795,-0.8695291008344,-0.002879990666407,0.8695251674593,-0.0005554010079341
192.7524913191,9.373376938993,-0.01579113944451,9.373376938993,-0.01579113944451,-0.8695298287598,-0.002767923473325,0.8695252630978,-0.0007072482531731
194.9844599758,9.373379745079,-0.01796650039001,9.373379745079,-0.01796650039001,-0.8695305255571,-0.002656222883082,0.8695253128799,-0.0008591893492303
197.2422736115,9.373381923837,-0.02014424682203,9.373381923837,-0.02014424682203,-0.8695311915955,-0.002544874103538,0.869525316832,-0.001011244415873
199.5262314969,9.373383476421,-0.0223246671992,9.373383476421,-0.0223246671992,-0.8695318272282,-0.002433862388868,0.8695252749562,-0.001163433588079
201.8366363682,9.373384403649,-0.02450805033906,9.373384403649,-0.02450805033906,-0.8695324327919,-0.002323173037618,0.8695251872301,-0.001315777018679
204.173794467,9.37338470601,-0.02669468545636,9.37338470601,-0.02669468545636,-0.8695330086076,-0.002212791390772,0.8695250536073,-0.001468294881006
206.5380155811,9.373384383662,-0.02888486220103,9.373384383662,-0.02888486220103,-0.8695335549806,-0.002102702829831,0.8695248740168,-0.001621007371546
208.9296130854,9.373383436431,-0.03107887069616,9.373383436431,-0.03107887069616,-0.8695340722003,-0.00199289277488,0.8695246483633,-0.001773934712593
211.3489039837,9.373381863811,-0.03327700157661,9.373381863811,-0.03327700157661,-0.869534560541,-0.001883346682678,0.8695243765273,-0.001927097154903
213.7962089502,9.373379664967,-0.03547954602702,9.373379664967,-0.03547954602702,-0.8695350202615,-0.001774050044742,0.8695240583646,-0.002080514980357
216.2718523727,9.373376838729,-0.03768679582042,9.373376838729,-0.03768679582042,-0.8695354516054,-0.001664988385435,0.8695236937064,-0.002234208504624
218.776162395,9.373373383597,-0.03989904335649,9.373373383597,-0.03989904335649,-0.8695358548013,-0.001556147260067,0.8695232823595,-0.002388198079833
221.3094709606,9.373369297735,-0.04211658170023,9.373369297735,-0.04211658170023,-0.869536230063,-0.001447512252988,0.8695228241058,-0.002542504097245
223.8721138568,9.373364578975,-0.04433970462065,9.373364578975,-0.04433970462065,-0.8695365775893,-0.001339068975695,0.8695223187024,-0.002697146989934
226.4644307593,9.373359224812,-0.04656870662938,9.373359224812,-0.04656870662938,-0.8695368975644,-0.001230803064934,0.8695217658813,-0.002852147235469
229.0867652768,9.373353232404,-0.04880388301968,9.373353232404,-0.04880388301968,-0.869537190158,-0.001122700180812,0.8695211653494,-0.003007525358606
231.7394649969,9.373346598572,-0.05104552990521,9.373346598572,-0.05104552990521,-0.8695374555251,-0.001014746004908,0.8695205167885,-0.003163301933984
234.422881532,9.373339319795,-0.05329394425923,9.373339319795,-0.05329394425923,-0.8695376938064,-0.000906926238386,0.8695198198548,-0.003319497588826
237.1373705662,9.373331392211,-0.05554942395373,9.373331392211,-0.05554942395373,-0.8695379051281,-0.0007992266001161,0.8695190741787,-0.003476133005653
239.883291902,9.373322811614,-0.05781226779878,9.373322811614,-0.05781226779878,-0.8695380896023,-0.0006916328247894,0.8695182793652,-0.003633228924993
242.6610095082,9.373313573453,-0.06008277558187,9.373313573453,-0.06008277558187,-0.8695382473267,-0.0005841306610416,0.8695174349928,-0.003790806148112
245.4708915685,9.373303672826,-0.06236124810745,9.373303672826,-0.06236124810745,-0.869538378385,-0.0004767058695758,0.8695165406139,-0.00394888553974
248.3133105296,9.37329310448,-0.06464798723678,9.37329310448,-0.06464798723678,-0.8695384828465,-0.0003693442212865,0.8695155957546,-0.004107488030814
251.188643151,9.37328186281,-0.06694329592762,9.37328186281,-0.06694329592762,-0.8695385607668,-0.0002620314953857,0.869514599914,-0.004266634621223
254.0972705549,9.373269941852,-0.0692474782743,9.373269941852,-0.0692474782743,-0.869538612187,-0.0001547534775299,0.8695135525643,-0.004426346382567
257.0395782769,9.373257335283,-0.07156083954769,9.373257335283,-0.07156083954769,-0.8695386371345,-4.74959579473e-05,0.8695124531502,-0.004586644460921
260.0159563165,9.373244036415,-0.07388368623585,9.373244036415,-0.07388368623585,-0.8695386356224,5.975527043354e-05,0.8695113010892,-0.004747550079609
263.0267991895,9.373230038194,-0.07621632608393,9.373230038194,-0.07621632608393,-0.8695386076499,0.0001670144138554,0.8695100957705,-0.004909084541991
266.0725059799,9.373215333195,-0.07855906813537,9.373215333195,-0.07855906813537,-0.8695385532023,0.0002742956796038,0.8695088365554,-0.005071269234255
269.1534803927,9.373199913617,-0.08091222277226,9.373199913617,-0.08091222277226,-0.8695384722506,0.0003816132778781,0.8695075227764,-0.005234125628223
272.2701308078,9.373183771282,-0.08327610175649,9.373183771282,-0.08327610175649,-0.8695383647521,0.0004889814236638,0.8695061537371,-0.005397675284167
275.4228703338,9.373166897628,-0.0856510182709,9.373166897628,-0.0856510182709,-0.8695382306495,0.0005964143386047,0.869504728712,-0.005561939853634
278.612116863,9.373149283704,-0.08803728696074,9.373149283704,-0.08803728696074,-0.869538069872,0.0007039262528763,0.8695032469458,-0.005726941082286
281.8382931265,9.373130920168,-0.09043522397462,9.373130920168,-0.09043522397462,-0.8695378823343,0.00081153140706,0.8695017076532,-0.005892700812748
285.1018267504,9.373111797279,-0.09284514700717,9.373111797279,-0.09284514700717,-0.8695376679369,0.0009192440540189,0.8695001100183,-0.006059240987471
288.4031503127,9.373091904895,-0.09526737534017,9.373091904895,-0.09526737534017,-0.8695374265663,0.001027078460775,0.8694984531943,-0.006226583651605
291.7427014001,9.373071232463,-0.09770222988503,9.373071232463,-0.09770222988503,-0.8695371580946,0.001135048910387,0.8694967363032,-0.006394750955887
295.1209226666,9.37304976902,-0.1001500332252,9.37304976902,-0.1001500332252,-0.8695368623793,0.001243169703835,0.8694949584351,-0.006563765159537
298.5382618918,9.37302750318,-0.1026111096586,9.37302750318,-0.1026111096586,-0.8695365392638,0.001351455161897,0.8694931186476,-0.006733648633178
301.9951720402,9.373004423133,-0.1050857852404,9.373004423133,-0.1050857852404,-0.8695361885769,0.001459919627043,0.8694912159658,-0.006904423861759
305.4921113216,9.372980516639,-0.1075743878261,9.372980516639,-0.1075743878261,-0.8695358101326,0.001568577465314,0.8694892493813,-0.007076113447493
309.0295432514,9.372955771015,-0.1100772471151,9.372955771015,-0.1100772471151,-0.8695354037303,0.001677443068223,0.8694872178517,-0.00724874011282
312.6079367124,9.372930173138,-0.1125946946935,9.372930173138,-0.1125946946935,-0.8695349691547,0.001786530854642,0.8694851203006,-0.007422326703371
316.2277660168,9.372903709428,-0.1151270640786,9.372903709428,-0.1151270640786,-0.8695345061755,0.001895855272703,0.8694829556162,-0.007596896190956
319.8895109692,9.372876365851,-0.1176746907625,9.372876365851,-0.1176746907625,-0.8695340145472,0.002005430801699,0.8694807226514,-0.007772471676565
323.5936569296,9.372848127901,-0.1202379122563,9.372848127901,-0.1202379122563,-0.8695334940093,0.002115271953991,0.8694784202227,-0.007949076393385
327.3406948788,9.372818980602,-0.1228170681349,9.372818980602,-0.1228170681349,-0.8695329442859,0.002225393276915,0.8694760471101,-0.00812673370983
331.1311214826,9.372788908492,-0.1254125000818,9.372788908492,-0.1254125000818,-0.8695323650856,0.002335809354697,0.8694736020559,-0.008305467132594
334.9654391578,9.372757895621,-0.1280245519336,9.372757895621,-0.1280245519336,-0.8695317561014,0.002446534810373,0.8694710837643,-0.008485300309715
338.8441561392,9.372725925539,-0.1306535697265,9.372725925539,-0.1306535697265,-0.8695311170107,0.002557584307709,0.869468490901,-0.008666257033659
342.7677865465,9.372692981288,-0.1332999017406,9.372692981288,-0.1332999017406,-0.8695304474746,0.002668972553135,0.8694658220917,-0.008848361244423
346.7368504525,9.372659045393,-0.1359638985468,9.372659045393,-0.1359638985468,-0.8695297471383,0.002780714297671,0.8694630759223,-0.009031637032648
350.7518739526,9.372624099853,-0.1386459130527,9.372624099853,-0.1386459130527,-0.8695290156306,0.002892824338873,0.8694602509375,-0.009216108642762
354.8133892336,9.372588126133,-0.1413463005488,9.372588126133,-0.1413463005488,-0.8695282525638,0.003005317522776,0.8694573456404,-0.009401800476135
358.921934645,9.37255110515,-0.1440654187561,9.37255110515,-0.1440654187561,-0.8695274575336,0.003118208745843,0.8694543584914,-0.00958873709425
363.0780547701,9.372513017267,-0.146803627873,9.372513017267,-0.146803627873,-0.8695266301185,0.003231512956925,0.8694512879076,-0.009776943221898
367.2823004981,9.372473842279,-0.149561290622,9.372473842279,-0.149561290622,-0.86952576988,0.003345245159225,0.8694481322619,-0.009966443750396
371.5352290972,9.372433559408,-0.1523387722985,9.372433559408,-0.1523387722985,-0.8695248763623,0.003459420412264,0.8694448898822,-0.01015726374081
375.8374042885,9.372392147283,-0.1551364408188,9.372392147283,-0.1551364408188,-0.8695239490917,0.003574053833866,0.8694415590504,-0.01034942842723
380.1893963206,9.372349583939,-0.1579546667678,9.372349583939,-0.1579546667678,-0.8695229875768,0.003689160602137,0.8694381380017,-0.01054296322002
384.5917820454,9.372305846796,-0.160793823449,9.372305846796,-0.160793823449,-0.8695219913081,0.00380475595746,0.8694346249233,-0.01073789370911
389.0451449943,9.372260912654,-0.1636542869327,9.372260912654,-0.1636542869327,-0.8695209597576,0.003920855204492,0.8694310179538,-0.01093424566736
393.5500754558,9.372214757676,-0.1665364361062,9.372214757676,-0.1665364361062,-0.8695198923785,0.004037473714176,0.8694273151821,-0.01113204505384
398.1071705535,9.372167357377,-0.1694406527231,9.372167357377,-0.1694406527231,-0.8695187886053,0.004154626925755,0.8694235146462,-0.01133131801723
402.7170343255,9.372118686615,-0.1723673214541,9.372118686615,-0.1723673214541,-0.8695176478528,0.004272330348795,0.8694196143325,-0.01153209089917
407.3802778041,9.372068719567,-0.1753168299374,9.372068719567,-0.1753168299374,-0.8695164695167,0.004390599565221,0.8694156121744,-0.01173439023772
412.0975190973,9.372017429729,-0.17828956883,9.372017429729,-0.17828956883,-0.8695152529724,0.004509450231357,0.8694115060517,-0.01193824277071
416.8693834704,9.37196478989,-0.1812859318586,9.37196478989,-0.1812859318586,-0.8695139975753,0.004628898079979,0.8694072937887,-0.01214367543928
421.6965034286,9.371910772126,-0.1843063158719,9.371910772126,-0.1843063158719,-0.8695127026599,0.004748958922374,0.8694029731539,-0.01235071539129
426.5795188016,9.371855347778,-0.1873511208926,9.371855347778,-0.1873511208926,-0.8695113675402,0.004869648650411,0.8693985418582,-0.01255938998484
431.5190768278,9.371798487444,-0.1904207501701,9.371798487444,-0.1904207501701,-0.8695099915086,0.004990983238619,0.869393997554,-0.01276972679183
436.5158322402,9.371740160958,-0.1935156102337,9.371740160958,-0.1935156102337,-0.8695085738359,0.005112978746283,0.8693893378337,-0.01298175360144
441.5704473533,9.371680337377,-0.1966361109456,9.371680337377,-0.1966361109456,-0.8695071137708,0.005235651319539,0.8693845602288,-0.01319549842378
446.683592151,9.371618984962,-0.1997826655554,9.371618984962,-0.1997826655554,-0.8695056105396,0.005359017193486,0.8693796622085,-0.01341098949344
451.8559443749,9.371556071162,-0.2029556907539,9.371556071162,-0.2029556907539,-0.8695040633458,0.005483092694312,0.8693746411778,-0.01362825527312
457.0881896149,9.3714915626,-0.2061556067284,9.3714915626,-0.2061556067284,-0.8695024713695,0.005607894241421,0.8693694944771,-0.01384732445732
462.3810213993,9.371425425051,-0.2093828372173,9.371425425051,-0.2093828372173,-0.869500833767,0.005733438349585,0.86936421938,-0.01406822597598
467.7351412872,9.371357623423,-0.2126378095663,9.371357623423,-0.2126378095663,-0.8694991496706,0.005859741631093,0.8693588130921,-0.01429098899822
473.1512589615,9.371288121744,-0.2159209547843,9.371288121744,-0.2159209547843,-0.869497418188,0.005986820797925,0.8693532727498,-0.01451564293603
478.6300923227,9.371216883138,-0.2192327076002,9.371216883138,-0.2192327076002,-0.8694956384017,0.006114692663927,0.8693475954184,-0.01474221744808
484.1723675841,9.371143869808,-0.2225735065196,9.371143869808,-0.2225735065196,-0.8694938093685,0.006243374147007,0.8693417780906,-0.01497074244348
489.7788193685,9.371069043011,-0.2259437938829,9.371069043011,-0.2259437938829,-0.8694919301194,0.00637288227134,0.8693358176852,-0.01520124808559
495.4501908048,9.370992363047,-0.2293440159228,9.370992363047,-0.2293440159228,-0.8694899996585,0.006503234169583,0.8693297110452,-0.01543376479591
501.1872336273,9.370913789227,-0.2327746228235,9.370913789227,-0.2327746228235,-0.8694880169631,0.00663444708511,0.8693234549364,-0.0156683232579
506.9907082747,9.370833279859,-0.2362360687786,9.370833279859,-0.2362360687786,-0.8694859809826,0.006766538374251,0.8693170460451,-0.01590495442093
512.8613839914,9.370750792223,-0.2397288120523,9.370750792223,-0.2397288120523,-0.8694838906383,0.006899525508557,0.8693104809771,-0.01614368950418
518.800038929,9.370666282549,-0.2432533150384,9.370666282549,-0.2432533150384,-0.8694817448225,0.007033426077064,0.8693037562556,-0.01638456000064
524.8074602498,9.37057970599,-0.2468100443207,9.37057970599,-0.2468100443207,-0.8694795423985,0.007168257788585,0.8692968683191,-0.01662759768105
530.884444231,9.370491016607,-0.2503994707353,9.370491016607,-0.2503994707353,-0.8694772821993,0.007304038474007,0.86928981352,-0.016872834598
537.0317963703,9.370400167334,-0.2540220694309,9.370400167334,-0.2540220694309,-0.8694749630274,0.007440786088606,0.8692825881222,-0.01712030308991
543.2503314925,9.37030710996,-0.2576783199322,9.37030710996,-0.2576783199322,-0.8694725836541,0.007578518714379,0.8692751882995,-0.01737003578517
549.5408738576,9.370211795102,-0.261368706202,9.370211795102,-0.261368706202,-0.869470142819,0.007717254562382,0.8692676101335,-0.01762206560623
555.9042572704,9.370114172176,-0.2650937167045,9.370114172176,-0.2650937167045,-0.8694676392287,0.0078570119751,0.8692598496113,-0.01787642577377
562.3413251904,9.370014189374,-0.2688538444695,9.370014189374,-0.2688538444695,-0.8694650715571,0.007997809428813,0.8692519026238,-0.01813314981087
568.8529308439,9.369911793634,-0.2726495871575,9.369911793634,-0.2726495871575,-0.8694624384438,0.008139665535993,0.8692437649629,-0.01839227154722
575.4399373372,9.369806930611,-0.276481447123,9.369806930611,-0.276481447123,-0.869459738494,0.00828259904771,0.8692354323202,-0.01865382512339
582.1032177709,9.36969954465,-0.2803499314819,9.36969954465,-0.2803499314819,-0.8694569702773,0.008426628856054,0.8692269002838,-0.01891784499507
588.8436553556,9.369589578757,-0.2842555521772,9.369589578757,-0.2842555521772,-0.8694541323273,0.008571773996577,0.8692181643364,-0.01918436593742
595.662143529,9.369476974566,-0.2881988260455,9.369476974566,-0.2881988260455,-0.8694512231407,0.008718053650751,0.8692092198532,-0.01945342304942
602.5595860744,9.36936167231,-0.2921802748848,9.36936167231,-0.2921802748848,-0.8694482411764,0.00886548714844,0.8692000620988,-0.01972505175821
609.5368972402,9.369243610789,-0.2962004255229,9.369243610789,-0.2962004255229,-0.8694451848549,0.009014093970392,0.8691906862253,-0.01999928782356
616.5950018615,9.369122727334,-0.3002598098853,9.369122727334,-0.3002598098853,-0.8694420525573,0.009163893750748,0.8691810872694,-0.02027616734226
623.7348354824,9.36899895778,-0.3043589650657,9.36899895778,-0.3043589650657,-0.8694388426243,0.009314906279572,0.8691712601498,-0.02055572675265
630.9573444802,9.368872236427,-0.308498433395,9.368872236427,-0.308498433395,-0.8694355533559,0.009467151505389,0.8691611996649,-0.02083800283912
638.2634861906,9.368742496006,-0.3126787625122,9.368742496006,-0.3126787625122,-0.8694321830099,0.009620649537753,0.8691509004896,-0.02112303273667
645.6542290347,9.368609667644,-0.3169005054364,9.368609667644,-0.3169005054364,-0.869428729801,0.009775420649831,0.8691403571726,-0.02141085393547
653.1305526475,9.368473680826,-0.321164220638,9.368473680826,-0.321164220638,-0.8694251919005,0.009931485280996,0.8691295641336,-0.02170150428553
660.6934480076,9.36833446336,-0.3254704721117,9.36833446336,-0.3254704721117,-0.8694215674345,0.01008886403945,0.8691185156606,-0.02199502200133
668.3439175686,9.368191941336,-0.3298198294501,9.368191941336,-0.3298198294501,-0.8694178544835,0.01024757770487,0.8691072059065,-0.02229144566652
676.082975392,9.368046039085,-0.3342128679171,9.368046039085,-0.3342128679171,-0.8694140510811,0.01040764723106,0.8690956288861,-0.02259081423865
683.9116472815,9.367896679145,-0.3386501685233,9.367896679145,-0.3386501685233,-0.8694101552132,0.01056909374861,0.8690837784732,-0.02289316705396
691.830970919,9.367743782213,-0.3431323181011,9.367743782213,-0.3431323181011,-0.8694061648165,0.01073193856764,0.8690716483971,-0.02319854383213
699.8419960023,9.367587267108,-0.3476599093812,9.367587267108,-0.3476599093812,-0.869402077778,0.01089620318046,0.8690592322394,-0.02350698468118
707.9457843842,9.367427050721,-0.3522335410692,9.367427050721,-0.3522335410692,-0.8693978919334,0.01106190926437,0.8690465234307,-0.02381853010232
716.1434102129,9.367263047979,-0.3568538179232,9.367263047979,-0.3568538179232,-0.8693936050663,0.01122907868436,0.869033515247,-0.02413322099485
724.435960075,9.367095171795,-0.3615213508325,9.367095171795,-0.3615213508325,-0.8693892149066,0.01139773349594,0.8690202008064,-0.02445109866113
732.8245331389,9.366923333019,-0.3662367568966,9.366923333019,-0.3662367568966,-0.8693847191299,0.01156789594791,0.8690065730653,-0.02477220481157
741.3102413009,9.366747440397,-0.3710006595047,9.366747440397,-0.3710006595047,-0.8693801153557,0.0117395884852,0.8689926248144,-0.02509658156965
749.8942093325,9.366567400516,-0.375813688417,9.366567400516,-0.375813688417,-0.8693754011465,0.01191283375168,0.8689783486758,-0.02542427147696
758.5775750292,9.36638311776,-0.380676479846,9.36638311776,-0.380676479846,-0.8693705740064,0.01208765459309,0.8689637370981,-0.02575531749833
767.3614893619,9.366194494254,-0.385589676538,9.366194494254,-0.385589676538,-0.8693656313798,0.01226407405987,0.8689487823531,-0.02608976302695
776.2471166287,9.366001429812,-0.3905539278569,9.366001429812,-0.3905539278569,-0.8693605706501,0.01244211541008,0.8689334765316,-0.02642765188955
785.2356346101,9.36580382189,-0.395569889868,9.36580382189,-0.395569889868,-0.8693553891381,0.01262180211236,0.868917811539,-0.0267690283516
794.3282347243,9.365601565521,-0.4006382254218,9.365601565521,-0.4006382254218,-0.869350084101,0.01280315784886,0.8689017790915,-0.02711393712257
803.5261221857,9.365394553269,-0.4057596042405,9.365394553269,-0.4057596042405,-0.8693446527304,0.01298620651824,0.8688853707112,-0.0274624233612
812.8305161641,9.365182675164,-0.4109347030033,9.365182675164,-0.4109347030033,-0.8693390921515,0.01317097223864,0.8688685777222,-0.02781453268083
822.2426499471,9.364965818647,-0.4161642054341,9.364965818647,-0.4161642054341,-0.8693333994209,0.01335747935074,0.8688513912456,-0.02817031115478
831.7637711027,9.36474386851,-0.421448802389,9.36474386851,-0.421448802389,-0.8693275715254,0.01354575242077,0.8688338021954,-0.0285298053217
841.3951416452,9.364516706833,-0.4267891919454,9.364516706833,-0.4267891919454,-0.8693216053807,0.01373581624362,0.8688158012729,-0.02889306219103
851.1380382024,9.364284212921,-0.4321860794917,9.364284212921,-0.4321860794917,-0.8693154978292,0.01392769584591,0.8687973789627,-0.02926012924847
860.9937521846,9.36404626324,-0.4376401778173,9.36404626324,-0.4376401778173,-0.8693092456384,0.01412141648911,0.8687785255272,-0.0296310544615
870.9635899561,9.363802731352,-0.4431522072042,9.363802731352,-0.4431522072042,-0.8693028454999,0.01431700367271,0.8687592310016,-0.03000588628487
881.0488730081,9.363553487846,-0.4487228955195,9.363553487846,-0.4487228955195,-0.8692962940267,0.01451448313735,0.8687394851886,-0.03038467366624
891.2509381338,9.363298400268,-0.4543529783081,9.363298400268,-0.4543529783081,-0.869289587752,0.01471388086805,0.8687192776536,-0.03076746605175
901.571137606,9.363037333052,-0.4600431988875,9.363037333052,-0.4600431988875,-0.8692827231275,0.0149152230974,0.8686985977183,-0.03115431339169
912.0108393559,9.362770147448,-0.4657943084409,9.362770147448,-0.4657943084409,-0.869275696521,0.0151185363088,0.8686774344559,-0.03154526614618
922.5714271548,9.362496701444,-0.4716070661162,9.362496701444,-0.4716070661162,-0.8692685042148,0.01532384723976,0.8686557766852,-0.03194037529089
933.254300797,9.362216849694,-0.4774822391193,9.362216849694,-0.4774822391193,-0.8692611424037,0.01553118288516,0.8686336129645,-0.03233969232278
944.060876286,9.361930443438,-0.4834206028141,9.361930443438,-0.4834206028141,-0.8692536071933,0.01574057050059,0.8686109315858,-0.03274326926593
954.9925860215,9.361637330423,-0.4894229408206,9.361637330423,-0.4894229408206,-0.8692458945972,0.01595203760567,0.8685877205689,-0.03315115867729
966.0508789899,9.361337354821,-0.4954900451138,9.361337354821,-0.4954900451138,-0.8692380005359,0.01616561198743,0.8685639676546,-0.03356341365262
977.2372209559,9.361030357147,-0.5016227161253,9.361030357147,-0.5016227161253,-0.8692299208337,0.01638132170373,0.8685396602989,-0.03398008783229
988.553094657,9.360716174171,-0.5078217628442,9.360716174171,-0.5078217628442,-0.8692216512171,0.01659919508663,0.8685147856661,-0.03440123540727
1000.0,9.360394638833,-0.5140880029193,9.360394638833,-0.5140880029193,-0.8692131873126,0.01681926074587,0.8684893306221,-0.03482691112505
1011.57945426,9.360065580151,-0.5204222627629,9.360065580151,-0.5204222627629,-0.8692045246438,0.01704154757235,0.8684632817277,-0.03525717029562
1023.292992281,9.359728823132,-0.526825377656,9.359728823132,-0.526825377656,-0.8691956586297,0.0172660847416,0.8684366252315,-0.03569206879748
1035.142166679,9.359384188676,-0.5332981918522,9.359384188676,-0.5332981918522,-0.8691865845822,0.01749290171731,0.868409347063,-0.03613166308369
1047.128548051,9.35903149348,-0.5398415586845,9.35903149348,-0.5398415586845,-0.8691772977031,0.01772202825492,0.8683814328246,-0.03657601018793
1059.253725177,9.358670549941,-0.5464563406745,9.358670549941,-0.5464563406745,-0.8691677930822,0.01795349440513,0.868352867785,-0.0370251677306
1071.519305238,9.358301166054,-0.5531434096381,9.358301166054,-0.5531434096381,-0.8691580656947,0.01818733051756,0.8683236368708,-0.03747919392496
1083.926914021,9.357923145309,-0.5599036467967,9.357923145309,-0.5599036467967,-0.8691481103979,0.01842356724436,0.868293724659,-0.03793814758323
1096.478196143,9.357536286588,-0.5667379428871,9.357536286588,-0.5667379428871,-0.8691379219293,0.01866223554386,0.8682631153691,-0.03840208812282
1109.174815262,9.357140384051,-0.5736471982735,9.357140384051,-0.5736471982735,-0.8691274949036,0.01890336668424,0.8682317928544,-0.03887107557251
1122.018454302,9.356735227031,-0.5806323230596,9.356735227031,-0.5806323230596,-0.8691168238094,0.01914699224729,0.8681997405942,-0.03934517057862
1135.010815672,9.356320599919,-0.5876942372021,9.356320599919,-0.5876942372021,-0.869105903007,0.01939314413209,0.868166941685,-0.03982443441135
1148.153621497,9.355896282048,-0.5948338706251,9.355896282048,-0.5948338706251,-0.8690947267253,0.01964185455878,0.8681333788315,-0.04030892897095
1161.44861384,9.355462047572,-0.6020521633375,9.355462047572,-0.6020521633375,-0.8690832890582,0.0198931560724,0.8680990343378,-0.04079871679402
1174.89755494,9.355017665348,-0.6093500655477,9.355017665348,-0.6093500655477,-0.8690715839622,0.02014708154662,0.8680638900986,-0.04129386105986
1188.502227437,9.354562898811,-0.6167285377821,9.354562898811,-0.6167285377821,-0.8690596052532,0.02040366418764,0.8680279275891,-0.04179442559672
1202.264434617,9.354097505842,-0.6241885510039,9.354097505842,-0.6241885510039,-0.8690473466026,0.02066293753805,0.867991127856,-0.04230047488814
1216.186000646,9.353621238644,-0.6317310867344,9.353621238644,-0.6317310867344,-0.8690348015349,0.0209249354807,0.8679534715073,-0.04281207407932
1230.268770812,9.353133843606,-0.639357137172,9.353133843606,-0.639357137172,-0.8690219634234,0.02118969224263,0.8679149387026,-0.04332928898343
1244.514611771,9.352635061162,-0.6470677053157,9.352635061162,-0.6470677053157,-0.8690088254877,0.021457242399,0.8678755091428,-0.043852186088
1258.925411794,9.35212462566,-0.6548638050873,9.35212462566,-0.6548638050873,-0.8689953807893,0.02172762087708,0.8678351620591,-0.04438083256128
1273.503081017,9.351602265209,-0.6627464614571,9.351602265209,-0.6627464614571,-0.8689816222285,0.02200086296024,0.8677938762031,-0.04491529625857
1288.249551693,9.351067701537,-0.6707167105682,9.351067701537,-0.6707167105682,-0.8689675425406,0.02227700429195,0.8677516298352,-0.04545564572866
1303.166778452,9.350520649844,-0.6787755998632,9.350520649844,-0.6787755998632,-0.8689531342918,0.02255608087983,0.8677084007137,-0.04600195022017
1318.256738556,9.349960818639,-0.6869241882126,9.349960818639,-0.6869241882126,-0.8689383898758,0.02283812909974,0.8676641660832,-0.04655427968791
1333.521432163,9.349387909593,-0.6951635460419,9.349387909593,-0.6951635460419,-0.8689233015097,0.02312318569985,0.867618902663,-0.04711270479928
1348.962882592,9.348801617369,-0.7034947554635,9.348801617369,-0.7034947554635,-0.8689078612296,0.02341128780474,0.8675725866351,-0.04767729694059
1364.583136589,9.348201629461,-0.7119189104054,9.348201629461,-0.7119189104054,-0.8688920608869,0.02370247291959,0.8675251936318,-0.04824812822348
1380.384264603,9.347587626026,-0.7204371167456,9.347587626026,-0.7204371167456,-0.8688758921438,0.02399677893429,0.8674766987233,-0.0488252714912
1396.368361056,9.346959279706,-0.7290504924425,9.346959279706,-0.7290504924425,-0.868859346469,0.02429424412765,0.8674270764049,-0.04940880032494
1412.537544623,9.346316255456,-0.7377601676727,9.346316255456,-0.7377601676727,-0.8688424151336,0.02459490717163,0.8673763005841,-0.0499987890502
1428.893958511,9.345658210358,-0.7465672849618,9.345658210358,-0.7465672849618,-0.8688250892058,0.02489880713552,0.8673243445668,-0.050595312743
1445.439770746,9.34498479344,-0.7554729993251,9.34498479344,-0.7554729993251,-0.8688073595471,0.02520598349022,0.8672711810439,-0.05119844723619
1462.177174457,9.34429564548,-0.7644784784029,9.34429564548,-0.7644784784029,-0.8687892168071,0.02551647611251,0.8672167820774,-0.05180826912567
1479.108388168,9.343590398815,-0.7735849025995,9.343590398815,-0.7735849025995,-0.8687706514186,0.02583032528936,0.8671611190859,-0.05242485577661
1496.235656094,9.342868677139,-0.7827934652228,9.342868677139,-0.7827934652228,-0.8687516535928,0.0261475717222,0.8671041628302,-0.0530482853296
1513.561248436,9.342130095299,-0.7921053726261,9.342130095299,-0.7921053726261,-0.8687322133145,0.02646825653129,0.8670458833981,-0.05367863670678
1531.087461682,9.341374259089,-0.8015218443481,9.341374259089,-0.8015218443481,-0.8687123203361,0.02679242126004,0.8669862501895,-0.05431598961796
1548.816618913,9.340600765028,-0.811044113258,9.340600765028,-0.811044113258,-0.8686919641732,0.0271201078794,0.8669252319005,-0.05496042456661
1566.751070108,9.33980920015,-0.8206734256987,9.33980920015,-0.8206734256987,-0.8686711340987,0.02745135879224,0.8668627965077,-0.05561202285589
1584.893192461,9.338999141769,-0.830411041631,9.338999141769,-0.830411041631,-0.8686498191372,0.02778621683774,0.8667989112517,-0.05627086659458
1603.24539069,9.338170157258,-0.8402582347812,9.338170157258,-0.8402582347812,-0.8686280080595,0.02812472529583,0.8667335426205,-0.05693703870291
1621.810097359,9.337321803807,-0.8502162927873,9.337321803807,-0.8502162927873,-0.8686056893769,0.02846692789158,0.8666666563328,-0.05761062291843
1640.5897732,9.336453628182,-0.860286517348,9.336453628182,-0.860286517348,-0.8685828513349,0.02881286879968,0.8665982173202,-0.05829170380168
1659.586907438,9.335565166479,-0.8704702243715,9.335565166479,-0.8704702243715,-0.8685594819075,0.0291625926489,0.8665281897096,-0.05898036674191
1678.804018123,9.334655943874,-0.8807687441254,9.334655943874,-0.8807687441254,-0.8685355687908,0.02951614452653,0.866456536805,-0.0596766979626
1698.243652462,9.333725474354,-0.8911834213894,9.333725474354,-0.8911834213894,-0.8685110993967,0.02987356998286,0.8663832210693,-0.06038078452698
1717.908387158,9.33277326046,-0.9017156156063,9.33277326046,-0.9017156156063,-0.8684860608465,0.0302349150357,0.8663082041047,-0.06109271434344
1737.800828749,9.331798793012,-0.9123667010346,9.331798793012,-0.9123667010346,-0.8684604399642,0.03060022617486,0.8662314466339,-0.06181257617076
1757.923613959,9.330801550829,-0.9231380669046,9.330801550829,-0.9231380669046,-0.8684342232696,0.03096955036663,0.8661529084802,-0.06254045962339
1778.279410039,9.329781000441,-0.9340311175722,9.329781000441,-0.9340311175722,-0.8684073969717,0.03134293505834,0.8660725485471,-0.06327645517644
1798.870915129,9.328736595803,-0.9450472726756,9.328736595803,-0.9450472726756,-0.8683799469612,0.03172042818282,0.8659903247978,-0.06402065417068
1819.70085861,9.32766777799,-0.9561879672903,9.32766777799,-0.9561879672903,-0.8683518588036,0.03210207816294,0.8659061942341,-0.06477314881734
1840.772001469,9.32657397489,-0.9674546520897,9.32657397489,-0.9674546520897,-0.8683231177318,0.03248793391614,0.8658201128749,-0.06553403220284
1862.087136663,9.325454600893,-0.9788487935016,9.325454600893,-0.9788487935016,-0.8682937086381,0.03287804485892,0.8657320357341,-0.06630339829328
1883.64908949,9.324309056565,-0.9903718738683,9.324309056565,-0.9903718738683,-0.8682636160671,0.03327246091136,0.8656419167981,-0.06708134193888
1905.460717963,9.323136728318,-1.002025391606,9.323136728318,-1.002025391606,-0.8682328242072,0.03367123250166,0.865549709003,-0.06786795887819
1927.524913191,9.321936988077,-1.013810861367,9.321936988077,-1.013810861367,-0.8682013168831,0.0340744105706,0.8654553642111,-0.06866334574218
1949.844599758,9.320709192925,-1.025729814199,9.320709192925,-1.025729814199,-0.8681690775469,0.03448204657608,0.8653588331868,-0.06946760005808
1972.422736115,9.319452684756,-1.037783797712,9.319452684756,-1.037783797712,-0.8681360892703,0.03489419249757,0.8652600655724,-0.07028082025314
1995.262314969,9.318166789907,-1.049974376233,9.318166789907,-1.049974376233,-0.8681023347354,0.03531090084062,0.8651590098629,-0.07110310565809
2018.366363682,9.316850818785,-1.062303130981,9.316850818785,-1.062303130981,-0.8680677962263,0.03573222464129,0.8650556133805,-0.07193455651045
2041.73794467,9.31550406549,-1.074771660217,9.31550406549,-1.074771660217,-0.8680324556199,0.03615821747064,0.864949822249,-0.07277527395759
2065.380155811,9.314125807416,-1.087381579423,9.314125807416,-1.087381579423,-0.8679962943768,0.03658893343911,0.8648415813665,-0.07362536005961
2089.296130854,9.312715304858,-1.100134521453,9.312715304858,-1.100134521453,-0.8679592935316,0.03702442720096,0.8647308343788,-0.07448491779191
2113.489039837,9.311271800598,-1.113032136711,9.311271800598,-1.113032136711,-0.8679214336837,0.03746475395864,0.8646175236516,-0.07535405104756
2137.962089502,9.309794519482,-1.126076093309,9.309794519482,-1.126076093309,-0.8678826949873,0.03790996946715,0.8645015902419,-0.07623286463938
2162.718523727,9.308282667994,-1.139268077233,9.308282667994,-1.139268077233,-0.8678430571411,0.03836013003838,0.8643829738697,-0.07712146430176
2187.76162395,9.306735433808,-1.152609792512,9.306735433808,-1.152609792512,-0.8678024993784,0.0388152925454,0.8642616128878,-0.07801995669217
2213.094709606,9.305151985341,-1.166102961385,9.305151985341,-1.166102961385,-0.8677610004564,0.03927551442669,0.8641374442525,-0.07892844939238
2238.721138568,9.303531471287,-1.179749324465,9.303531471287,-1.179749324465,-0.8677185386457,0.03974085369044,0.8640104034922,-0.07984705090935
2264.644307593,9.301873020137,-1.193550640903,9.301873020137,-1.193550640903,-0.867675091719,0.04021136891865,0.8638804246765,-0.08077587067581
2290.867652768,9.300175739701,-1.207508688562,9.300175739701,-1.207508688562,-0.8676306369404,0.04068711927133,0.8637474403841,-0.08171501905045
2317.394649969,9.298438716599,-1.221625264176,9.298438716599,-1.221625264176,-0.8675851510534,0.04116816449055,0.8636113816702,-0.08266460731779
2344.22881532,9.296661015755,-1.235902183519,9.296661015755,-1.235902183519,-0.8675386102698,0.04165456490451,0.8634721780331,-0.08362474768765
2371.373705662,9.29484167987,-1.250341281572,9.29484167987,-1.250341281572,-0.8674909902573,0.0421463814315,0.8633297573804,-0.08459555329421
2398.83291902,9.292979728885,-1.264944412684,9.292979728885,-1.264944412684,-0.8674422661276,0.04264367558383,0.8631840459944,-0.08557713819467
2426.610095083,9.291074159432,-1.279713450738,9.291074159432,-1.279713450738,-0.8673924124239,0.04314650947168,0.8630349684963,-0.08656961736751
2454.708915685,9.289123944262,-1.294650289321,9.289123944262,-1.294650289321,-0.8673414031083,0.04365494580692,0.8628824478109,-0.08757310671022
2483.133105296,9.287128031675,-1.309756841878,9.287128031675,-1.309756841878,-0.8672892115484,0.04416904790678,0.8627264051292,-0.08858772303663
2511.88643151,9.285085344918,-1.32503504188,9.285085344918,-1.32503504188,-0.8672358105047,0.04468887969755,0.8625667598712,-0.08961358407374
2540.972705549,9.282994781585,-1.340486842984,9.282994781585,-1.340486842984,-0.8671811721164,0.04521450571807,0.8624034296475,-0.09065080845798
2570.395782769,9.280855212982,-1.356114219193,9.280855212982,-1.356114219193,-0.8671252678881,0.04574599112328,0.8622363302205,-0.09169951573105
2600.159563165,9.2786654835,-1.371919165017,9.2786654835,-1.371919165017,-0.8670680686754,0.04628340168752,0.8620653754645,-0.09275982633506
2630.267991896,9.276424409949,-1.387903695626,9.276424409949,-1.387903695626,-0.8670095446706,0.04682680380786,0.8618904773255,-0.09383186160726
2660.725059799,9.274130780891,-1.404069847011,9.274130780891,-1.404069847011,-0.8669496653878,0.04737626450727,0.8617115457793,-0.09491574377402
2691.534803927,9.271783355948,-1.420419676134,9.271783355948,-1.420419676134,-0.8668883996481,0.04793185143769,0.8615284887898,-0.09601159594425
2722.701308078,9.269380865098,-1.436955261085,9.269380865098,-1.436955261085,-0.8668257155643,0.04849363288295,0.8613412122662,-0.09711954210222
2754.228703338,9.266922007947,-1.453678701226,9.266922007947,-1.453678701226,-0.8667615805249,0.04906167776167,0.8611496200189,-0.09823970709961
2786.12116863,9.264405452989,-1.470592117345,9.264405452989,-1.470592117345,-0.8666959611785,0.04963605562989,0.8609536137152,-0.09937221664692
2818.382931265,9.261829836842,-1.487697651799,9.261829836842,-1.487697651799,-0.8666288234172,0.05021683668368,0.860753092834,-0.1005171973041
2851.018267504,9.259193763466,-1.504997468653,9.259193763466,-1.504997468653,-0.86656013236,0.05080409176156,0.8605479546191,-0.1016747764706
2884.031503127,9.256495803363,-1.522493753827,9.256495803363,-1.522493753827,-0.8664898523361,0.0513978923468,0.8603380940326,-0.1028450823742
2917.427014001,9.253734492754,-1.540188715226,9.253734492754,-1.540188715226,-0.866417946867,0.05199831056949,0.8601234037068,-0.1040282440595
2951.209226667,9.250908332739,-1.558084582878,9.250908332739,-1.558084582878,-0.8663443786494,0.05260541920855,0.859903773895,-0.1052243913755
2985.382618918,9.248015788427,-1.57618360906,9.248015788427,-1.57618360906,-0.8662691095364,0.05321929169348,0.8596790924223,-0.106433654962
3019.951720402,9.245055288053,-1.594488068426,9.245055288053,-1.594488068426,-0.86619210052,0.05384000210601,0.8594492446346,-0.1076561662351
3054.921113216,9.242025222069,-1.613000258128,9.242025222069,-1.613000258128,-0.8661133117113,0.05446762518146,0.8592141133471,-0.1088920573722
3090.295432514,9.238923942209,-1.631722497929,9.238923942209,-1.631722497929,-0.8660327023223,0.05510223631001,0.8589735787919,-0.1101414612956
3126.079367124,9.235749760533,-1.650657130321,9.235749760533,-1.650657130321,-0.8659502306453,0.05574391153767,0.8587275185646,-0.1114045116551
3162.277660169,9.232500948444,-1.669806520627,9.232500948444,-1.669806520627,-0.8658658540338,0.05639272756711,0.8584758075699,-0.11268134281
3198.895109692,9.229175735683,-1.689173057106,9.229175735683,-1.689173057106,-0.8657795288818,0.05704876175822,0.8582183179666,-0.1139720898089
3235.936569296,9.225772309294,-1.708759151044,9.225772309294,-1.708759151044,-0.8656912106027,0.05771209212843,0.8579549191108,-0.11527688837
3273.406948789,9.222288812565,-1.728567236847,9.222288812565,-1.728567236847,-0.8656008536089,0.0583827973528,0.8576854774995,-0.1165958748587
3311.311214826,9.21872334394,-1.74859977212,9.21872334394,-1.74859977212,-0.8655084112892,0.05906095676385,0.8574098567118,-0.1179291862648
3349.654391578,9.215073955903,-1.768859237743,9.215073955903,-1.768859237743,-0.8654138359878,0.05974665035113,0.8571279173502,-0.1192769601782
3388.441561392,9.211338653833,-1.789348137941,9.211338653833,-1.789348137941,-0.8653170789811,0.06043995876046,0.8568395169804,-0.1206393347635
3427.677865465,9.20751539483,-1.810069000341,9.20751539483,-1.810069000341,-0.865218090455,0.06114096329297,0.8565445100702,-0.1220164487328
3467.368504525,9.203602086508,-1.831024376022,9.203602086508,-1.831024376022,-0.8651168194819,0.06184974590372,0.8562427479274,-0.1234084413173
3507.518739526,9.19959658576,-1.852216839558,9.19959658576,-1.852216839558,-0.8650132139963,0.0625663892001,0.8559340786371,-0.124815452238
3548.133892336,9.195496697484,-1.873648989053,9.195496697484,-1.873648989053,-0.8649072207714,0.06329097643983,0.8556183469973,-0.1262376216738
3589.21934645,9.191300173287,-1.895323446156,9.191300173287,-1.895323446156,-0.8647987853934,0.06402359152867,0.8552953944541,-0.127675090229
3630.780547701,9.187004710143,-1.917242856078,9.187004710143,-1.917242856078,-0.8646878522371,0.06476431901771,0.8549650590358,-0.1291279988987
3672.823004981,9.182607949019,-1.93940988759,9.182607949019,-1.93940988759,-0.8645743644402,0.06551324410037,0.8546271752857,-0.1305964890326
3715.352290972,9.178107473473,-1.961827233008,9.178107473473,-1.961827233008,-0.8644582638767,0.06627045260888,0.8542815741943,-0.1320807022975
3758.374042885,9.173500808202,-1.984497608171,9.173500808202,-1.984497608171,-0.8643394911306,0.06703603101051,0.8539280831303,-0.1335807806372
3801.893963206,9.16878541756,-2.007423752399,9.16878541756,-2.007423752399,-0.8642179854692,0.06781006640327,0.8535665257705,-0.135096866231
3845.917820454,9.163958704037,-2.030608428439,9.163958704037,-2.030608428439,-0.8640936848147,0.06859264651121,0.8531967220292,-0.1366291014507
3890.451449943,9.159018006691,-2.054054422401,9.159018006691,-2.054054422401,-0.8639665257166,0.06938385967925,0.8528184879861,-0.1381776288152
3935.500754558,9.153960599545,-2.077764543668,9.153960599545,-2.077764543668,-0.8638364433234,0.07018379486756,0.8524316358135,-0.1397425909426
3981.071705535,9.148783689941,-2.101741624793,9.148783689941,-2.101741624793,-0.8637033713526,0.07099254164544,0.8520359737024,-0.1413241305012
4027.170343255,9.143484416845,-2.125988521384,9.143484416845,-2.125988521384,-0.863567242062,0.07181019018468,0.8516313057879,-0.1429223901578
4073.802778041,9.138059849111,-2.150508111964,9.138059849111,-2.150508111964,-0.8634279862191,0.07263683125239,0.8512174320733,-0.1445375125237
4120.975190974,9.132506983697,-2.175303297808,9.132506983697,-2.175303297808,-0.8632855330703,0.07347255620333,0.8507941483538,-0.1461696400984
4168.693834704,9.126822743837,-2.200377002764,9.126822743837,-2.200377002764,-0.86313981031,0.07431745697157,0.8503612461385,-0.1478189152112
4216.965034286,9.121003977157,-2.225732173057,9.121003977157,-2.225732173057,-0.8629907440489,0.07517162606169,0.8499185125725,-0.14948547996
4265.795188016,9.115047453747,-2.25137177705,9.115047453747,-2.25137177705,-0.8628382587813,0.07603515653922,0.8494657303572,-0.1511694761481
4315.190768278,9.108949864181,-2.277298805004,9.108949864181,-2.277298805004,-0.8626822773526,0.07690814202061,0.8490026776704,-0.1528710452175
4365.158322402,9.102707817475,-2.303516268799,9.102707817475,-2.303516268799,-0.862522720926,0.07779067666238,0.8485291280852,-0.1545903281803
4415.704473533,9.096317839005,-2.330027201621,9.096317839005,-2.330027201621,-0.8623595089483,0.0786828551497,0.8480448504884,-0.156327465547
4466.83592151,9.089776368356,-2.356834657636,9.089776368356,-2.356834657636,-0.8621925591158,0.07958477268424,0.8475496089977,-0.158082597252
4518.559443749,9.083079757118,-2.383941711625,9.083079757118,-2.383941711625,-0.8620217873387,0.08049652497124,0.8470431628786,-0.159855862576
4570.881896149,9.076224266626,-2.411351458576,9.076224266626,-2.411351458576,-0.8618471077063,0.08141820820589,0.8465252664604,-0.1616474000657
4623.810213993,9.069206065635,-2.439067013264,9.069206065635,-2.439067013264,-0.86166843245,0.08234991905887,0.8459956690514,-0.16345734745
4677.351412872,9.062021227929,-2.46709150978,9.062021227929,-2.46709150978,-0.8614856719073,0.08329175466114,0.8454541148537,-0.1652858415531
4731.512589615,9.054665729875,-2.495428101018,9.054665729875,-2.495428101018,-0.8612987344843,0.08424381258782,0.8449003428774,-0.1671330182044
4786.300923227,9.047135447904,-2.524079958138,9.047135447904,-2.524079958138,-0.8611075266178,0.08520619084124,0.8443340868537,-0.168999012145
4841.723675841,9.039426155925,-2.553050269968,9.039426155925,-2.553050269968,-0.8609119527368,0.08617898783312,0.8437550751484,-0.1708839569303
4897.788193685,9.03153352267,-2.582342242383,9.03153352267,-2.582342242383,-0.860711915224,0.08716230236574,0.8431630306744,-0.1727879848295
4954.501908048,9.023453108967,-2.611959097611,9.023453108967,-2.611959097611,-0.8605073143759,0.08815623361226,0.8425576708038,-0.1747112267213
5011.872336273,9.015180364941,-2.641904073515,9.015180364941,-2.641904073515,-0.8602980483629,0.08916088109593,0.8419387072797,-0.1766538119853
5069.907082747,9.006710627138,-2.672180422807,9.006710627138,-2.672180422807,-0.8600840131888,0.09017634466837,0.841305846128,-0.1786158683899
5128.613839914,8.998039115571,-2.702791412209,8.998039115571,-2.702791412209,-0.8598651026493,0.09120272448676,0.8406587875685,-0.1805975219764
5188.00038929,8.989160930684,-2.733740321561,8.989160930684,-2.733740321561,-0.8596412082909,0.09224012098989,0.8399972259265,-0.1825988969383
5248.074602498,8.980071050244,-2.765030442869,8.980071050244,-2.765030442869,-0.859412219368,0.09328863487316,0.8393208495438,-0.1846201154968
5308.84444231,8.970764326133,-2.796665079281,8.970764326133,-2.796665079281,-0.8591780228006,0.09434836706237,0.8386293406898,-0.1866612977721
5370.317963703,8.961235481073,-2.828647544002,8.961235481073,-2.828647544002,-0.8589385031308,0.09541941868632,0.8379223754732,-0.1887225616494
5432.503314925,8.951479105245,-2.860981159136,8.951479105245,-2.860981159136,-0.8586935424791,0.09650189104815,0.8371996237531,-0.1908040226413
5495.408738577,8.941489652828,-2.893669254453,8.941489652828,-2.893669254453,-0.8584430204999,0.09759588559542,0.8364607490512,-0.1929057937451
5559.042572704,8.931261438444,-2.926715166079,8.931261438444,-2.926715166079,-0.858186814337,0.09870150388887,0.8357054084639,-0.1950279852947
5623.413251904,8.920788633505,-2.9601222351,8.920788633505,-2.9601222351,-0.8579247985778,0.09981884756982,0.834933252575,-0.1971707048087
5688.529308439,8.910065262462,-2.993893806079,8.910065262462,-2.993893806079,-0.8576568452082,0.1009480183261,0.8341439253691,-0.1993340568324
5754.399373372,8.899085198958,-3.028033225485,8.899085198958,-3.028033225485,-0.8573828235656,0.1020891178568,0.8333370641459,-0.2015181427752
5821.032177709,8.887842161875,-3.06254384002,8.887842161875,-3.06254384002,-0.8571026002927,0.1032422478351,0.8325122994349,-0.2037230607422
5888.436553556,8.876329711282,-3.097428994842,8.876329711282,-3.097428994842,-0.8568160392903,0.1044075098697,0.8316692549116,-0.205948905361
5956.62143529,8.864541244263,-3.132692031694,8.864541244263,-3.132692031694,-0.8565230016696,0.1055850054653,0.8308075473146,-0.2081957676026
6025.595860744,8.852469990652,-3.168336286906,8.852469990652,-3.168336286906,-0.8562233457044,0.1067748359802,0.8299267863641,-0.2104637345961
6095.368972402,8.840109008644,-3.204365089279,8.840109008644,-3.204365089279,-0.8559169267827,0.1079771025837,0.8290265746816,-0.2127528894386
6165.950018615,8.827451180293,-3.240781757852,8.827451180293,-3.240781757852,-0.8556035973579,0.1091919062104,0.8281065077118,-0.2150633109987
6237.348354825,8.8144892069,-3.277589599536,8.8144892069,-3.277589599536,-0.8552832069003,0.1104193475135,0.8271661736454,-0.2173950737133
6309.573444802,8.80121560427,-3.314791906593,8.80121560427,-3.314791906593,-0.8549556018471,0.1116595268167,0.8262051533447,-0.2197482473794
6382.634861906,8.787622697858,-3.352391954002,8.787622697858,-3.352391954002,-0.8546206255532,0.1129125440628,0.825223020271,-0.2221228969386
6456.542290347,8.773702617782,-3.390392996631,8.773702617782,-3.390392996631,-0.8542781182416,0.1141784987618,0.8242193404143,-0.2245190822561
6531.305526475,8.759447293715,-3.428798266282,8.759447293715,-3.428798266282,-0.8539279169525,0.1154574899366,0.8231936722256,-0.2269368578918
6606.934480076,8.744848449643,-3.467610968547,8.744848449643,-3.467610968547,-0.8535698554942,0.1167496160659,0.8221455665521,-0.2293762728662
6683.439175686,8.729897598495,-3.506834279486,8.729897598495,-3.506834279486,-0.8532037643917,0.1180549750264,0.8210745665751,-0.2318373704186
6760.82975392,8.714586036637,-3.546471342127,8.714586036637,-3.546471342127,-0.8528294708367,0.1193736640317,0.8199802077518,-0.2343201877586
6839.116472815,8.698904838231,-3.586525262756,8.698904838231,-3.586525262756,-0.852446798637,0.1207057795696,0.8188620177596,-0.2368247558108
6918.30970919,8.682844849453,-3.626999107006,8.682844849453,-3.626999107006,-0.8520555681657,0.1220514173371,0.8177195164452,-0.2393510989519
6998.419960023,8.666396682579,-3.667895895723,8.666396682579,-3.667895895723,-0.8516555963107,0.1234106721725,0.8165522157766,-0.241899234741
7079.457843842,8.649550709919,-3.709218600603,8.649550709919,-3.709218600603,-0.8512466964243,0.1247836379863,0.8153596198005,-0.2444691736425
7161.434102129,8.63229705761,-3.750970139587,8.63229705761,-3.750970139587,-0.8508286782726,0.1261704076887,0.8141412246035,-0.247060918741
7244.35960075,8.614625599273,-3.793153372001,8.614625599273,-3.793153372001,-0.850401347985,0.127571073115,0.8128965182786,-0.2496744654498
7328.245331389,8.596525949509,-3.835771093415,8.596525949509,-3.835771093415,-0.8499645080048,0.1289857249481,0.8116249808964,-0.2523098012105
7413.10241301,8.577987457262,-3.878826030247,8.577987457262,-3.878826030247,-0.8495179570389,0.1304144526393,0.8103260844827,-0.2549669051858
7498.942093325,8.558999199017,-3.922320834045,8.558999199017,-3.922320834045,-0.8490614900086,0.1318573443255,0.8089992930009,-0.2576457479439
7585.775750292,8.539549971871,-3.966258075467,8.539549971871,-3.966258075467,-0.8485948980003,0.133314486744,0.8076440623413,-0.2603462911357
7673.614893619,8.51962828643,-4.010640237929,8.51962828643,-4.010640237929,-0.8481179682175,0.1347859651448,0.8062598403173,-0.2630684871633
7762.471166287,8.499222359579,-4.055469710915,8.499222359579,-4.055469710915,-0.8476304839322,0.1362718631996,0.8048460666672,-0.2658122788412
7852.356346101,8.478320107089,-4.100748782918,8.478320107089,-4.100748782918,-0.847132224438,0.1377722629086,0.803402173065,-0.2685775990489
7943.282347243,8.456909136084,-4.146479634,8.456909136084,-4.146479634,-0.8466229650031,0.1392872445033,0.801927583138,-0.2713643703761
8035.261221857,8.434976737353,-4.19266432796,8.434976737353,-4.19266432796,-0.8461024768245,0.1408168863475,0.8004217124925,-0.2741725047591
8128.305161641,8.412509877531,-4.239304804065,8.412509877531,-4.239304804065,-0.845570526983,0.1423612648343,0.7988839687487,-0.2770019031096
8222.426499471,8.389495191128,-4.28640286835,8.389495191128,-4.28640286835,-0.8450268783994,0.1439204542803,0.7973137515843,-0.2798524549352
8317.637711027,8.365918972418,-4.333960184463,8.365918972418,-4.333960184463,-0.844471289791,0.1454945268168,0.7957104527876,-0.2827240379518
8413.951416452,8.341767167201,-4.381978263998,8.341767167201,-4.381978263998,-0.8439035156299,0.1470835522777,0.7940734563207,-0.285616517688
8511.380382024,8.317025364433,-4.430458456333,8.317025364433,-4.430458456333,-0.843323306103,0.1486875980838,0.7924021383931,-0.2885297470814
8609.937521846,8.29167878772,-4.479401937931,8.29167878772,-4.479401937931,-0.8427304070718,0.1503067291239,0.7906958675467,-0.2914635660671
8709.635899561,8.265712286712,-4.528809701063,8.265712286712,-4.528809701063,-0.8421245600355,0.1519410076328,0.7889540047515,-0.2944178011578
8810.488730081,8.239110328373,-4.578682541959,8.239110328373,-4.578682541959,-0.8415055020946,0.1535904930657,0.7871759035142,-0.2973922650168
8912.509381338,8.211856988148,-4.629021048315,8.211856988148,-4.629021048315,-0.8408729659163,0.1552552419686,0.7853609099987,-0.3003867560227
9015.71137606,8.18393594105,-4.679825586163,8.18393594105,-4.679825586163,-0.8402266797022,0.1569353078459,0.7835083631606,-0.3034010578268
9120.10839356,8.155330452647,-4.73109628606,8.155330452647,-4.73109628606,-0.8395663671578,0.1586307410243,0.7816175948945,-0.3064349389032
9225.714271548,8.126023369998,-4.782833028541,8.126023369998,-4.782833028541,-0.8388917474637,0.1603415885122,0.7796879301961,-0.309488152091
9332.54300797,8.095997112521,-4.835035428841,8.095997112521,-4.835035428841,-0.8382025352498,0.1620678938568,0.7777186873393,-0.3125604341306
9440.60876286,8.065233662826,-4.887702820822,8.065233662826,-4.887702820822,-0.8374984405713,0.1638096969962,0.7757091780689,-0.3156515051919
9549.925860215,8.033714557533,-4.940834240069,8.033714557533,-4.940834240069,-0.8367791688877,0.1655670341088,0.773658707809,-0.3187610683968
9660.508789899,8.001420878075,-4.994428406133,8.001420878075,-4.994428406133,-0.8360444210443,0.1673399374579,0.7715665758888,-0.321888809335
9772.372209559,7.968333241527,-5.048483703866,7.968333241527,-5.048483703866,-0.8352938932563,0.1691284352337,0.7694320757853,-0.3250343955739
9885.53094657,7.93443179149,-5.102998163803,7.93443179149,-5.102998163803,-0.8345272770967,0.1709325513903,0.7672544953849,-0.3281974761629
10000.0,7.899696189027,-5.157969441566,7.899696189027,-5.157969441566,-0.833744259487,0.1727523054795,0.765033117263,-0.3313776811325
10115.7945426,7.864105603712,-5.213394796218,7.864105603712,-5.213394796218,-0.8329445226911,0.1745877124808,0.7627672189835,-0.3345746209879
10232.92992281,7.827638704808,-5.26927106756,7.827638704808,-5.26927106756,-0.8321277443131,0.1764387826272,0.7604560734183,-0.3377878861993
10351.42166679,7.790273652613,-5.325594652276,7.790273652613,-5.325594652276,-0.8312935972993,0.1783055212271,0.7580989490884,-0.3410170466871
10471.28548051,7.75198809002,-5.382361478897,7.75198809002,-5.382361478897,-0.8304417499431,0.1801879284829,0.755695110525,-0.3442616513042
10592.53725177,7.712759134316,-5.439566981567,7.712759134316,-5.439566981567,-0.8295718658953,0.1820859993049,0.7532438186548,-0.3475212273154
10715.19305238,7.672563369297,-5.497206072477,7.672563369297,-5.497206072477,-0.828683604178,0.1839997231221,0.7507443312066,-0.3507952798748
10839.26914021,7.631376837706,-5.555273113017,7.631376837706,-5.555273113017,-0.8277766192037,0.1859290836889,0.7481959031432,-0.3540832915004
10964.78196143,7.589175034109,-5.613761883479,7.589175034109,-5.613761883479,-0.8268505607986,0.1878740588875,0.7455977871159,-0.3573847215493
11091.74815262,7.545932898209,-5.672665551363,7.545932898209,-5.672665551363,-0.8259050742318,0.1898346205275,0.7429492339463,-0.3606990056916
11220.18454302,7.501624808711,-5.731976638137,7.501624808711,-5.731976638137,-0.8249398002491,0.1918107341411,0.7402494931318,-0.3640255553852
11350.10815672,7.456224577778,-5.791686984462,7.456224577778,-5.791686984462,-0.8239543751128,0.1938023587747,0.7374978133792,-0.3673637573518
11481.53621497,7.409705446189,-5.851787713763,7.409705446189,-5.851787713763,-0.8229484306471,0.1958094467774,0.7346934431649,-0.3707129730559
11614.4861384,7.362040079244,-5.912269194145,7.362040079244,-5.912269194145,-0.8219215942898,0.197831943585,0.7318356313234,-0.3740725381856
11748.9755494,7.313200563546,-5.973120998541,7.313200563546,-5.973120998541,-0.8208734891495,0.1998697875018,0.7289236276635,-0.3774417621391
11885.02227437,7.263158404736,-6.034331863066,7.263158404736,-6.034331863066,-0.819803734071,0.2019229094777,0.7259566836152,-0.3808199275158
12022.64434617,7.211884526296,-6.095889643502,7.211884526296,-6.095889643502,-0.8187119437056,0.2039912328834,0.7229340529054,-0.3842062896134
12161.86000646,7.159349269537,-6.157781269855,7.159349269537,-6.157781269855,-0.8175977285898,0.2060746732816,0.7198549922644,-0.3876000759329
12302.68770812,7.105522394895,-6.21999269893,7.105522394895,-6.21999269893,-0.8164606952312,0.208173138195,0.7167187621638,-0.3910004856928
12445.14611771,7.050373084674,-6.282508864862,7.050373084674,-6.282508864862,-0.8153004462013,0.2102865268726,0.713524627586,-0.3944066893524
12589.25411794,6.993869947375,-6.345313627546,6.993869947375,-6.345313627546,-0.8141165802371,0.2124147300521,0.7102718588256,-0.3978178281471
12735.03081017,6.935981023766,-6.408389718926,6.935981023766,-6.408389718926,-0.8129086923507,0.21455762972,0.706959732324,-0.4012330136363
12882.49551693,6.876673794879,-6.471718687064,6.876673794879,-6.471718687064,-0.8116763739467,0.2167150988702,0.703587531537,-0.4046513272657
13031.66778452,6.815915192073,-6.535280837984,6.815915192073,-6.535280837984,-0.8104192129497,0.2188870012594,0.7001545478361,-0.4080718199449
13182.56738556,6.753671609417,-6.599055175203,6.753671609417,-6.599055175203,-0.8091367939394,0.2210731911609,0.6966600814435,-0.4114935116433
13335.21432163,6.689908918523,-6.663019336958,6.689908918523,-6.663019336958,-0.8078286982958,0.2232735131172,0.6931034424019,-0.4149153910041
13489.62882592,6.62459248611,-6.727149531077,6.62459248611,-6.727149531077,-0.8064945043546,0.2254878016902,0.6894839515788,-0.4183364149797
13645.83136589,6.557687194518,-6.791420467443,6.557687194518,-6.791420467443,-0.805133787571,0.2277158812112,0.685800941705,-0.4217555084896
13803.84264603,6.489157465386,-6.855805288123,6.489157465386,-6.855805288123,-0.8037461206953,0.2299575655289,0.6820537584492,-0.4251715641023
13963.68361056,6.418967286817,-6.92027549506,6.418967286817,-6.92027549506,-0.8023310739578,0.2322126577582,0.6782417615263,-0.4285834417444
14125.37544623,6.347080244248,-6.984800875418,6.347080244248,-6.984800875418,-0.8008882152655,0.2344809500272,0.6743643258418,-0.431989968437
14288.93958511,6.27345955539,-7.049349424552,6.27345955539,-7.049349424552,-0.7994171104086,0.2367622232252,0.6704208426707,-0.4353899380637
14454.39770746,6.198068109499,-7.113887266655,6.198068109499,-7.113887266655,-0.7979173232798,0.2390562467512,0.6664107208706,-0.4387821111697
14621.77174457,6.120868511322,-7.178378573185,6.120868511322,-7.178378573185,-0.7963884161037,0.2413627782622,0.6623333881305,-0.4421652147971
14791.08388168,6.041823130108,-7.242785479053,6.041823130108,-7.242785479053,-0.7948299496792,0.2436815634238,0.6581882922527,-0.4455379423553
14962.35656095,5.960894153995,-7.307067996761,5.960894153995,-7.307067996761,-0.7932414836338,0.246012335662,0.6539749024686,-0.4488989535324
15135.61248436,5.878043650203,-7.371183928569,5.878043650203,-7.371183928569,-0.7916225766892,0.2483548159165,0.6496927107879,-0.4522468742465
15310.87461682,5.793233631422,-7.435088776843,5.793233631422,-7.435088776843,-0.7899727869411,0.2507087123976,0.6453412333796,-0.4555802966419
15488.16618913,5.706426128811,-7.498735652783,5.706426128811,-7.498735652783,-0.7882916721506,0.2530737203452,0.6409200119854,-0.4588977791304
15667.51070108,5.617583272072,-7.562075183717,5.617583272072,-7.562075183717,-0.7865787900492,0.2554495217918,0.6364286153624,-0.4621978464824
15848.93192461,5.526667377039,-7.625055419232,5.526667377039,-7.625055419232,-0.7848336986565,0.2578357853291,0.6318666407567,-0.4654789899684
16032.4539069,5.433641041236,-7.687621736447,5.433641041236,-7.687621736447,-0.7830559566119,0.2602321658798,0.6272337154043,-0.468739667554
16218.10097359,5.338467247943,-7.749716744716,5.338467247943,-7.749716744716,-0.7812451235194,0.262638304474,0.6225294980594,-0.4719783041514
16405.897732,5.241109479212,-7.811280190196,5.241109479212,-7.811280190196,-0.7794007603064,0.2650538280317,0.6177536805481,-0.4751932919296
16595.86907438,5.141531838389,-7.872248860684,5.141531838389,-7.872248860684,-0.7775224295957,0.2674783491516,0.6129059893454,-0.478382990685
16788.04018123,5.039699182601,-7.932556491249,5.039699182601,-7.932556491249,-0.7756096960924,0.2699114659071,0.6079861871742,-0.4815457282765
16982.43652462,4.935577265803,-7.992133671167,4.935577265803,-7.992133671167,-0.773662126984,0.2723527616492,0.6029940746249,-0.4846798011265
17179.08387158,4.829132892844,-8.050907752833,4.829132892844,-8.050907752833,-0.7716792923547,0.2748018048193,0.5979294917911,-0.4877834747902
17378.00828749,4.720334085084,-8.108802763312,4.720334085084,-8.108802763312,-0.7696607656142,0.2772581487692,0.5927923199223,-0.4908549845968
17579.23613959,4.609150258095,-8.165739319306,4.609150258095,-8.165739319306,-0.7676061239401,0.2797213315928,0.5875824830881,-0.4938925363637
17782.79410039,4.495552411895,-8.221634546401,4.495552411895,-8.221634546401,-0.7655149487343,0.2821908759666,0.5822999498529,-0.4968943071865
17988.70915129,4.379513334239,-8.276402003498,4.379513334239,-8.276402003498,-0.7633868260941,0.284666289003,0.5769447349575,-0.4998584463082
18197.0085861,4.261007817352,-8.329951613495,4.261007817352,-8.329951613495,-0.7612213472964,0.2871470621143,0.5715169010051,-0.5027830760678
18407.72001469,4.140012888522,-8.382189601332,4.140012888522,-8.382189601332,-0.7590181092958,0.2896326708913,0.566016560147,-0.5056662929319
18620.87136663,4.016508054943,-8.433018440589,4.016508054943,-8.433018440589,-0.7567767152369,0.2921225749934,0.5604438757664,-0.5085061686118
18836.4908949,3.890475563048,-8.482336809997,3.890475563048,-8.482336809997,-0.7544967749789,0.2946162180555,0.5547990641551,-0.5113007512657
19054.60717963,3.761900672585,-8.530039561281,3.761900672585,-8.530039561281,-0.7521779056347,0.2971130276084,0.5490823961798,-0.514048066791
19275.24913191,3.630771945553,-8.576017699863,3.630771945553,-8.576017699863,-0.7498197321213,0.2996124150167,0.5432941989338,-0.5167461202055
19498.44599758,3.497081550048,-8.620158380079,3.497081550048,-8.620158380079,-0.7474218877239,0.3021137754327,0.53743485737,-0.5193928971207
19724.22736115,3.360825578966,-8.662344916626,3.360825578966,-8.662344916626,-0.7449840146718,0.3046164877693,0.5315048159101,-0.5219863653084
19952.62314969,3.22200438325,-8.702456814182,3.22200438325,-8.702456814182,-0.7425057647255,0.3071199146907,0.5255045800264,-0.5245244763609
20183.66363682,3.080622919471,-8.740369817044,3.080622919471,-8.740369817044,-0.7399867997753,0.3096234026235,0.5194347177902,-0.5270051674464
20417.3794467,2.93669111106,-8.77595598094,2.93669111106,-8.77595598094,-0.7374267924512,0.3121262817879,0.5132958613822,-0.5294263631605
20653.80155811,2.790224222558,-8.80908376911,2.790224222558,-8.80908376911,-0.7348254267416,0.3146278662501,0.5070887085607,-0.531785977474
20892.96130854,2.641243245927,-8.839618174887,2.641243245927,-8.839618174887,-0.7321823986224,0.3171274539976,0.5008140240799,-0.5340819157765
21134.89039837,2.489775297706,-8.867420873091,2.489775297706,-8.867420873091,-0.7294974166948,0.3196243270373,0.4944726410554,-0.5363120770176
21379.62089502,2.335854025674,-8.892350402546,2.335854025674,-8.892350402546,-0.7267702028304,0.3221177515171,0.4880654622695,-0.5384743559436
21627.18523727,2.179520023179,-8.914262382128,2.179520023179,-8.914262382128,-0.7240004928242,0.3246069778727,0.4815934614114,-0.5405666454297
21877.6162395,2.020821249278,-8.933009762669,2.020821249278,-8.933009762669,-0.7211880370537,0.3270912410001,0.4750576842456,-0.5425868389074
22130.94709606,1.859813452179,-8.948443117141,1.859813452179,-8.948443117141,-0.7183326011429,0.3295697604543,0.4684592497037,-0.5445328328846
22387.21138568,1.696560593467,-8.96041097134,1.696560593467,-8.96041097134,-0.7154339666321,0.3320417406745,0.4617993508922,-0.5464025295576
22646.44307593,1.531135270019,-8.968760177304,1.531135270019,-8.968760177304,-0.712491931649,0.3345063712381,0.4550792560114,-0.5481938395135
22908.67652768,1.363619130074,-8.9733363316,1.363619130074,-8.9733363316,-0.7095063115841,0.3369628271429,0.4483003091783,-0.5499046845188
23173.94649969,1.194103279877,-8.973984240238,1.194103279877,-8.973984240238,-0.706476939766,0.339410269118,0.4414639311479,-0.5515330003932
23442.2881532,1.022688676544,-8.970548431979,1.022688676544,-8.970548431979,-0.7034036681367,0.3418478439652,0.4345716199261,-0.5530767399653
23713.73705662,0.8494865025103,-8.962873721379,0.8494865025103,-8.962873721379,-0.7002863679265,0.3442746849301,0.4276249512694,-0.5545338761054
23988.3291902,0.6746185167552,-8.950805822532,0.6746185167552,-8.950805822532,-0.6971249303247,0.346689912105,0.420625579063,-0.5559024048326
24266.10095083,0.4982173772572,-8.934192014192,0.4982173772572,-8.934192014192,-0.6939192671474,0.349092632862,0.4135752355739,-0.5571803484911
24547.08915685,0.3204269289987,-8.912881856352,0.3204269289987,-8.912881856352,-0.6906693114997,0.3514819423191,0.406475731571,-0.5583657589919
24831.33105296,0.1414024515069,-8.886727957853,0.1414024515069,-8.886727957853,-0.6873750184301,0.3538569238372,0.3993289563079,-0.5594567211124
25118.8643151,-0.03868914051123,-8.855586793993,-0.03868914051123,-8.855586793993,-0.6840363655771,0.3562166495505,0.3921368773616,-0.5604513558513
25409.72705549,-0.2196691499587,-8.819319572376,-0.2196691499587,-8.819319572376,-0.680653353806,0.3585601809292,0.3849015403224,-0.5613478238298
25703.95782769,-0.4013470103829,-8.777793144505,-0.4013470103829,-8.777793144505,-0.6772260078328,0.3608865693743,0.3776250683303,-0.5621443287337
26001.59563165,-0.583520266122,-8.730880959801,-0.583520266122,-8.730880959801,-0.6737543768358,0.3631948568464,0.3703096614516,-0.5628391207903
26302.67991896,-0.7659746263531,-8.678464057806,-0.7659746263531,-8.678464057806,-0.6702385350522,0.3654840765262,0.3629575958924,-0.5634305002701
26607.25059799,-0.9484840999202,-8.620432093465,-0.9484840999202,-8.620432093465,-0.6666785823566,0.367753253508,0.3555712230442,-0.5639168210085
26915.34803927,-1.130811217461,-8.556684389334,-1.130811217461,-8.556684389334,-0.6630746448226,0.3700014055258,0.3481529683578,-0.5642964939367
27227.01308078,-1.312707346988,-8.487131007606,-1.312707346988,-8.487131007606,-0.6594268752631,0.3722275437117,0.3407053300421,-0.5645679906144
27542.28703338,-1.493913108711,-8.411693833821,-1.493913108711,-8.411693833821,-0.6557354537488,0.374430673385,0.3332308775841,-0.5647298467552
27861.2116863,-1.674158894136,-8.330307663128,-1.674158894136,-8.330307663128,-0.6520005881027,0.3766097948739,0.3257322500891,-0.5647806657346
28183.82931265,-1.853165493854,-8.242921278988,-1.853165493854,-8.242921278988,-0.6482225143689,0.3787639043668,0.3182121544369,-0.5647191220719
28510.18267504,-2.030644837091,-8.149498513303,-2.030644837091,-8.149498513303,-0.644401497254,0.3808919947941,0.3106733632549,-0.5645439648751
28840.31503127,-2.206300845537,-8.050019276099,-2.206300845537,-8.050019276099,-0.6405378305389,0.3829930567388,0.3031187127044,-0.5642540212388
29174.27014001,-2.379830402161,-7.944480542183,-2.379830402161,-7.944480542183,-0.6366318374601,0.385066079375,0.2955511000822,-0.563848199585
29512.09226667,-2.550924434666,-7.832897281581,-2.550924434666,-7.832897281581,-0.6326838710572,0.3871100514344,0.2879734812362,-0.5633254929353
29853.82618918,-2.719269111367,-7.715303320139,-2.719269111367,-7.715303320139,-0.6286943144864,0.3891239621974,0.2803888677971,-0.5626849821041
30199.51720402,-2.884547145941,-7.591752116433,-2.884547145941,-7.591752116433,-0.6246635812977,0.3911068025106,0.272800324226,-0.5619258388015
30549.21113216,-3.046439205324,-7.462317441114,-3.046439205324,-7.462317441114,-0.6205921156738,0.3930575658258,0.2652109646826,-0.5610473286355
30902.95432514,-3.204625413502,-7.327093945015,-3.204625413502,-7.327093945015,-0.6164803926296,0.3949752492624,0.2576239497145,-0.5600488140009
31260.79367124,-3.358786941809,-7.186197602873,-3.358786941809,-7.186197602873,-0.6123289181704,0.3968588546886,0.2500424827734,-0.5589297568456
31622.77660169,-3.508607674721,-7.03976602021,-3.508607674721,-7.03976602021,-0.6081382294073,0.3987073898227,0.2424698065611,-0.5576897213014
31988.95109692,-3.653775938056,-6.887958592007,-3.653775938056,-6.887958592007,-0.6039088946289,0.4005198693496,0.234909199212,-0.5563283761697
32359.36569296,-3.793986274856,-6.730956503127,-3.793986274856,-6.730956503127,-0.5996415133275,0.4022953160528,0.2273639703159,-0.5548454972512
32734.06948789,-3.928941252725,-6.568962561997,-3.928941252725,-6.568962561997,-0.5953367161779,0.4040327619593,0.2198374567904,-0.5532409695072
33113.11214826,-4.058353284762,-6.402200861007,-4.058353284762,-6.402200861007,-0.5909951649695,0.4057312494947,0.2123330186084,-0.5515147890458
33496.54391578,-4.181946445305,-6.230916259105,-4.181946445305,-6.230916259105,-0.5866175524883,0.4073898326472,0.2048540343899,-0.5496670649184
33884.41561392,-4.299458260563,-6.055373684457,-4.299458260563,-6.055373684457,-0.5822046023503,0.4090075781372,0.1974038968658,-0.5476980207216
34276.77865465,-4.410641453851,-5.87585725748,-4.410641453851,-5.87585725748,-0.5777570687828,0.410583566591,0.1899860082257,-0.5456079959916
34673.68504526,-4.515265624677,-5.692669237226,-4.515265624677,-5.692669237226,-0.5732757363557,0.412116893716,0.182603775357,-0.5433974473844
35075.18739526,-4.613118841367,-5.506128796643,-4.613118841367,-5.506128796643,-0.5687614196598,0.413606671474,0.1752606049889,-0.5410669496338
35481.33892336,-4.704009127059,-5.316570635128,-4.704009127059,-5.316570635128,-0.5642149629332,0.4150520292516,0.1679598987512,-0.5386171962784
35892.1934645,-4.787765820194,-5.124343439204,-4.787765820194,-5.124343439204,-0.5596372396348,0.4164521150235,0.1607050481605,-0.5360490001519
36307.80547701,-4.86424079167,-4.92980820483,-4.86424079167,-4.92980820483,-0.5550291519651,0.4178060965071,0.153499429548,-0.5333632936308
36728.23004981,-4.933309502677,-4.733336437068,-4.933309502677,-4.733336437068,-0.5503916303339,0.4191131623047,0.146346398939,-0.530561128632
37153.52290972,-4.99487188907,-4.535308245057,-4.99487188907,-4.535308245057,-0.5457256327755,0.4203725230323,0.1392492869017,-0.5276436763595
37583.74042885,-5.048853060676,-4.336110351871,-5.048853060676,-4.336110351871,-0.5410321443115,0.4215834124297,0.1322113933762,-0.5246122267924
38018.93963206,-5.095203806328,-4.136134040445,-5.095203806328,-4.136134040445,-0.5363121762615,0.4227450884517,0.1252359825003,-0.5214681879141
38459.17820454,-5.133900898278,-3.935773057738,-5.133900898278,-3.935773057738,-0.5315667655025,0.4238568343359,0.1183262774455,-0.5182130846801
38904.51449943,-5.164947192458,-3.735421500034,-5.164947192458,-3.735421500034,-0.5267969736783,0.424917959645,0.1114854552795,-0.5148485577226
39355.00754558,-5.188371524194,-3.535471702414,-5.188371524194,-3.535471702414,-0.5220038863584,0.4259278012809,0.1047166418693,-0.5113763617929
39810.71705535,-5.204228401763,-3.33631215533,-5.204228401763,-3.33631215533,-0.5171886121497,0.426885724468,0.09802290684108,-0.5077983639419
40271.70343255,-5.212597503169,-3.138325470591,-5.212597503169,-3.138325470591,-0.5123522817597,0.4277911237028,0.09140725861109,-0.5041165414414
40738.02778041,-5.213582984286,-2.941886417935,-5.213582984286,-2.941886417935,-0.5074960470156,0.4286434236673,0.0848726395043,-0.5003329794477
41209.75190974,-5.207312608978,-2.747360052176,-5.207312608978,-2.747360052176,-0.5026210798376,0.4294420801038,0.07842192097467,-0.4964498684133
41686.93834704,-5.193936714273,-2.55509994888,-5.193936714273,-2.55509994888,-0.4977285711715,0.4301865806487,0.07205789894276,-0.4924695012506
42169.65034286,-5.173627025441,-2.365446564883,-5.173627025441,-2.365446564883,-0.4928197298799,0.4308764456226,0.06578328926505,-0.488394270253
42657.95188016,-5.146575337744,-2.178725737372,-5.146575337744,-2.178725737372,-0.4878957815952,0.4315112287755,0.05960072334955,-0.4842266637821
43151.90768278,-5.112992082741,-1.995247333049,-5.112992082741,-1.995247333049,-0.4829579675366,0.4320905179831,0.05351274393153,-0.4799692627273
43651.58322402,-5.073104798084,-1.815304056272,-5.073104798084,-1.815304056272,-0.4780075432936,0.4326139358944,0.04752180102296,-0.4756247367474
44157.04473533,-5.027156520179,-1.639170422637,-5.027156520179,-1.639170422637,-0.4730457775773,0.4330811405272,0.04163024804845,-0.4711958403035
44668.3592151,-4.975404119445,-1.467101901615,-4.975404119445,-1.467101901615,-0.4680739509436,0.4334918258099,0.03584033818019,-0.4666854084948
45185.5944375,-4.918116597507,-1.299334229792,-4.918116597507,-1.299334229792,-0.46309335449,0.4338457220694,0.03015422088342,-0.4620963527068
45708.81896149,-4.855573365402,-1.136082893378,-4.855573365402,-1.136082893378,-0.4581052885289,0.4341425964609,0.02457393868328,-0.4574316560864
46238.10213993,-4.78806252085,-0.9775427769245,-4.78806252085,-0.9775427769245,-0.4531110612407,0.4343822533422,0.0191014241633,-0.4526943688554
46773.51412872,-4.715879141751,-0.8238879728228,-4.715879141751,-0.8238879728228,-0.4481119873092,0.434564534587,0.0137384972046,-0.4478876034756
47315.12589615,-4.639323611708,-0.6752717445145,-4.639323611708,-0.6752717445145,-0.4431093865422,0.4346893198402,0.008486862474285,-0.4430145296812
47863.00923227,-4.558699991939,-0.531826634791,-4.558699991939,-0.531826634791,-0.438104582481,0.4347565267119,0.003348107170378,-0.4380783693919
48417.23675841,-4.474314452346,-0.3936647092676,-4.474314452346,-0.3936647092676,-0.4330989010013,0.4347661109104,-0.001676300970265,-0.4330823915223
48977.88193685,-4.386473772872,-0.2608779240025,-4.386473772872,-0.2608779240025,-0.4280936689089,0.4347180663139,-0.006585015395602,-0.4280299067031
49545.01908048,-4.295483924496,-0.1335386056947,-4.295483924496,-0.1335386056947,-0.423090212533,0.4346124249803,-0.01137681218927,-0.4229242619299
50118.72336273,-4.201648737531,-0.01170003212136,-4.201648737531,-0.01170003212136,-0.4180898563214,0.434449257096,-0.01605059124526,-0.417768835156
50699.07082747,-4.105268663197,0.1046028996489,-4.105268663197,0.1046028996489,-0.4130939214389,0.4342286708618,-0.02060537716425,-0.4125670298451
51286.13839914,-4.006639632732,0.2153529296976,-4.006639632732,0.2153529296976,-0.4081037243736,0.4339508123192,-0.02504031987023,-0.4073222694998
51880.0038929,-3.906052016841,0.3205496288255,-3.906052016841,0.3205496288255,-0.403120575554,0.4336158651144,-0.02935469494745,-0.402037992184
52480.74602498,-3.803789686754,0.4202085412584,-3.803789686754,0.4202085412584,-0.3981457779791,0.433224050204,-0.03354790369853,-0.3967176450529
53088.4444231,-3.700129176865,0.5143602879965,-3.700129176865,0.5143602879965,-0.3931806258653,0.4327756254999,-0.03761947292583,-0.3913646789086
53703.17963703,-3.59533894773,0.6030496418269,-3.59533894773,0.6030496418269,-0.3882264033132,0.4322708854576,-0.04156905443902,-0.385982542797
54325.03314925,-3.489678747141,0.6863345841061,-3.489678747141,0.6863345841061,-0.3832843829961,0.4317101606067,-0.04539642429295,-0.3805746786606
54954.08738577,-3.383399066075,0.7642853528598,-3.383399066075,0.7642853528598,-0.3783558248748,0.4310938170264,-0.0491014817609,-0.3751445160628
55590.42572704,-3.276740685574,0.8369834907176,-3.276740685574,0.8369834907176,-0.3734419749392,0.4304222557673,-0.05268424804911,-0.3696954669995
56234.13251904,-3.169934309957,0.9045209004186,-3.169934309957,0.9045209004186,-0.3685440639814,0.42969591222,-0.05614486475962,-0.3642309208106
56885.29308439,-3.063200281301,0.9669989146655,-3.063200281301,0.9669989146655,-0.3636633064016,0.4289152554349,-0.05948359210904,-0.3587542392064
57543.99373372,-2.956748369767,1.024527386285,-2.956748369767,1.024527386285,-0.3588008990489,0.428080787392,-0.06270080691191,-0.3532687514204
58210.32177709,-2.850777634069,1.07722380377,-2.850777634069,1.07722380377,-0.3539580201006,0.4271930422254,-0.06579700033807,-0.3477777495038
58884.36553556,-2.745476346309,1.125212436361,-2.745476346309,1.125212436361,-0.3491358279804,0.4262525854034,-0.06877277545388,-0.3422844837692
59566.2143529,-2.641021975304,1.168623512126,-2.641021975304,1.168623512126,-0.3443354603191,0.4252600128664,-0.07162884455827,-0.3367921583984
60255.95860744,-2.537581222621,1.207592431694,-2.537581222621,1.207592431694,-0.3395580329585,0.4242159501257,-0.07436602632461,-0.3313039272216
60953.68972402,-2.435310105626,1.242259019608,-2.435310105626,1.242259019608,-0.3348046389999,0.4231210513257,-0.07698524276045,-0.3258228896791
61659.50018615,-2.334354082079,1.272766814616,-2.334354082079,1.272766814616,-0.3300763479003,0.4219759982709,-0.07948751599721,-0.3203520869718
62373.48354825,-2.234848210979,1.299262399697,-2.234848210979,1.299262399697,-0.3253742046162,0.4207814994212,-0.08187396492261,-0.3148944984108
63095.73444802,-2.136917344714,1.321894772008,-2.136917344714,1.321894772008,-0.320699228796,0.4195382888593,-0.08414580166862,-0.3094530379699
63826.34861906,-2.040676347818,1.340814752588,-2.040676347818,1.340814752588,-0.3160524140235,0.4182471252297,-0.08630432796835,-0.3040305510486
64565.42290347,-1.946230338025,1.356174435178,-1.946230338025,1.356174435178,-0.3114347271119,0.4169087906556,-0.08835093139506,-0.2986298114494
65313.05526475,-1.853674945609,1.36812667326,-1.853674945609,1.36812667326,-0.3068471074501,0.4155240896343,-0.09028708149701,-0.2932535185739
66069.34480076,-1.763096587381,1.376824604083,-1.763096587381,1.376824604083,-0.3022904664003,0.414093847914,-0.09211432584154,-0.2879042948402
66834.39175687,-1.674572752091,1.38242120827,-1.674572752091,1.38242120827,-0.2977656867491,0.4126189113559,-0.09383428598199,-0.2825846833236
67608.2975392,-1.588172294307,1.38506890336,-1.588172294307,1.38506890336,-0.2932736222112,0.4111001447835,-0.09544865336095,-0.2772971456225
68391.16472815,-1.503955734172,1.384919169667,-1.503955734172,1.384919169667,-0.2888150969858,0.4095384308209,-0.09695918516319,-0.2720440599486
69183.0970919,-1.421975560928,1.382122206446,-1.421975560928,1.382122206446,-0.2843909053659,0.4079346687256,-0.09836770013126,-0.2668277194427
69984.19960023,-1.342276538084,1.376826616826,-1.342276538084,1.376826616826,-0.2800018114002,0.406289773215,-0.09967607435693,-0.2616503307127
70794.57843842,-1.264896008849,1.369179119331,-1.264896008849,1.369179119331,-0.2756485486069,0.4046046732921,-0.1008862370608,-0.2565140125933
71614.34102129,-1.189864200374,1.359324284346,-1.189864200374,1.359324284346,-0.2713318197394,0.4028803110705,-0.1020001663723,-0.2514207951237
72443.5960075,-1.117204525751,1.3474042937,-1.117204525751,1.3474042937,-0.2670522966027,0.4011176406038,-0.1030198851226,-0.2463726187405
73282.4533139,-1.04693388296,1.333558721633,-1.04693388296,1.333558721633,-0.2628106199198,0.3993176267193,-0.1039474566606,-0.2413713336806
74131.0241301,-0.9790629501659,1.317924335503,-0.9790629501659,1.317924335503,-0.2586073992478,0.3974812438594,-0.1047849807043,-0.2364186995907
74989.42093325,-0.9135964768789,1.30063491476,-0.9135964768789,1.30063491476,-0.2544432129419,0.395609474934,-0.1055345892373,-0.2315163853363
75857.75750292,-0.8505335707723,1.281821086732,-0.8505335707723,1.281821086732,-0.2503186081663,0.3937033101834,-0.1061984424602,-0.2266659690058
76736.14893619,-0.7898679799963,1.261610177966,-0.7898679799963,1.261610177966,-0.2462341009512,0.3917637460571,-0.106778724807,-0.2218689381027
77624.71166287,-0.7315883709503,1.240126080004,-0.7315883709503,1.240126080004,-0.2421901762948,0.389791784107,-0.1072776410347,-0.2171266899187
78523.56346101,-0.675678601645,1.217489128515,-0.675678601645,1.217489128515,-0.238187288307,0.3877884298998,-0.1076974123947,-0.2124405320811
79432.82347243,-0.6221179907402,1.193815994975,-0.6221179907402,1.193815994975,-0.2342258603967,0.3857546919482,-0.1080402728935,-0.2078116832667
80352.61221857,-0.5708815824609,1.169219590107,-0.5708815824609,1.169219590107,-0.2303062854974,0.3836915806645,-0.1083084656495,-0.2032412740746
81283.05161642,-0.52194040761,1.143808978477,-0.52194040761,1.143808978477,-0.2264289263327,0.3816001073354,-0.1085042393529,-0.1987303480486
82224.26499471,-0.4752617408597,1.117689303751,-0.4752617408597,1.117689303751,-0.2225941157179,0.3794812831231,-0.1086298448342,-0.1942798628434
83176.37711027,-0.4308093545784,1.090961724211,-0.4308093545784,1.090961724211,-0.218802156897,0.3773361180899,-0.1086875317456,-0.1898906915228
84139.51416453,-0.3885437693148,1.063723358251,-0.3885437693148,1.063723358251,-0.2150533239133,0.3751656202513,-0.1086795453624,-0.1855636239847
85113.80382024,-0.3484225011048,1.036067239666,-0.3484225011048,1.036067239666,-0.2113478620113,0.3729707946557,-0.1086081235052,-0.181299368502
86099.37521847,-0.3104003057017,1.008082282573,-0.3104003057017,1.008082282573,-0.2076859880689,0.3707526424936,-0.1084754935882,-0.1770985533708
87096.35899561,-0.2744294197591,0.9798532559336,-0.2744294197591,0.9798532559336,-0.2040678910576,0.3685121602361,-0.1082838697971,-0.1729617286594
88104.88730081,-0.2404597988971,0.9514607676503,-0.2404597988971,0.9514607676503,-0.2004937325289,0.3662503388039,-0.1080354503962,-0.1688893680462
89125.09381338,-0.2084393526278,0.9229812582321,-0.2084393526278,0.9229812582321,-0.1969636471251,0.3639681627675,-0.1077324151695,-0.1648818707414
90157.1137606,-0.1783141759059,0.894487004085,-0.1783141759059,0.894487004085,-0.1934777431132,0.3616666095788,-0.1073769229943,-0.1609395634807
91201.0839356,-0.1500287771133,0.8660461304418,-0.1500287771133,0.8660461304418,-0.1900361029389,0.3593466488346,-0.1069711095506,-0.1570627025855
92257.14271548,-0.123526302176,0.8377226339586,-0.123526302176,0.8377226339586,-0.1866387838011,0.3570092415726,-0.1065170851636,-0.1532514760805
93325.43007971,-0.09874875442323,0.8095764149798,-0.09874875442323,0.8095764149798,-0.1832858182417,0.3546553396002,-0.1060169327822,-0.1495060058593
94406.0876286,-0.07563720984067,0.7816633194283,-0.07563720984067,0.7816633194283,-0.1799772147533,0.3522858848555,-0.1054727060901,-0.1458263498931
95499.25860215,-0.05413202717891,0.75403519025,-0.05413202717891,0.75403519025,-0.176712958399,0.3499018088015,-0.1048864277498,-0.1422125044729
96605.08789899,-0.03417305251098,0.7267399282714,-0.03417305251098,0.7267399282714,-0.1734930114452,0.3475040318531,-0.1042600877784,-0.1386644064783
97723.72209559,-0.01569981765014,0.699821562285,-0.01569981765014,0.699821562285,-0.1703173140053,0.3450934628365,-0.1035956420521,-0.1351819356668
98855.3094657,0.001348268070167,0.6733203281045,0.001348268070167,0.6733203281045,-0.1671857846919,0.3426709984809,-0.102895010938,-0.1317649169761
100000.0,0.01703173320392,0.6472727562694,0.01703173320392,0.6472727562694,-0.1640983212762,0.3402375229434,-0.1021600780515,-0.1284131228333
101157.945426,0.03141086730324,0.6217117680121,0.03141086730324,0.6217117680121,-0.1610548013547,0.3377939073642,-0.1013926891347,-0.1251262754648
102329.2992281,0.04454555229665,0.5966667790267,0.04454555229665,0.5966667790267,-0.1580550830187,0.3353410094549,-0.1005946510545,-0.1219040492019
103514.2166679,0.05649510253669,0.5721638105312,0.05649510253669,0.5721638105312,-0.1550990055282,0.3328796731169,-0.09976773091678,-0.1187460727746
104712.8548051,0.06731811405094,0.5482256070333,0.06731811405094,0.5482256070333,-0.152186389987,0.3304107280904,-0.09891365529284,-0.1156519315917
105925.3725177,0.07707232332491,0.5248717601783,0.07707232332491,0.5248717601783,-0.1493170400187,0.327934989634,-0.09803410955479,-0.1126211699988
107151.9305238,0.08581447602746,0.5021188379864,0.08581447602746,0.5021188379864,-0.1464907424412,0.3254532582326,-0.09713073731648,-0.1096532935125
108392.6914021,0.09360020588235,0.4799805187797,0.09360020588235,0.4799805187797,-0.1437072679405,0.3229663193357,-0.09620513997563,-0.1067477710257
109647.8196143,0.100483923971,0.4584677290321,0.100483923971,0.4584677290321,-0.1409663717401,0.3204749431217,-0.09525887635368,-0.1039040369787
110917.4815262,0.1065187185906,0.4375887843737,0.1065187185906,0.4375887843737,-0.1382677942674,0.3179798842915,-0.0942934624289,-0.1011214934957
112201.8454302,0.1117562657074,0.4173495329788,0.1117562657074,0.4173495329788,-0.1356112618144,0.3154818818872,-0.09331037115911,-0.0983995124801
113501.0815672,0.1162467500441,0.3977535005377,0.1162467500441,0.3977535005377,-0.1329964871926,0.3129816591377,-0.0923110323895,-0.09573743766816
114815.3621497,0.1200387967149,0.378802036033,0.1200387967149,0.378802036033,-0.1304231703811,0.3104799233285,-0.09129683284169,-0.09313458663683
116144.861384,0.1231794132477,0.3604944575647,0.1231794132477,0.3604944575647,-0.1278909991668,0.3079773656962,-0.09026911617971,-0.09059025276433
117489.755494,0.1257139417839,0.3428281974793,0.1257139417839,0.3428281974793,-0.1253996497758,0.3054746613463,-0.08922918314871,-0.08810370714081
118850.2227437,0.1276860212006,0.3257989460805,0.1276860212006,0.3257989460805,-0.1229487874963,0.3029724691932,-0.08817829178251,-0.0856742004276
120226.4434617,0.129137558762,0.3094007932812,0.129137558762,0.3094007932812,-0.1205380672911,0.3004714319225,-0.08711765767553,-0.08330096466337
121618.6000646,0.1301087109795,0.2936263675257,0.1301087109795,0.2936263675257,-0.1181671343995,0.2979721759732,-0.08604845431544,-0.08098321501583
123026.8770812,0.1306378731681,0.2784669714505,0.1306378731681,0.2784669714505,-0.1158356249289,0.2954753115408,-0.08497181347219,-0.07872015147805
124451.4611771,0.1307616772785,0.2639127137184,0.1307616772785,0.2639127137184,-0.1135431664339,0.2929814325987,-0.08388882563985,-0.07651096050833
125892.5411794,0.1305149974467,0.2499526365884,0.1305149974467,0.2499526365884,-0.1112893784842,0.2904911169382,-0.08280054052708,-0.07435481661323
127350.3081017,0.1299309627538,0.2365748387868,0.1299309627538,0.2365748387868,-0.1090738732199,0.2880049262259,-0.08170796759276,-0.072250883873
128824.9551693,0.1290409766107,0.223766593346,0.1290409766107,0.223766593346,-0.1068962558937,0.285523406077,-0.08061207662302,-0.07019831740952
130316.6778452,0.1278747422203,0.2115144600967,0.1278747422203,0.2115144600967,-0.1047561254007,0.2830470861451,-0.07951379834609,-0.06819626479629
131825.6738556,0.1264602935093,0.1998043926082,0.1264602935093,0.1998043926082,-0.1026530747944,0.2805764802259,-0.07841402508162,-0.06624386741093
133352.1432163,0.1248240309823,0.1886218393658,0.1248240309823,0.1886218393658,-0.1005866917895,0.2781120863758,-0.07731361142103,-0.06434026173013
134896.2882592,0.1229907619003,0.1779518390897,0.1229907619003,0.1779518390897,-0.09855655925064,0.2756543870426,-0.07621337493582,-0.06248458056759
136458.3136589,0.1209837442433,0.167779110101,0.1209837442433,0.167779110101,-0.09656225566766,0.2732038492093,-0.07511409691065,-0.06067595425548
138038.4264603,0.1188247338955,0.1580881337288,0.1188247338955,0.1580881337288,-0.09460335561674,0.2707609245493,-0.07401652309824,-0.05891351177003
139636.8361056,0.1165340345346,0.1488632317729,0.1165340345346,0.1488632317729,-0.09267943020743,0.2683260495924,-0.07292136449329,-0.05719638180192
141253.7544623,0.1141305497277,0.1400886380783,0.1141305497277,0.1400886380783,-0.09079004751578,0.2658996459002,-0.07182929812269,-0.05552369377251
142889.3958511,0.1116318367473,0.1317485643336,0.1116318367473,0.1317485643336,-0.08893477300321,0.2634821202523,-0.07074096784934,-0.05389457879671
144543.9770746,0.109054161668,0.123827260216,0.109054161668,0.123827260216,-0.08711316992146,0.2610738648395,-0.06965698518729,-0.05230817059358
146217.7174457,0.1064125553218,0.1163090680482,0.1064125553218,0.1163090680482,-0.08532479970344,0.2586752574655,-0.06857793012571,-0.05076360634572
147910.8388168,0.1037208697258,0.1091784721537,0.1037208697258,0.1091784721537,-0.08356922234014,0.2562866617565,-0.06750435195953,-0.04926002750872
149623.5656095,0.1009918346272,0.1024201431176,0.1009918346272,0.1024201431176,-0.08184599674374,0.2539084273765,-0.06643677012468,-0.04779658057179
151356.1248436,0.09823711384953,0.09601897716319,0.09823711384953,0.09601897716319,-0.08015468109694,0.2515408902488,-0.0653756750359,-0.04637241777087
153108.7461682,0.09546736113336,0.08996013090896,0.09546736113336,0.08996013090896,-0.07849483318866,0.2491843727831,-0.06432152892535,-0.04498669775558
154881.6618913,0.09269227523187,0.08422905171643,0.09269227523187,0.08422905171643,-0.07686601073642,0.246839184107,-0.06327476668019,-0.04363858621133
156675.1070108,0.08992065401441,0.07881150391388,0.08992065401441,0.07881150391388,-0.07526777169533,0.2445056203023,-0.06223579667761,-0.04232725643793
158489.3192461,0.08716044739022,0.07369359112913,0.08716044739022,0.07369359112913,-0.07369967455408,0.2421839646443,-0.06120500161568,-0.0410518898862
160324.539069,0.08441880887535,0.06886177499907,0.08441880887535,0.06886177499907,-0.07216127861802,0.2398744878448,-0.06018273933876,-0.03981167665388
162181.0097359,0.0817021456594,0.06430289050767,0.0817021456594,0.06430289050767,-0.07065214427965,0.2375774482975,-0.05916934365603,-0.03860581594231
164058.97732,0.0790161670494,0.06000415821371,0.0790161670494,0.06000415821371,-0.06917183327659,0.2352930923253,-0.05816512515207,-0.03743351647535
165958.6907438,0.07636593119966,0.05595319359822,0.07636593119966,0.05595319359822,-0.06771990893747,0.2330216544305,-0.05717037198828,-0.03629399688192
167880.4018123,0.07375589004723,0.0521380137882,0.07375589004723,0.0521380137882,-0.06629593641584,0.2307633575447,-0.05618535069421,-0.03518648604357
169824.3652462,0.07118993240018,0.04854704188194,0.07118993240018,0.04854704188194,-0.06489948291241,0.228518413281,-0.05521030694786,-0.03411022340854
171790.8387158,0.06867142514123,0.04516910910032,0.06867142514123,0.04516910910032,-0.06353011788586,0.2262870221857,-0.05424546634414,-0.03306445927372
173780.082875,0.0662032525262,0.04199345497615,0.0662032525262,0.04199345497615,-0.06218741325257,0.2240693739913,-0.05329103515069,-0.03204845503582
175792.3613959,0.06378785357016,0.03900972578909,0.06378785357016,0.03900972578909,-0.06087094357544,0.2218656478679,-0.05234720105046,-0.03106148341323
177827.9410039,0.06142725752923,0.03620797143296,0.06142725752923,0.03620797143296,-0.05958028624213,0.2196760126753,-0.05141413387042,-0.0301028286398
179887.0915129,0.05912311749539,0.03357864090113,0.05912311749539,0.03357864090113,-0.05831502163302,0.217500627214,-0.05049198629591,-0.02917178663203
181970.085861,0.05687674213324,0.03111257655474,0.05687674213324,0.03111257655474,-0.05707473327914,0.2153396404742,-0.04958089457016,-0.0282676651308
184077.2001469,0.05468912559458,0.02880100733929,0.05468912559458,0.02880100733929,-0.05585900801039,0.2131931918848,-0.04868097917856,-0.02738978381894
186208.7136663,0.05256097565583,0.02663554108842,0.05256097565583,0.02663554108842,-0.05466743609428,0.2110614115601,-0.04779234551742,-0.0265374744161
188364.908949,0.05049274012742,0.02460815605969,0.05049274012742,0.02460815605969,-0.05349961136558,0.2089444205443,-0.04691508454695,-0.02571008075176
190546.0717963,0.04848463159092,0.02271119181901,0.04848463159092,0.02271119181901,-0.05235513134702,0.2068423310542,-0.04604927342814,-0.0249069588179
192752.4913191,0.04653665052226,0.02093733959842,0.04653665052226,0.02093733959842,-0.05123359736149,0.2047552467204,-0.04519497614352,-0.02412747680233
194984.4599758,0.04464860686327,0.01927963222296,0.04464860686327,0.01927963222296,-0.05013461463592,0.2026832628244,-0.04435224410157,-0.02337101510376
197242.2736115,0.04282014010569,0.01773143371118,0.04282014010569,0.01773143371118,-0.04905779239708,0.2006264665346,-0.04352111672482,-0.02263696632977
199526.2314969,0.04105073795302,0.01628642862803,0.04105073795302,0.01628642862803,-0.04800274395976,0.1985849371386,-0.04270162202143,-0.02192473527874
201836.6363682,0.03933975362673,0.01493861127427,0.03933975362673,0.01493861127427,-0.04696908680742,0.1965587462727,-0.04189377714048,-0.02123373890666
204173.794467,0.03768642188342,0.01368227477859,0.03768642188342,0.01368227477859,-0.04595644266564,0.1945479581486,-0.04109758891086,-0.02056340627985
206538.0155811,0.03608987380909,0.01251200015646,0.03608987380909,0.01251200015646,-0.04496443756871,0.1925526297764,-0.04031305436381,-0.01991317851461
208929.6130854,0.03454915045617,0.01142264539004,0.03454915045617,0.01142264539004,-0.04399270191953,0.1905728111849,-0.03954016123942,-0.0192825087045
211348.9039837,0.03306321538794,0.01040933457915,0.03306321538794,0.01040933457915,-0.04304087054313,0.1886085456381,-0.03877888847695,-0.01867086183639
213796.2089502,0.03163096619307,0.009467447203698,0.03163096619307,0.009467447203698,-0.04210858273406,0.1866598698478,-0.03802920668932,-0.01807771469589
216271.8523727,0.03025124503238,0.008592607537961,0.03025124503238,0.008592607537961,-0.04119548229787,0.1847268141838,-0.0372910786219,-0.01750255576309
218776.162395,0.02892284827637,0.007780674243281,0.02892284827637,0.007780674243281,-0.04030121758702,0.1828094028792,-0.03656445959579,-0.01694488509931
221309.4709606,0.02764453529197,0.007027730171247,0.02764453529197,0.007027730171247,-0.03942544153129,0.1809076542325,-0.03584929793578,-0.01640421422569
223872.1138569,0.02641503643423,0.006330072399338,0.02641503643423,0.006330072399338,-0.03856781166314,0.1790215808063,-0.03514553538328,-0.0158800659942
226464.4307593,0.02523306029394,0.00568420251187,0.02523306029394,0.005684202511869,-0.03772799013804,0.177151189622,-0.03445310749448,-0.01537197445182
229086.7652768,0.02409730025529,0.005086817151345,0.02409730025529,0.005086817151345,-0.03690564375017,0.1752964823498,-0.03377194402396,-0.01487948469857
231739.4649969,0.02300644040893,0.004534798842993,0.02300644040893,0.004534798842993,-0.03610044394357,0.1734574554967,-0.03310196929401,-0.01440215273985
234422.881532,0.02195916086877,0.004025207107685,0.02195916086877,0.004025207107685,-0.03531206681908,0.1716341005885,-0.03244310255003,-0.01393954533381
237137.3705662,0.02095414253483,0.003555269866187,0.02095414253483,0.003555269866187,-0.03454019313713,0.1698264043501,-0.03179525830226,-0.0134912398343
239883.291902,0.01999007134477,0.003122375141864,0.01999007134477,0.003122375141864,-0.03378450831676,0.1680343488798,-0.0311583466541,-0.01305682402976
242661.0095083,0.01906564205217,0.002724063061309,0.01906564205217,0.002724063061309,-0.03304470243087,0.1662579118215,-0.03053227361738,-0.0126358959788
245470.8915685,0.01817956156904,0.00235801815506,0.01817956156904,0.00235801815506,-0.03232047019805,0.1644970665319,-0.02991694141492,-0.01222806384265
248313.3105296,0.01733055190742,0.002022061957436,0.01733055190742,0.002022061957436,-0.03161151097111,0.1627517822444,-0.02931224877064,-0.01183294571517
251188.643151,0.01651735275208,0.001714145901601,0.01651735275208,0.001714145901601,-0.03091752872248,0.161022024229,-0.02871809118752,-0.01145016945072
254097.2705549,0.01573872369542,0.001432344507634,0.01573872369542,0.001432344507634,-0.03023823202662,0.1593077539486,-0.02813436121381,-0.01107937249024
257039.5782769,0.01499344616293,0.001174848858341,0.01499344616293,0.001174848858341,-0.02957333403974,0.1576089292107,-0.0275609486978,-0.01072020168605
260015.9563165,0.01428032505576,0.0009399603570941,0.01428032505576,0.0009399603570941,-0.02892255247683,0.1559255043167,-0.02699774103137,-0.01037231312556
263026.7991896,0.01359819013583,0.0007260847622868,0.01359819013583,0.0007260847622868,-0.02828560958622,0.1542574302063,-0.0264446233828,-0.0100353719543
266072.5059799,0.01294589717584,0.0005317264905328,0.01294589717584,0.0005317264905328,-0.02766223212192,0.1526046545987,-0.025901478919,-0.009709052198613
269153.4803927,0.01232232889674,0.000355483182669,0.01232232889674,0.000355483182669,-0.02705215131366,0.1509671221303,-0.02536818901762,-0.009393036588211
272270.1308078,0.01172639571185,0.0001960405237118,0.01172639571185,0.0001960405237118,-0.02645510283501,0.1493447744885,-0.02484463346921,-0.009087016378861
275422.8703338,0.01115703629627,5.216730928588e-05,0.01115703629627,5.216730928588e-05,-0.02587082676955,0.1477375505419,-0.02433069066995,-0.008790691175538
278612.116863,0.01061321799965,-7.728924876789e-05,0.01061321799965,-7.728924876789e-05,-0.02529906757527,0.1461453864671,-0.023826237805,-0.008503768756181
281838.2931265,0.0100939371167,-0.0001934079873917,0.0100939371167,-0.0001934079873917,-0.0247395740474,0.1445682158727,-0.02333115102294,-0.008225964896318
285101.8267504,0.009598219031334,-0.0002971980350556,0.009598219031334,-0.0002971980350556,-0.02419209927962,0.1430059699181,-0.02284530560164,-0.007957003194736
288403.1503127,0.009125118247408,-0.0003896028408029,0.009125118247408,-0.0003896028408029,-0.0236564006239,0.1414585774314,-0.02236857610567,-0.007696614900374
291742.7014001,0.008673718318578,-0.000471503998163,0.008673718318578,-0.000471503998163,-0.02313223964912,0.1399259650215,-0.02190083653575,-0.007444538740634
295120.9226667,0.008243131688256,-0.0005437248724138,0.008243131688256,-0.0005437248724138,-0.02261938209838,0.138408057189,-0.02144196047031,-0.007200520751225
298538.2618918,0.007832499451182,-0.0006070340382356,0.007832499451182,-0.0006070340382356,-0.02211759784528,0.1369047764324,-0.02099182119969,-0.006964314107716
301995.1720402,0.007440991044873,-0.0006621485372269,0.007440991044873,-0.0006621485372269,-0.02162666084921,0.1354160433524,-0.02055029185301,-0.0067356789589
305492.1113216,0.007067803880877,-0.0007097369618765,0.007067803880877,-0.0007097369618765,-0.02114634910974,0.1339417767519,-0.02011724551811,-0.006514382262101
309029.5432514,0.006712162922955,-0.000750422374586,0.006712162922955,-0.000750422374586,-0.02067644462017,0.1324818937339,-0.01969255535486,-0.006300197620525
312607.9367124,0.006373320220353,-0.0007847850683908,0.006373320220353,-0.0007847850683908,-0.02021673332037,0.1310363097962,-0.01927609470195,-0.006092905122748
316227.7660169,0.006050554401604,-0.0008133651777782,0.006050554401604,-0.0008133651777782,-0.01976700504898,0.1296049389229,-0.01886773717749,-0.005892291184421
319889.5109692,0.005743170136574,-0.0008366651451423,0.005743170136574,-0.0008366651451423,-0.01932705349505,0.1281876936732,-0.01846735677379,-0.005698148392285
323593.6569297,0.00545049757021,-0.0008551520514992,0.00545049757021,-0.0008551520514992,-0.01889667614913,0.1267844852678,-0.01807482794625,-0.005510275350537
327340.6948789,0.005171891735216,-0.0008692598161259,0.005171891735216,-0.0008692598161259,-0.01847567425398,0.1253952236719,-0.0176900256969,-0.00532847652963
331131.1214826,0.004906731945811,-0.0008793912734465,0.004906731945811,-0.0008793912734465,-0.01806385275492,0.1240198176761,-0.01731282565266,-0.005152562117534
334965.4391579,0.004654421178631,-0.0008859201316448,0.004654421178631,-0.0008859201316448,-0.01766102024987,0.1226581749743,-0.01694310413853,-0.004982347873521
338844.1561392,0.004414385442832,-0.0008891928201585,0.004414385442832,-0.0008891928201585,-0.01726698893913,0.1213102022392,-0.01658073824597,-0.004817654984498
342767.7865465,0.004186073143916,-0.0008895302307668,0.004186073143916,-0.0008895302307668,-0.016881574575,0.1199758051954,-0.01622560589669,-0.004658309923915
346736.8504526,0.003968954443131,-0.000887229358491,0.003968954443131,-0.000887229358491,-0.01650459641129,0.11865488869,-0.01587758590196,-0.004504144313282
350751.8739526,0.003762520615826,-0.0008825648469642,0.003762520615826,-0.0008825648469642,-0.01613587715274,0.1173473567607,-0.01553655801775,-0.004354994786305
354813.3892336,0.003566283410734,-0.0008757904434955,0.003566283410734,-0.0008757904434955,-0.01577524290436,0.1160531127017,-0.01520240299581,-0.004210702855654
358921.934645,0.003379774412008,-0.0008671403687438,0.003379774412008,-0.0008671403687438,-0.01542252312089,0.1147720591272,-0.01487500263084,-0.004071114782366
363078.0547701,0.003202544406416,-0.0008568306051597,0.003202544406416,-0.0008568306051597,-0.01507755055622,0.1135040980332,-0.01455423980405,-0.003936081447897
367282.3004981,0.003034162756751,-0.0008450601088964,0.003034162756751,-0.0008450601088964,-0.01474016121299,0.1122491308561,-0.01423999852316,-0.00380545822881
371535.2290972,0.002874216782912,-0.0008320119492687,0.002874216782912,-0.0008320119492687,-0.01441019429227,0.1110070585305,-0.01393216395902,-0.003679104874098
375837.4042885,0.002722311152201,-0.0008178543795167,0.002722311152201,-0.0008178543795167,-0.01408749214342,0.1097777815439,-0.0136306224791,-0.003556885385132
380189.3963206,0.002578067279413,-0.0008027418428996,0.002578067279413,-0.0008027418428996,-0.01377190021423,0.1085611999899,-0.01333526167789,-0.003438667898224
384591.7820454,0.002441122737859,-0.0007868159175405,0.002441122737859,-0.0007868159175405,-0.01346326700119,0.1073572136196,-0.0130459704044,-0.003324324569778
389045.1449943,0.002311130682279,-0.0007702062033416,0.002311130682279,-0.0007702062033416,-0.01316144400012,0.1061657218906,-0.0127626387869,-0.003213731464027
393550.0754558,0.002187759283438,-0.0007530311545893,0.002187759283438,-0.0007530311545893,-0.01286628565704,0.1049866240146,-0.01248515825506,-0.003106768443323
398107.1705535,0.002070691176148,-0.0007353988607418,0.002070691176148,-0.0007353988607418,-0.01257764931942,0.1038198190029,-0.0122134215596,-0.003003319060957
402717.0343255,0.001959622919935,-0.0007174077788619,0.001959622919935,-0.0007174077788619,-0.01229539518772,0.1026652057108,-0.01194732278956,-0.002903270456487
407380.2778041,0.001854264473539,-0.0006991474200686,0.001854264473539,-0.0006991474200686,-0.01201938626729,0.1015226828792,-0.01168675738731,-0.002806513253544
412097.5190974,0.001754338682885,-0.0006806989928871,0.001754338682885,-0.0006806989928871,-0.01174948832078,0.1003921491759,-0.01143162216147,-0.002712941460085
416869.3834704,0.001659580783231,-0.0006621360057636,0.001659580783231,-0.0006621360057636,-0.01148556982078,0.09927350323406,-0.01118181529783,-0.002622452371065
421696.5034286,0.001569737915019,-0.0006435248313169,0.001569737915019,-0.0006435248313169,-0.01122750190305,0.09816664368994,-0.01093723636828,-0.00253494647349
426579.5188016,0.001484568653972,-0.0006249252343696,0.001484568653972,-0.0006249252343696,-0.01097515832009,0.09707146921886,-0.01069778633803,-0.002450327353823
431519.0768278,0.001403842555087,-0.0006063908659915,0.001403842555087,-0.0006063908659915,-0.01072841539521,0.09598787856965,-0.01046336757109,-0.002368501607705
436515.8322402,0.001327339710734,-0.0005879697254633,0.001327339710734,-0.0005879697254633,-0.01048715197706,0.0949157705978,-0.01023388383412,-0.002289378751948
441570.4473533,0.001254850322443,-0.0005697045921451,0.001254850322443,-0.0005697045921451,-0.01025124939468,0.09385504429715,-0.01000924029882,-0.00221287113878
446683.592151,0.001186174286669,-0.0005516334289162,0.001186174286669,-0.0005516334289162,-0.01002059141297,0.09280559883029,-0.009789343542805,-0.002138893872285
451855.944375,0.001121120793919,-0.0005337897590005,0.001121120793919,-0.0005337897590005,-0.009795064188756,0.09176733355768,-0.009574101549243,-0.002067364727012
457088.1896149,0.001059507941412,-0.0005162030176709,0.001059507941412,-0.0005162030176709,-0.009574556227297,0.09074014806546,-0.009363423705127,-0.00199820406871
462381.0213993,0.001001162358959,-0.0004988988803768,0.001001162358959,-0.0004988988803768,-0.009358958339369,0.08972394219212,-0.00915722079842,-0.001931334777151
467735.1412872,0.0009459188476194,-0.0004818995687581,0.0009459188476194,-0.0004818995687581,-0.00914816359885,0.08871861605396,-0.008955405014067,-0.001866682171
473151.2589615,0.000893620031284,-0.0004652241358038,0.000893620031284,-0.0004652241358038,-0.008942067300851,0.08772407006935,-0.008757889928962,-0.00180417393469
478630.0923227,0.0008441160206121,-0.0004488887314945,0.0008441160206121,-0.0004488887314945,-0.008740566920388,0.08674020498202,-0.008564590505939,-0.001743740047269
484172.3675841,0.0007972640890564,-0.0004329068501136,0.0007972640890564,-0.0004329068501136,-0.008543562071605,0.08576692188315,-0.00837542308685,-0.001685312713173
489778.8193685,0.000752928360989,-0.000417289560312,0.000752928360989,-0.000417289560312,-0.008350954467542,0.0848041222325,-0.008190305384794,-0.001628826294887
495450.1908048,0.0007109795112833,-0.0004020457190494,0.0007109795112833,-0.0004020457190494,-0.008162647880462,0.0838517078785,-0.008009156475546,-0.001574217247455
501187.2336273,0.0006712944762273,-0.0003871821703871,0.0006712944762273,-0.0003871821703871,-0.007978548102735,0.08290958107743,-0.007831896788258,-0.001521424054791
506990.7082747,0.0006337561755102,-0.0003727039300759,0.0006337561755102,-0.0003727039300759,-0.007798562908273,0.08197764451157,-0.007658448095468,-0.001470387167774
512861.3839914,0.0005982532449037,-0.0003586143568437,0.0005982532449037,-0.0003586143568437,-0.007622602014533,0.0810558013065,-0.007488733502478,-0.001421048944051
518800.038929,0.0005646797793042,-0.0003449153112234,0.0005646797793042,-0.0003449153112234,-0.007450577045077,0.08014395504757,-0.007322677436148,-0.001373353589552
524807.4602498,0.0005329350859673,-0.0003316073027026,0.0005329350859673,-0.0003316073027026,-0.007282401492689,0.07924200979538,-0.007160205633149,-0.001327247101638
530884.444231,0.0005029234475034,-0.000318689625954,0.0005029234475034,-0.000318689625954,-0.007117990683055,0.07834987010061,-0.007001245127725,-0.001282677213871
537031.7963703,0.000474553894373,-0.0003061604868428,0.000474553894373,-0.0003061604868428,-0.006957261739001,0.07746744101791,-0.006845724238991,-0.00123959334236
543250.3314925,0.0004477399866199,-0.0002940171188739,0.0004477399866199,-0.0002940171188739,-0.006800133545288,0.07659462811915,-0.006693572557828,-0.001197946533638
549540.8738577,0.0004223996045226,-0.0002822558907015,0.0004223996045226,-0.0002822558907015,-0.006646526713961,0.07573133750581,-0.006544720933394,-0.001157689414044
555904.2572704,0.000398454747855,-0.0002708724052896,0.000398454747855,-0.0002708724052896,-0.006496363550251,0.07487747582078,-0.0063991014593,-0.001118776140564
562341.3251904,0.0003758313434735,-0.0002598615912714,0.0003758313434735,-0.0002598615912714,-0.006349568019031,0.07403295025936,-0.006256647459469,-0.001081162353108
568852.9308439,0.0003544590610087,-0.0002492177870282,0.0003544590610087,-0.0002492177870282,-0.006206065711816,0.07319766857968,-0.006117293473729,-0.001044805128165
575439.9373372,0.0003342711362989,-0.0002389348179756,0.0003342711362989,-0.0002389348179756,-0.006065783814305,0.0723715391124,-0.005980975243161,-0.001009662933829
582103.2177709,0.0003152042023341,-0.0002290060675135,0.0003152042023341,-0.0002290060675135,-0.005928651074471,0.07155447076989,-0.005847629695224,-0.0009756955861358
588843.6553556,0.000297198127464,-0.0002194245420726,0.000297198127464,-0.0002194245420726,-0.00579459777118,0.07074637305472,-0.005717194928694,-0.000942864206695
595662.1435291,0.0002801958605679,-0.0002101829306611,0.0002801958605679,-0.0002101829306611,-0.005663555683346,0.06994715606761,-0.00558961019845,-0.0009111311815734
602559.5860744,0.0002641432829543,-0.0002012736592898,0.0002641432829543,-0.0002012736592898,-0.005535458059614,0.06915673051485,-0.005464815900105,-0.0008804601214011
609536.8972402,0.0002489890667595,-0.0001926889406373,0.0002489890667595,-0.0001926889406373,-0.005410239588569,0.06837500771514,-0.005342753554532,-0.0008508158226678
616595.0018615,0.0002346845395577,-0.0001844208192835,0.0002346845395577,-0.0001844208192835,-0.005287836369455,0.06760189960596,-0.0052233657923,-0.0008221642301771
623734.8354825,0.0002211835550058,-0.0001764612128331,0.0002211835550058,-0.0001764612128331,-0.00516818588342,0.0668373187494,-0.005106596338021,-0.0007944724006276
630957.3444802,0.0002084423692053,-0.0001688019492119,0.0002084423692053,-0.0001688019492119,-0.005051226965263,0.06608117833757,-0.004992389994662,-0.0007677084672917
638263.4861906,0.0001964195226891,-0.0001614348004302,0.0001964195226891,-0.0001614348004302,-0.004936899775678,0.06533339219745,-0.00488069262781,-0.0007418416057609
645654.2290347,0.0001850757276703,-0.0001543515130509,0.0001850757276703,-0.0001543515130509,-0.004825145774012,0.06459387479542,-0.004771451149919,-0.0007168420007295
653130.5526475,0.0001743737604582,-0.0001475438356222,0.0001743737604582,-0.0001475438356222,-0.0047159076915,0.06386254124132,-0.004664613504558,-0.0006926808137875
660693.4480076,0.0001642783587878,-0.000141003543295,0.0001642783587878,-0.000141003543295,-0.004609129504995,0.063139307292,-0.004560128650673,-0.0006693301521956
668343.9175687,0.0001547561238432,-0.0001347224598318,0.0001547561238432,-0.0001347224598318,-0.004504756411174,0.06242408935466,-0.004457946546869,-0.0006467630386137
676082.975392,0.0001457754268372,-0.0001286924772168,0.0001457754268372,-0.0001286924772168,-0.004402734801226,0.06171680448966,-0.004358018135735,-0.0006249533817582
683911.6472815,0.0001373063199313,-0.0001229055730476,0.0001373063199313,-0.0001229055730476,-0.004303012235997,0.06101737041304,-0.00426029532823,-0.0006038759479593
691830.970919,0.0001293204513029,-0.0001173538258783,0.0001293204513029,-0.0001173538258783,-0.004205537421613,0.06032570549868,-0.004164730988116,-0.0005835063335959
699841.9960023,0.0001217909842284,-0.0001120294286862,0.0001217909842284,-0.0001120294286862,-0.004110260185546,0.05964172878009,-0.004071278916481,-0.0005638209383803
707945.7843842,0.0001146925199633,-0.0001069247006012,0.0001146925199633,-0.0001069247006012,-0.004017131453139,0.05896535995194,-0.00397989383634,-0.000544796939471
716143.410213,0.0001080010243112,-0.0001020320970533,0.0001080010243112,-0.0001020320970533,-0.003926103224572,0.05829651937122,-0.003890531377328,-0.0005264122663873
724435.960075,0.0001016937576679,-9.734421845373e-05,0.0001016937576679,-9.734421845373e-05,-0.00383712855227,0.05763512805814,-0.003803148060505,-0.0005086455767051
732824.533139,9.574920844694e-05,-9.285381754888e-05,9.574920844694e-05,-9.285381754888e-05,-0.003750161518737,0.05698110769675,-0.003717701283258,-0.0004914762325091
741310.241301,9.014702969924e-05,-8.85538055502e-05,9.014702969924e-05,-8.85538055502e-05,-0.00366515721482,0.05633438063525,-0.003634149304336,-0.0004748842775809
749894.2093325,8.48679788046e-05,-8.44372571501e-05,8.48679788046e-05,-8.44372571501e-05,-0.003582071718393,0.05569486988608,-0.003552451229001,-0.0004588504153005
758577.5750292,7.989386009741e-05,-8.049741452333e-05,7.989386009741e-05,-8.049741452333e-05,-0.003500862073453,0.05506249912573,-0.00347256699431,-0.0004433559872414
767361.4893619,7.520747030114e-05,-7.672769040701e-05,7.520747030114e-05,-7.672769040701e-05,-0.003421486269618,0.05443719269435,-0.003394457354541,-0.0004283829524375
776247.1166288,7.079254663187e-05,-7.312167033952e-05,7.079254663187e-05,-7.312167033952e-05,-0.003343903222039,0.05381887559507,-0.003318083866758,-0.0004139138673027
785235.6346101,6.663371747281e-05,-6.967311414559e-05,6.663371747281e-05,-6.967311414559e-05,-0.003268072751689,0.05320747349318,-0.003243408876518,-0.0003999318661845
794328.2347243,6.271645548048e-05,-6.637595673235e-05,6.271645548048e-05,-6.637595673235e-05,-0.003193955566055,0.05260291271502,-0.00317039550374,-0.0003864206425308
803526.1221857,5.902703303879e-05,-6.322430827504e-05,5.902703303879e-05,-6.322430827504e-05,-0.003121513240205,0.05200512024671,-0.003099007628722,-0.0003733644306541
812830.5161642,5.555247991437e-05,-6.02124538393e-05,5.555247991437e-05,-6.02124538393e-05,-0.003050708198231,0.05141402373272,-0.003029209878323,-0.0003607479880726
822242.6499471,5.228054306418e-05,-5.733485252016e-05,5.228054306418e-05,-5.733485252016e-05,-0.002981503695062,0.05082955147418,-0.002960967612299,-0.0003485565784131
831763.7711027,4.919964844572e-05,-5.458613613063e-05,4.919964844572e-05,-5.458613613063e-05,-0.002913863798643,0.05025163242711,-0.002894246909816,-0.0003367759548569
841395.1416453,4.629886476603e-05,-5.196110750172e-05,4.629886476603e-05,-5.196110750172e-05,-0.00284775337247,0.0496801962004,-0.002829014556117,-0.0003253923441139
851138.0382024,4.356786907337e-05,-4.945473843803e-05,4.356786907337e-05,-4.945473843803e-05,-0.002783138058475,0.04911517305367,-0.002765238029376,-0.0003143924309076
860993.7521847,4.099691409551e-05,-4.706216736632e-05,4.099691409551e-05,-4.706216736632e-05,-0.002719984260259,0.04855649389498,-0.002702885487706,-0.0003037633429556
870963.5899562,3.857679725445e-05,-4.477869672195e-05,3.857679725445e-05,-4.477869672195e-05,-0.002658259126661,0.04800409027842,-0.002641925756354,-0.000293492636432
881048.8730081,3.629883126613e-05,-4.259979010313e-05,3.629883126613e-05,-4.259979010313e-05,-0.002597930535666,0.04745789440151,-0.002582328315062,-0.000283568281894
891250.9381338,3.415481626108e-05,-4.052106923154e-05,3.415481626108e-05,-4.052106923154e-05,-0.002538967078636,0.04691783910249,-0.002524063285611,-0.0002739786506618
901571.137606,3.213701333964e-05,-3.853831074237e-05,3.213701333964e-05,-3.853831074237e-05,-0.002481338044867,0.04638385785754,-0.002467101419536,-0.0002647125016353
912010.839356,3.023811950512e-05,-3.664744283792e-05,3.023811950512e-05,-3.664744283792e-05,-0.002425013406458,0.04585588477779,-0.00241141408602,-0.000255758968535
922571.4271548,2.845124389567e-05,-3.484454182303e-05,2.845124389567e-05,-3.484454182303e-05,-0.002369963803495,0.04533385460633,-0.002356973259969,-0.0002471075475546
933254.3007971,2.676988526335e-05,-3.312582855157e-05,2.676988526335e-05,-3.312582855157e-05,-0.002316160529538,0.04481770271499,-0.002303751510256,-0.0002387480854117
944060.876286,2.51879106294e-05,-3.148766479927e-05,2.51879106294e-05,-3.148766479927e-05,-0.002263575517406,0.04430736510114,-0.002251721988157,-0.0002306707677842
954992.5860215,2.369953506235e-05,-2.992654958414e-05,2.369953506235e-05,-2.992654958414e-05,-0.002212181325262,0.04380277838432,-0.002200858415949,-0.000222866108121
966050.8789899,2.229930252416e-05,-2.843911545207e-05,2.229930252416e-05,-2.843911545207e-05,-0.002161951122978,0.04330387980281,-0.002151135075697,-0.000215324936815
977237.2209559,2.098206772536e-05,-2.702212473921e-05,2.098206772536e-05,-2.702212473921e-05,-0.002112858678794,0.04281060721014,-0.002102526798215,-0.0002080383907267
988553.094657,1.974297894746e-05,-2.567246583025e-05,1.974297894746e-05,-2.567246583025e-05,-0.002064878346242,0.04232289907145,-0.002055008952197,-0.0002009979030483
1000000.0,1.857746177783e-05,-2.438714942139e-05,1.857746177783e-05,-2.438714942139e-05,-0.002017985051359,0.04184069445987,-0.002008557433534,-0.0001941951934969
