frequency_hz,left_real,left_imag,right_real,right_imag,opneg_real,opneg_imag,oppos_real,oppos_imag
1.0,1.278583869274,4.984640353765,1.278583869274,4.984640353765,-0.2982812441831,-0.4127897366604,0.2982892064614,0.4127827262078
1.01157945426,1.337345320766,5.017685217363,1.337345320766,5.017685217363,-0.3028097094651,-0.4142596078773,0.3028177926196,0.4142524278822
1.023292992281,1.396755619473,5.050035974491,1.396755619473,5.050035974491,-0.307369936703,-0.41568468659,0.3073781415812,0.4156773334392
1.035142166679,1.456799662598,5.081677390221,1.456799662598,5.081677390221,-0.3119610398177,-0.4170641291784,0.3119693672434,0.4170565992078
1.047128548051,1.517461884532,5.112594605937,1.517461884532,5.112594605937,-0.3165821042145,-0.4183971122657,0.3165905549872,0.4183894017612
1.059253725177,1.578726267565,5.142773156208,1.578726267565,5.142773156208,-0.3212321873388,-0.4196828338558,0.3212407622327,0.4196749390531
1.071519305238,1.640576353354,5.172198985352,1.640576353354,5.172198985352,-0.325910319283,-0.4209205144535,0.3259190190465,0.4209124315386
1.083926914021,1.70299525511,5.200858463667,1.70299525511,5.200858463667,-0.3306155034474,-0.4221093981673,0.3306243288023,0.4221011232766
1.096478196143,1.765965670515,5.228738403276,1.765965670515,5.228738403276,-0.3353467172515,-0.4232487537903,0.3353556688922,0.4232402830112
1.109174815262,1.829469895361,5.255826073558,1.829469895361,5.255826073558,-0.3401029128967,-0.4243378758574,0.3401119914896,0.4243292052283
1.122018454302,1.893489837871,5.282109216118,1.893489837871,5.282109216118,-0.344883018179,-0.4253760856756,0.3448922243619,0.4253672111864
1.135010815672,1.958007033721,5.307576059268,1.958007033721,5.307576059268,-0.349685937351,-0.4263627323248,0.3496952717325,0.4263536499175
1.148153621497,2.02300266172,5.332215331972,2.02300266172,5.332215331972,-0.3545105520315,-0.4272971936268,0.3545200151902,0.4272878991956
1.16144861384,2.088457560132,5.356016277228,2.088457560132,5.356016277228,-0.3593557221618,-0.4281788770793,0.359365314646,0.4281693664714
1.17489755494,2.154352243625,5.378968664844,2.154352243625,5.378968664844,-0.3642202870067,-0.429007220753,0.3642300093336,0.4289974897685
1.188502227437,2.220666920813,5.401062803581,2.220666920813,5.401062803581,-0.3691030661992,-0.4297816941482,0.3691129188545,0.4297717385412
1.202264434617,2.287381512373,5.422289552619,2.287381512373,5.422289552619,-0.3740028608265,-0.4305017990106,0.374012844264,0.430491614489
1.216186000646,2.354475669692,5.442640332325,2.354475669692,5.442640332325,-0.3789184545556,-0.4311670701012,0.3789285691964,0.431156652328
1.230268770812,2.421928794032,5.46210713429,2.421928794032,5.46210713429,-0.3838486147961,-0.4317770759208,0.3838588610285,0.431766420514
1.244514611771,2.489720056161,5.480682530596,2.489720056161,5.480682530596,-0.3887920938983,-0.4323314193854,0.3888024720773,0.4323205219188
1.258925411794,2.557828416429,5.498359682305,2.557828416429,5.498359682305,-0.3937476303842,-0.432829738451,0.3937581408311,0.4328185944547
1.273503081017,2.626232645246,5.515132347125,2.626232645246,5.515132347125,-0.3987139502088,-0.4332717066857,0.3987245932107,0.4332603116465
1.288249551693,2.694911343915,5.530994886245,2.694911343915,5.530994886245,-0.4036897680483,-0.4336570337885,0.4037005438583,0.4336453831509
1.303166778452,2.763842965798,5.54594227031,2.763842965798,5.54594227031,-0.4086737886146,-0.4339854660517,0.4086846974509,0.4339735552179
1.318256738556,2.833005837756,5.55997008452,2.833005837756,5.55997008452,-0.4136647079906,-0.4342567867668,0.4136757500368,0.4342446110976
1.333521432163,2.902378181828,5.573074532837,2.902378181828,5.573074532837,-0.4186612149857,-0.4344708165718,0.4186723903902,0.4344583713873
1.348962882592,2.971938137108,5.585252441286,2.971938137108,5.585252441286,-0.4236619925068,-0.43462741374,0.4236733013829,0.4346146943199
1.364583136589,3.041663781762,5.596501260339,3.041663781762,5.596501260339,-0.4286657189432,-0.4347264744079,0.4286771613689,0.4347134759924
1.380384264603,3.111533155162,5.60681906637,3.111533155162,5.60681906637,-0.4336710695611,-0.434767932743,0.4336826455791,0.4347546505329
1.396368361056,3.181524280059,5.616204562184,3.181524280059,5.616204562184,-0.4386767179055,-0.4347517610498,0.4386884275229,0.4347381902077
1.412537544623,3.251615184787,5.624657076603,3.251615184787,5.624657076603,-0.4436813372058,-0.4346779698147,0.4436931803945,0.4346641054652
1.428893958511,3.321783925411,5.632176563125,3.321783925411,5.632176563125,-0.4486836017822,-0.4345466076891,0.4486955784784,0.4345324449193
1.445439770746,3.392008607806,5.638763597647,3.392008607806,5.638763597647,-0.4536821884493,-0.4343577614102,0.4536942985541,0.4343432952706
1.462177174457,3.462267409601,5.644419375249,3.462267409601,5.644419375249,-0.4586757779149,-0.4341115556615,0.458688021294,0.4340967811664
1.479108388168,3.532538601944,5.649145706077,3.532538601944,5.649145706077,-0.463663056169,-0.4338081528714,0.463675432653,0.4337930649994
1.496235656094,3.602800571049,5.652945010297,3.602800571049,5.652945010297,-0.4686427158616,-0.4334477529518,0.4686552252464,0.4334323466462
1.513561248436,3.673031839477,5.655820312164,3.673031839477,5.655820312164,-0.473613457666,-0.4330305929768,0.4736260997125,0.4330148631465
1.531087461682,3.7432110871,5.657775233199,3.7432110871,5.657775233199,-0.4785739916227,-0.432556946803,0.4785867660576,0.4325408883227
1.548816618912,3.813317171717,5.658813984512,3.813317171717,5.658813984512,-0.4835230384644,-0.4320271246323,0.48353594498,0.4320107323432
1.566751070108,3.883329149266,5.658941358274,3.883329149266,5.658941358274,-0.4884593309155,-0.4314414725182,0.4884723691705,0.4314247412283
1.584893192461,3.953226293608,5.658162718374,3.953226293608,5.658162718374,-0.4933816149667,-0.4308003718176,0.493394784586,0.4307832963022
1.60324539069,4.022988115826,5.656483990273,4.022988115826,5.656483990273,-0.4982886511193,-0.4301042385891,0.4983019516949,0.4300868135913
1.621810097359,4.092594383015,5.653911650099,4.092594383015,5.653911650099,-0.5031792155985,-0.42935352294,0.5031926466896,0.429335743171
1.6405897732,4.162025136519,5.650452712999,4.162025136519,5.650452712999,-0.5080521015323,-0.4285487083242,0.508065662666,0.4285305684638
1.659586907438,4.23126070959,5.646114720781,4.23126070959,5.646114720781,-0.5129061200943,-0.4276903107918,0.5129198107658,0.4276718054886
1.678804018123,4.300281744424,5.640905728885,4.300281744424,5.640905728885,-0.5177401016076,-0.4267788781937,0.5177539212809,0.4267600020656
1.698243652462,4.369069208559,5.634834292711,4.369069208559,5.634834292711,-0.5225528966082,-0.4258149893433,0.5225668447165,0.4257957369777
1.717908387158,4.437604410593,5.627909453346,4.437604410593,5.627909453346,-0.5273433768655,-0.4247992531369,0.5273574528121,0.4247796190911
1.737800828749,4.505869015214,5.620140722723,4.505869015214,5.620140722723,-0.5321104363597,-0.4237323076363,0.532124639518,0.4237122864374
1.757923613959,4.573845057495,5.611538068245,4.573845057495,5.611538068245,-0.5368529922118,-0.4226148191148,0.5368673219266,0.4225944052603
1.778279410039,4.641514956461,5.602111896933,4.641514956461,5.602111896933,-0.5415699855675,-0.4214474810706,0.541584441155,0.4214266690285
1.798870915129,4.70886152789,5.591873039112,4.70886152789,5.591873039112,-0.5462603824317,-0.4202310132093,0.5462749631807,0.4202097974181
1.81970085861,4.775867996334,5.5808327317,4.775867996334,5.5808327317,-0.5509231744545,-0.4189661603987,0.5509378796268,0.4189445352674
1.840772001469,4.84251800636,5.569002601121,4.84251800636,5.569002601121,-0.555557379665,-0.4176536915974,0.5555722084961,0.4176316515061
1.862087136663,4.908795632984,5.556394645899,4.908795632984,5.556394645899,-0.5601620431553,-0.4162943987625,0.5601769948551,0.4162719380617
1.88364908949,4.974685391304,5.543021218968,4.974685391304,5.543021218968,-0.5647362377112,-0.4148890957361,0.564751311465,0.4148662087474
1.905460717963,5.040172245309,5.528895009742,5.040172245309,5.528895009742,-0.5692790643916,-0.4134386171157,0.5692942593606,0.4134152981312
1.927524913191,5.105241615877,5.514029025982,5.105241615877,5.514029025982,-0.5737896530545,-0.4119438171099,0.5738049683766,0.4119200603925
1.949844599758,5.169879387958,5.498436575512,5.169879387958,5.498436575512,-0.5782671628299,-0.4104055683828,0.5782825976205,0.410381368166
1.972422736115,5.234071916929,5.482131247808,5.234071916929,5.482131247808,-0.5827107825405,-0.4088247608898,0.5827263358934,0.4088001113775
1.995262314969,5.297806034142,5.465126895525,5.297806034142,5.465126895525,-0.5871197310695,-0.4072023007069,0.5871354020576,0.4071771960731
2.018366363682,5.361069051662,5.447437615974,5.361069051662,5.447437615974,-0.5914932576758,-0.4055391088566,0.5915090453519,0.4055135432455
2.04173794467,5.423848766201,5.429077732609,5.423848766201,5.429077732609,-0.5958306422575,-0.4038361201333,0.595846545655,0.4038100876587
2.065380155811,5.486133462268,5.410061776555,5.486133462268,5.410061776555,-0.6001311955638,-0.4020942819297,0.6001472136978,0.4020677766749
2.089296130854,5.547911914529,5.39040446821,5.547911914529,5.39040446821,-0.604394259357,-0.4003145530673,0.6044103912251,0.4002875690847
2.113489039837,5.60917338941,5.370120698962,5.60917338941,5.370120698962,-0.6086192065238,-0.3984979026342,0.6086354511066,0.3984704339448
2.137962089502,5.669907645945,5.349225513056,5.669907645945,5.349225513056,-0.6128054411387,-0.3966453088301,0.612821797401,0.3966173494234
2.162718523727,5.730104935889,5.327734089637,5.730104935889,5.327734089637,-0.6169523984789,-0.3947577578236,0.6169688653703,0.3947293016567
2.18776162395,5.789756003119,5.305661725009,5.789756003119,5.305661725009,-0.6210595449932,-0.3928362426213,0.621076121449,0.3928072836188
2.213094709606,5.848852082335,5.283023815143,5.848852082335,5.283023815143,-0.6251263782252,-0.3908817619531,0.6251430631673,0.3908522940065
2.238721138568,5.907384897089,5.259835838441,5.907384897089,5.259835838441,-0.6291524266931,-0.3888953191734,0.6291692190308,0.3888653361401
2.264644307593,5.965346657163,5.236113338816,5.965346657163,5.236113338816,-0.6331372497266,-0.3868779211813,0.6331541483573,0.3868474168847
2.290867652768,6.022730055312,5.21187190909,6.022730055312,5.21187190909,-0.6370804372625,-0.3848305773616,0.6370974410727,0.38479954559
2.317394649968,6.079528263411,5.187127174734,6.079528263411,5.187127174734,-0.6409816096017,-0.3827542985476,0.6409987174676,0.3827227330534
2.34422881532,6.135734928011,5.16189477799,6.135734928011,5.16189477799,-0.6448404171278,-0.3806500960067,0.6448576279163,0.3806179905062
2.371373705662,6.191344165355,5.136190362376,6.191344165355,5.136190362376,-0.6486565399895,-0.3785189804521,0.6486738525589,0.3784863286243
2.39883291902,6.246350555851,5.110029557605,6.246350555851,5.110029557605,-0.6524296877489,-0.3763619610796,0.6524471009498,0.3763287565655
2.426610095082,6.30074913806,5.08342796493,6.30074913806,5.08342796493,-0.6561595989972,-0.374180044632,0.6561771116729,0.374146281034
2.454708915685,6.354535402199,5.056401142926,6.354535402199,5.056401142926,-0.6598460409389,-0.3719742344917,0.6598636519266,0.3719399053725
2.483133105296,6.407705283203,5.028964593742,6.407705283203,5.028964593742,-0.6634888089473,-0.3697455298026,0.6635065170788,0.3697106286844
2.51188643151,6.460255153371,5.001133749802,6.460255153371,5.001133749802,-0.667087726093,-0.3674949246218,0.6671055301951,0.3674594449855
2.540972705549,6.512181814618,4.972923961001,6.512181814618,4.972923961001,-0.6706426426461,-0.3652234071021,0.6706605415417,0.3651873423862
2.570395782769,6.563482490367,4.944350482379,6.563482490367,4.944350482379,-0.6741534355555,-0.3629319587059,0.6741714280641,0.3628953023058
2.600159563165,6.614154817103,4.915428462289,6.614154817103,4.915428462289,-0.6776200079056,-0.3606215534508,0.677638092844,0.3605842987172
2.630267991895,6.664196835628,4.886172931074,6.664196835628,4.886172931074,-0.6810422883533,-0.358293157187,0.6810604645364,0.3582552974254
2.660725059799,6.713606982026,4.856598790235,6.713606982026,4.856598790235,-0.684420230547,-0.3559477269077,0.6844384967884,0.3559092553773
2.691534803927,6.762384078378,4.826720802119,6.762384078378,4.826720802119,-0.6877538125278,-0.353586210092,0.6877721676405,0.3535471200045
2.722701308078,6.810527323257,4.796553580103,6.810527323257,4.796553580103,-0.6910430361175,-0.3512095440804,0.6910614789143,0.3511698285988
2.754228703338,6.858036282012,4.766111579298,6.858036282012,4.766111579298,-0.694287926292,-0.3488186554834,0.6943064555865,0.3487783077209
2.78612116863,6.904910876879,4.735409087751,6.904910876879,4.735409087751,-0.6974885305438,-0.3464144596222,0.6975071451507,0.3463734726413
2.818382931264,6.951151376949,4.704460218157,6.951151376949,4.704460218157,-0.7006449182347,-0.3439978600029,0.7006636169705,0.3439562268139
2.851018267504,6.996758387995,4.673278900071,6.996758387995,4.673278900071,-0.7037571799398,-0.3415697478223,0.7037759616233,0.3415274613821
2.884031503127,7.041732842212,4.641878872614,7.041732842212,4.641878872614,-0.706825426785,-0.3391310015062,0.706844290238,0.3390880547171
2.917427014001,7.086075987859,4.610273677677,7.086075987859,4.610273677677,-0.7098497897789,-0.3366824862789,0.7098687338266,0.3366388719877
2.951209226666,7.129789378856,4.578476653602,7.129789378856,4.578476653602,-0.7128304191412,-0.3342250537652,0.7128494426126,0.3341807647612
2.985382618918,7.172874864337,4.546500929342,7.172874864337,4.546500929342,-0.7157674836279,-0.3317595416215,0.7157865853566,0.3317145706361
3.019951720402,7.215334578181,4.514359419093,7.215334578181,4.514359419093,-0.7186611698559,-0.3292867731989,0.7186803486803,0.3292411129035
3.054921113216,7.257170928557,4.482064817385,7.257170928557,4.482064817385,-0.7215116816275,-0.326807557235,0.7215309363913,0.32676120024
3.090295432514,7.29838658747,4.449629594617,7.29838658747,4.449629594617,-0.7243192392559,-0.3243226875748,0.7243385688087,0.3242756264283
3.126079367124,7.338984480367,4.417065993045,7.338984480367,4.417065993045,-0.7270840788933,-0.3218329429211,0.727103482091,0.3217851701074
3.162277660168,7.378967775776,4.384386023181,7.378967775776,4.384386023181,-0.7298064518628,-0.319339086611,0.7298259275678,0.3192905945493
3.198895109691,7.418339875031,4.351601460629,7.418339875031,4.351601460629,-0.732486623994,-0.316841866421,0.7325061710757,0.316792647464
3.235936569296,7.457104402073,4.318723843312,7.457104402073,4.318723843312,-0.7351248749651,-0.3143420143976,0.7351444923003,0.3142920608297
3.273406948788,7.495265193349,4.285764469102,7.495265193349,4.285764469102,-0.7377214976506,-0.3118402467128,0.7377411841239,0.3117895507495
3.311311214826,7.532826287833,4.252734393825,7.532826287833,4.252734393825,-0.740276797477,-0.309337263546,0.7402965519808,0.3092858173316
3.349654391578,7.56979191716,4.219644429643,7.56979191716,4.219644429643,-0.7427910917857,-0.3068337489877,0.7428109132211,0.3067815445942
3.388441561392,7.606166495899,4.186505143781,7.606166495899,4.186505143781,-0.7452647092056,-0.3043303709675,0.7452845964821,0.3042774003933
3.427677865465,7.641954611978,4.153326857605,7.641954611978,4.153326857605,-0.7476979890347,-0.3018277812042,0.7477179410711,0.3017740363721
3.467368504525,7.677161017253,4.120119646026,7.677161017253,4.120119646026,-0.7500912806322,-0.2993266151763,0.7501112963561,0.2992720879325
3.507518739526,7.711790618256,4.086893337221,7.711790618256,4.086893337221,-0.7524449428207,-0.296827492114,0.7524650211695,0.2967721742263
3.548133892336,7.745848467103,4.053657512658,7.745848467103,4.053657512658,-0.7547593433004,-0.2943310150099,0.754779483221,0.2942748981664
3.58921934645,7.779339752587,4.020421507406,7.779339752587,4.020421507406,-0.7570348580745,-0.2918377706492,0.7570550585238,0.2917808464563
3.630780547701,7.812269791462,3.987194410723,7.812269791462,3.987194410723,-0.7592718708871,-0.2893483296566,0.7592921308322,0.289290589638
3.672823004981,7.844644019911,3.953985066914,7.844644019911,3.953985066914,-0.7614707726734,-0.2868632465616,0.7614910910916,0.2868046821563
3.715352290972,7.876467985215,3.920802076425,7.876467985215,3.920802076425,-0.7636319610227,-0.2843830598783,0.7636523369018,0.2843236624394
3.758374042884,7.907747337629,3.887653797186,7.907747337629,3.887653797186,-0.765755839655,-0.2819082922021,0.7657762719935,0.2818480529948
3.801893963206,7.938487822452,3.85454834617,7.938487822452,3.85454834617,-0.7678428179103,-0.2794394503194,0.7678633057176,0.2793783605197
3.845917820454,7.968695272318,3.821493601168,7.968695272318,3.821493601168,-0.7698933102526,-0.2769770253318,0.7699138525488,0.2769150760249
3.890451449943,7.998375599688,3.788497202762,7.998375599688,3.788497202762,-0.7719077357861,-0.2745214927928,0.7719283316025,0.2744586749712
3.935500754558,8.027534789564,3.75556655648,8.027534789564,3.75556655648,-0.7738865177868,-0.2720733128563,0.7739071661659,0.2720096174185
3.981071705535,8.056178892412,3.722708835135,8.056178892412,3.722708835135,-0.7758300832473,-0.2696329304369,0.7758507832429,0.2695683481855
4.027170343255,8.0843140173,3.689930981317,8.0843140173,3.689930981317,-0.7777388624359,-0.2672007753799,0.7777596131129,0.2671352970202
4.073802778041,8.111946325255,3.657239710041,8.111946325255,3.657239710041,-0.7796132884696,-0.2647772626415,0.7796340889045,0.2647108787795
4.120975190973,8.139082022838,3.62464151154,8.139082022838,3.62464151154,-0.7814537969014,-0.2623627924782,0.7814746461821,0.2622954936193
4.168693834703,8.165727355926,3.592142654178,8.165727355926,3.592142654178,-0.7832608253213,-0.2599577506437,0.7832817225474,0.2598895271909
4.216965034286,8.191888603718,3.559749187493,8.191888603718,3.559749187493,-0.785034812972,-0.2575625085944,0.7850557572545,0.2574933508464
4.265795188016,8.217572072951,3.52746694534,8.217572072951,3.52746694534,-0.7867762003777,-0.255177423701,0.7867971908391,0.2551073218509
4.315190768278,8.242784092322,3.495301549138,8.242784092322,3.495301549138,-0.7884854289868,-0.2528028394671,0.7885064647616,0.2527317836002
4.365158322402,8.26753100713,3.463258411207,8.26753100713,3.463258411207,-0.7901629408293,-0.250439085753,0.7901840210633,0.2503670658455
4.415704473533,8.291819174119,3.431342738187,8.291819174119,3.431342738187,-0.7918091781862,-0.2480864790045,0.7918303020368,0.2480134849218
4.46683592151,8.315654956526,3.399559534522,8.315654956526,3.399559534522,-0.7934245832733,-0.2457453224874,0.7934457499098,0.2456713439818
4.518559443749,8.339044719337,3.367913606014,8.339044719337,3.367913606014,-0.795009597938,-0.2434159065239,0.7950308065411,0.2433409332336
4.570881896149,8.361994824733,3.336409563433,8.361994824733,3.336409563433,-0.7965646633686,-0.2410985087346,0.7965859131307,0.2410225301815
4.623810213993,8.384511627743,3.305051826171,8.384511627743,3.305051826171,-0.7980902198172,-0.2387933942822,0.7981115099423,0.2387163998702
4.677351412872,8.406601472079,3.273844625935,8.406601472079,3.273844625935,-0.7995867063347,-0.2365008161177,0.7996080360381,0.2364227951309
4.731512589615,8.428270686169,3.242792010478,8.428270686169,3.242792010478,-0.8010545605175,-0.2342210152293,0.8010759290263,0.2341419568303
4.786300923226,8.449525579371,3.211897847352,8.449525579371,3.211897847352,-0.8024942182677,-0.231954220892,0.8025156248203,0.2318741141202
4.841723675841,8.470372438368,3.181165827686,8.470372438368,3.181165827686,-0.8039061135639,-0.229700650919,0.8039275574099,0.2296194846885
4.897788193685,8.490817523745,3.150599469968,8.490817523745,3.150599469968,-0.8052906782439,-0.2274605119135,0.8053121586445,0.2273782750117
4.954501908048,8.510867066731,3.120202123846,8.510867066731,3.120202123846,-0.806648341799,-0.2252339995212,0.8066698580265,0.2251506806065
5.011872336273,8.530527266124,3.089976973924,8.530527266124,3.089976973924,-0.8079795311789,-0.2230212986822,0.8080010825169,0.2229368862825
5.069907082747,8.549804285363,3.059927043561,8.549804285363,3.059927043561,-0.8092846706078,-0.2208225838832,0.8093062563508,0.2207370663939
5.128613839914,8.56870424978,3.030055198654,8.56870424978,3.030055198654,-0.8105641814104,-0.2186380194088,0.8105858008639,0.218551385091
5.18800038929,8.587233243994,3.000364151415,8.587233243994,3.000364151415,-0.8118184818482,-0.2164677595917,0.8118401343289,0.2163799965704
5.248074602498,8.605397309464,2.970856464133,8.605397309464,2.970856464133,-0.8130479869665,-0.214311949062,0.8130696718018,0.214223045324
5.30884444231,8.623202442189,2.941534552908,8.623202442189,2.941534552908,-0.8142531084499,-0.2121707229949,0.8142748249778,0.2120806663871
5.370317963703,8.640654590548,2.912400691368,8.640654590548,2.912400691368,-0.8154342544873,-0.2100442073562,0.8154560020567,0.2099529855836
5.432503314924,8.657759653287,2.883457014352,8.657759653287,2.883457014352,-0.8165918296469,-0.2079325191468,0.8166136076171,0.2078401197707
5.495408738576,8.674523477628,2.854705521566,8.674523477628,2.854705521566,-0.8177262347588,-0.2058357666441,0.8177480424994,0.20574217708
5.559042572704,8.690951857522,2.826148081202,8.690951857522,2.826148081202,-0.8188378668063,-0.2037540496415,0.8188597036975,0.2036592571573
5.623413251904,8.707050532018,2.797786433519,8.707050532018,2.797786433519,-0.8199271188261,-0.2016874596854,0.8199489842582,0.2015914513993
5.688529308438,8.722825183758,2.76962219439,8.722825183758,2.76962219439,-0.8209943798154,-0.1996360803091,0.8210162731888,0.1995388431876
5.754399373372,8.738281437591,2.741656858798,8.738281437591,2.741656858798,-0.8220400346475,-0.197599987264,0.8220619553725,0.1975015081201
5.821032177709,8.753424859293,2.713891804295,8.753424859293,2.713891804295,-0.8230644639939,-0.195579248748,0.8230864114906,0.1954795142392
5.888436553556,8.768260954406,2.686328294411,8.768260954406,2.686328294411,-0.8240680442538,-0.1935739256308,0.8240900179524,0.1934729222567
5.95662143529,8.782795167173,2.658967482012,8.782795167173,2.658967482012,-0.8250511474913,-0.191584071675,0.8250731468313,0.1914817857759
6.025595860744,8.797032879581,2.63181041262,8.797032879581,2.63181041262,-0.8260141413771,-0.1896097337555,0.8260361658076,0.1895061515097
6.095368972402,8.810979410497,2.604858027666,8.810979410497,2.604858027666,-0.8269573891388,-0.1876509520737,0.8269794381182,0.1875460594958
6.165950018615,8.824640014896,2.578111167698,8.824640014896,2.578111167698,-0.8278812495154,-0.1857077603695,0.8279033225114,0.1856015433083
6.237348354824,8.838019883184,2.551570575541,8.838019883184,2.551570575541,-0.8287860767185,-0.1837801861288,0.828808173208,0.1836726302652
6.309573444802,8.851124140603,2.525236899391,8.851124140603,2.525236899391,-0.829672220399,-0.1818682507881,0.8296943398678,0.1817593416328
6.382634861906,8.863957846713,2.499110695862,8.863957846713,2.499110695862,-0.8305400256187,-0.1799719699344,0.8305621675614,0.1798616928261
6.456542290347,8.876525994964,2.473192432972,8.876525994964,2.473192432972,-0.8313898328273,-0.1780913535027,0.8314119967472,0.1779796936055
6.531305526475,8.888833512334,2.447482493075,8.888833512334,2.447482493075,-0.8322219778439,-0.176226405968,0.832244163253,0.1761133482697
6.606934480076,8.900885259041,2.421981175735,8.900885259041,2.421981175735,-0.8330367918436,-0.1743771265351,0.8330589982624,0.1742626558447
6.683439175686,8.912686028321,2.396688700541,8.912686028321,2.396688700541,-0.8338346013481,-0.1725435093234,0.8338568283053,0.1724276102691
6.76082975392,8.92424054628,2.371605209868,8.92424054628,2.371605209868,-0.8346157282206,-0.1707255435487,0.8346379752531,0.1706082005753
6.839116472814,8.935553471793,2.346730771574,8.935553471793,2.346730771574,-0.8353804896645,-0.1689232136999,0.8354027563173,0.1688044110672
6.918309709189,8.946629396477,2.322065381643,8.946629396477,2.322065381643,-0.8361291982265,-0.1671364997136,0.8361514840524,0.1670162214935
6.998419960023,8.957472844709,2.29760896677,8.957472844709,2.29760896677,-0.8368621618023,-0.165365377143,0.8368844663621,0.1652436072176
7.079457843841,8.968088273704,2.273361386888,8.968088273704,2.273361386888,-0.8375796836467,-0.1636098173244,0.8376020065087,0.1634865393836
7.161434102129,8.978480073638,2.249322437637,8.978480073638,2.249322437637,-0.8382820623862,-0.1618697875388,0.8383044031263,0.1617449850778
7.24435960075,8.988652567821,2.22549185277,8.988652567821,2.22549185277,-0.8389695920351,-0.1601452511705,0.8389919502365,0.1600189074877
7.328245331389,8.998610012918,2.201869306516,8.998610012918,2.201869306516,-0.8396425620142,-0.1584361678611,0.8396649372674,0.1583082660557
7.413102413009,9.008356599206,2.178454415867,9.008356599206,2.178454415867,-0.840301257172,-0.1567424936605,0.8403236490747,0.15661301663
7.498942093325,9.017896450877,2.155246742828,9.017896450877,2.155246742828,-0.8409459578094,-0.1550641811737,0.8409683659662,0.1549331116115
7.585775750292,9.027233626375,2.132245796598,9.027233626375,2.132245796598,-0.8415769397055,-0.1534011797039,0.8415993637279,0.1532685000969
7.673614893618,9.036372118767,2.1094510357,9.036372118767,2.1094510357,-0.8421944741468,-0.1517534353921,0.8422169136528,0.1516191280184
7.762471166287,9.045315856157,2.086861870058,9.045315856157,2.086861870058,-0.8427988279575,-0.1501208913532,0.842821282572,0.1499849382791
7.852356346101,9.054068702115,2.064477663015,9.054068702115,2.064477663015,-0.8433902635326,-0.1485034878077,0.8434127328869,0.148365870886
7.943282347243,9.062634456151,2.042297733306,9.062634456151,2.042297733306,-0.8439690388725,-0.1469011622113,0.8439915226041,0.1467618630779
8.035261221856,9.071016854206,2.02032135697,9.071016854206,2.02032135697,-0.8445354076192,-0.1453138493795,0.8445579053719,0.1451728494515
8.128305161641,9.07921956917,1.998547769214,9.07921956917,1.998547769214,-0.8450896190941,-0.1437414816098,0.8451121305178,0.1435987620825
8.222426499471,9.087246211429,1.976976166228,9.087246211429,1.976976166228,-0.8456319183378,-0.1421839887999,0.8456544430882,0.1420395306446
8.317637711027,9.095100329426,1.955605706941,9.095100329426,1.955605706941,-0.8461625461502,-0.1406412985632,0.8461850838889,0.1404950825241
8.413951416452,9.102785410248,1.934435514741,9.102785410248,1.934435514741,-0.8466817391329,-0.1391133363401,0.8467042895273,0.138965342932
8.511380382024,9.110304880227,1.913464679132,9.110304880227,1.913464679132,-0.8471897297325,-0.1376000255071,0.8472122924555,0.1374502350125
8.609937521846,9.117662105562,1.892692257356,9.117662105562,1.892692257356,-0.8476867462842,-0.1361012874817,0.847709321014,0.1359496799482
8.709635899561,9.124860392954,1.872117275956,9.124860392954,1.872117275956,-0.8481730130574,-0.1346170418252,0.8481955994776,0.1344635970627
8.81048873008,9.131902990254,1.851738732301,9.131902990254,1.851738732301,-0.8486487503013,-0.1331472063417,0.8486713481008,0.1329919039196
8.912509381338,9.138793087129,1.831555596065,9.138793087129,1.831555596065,-0.8491141742921,-0.1316916971743,0.8491367831648,0.1315345164187
9.01571137606,9.145533815732,1.811566810658,9.145533815732,1.811566810658,-0.8495694973802,-0.1302504288984,0.849592117025,0.1300913488894
9.120108393559,9.15212825139,1.791771294614,9.15212825139,1.791771294614,-0.8500149280382,-0.1288233146123,0.8500375581588,0.128662314181
9.225714271548,9.158579413295,1.772167942941,9.158579413295,1.772167942941,-0.8504506709097,-0.1274102660247,0.8504733112144,0.1272473237504
9.33254300797,9.164890265205,1.75275562842,9.164890265205,1.75275562842,-0.8508769268582,-0.1260111935394,0.85089957706,0.1258462877465
9.440608762859,9.171063716153,1.733533202877,9.171063716153,1.733533202877,-0.8512938930166,-0.1246260063378,0.851316552833,0.124459115093
9.549925860214,9.177102621164,1.7144994984,9.177102621164,1.7144994984,-0.8517017628372,-0.1232546124577,0.85172443199,0.1230857135671
9.660508789898,9.183009781969,1.695653328525,9.183009781969,1.695653328525,-0.8521007261413,-0.1218969188711,0.8521234043566,0.1217259898768
9.772372209558,9.188787947732,1.676993489386,9.188787947732,1.676993489386,-0.8524909691702,-0.1205528315577,0.8525136561782,0.1203798497353
9.88553094657,9.194439815775,1.658518760818,9.194439815775,1.658518760818,-0.8528726746349,-0.1192222555775,0.8528953701698,0.1190471979325
10.0,9.19996803231,1.640227907437,9.19996803231,1.640227907437,-0.8532460217672,-0.1179050951398,0.8532687255671,0.1177279384049
10.1157945426,9.205375193164,1.62211967967,9.205375193164,1.62211967967,-0.8536111863699,-0.1166012536707,0.8536338981767,0.1164219743022
10.23292992281,9.210663844517,1.604192814761,9.210663844517,1.604192814761,-0.8539683408677,-0.1153106338774,0.8539910604271,0.1151292080526
10.35142166679,9.215836483629,1.586446037737,9.215836483629,1.586446037737,-0.8543176543578,-0.1140331378117,0.8543403814188,0.113849541425
10.47128548051,9.220895559573,1.568878062346,9.220895559573,1.568878062346,-0.85465929266,-0.1127686669295,0.8546820269754,0.1125828755896
10.59253725177,9.225843473966,1.551487591956,9.225843473966,1.551487591956,-0.8549934183676,-0.1115171221495,0.8550161596933,0.1113291111761
10.71519305238,9.230682581698,1.53427332043,9.230682581698,1.53427332043,-0.8553201908973,-0.1102784039096,0.8553429389925,0.1100881483299
10.83926914021,9.235415191657,1.517233932962,9.235415191657,1.517233932962,-0.8556397665392,-0.1090524122206,0.8556625211662,0.108859886766
10.96478196143,9.240043567453,1.500368106893,9.240043567453,1.500368106893,-0.8559522985068,-0.1078390467189,0.8559750594311,0.1076442258215
11.09174815262,9.244569928142,1.483674512491,9.244569928142,1.483674512491,-0.8562579369867,-0.1066382067165,0.8562807039765,0.1064410645059
11.22018454302,9.248996448938,1.467151813701,9.248996448938,1.467151813701,-0.8565568291872,-0.1054497912497,0.8565796020137,0.1052503015492
11.35010815672,9.253325261931,1.450798668875,9.253325261931,1.450798668875,-0.8568491193882,-0.1042736991254,0.8568718978252,0.1040718354488
11.48153621497,9.257558456791,1.434613731471,9.257558456791,1.434613731471,-0.8571349489891,-0.1031098289663,0.857157732813,0.1029055645142
11.6144861384,9.261698081477,1.418595650724,9.261698081477,1.418595650724,-0.8574144565574,-0.1019580792539,0.8574372455472,0.1017513869099
11.7489755494,9.265746142931,1.402743072295,9.265746142931,1.402743072295,-0.8576877778765,-0.10081834837,0.8577105718137,0.1006092006974
11.88502227437,9.269704607776,1.387054638891,9.269704607776,1.387054638891,-0.8579550459933,-0.09969053463646,0.8579778446615,0.0994789038744
12.02264434617,9.273575403,1.371528990872,9.273575403,1.371528990872,-0.8582163912653,-0.09857453635383,0.8582391944503,0.09836039441359
12.16186000646,9.277360416639,1.356164766819,9.277360416639,1.356164766819,-0.858471941407,-0.09747025183773,0.8584947488968,0.09725357029897
12.30268770812,9.281061498451,1.34096060409,9.281061498451,1.34096060409,-0.8587218215363,-0.09637757945438,0.858744633121,0.09615832956133
12.44514611771,9.284680460588,1.325915139354,9.284680460588,1.325915139354,-0.8589661542203,-0.09529641765434,0.8589889696918,0.09507457031197
12.58925411794,9.288219078254,1.311027009097,9.288219078254,1.311027009097,-0.8592050595205,-0.094226665005,0.8592278786723,0.0940021907751
12.73503081017,9.291679090365,1.296294850116,9.291679090365,1.296294850116,-0.8594386550372,-0.09316822022166,0.8594614776649,0.09294108931891
12.88249551693,9.295062200192,1.281717299984,9.295062200192,1.281717299984,-0.8596670559543,-0.09212098219729,0.859689881855,0.09189116448529
13.03166778452,9.298370076005,1.267292997505,9.298370076005,1.267292997505,-0.859890375083,-0.09108485003109,0.8599132040551,0.0908523150183
13.18256738556,9.301604351709,1.25302058314,9.301604351709,1.25302058314,-0.8601087229045,-0.09005972305565,0.8601315547479,0.08982443989137
13.33521432163,9.304766627462,1.238898699426,9.304766627462,1.238898699426,-0.8603222076132,-0.08904550086314,0.8603450421294,0.08880743833332
13.48962882592,9.307858470303,1.224925991365,9.307858470303,1.224925991365,-0.860530935159,-0.08804208333012,0.8605537721503,0.08780120985324
13.64583136589,9.310881414757,1.211101106807,9.310881414757,1.211101106807,-0.8607350092882,-0.08704937064137,0.8607578485583,0.0868056542642
13.80384264603,9.313836963436,1.197422696811,9.313836963436,1.197422696811,-0.8609345315854,-0.08606726331256,0.860957372939,0.08582067170593
13.96368361056,9.316726587643,1.183889415987,9.316726587643,1.183889415987,-0.8611296015137,-0.08509566221191,0.8611524447563,0.08484616266635
14.12537544623,9.319551727948,1.170499922829,9.319551727948,1.170499922829,-0.8613203164545,-0.08413446858079,0.8613431613926,0.0838820280022
14.28893958511,9.322313794776,1.15725288003,9.322313794776,1.15725288003,-0.8615067717472,-0.08318358405335,0.8615296181879,0.08292816895857
14.45439770746,9.325014168972,1.14414695478,9.325014168972,1.14414695478,-0.861689060728,-0.0822429106752,0.8617119084793,0.08198448718756
14.62177174457,9.327654202369,1.131180819054,9.327654202369,1.131180819054,-0.8618672747682,-0.08131235092115,0.8618901236384,0.08105088476594
14.79108388168,9.330235218339,1.118353149882,9.330235218339,1.118353149882,-0.8620415033121,-0.08039180771205,0.86206435311,0.08012726421197
14.96235656094,9.332758512341,1.105662629612,9.332758512341,1.105662629612,-0.8622118339137,-0.07948118443081,0.8622346844486,0.07921352850135
15.13561248436,9.335225352461,1.093107946152,9.335225352461,1.093107946152,-0.8623783522742,-0.07858038493754,0.8624012033555,0.07830958108227
15.31087461682,9.337636979941,1.080687793206,9.337636979941,1.080687793206,-0.862541142277,-0.07768931358387,0.8625639937144,0.07741532588977
15.48816618913,9.339994609703,1.068400870497,9.339994609703,1.068400870497,-0.8627002860243,-0.07680787522654,0.8627231376274,0.07653066735918
15.66751070108,9.342299430861,1.056245883975,9.342299430861,1.056245883975,-0.8628558638712,-0.0759359752402,0.8628787154498,0.07565551043892
15.84893192461,9.344552607231,1.044221546017,9.344552607231,1.044221546017,-0.8630079544606,-0.07507351952949,0.8630308058243,0.07478976060251
16.0324539069,9.346755277825,1.032326575619,9.346755277825,1.032326575619,-0.8631566347569,-0.07422041454041,0.8631794857151,0.07393332385986
16.21810097359,9.348908557346,1.020559698567,9.348908557346,1.020559698567,-0.8633019800793,-0.07337656727104,0.863324830441,0.07308610676797
16.405897732,9.351013536666,1.008919647611,9.351013536666,1.008919647611,-0.8634440641346,-0.07254188528154,0.8634669137085,0.07224801644087
16.59586907438,9.353071283306,0.9974051626213,9.353071283306,0.9974051626213,-0.8635829590494,-0.07171627670363,0.8636058076437,0.071418960559
16.78804018123,9.355082841895,0.9860149907362,9.355082841895,0.9860149907362,-0.8637187354018,-0.07089965024931,0.8637415828239,0.07059884737792
16.98243652462,9.357049234637,0.9747478865036,9.357049234637,0.9747478865036,-0.8638514622524,-0.07009191521913,0.8638743083093,0.06978758573648
17.17908387158,9.358971461755,0.9636026120111,9.358971461755,0.9636026120111,-0.8639812071751,-0.06929298150982,0.8640040516728,0.06898508506443
17.37800828749,9.360850501941,0.9525779370092,9.360850501941,0.9525779370092,-0.8641080362872,-0.06850275962138,0.8641308790309,0.06819125538941
17.57923613959,9.362687312786,0.9416726390255,9.362687312786,0.9416726390255,-0.8642320142788,-0.06772116066366,0.8642548550727,0.06740600734349
17.78279410039,9.364482831211,0.9308855034716,9.364482831211,0.9308855034716,-0.864353204442,-0.06694809636243,0.8643760430891,0.06662925216917
17.98870915129,9.366237973888,0.9202153237422,9.366237973888,0.9202153237422,-0.8644716686993,-0.06618347906495,0.8644945050014,0.0658609017249
18.1970085861,9.367953637654,0.9096609013074,9.367953637654,0.9096609013074,-0.8645874676317,-0.06542722174508,0.8646103013894,0.06510086849008
18.40772001469,9.369630699914,0.8992210457974,9.369630699914,0.8992210457974,-0.8647006605062,-0.06467923800793,0.8647234915187,0.06434906556972
18.62087136663,9.371270019043,0.8888945750805,9.371270019043,0.8888945750805,-0.8648113053031,-0.06393944209409,0.864834133368,0.06360540669853
18.8364908949,9.372872434774,0.8786803153353,9.372872434774,0.8786803153353,-0.864919458742,-0.06320774888341,0.8649422836554,0.06286980624469
19.05460717963,9.374438768588,0.8685771011158,9.374438768588,0.8685771011158,-0.8650251763085,-0.0624840738984,0.8650479978646,0.06214217921315
19.27524913191,9.375969824086,0.8585837754112,9.375969824086,0.8585837754112,-0.8651285122791,-0.06176833330725,0.8651513302704,0.06142244124859
19.49844599758,9.377466387362,0.8486991896992,9.377466387362,0.8486991896992,-0.8652295197469,-0.06106044392647,0.865252333964,0.06071050863797
19.72422736115,9.378929227367,0.8389222039946,9.378929227367,0.8389222039946,-0.8653282506459,-0.06036032322313,0.8653510608774,0.06000629831277
19.95262314969,9.380359096266,0.8292516868916,9.380359096266,0.8292516868916,-0.8654247557756,-0.05966788931684,0.8654475618076,0.05930972785081
20.18366363682,9.381756729785,0.8196865156018,9.381756729785,0.8196865156018,-0.8655190848239,-0.05898306098133,0.8655418864406,0.05862071547781
20.4173794467,9.38312284756,0.810225575987,9.38312284756,0.810225575987,-0.8656112863912,-0.05830575764573,0.8656340833744,0.0579391800686
20.65380155811,9.384458153472,0.8008677625869,9.384458153472,0.8008677625869,-0.8657014080131,-0.05763589939557,0.8657242001419,0.05726504114801
20.89296130854,9.385763335975,0.7916119786424,9.385763335975,0.7916119786424,-0.8657894961824,-0.05697340697346,0.8658122832334,0.05659821889152
21.13489039837,9.387039068425,0.7824571361152,9.387039068425,0.7824571361152,-0.8658755963713,-0.0563182017795,0.8658983781184,0.05593863412557
21.37962089502,9.388286009396,0.7734021557023,9.388286009396,0.7734021557023,-0.8659597530532,-0.05567020587143,0.8659825292675,0.05528620832764
21.62718523727,9.389504802992,0.7644459668469,9.389504802992,0.7644459668469,-0.8660420097235,-0.0550293419645,0.8660647801729,0.05464086362604
21.8776162395,9.390696079153,0.7555875077452,9.390696079153,0.7555875077452,-0.8661224089203,-0.05439553343115,0.8661451733699,0.05400252279951
22.13094709606,9.391860453957,0.74682572535,9.391860453957,0.74682572535,-0.8662009922451,-0.05376870430036,0.8662237504566,0.0533711092765
22.38721138568,9.392998529912,0.7381595753704,9.392998529912,0.7381595753704,-0.8662778003823,-0.05314877925687,0.8663005521142,0.05274654713432
22.64644307593,9.394110896247,0.729588022268,9.394110896247,0.729588022268,-0.8663528731189,-0.05253568364011,0.8663756181262,0.05212876109797
22.90867652768,9.395198129192,0.72111003925,9.395198129192,0.72111003925,-0.8664262493639,-0.05192934344301,0.8664489873979,0.05151767653886
23.17394649969,9.396260792258,0.7127246082592,9.396260792258,0.7127246082592,-0.8664979671665,-0.05132968531049,0.8665206979749,0.05091321947327
23.4422881532,9.397299436506,0.7044307199613,9.397299436506,0.7044307199613,-0.8665680637349,-0.05073663653791,0.8665907870617,0.05031531656063
23.71373705662,9.398314600817,0.6962273737286,9.398314600817,0.6962273737286,-0.8666365754545,-0.0501501250692,0.8666592910393,0.04972389510166
23.9883291902,9.399306812151,0.6881135776218,9.399306812151,0.6881135776218,-0.8667035379049,-0.0495700794949,0.8667262454834,0.04913888303627
24.26610095082,9.400276585801,0.6800883483689,9.400276585801,0.6800883483689,-0.8667689858778,-0.04899642905006,0.8667916851816,0.04856020894137
24.54708915685,9.401224425647,0.672150711341,9.401224425647,0.672150711341,-0.8668329533939,-0.04842910361187,0.8668556441499,0.04798780202845
24.83133105296,9.402150824401,0.6642997005273,9.402150824401,0.6642997005273,-0.8668954737192,-0.04786803369728,0.8669181556499,0.04742159214108
25.1188643151,9.403056263847,0.6565343585058,9.403056263847,0.6565343585058,-0.8669565793815,-0.04731315046039,0.8669792522048,0.04686150975222
25.40972705549,9.403941215074,0.6488537364137,9.403941215074,0.6488537364137,-0.8670163021863,-0.04676438568973,0.8670389656151,0.0463074859614
25.70395782769,9.404806138714,0.6412568939146,9.404806138714,0.6412568939146,-0.8670746732327,-0.0462216718054,0.8670973269749,0.04575945249182
26.00159563165,9.405651485161,0.6337428991642,9.405651485161,0.6337428991642,-0.867131722928,-0.04568494185615,0.8671543666865,0.04521734168726
26.30267991895,9.406477694798,0.6263108287739,9.406477694798,0.6263108287739,-0.8671874810036,-0.04515412951623,0.8672101144757,0.04468108650889
26.60725059799,9.40728519821,0.6189597677731,9.40728519821,0.6189597677731,-0.8672419765288,-0.04462916908227,0.8672645994067,0.04415062053203
26.91534803927,9.4080744164,0.6116888095692,9.4080744164,0.6116888095692,-0.867295237926,-0.04410999546995,0.867317849896,0.04362587794274
27.22701308078,9.408845760996,0.6044970559067,9.408845760996,0.6044970559067,-0.867347292984,-0.04359654421059,0.8673698937267,0.04310679353432
27.54228703338,9.409599634453,0.5973836168239,9.409599634453,0.5973836168239,-0.8673981688724,-0.04308875144772,0.8674207580626,0.04259330270376
27.8612116863,9.410336430257,0.5903476106092,9.410336430257,0.5903476106092,-0.867447892155,-0.04258655393349,0.867470469461,0.04208534144806
28.18382931265,9.411056533117,0.5833881637553,9.411056533117,0.5833881637553,-0.8674964888025,-0.04208988902499,0.8675190538866,0.04158284636046
28.51018267504,9.411760319158,0.5765044109123,9.411760319158,0.5765044109123,-0.8675439842063,-0.04159869468057,0.867566536724,0.04108575462664
28.84031503127,9.412448156107,0.5696954948399,9.412448156107,0.5696954948399,-0.8675904031903,-0.04111290945602,0.8676129427908,0.04059400402081
29.17427014001,9.413120403478,0.5629605663582,9.413120403478,0.5629605663582,-0.8676357700241,-0.04063247250069,0.8676582963495,0.04010753290174
29.51209226666,9.413777412754,0.556298784297,9.413777412754,0.556298784297,-0.8676801084345,-0.04015732355359,0.86770262112,0.03962628020873
29.85382618918,9.414419527558,0.5497093154453,9.414419527558,0.5497093154453,-0.8677234416178,-0.03968740293938,0.8677459402913,0.0391501854575
30.19951720402,9.415047083829,0.5431913344983,9.415047083829,0.5431913344983,-0.8677657922514,-0.03922265156433,0.8677882765332,0.03867918873606
30.54921113216,9.415660409988,0.536744024005,9.415660409988,0.536744024005,-0.867807182505,-0.03876301091224,0.867829652008,0.03821323070049
30.90295432514,9.416259827106,0.5303665743139,9.416259827106,0.5303665743139,-0.8678476340519,-0.03830842304026,0.8678700883811,0.03775225257068
31.26079367124,9.416845649064,0.5240581835183,9.416845649064,0.5240581835183,-0.8678871680799,-0.03785883057473,0.8679096068321,0.03729619612606
31.62277660168,9.41741818271,0.5178180574009,9.41741818271,0.5178180574009,-0.867925805302,-0.03741417670695,0.8679482280659,0.03684500370124
31.98895109691,9.417977728015,0.5116454093778,9.417977728015,0.5116454093778,-0.8679635659669,-0.03697440518892,0.8679859723225,0.03639861818162
32.35936569296,9.418524578227,0.5055394604418,9.418524578227,0.5055394604418,-0.8680004698689,-0.036539460329,0.8680228593879,0.035956982999
32.73406948788,9.419059020015,0.4994994391048,9.419059020015,0.4994994391048,-0.8680365363586,-0.03610928698762,0.8680589086033,0.03552004212711
33.11311214826,9.419581333614,0.4935245813403,9.419581333614,0.4935245813403,-0.868071784352,-0.03568383057291,0.8680941388759,0.03508774007713
33.49654391578,9.420091792973,0.4876141305247,9.420091792973,0.4876141305247,-0.8681062323405,-0.03526303703631,0.8681285686876,0.03466002189321
33.88441561392,9.420590665887,0.481767337379,9.420590665887,0.481767337379,-0.8681398984003,-0.03484685286813,0.8681622161048,0.03423683314791
34.27677865465,9.421078214136,0.4759834599089,9.421078214136,0.4759834599089,-0.8681728002013,-0.03443522509317,0.8681950987876,0.03381811993767
34.67368504525,9.421554693619,0.4702617633459,9.421554693619,0.4702617633459,-0.8682049550163,-0.03402810126626,0.8682272339988,0.03340382887823
35.07518739526,9.422020354483,0.4646015200871,9.422020354483,0.4646015200871,-0.8682363797299,-0.03362542946775,0.8682586386124,0.03299390710004
35.48133892336,9.42247544125,0.4590020096348,9.42247544125,0.4590020096348,-0.8682670908468,-0.03322715829909,0.8682893291225,0.03258830224365
35.8921934645,9.422920192942,0.4534625185364,9.422920192942,0.4534625185364,-0.8682971045005,-0.03283323687831,0.8683193216517,0.03218696245511
36.30780547701,9.423354843203,0.447982340323,9.423354843203,0.447982340323,-0.8683264364612,-0.03244361483553,0.8683486319591,0.03178983638133
36.72823004981,9.42377962042,0.4425607754495,9.42377962042,0.4425607754495,-0.8683551021445,-0.03205824230844,0.8683772754486,0.03139687316545
37.15352290972,9.424194747836,0.4371971312325,9.424194747836,0.4371971312325,-0.8683831166185,-0.03167706993782,0.8684052671766,0.03100802244217
37.58374042885,9.424600443667,0.4318907217895,9.424600443667,0.4318907217895,-0.8684104946121,-0.031300048863,0.86843262186,0.03062323433318
38.01893963206,9.424996921214,0.4266408679776,9.424996921214,0.4266408679776,-0.8684372505221,-0.03092713071735,0.8684593538833,0.03024245944239
38.45917820454,9.425384388971,0.4214468973315,9.425384388971,0.4214468973315,-0.8684633984211,-0.03055826762374,0.8684854773063,0.0298656488514
38.90451449943,9.425763050732,0.4163081440027,9.425763050732,0.4163081440027,-0.8684889520644,-0.03019341219008,0.8685110058712,0.02949275411474
39.35500754558,9.426133105695,0.4112239486973,9.426133105695,0.4112239486973,-0.8685139248968,-0.02983251750476,0.8685359530098,0.0291237272553
39.81071705535,9.426494748567,0.4061936586146,9.426494748567,0.4061936586146,-0.8685383300601,-0.02947553713216,0.8685603318501,0.02875852075964
40.27170343255,9.426848169661,0.4012166273854,9.426848169661,0.4012166273854,-0.8685621803994,-0.02912242510812,0.8685841552233,0.02839708757333
40.73802778041,9.427193554995,0.3962922150106,9.427193554995,0.3962922150106,-0.8685854884702,-0.02877313593551,0.8686074356705,0.02803938109635
41.20975190973,9.427531086388,0.3914197877992,9.427531086388,0.3914197877992,-0.8686082665441,-0.02842762457967,0.8686301854488,0.02768535517843
41.68693834703,9.427860941555,0.3865987183072,9.427860941555,0.3865987183072,-0.8686305266158,-0.02808584646396,0.8686524165378,0.02733496411444
42.16965034286,9.428183294195,0.381828385276,9.428183294195,0.381828385276,-0.8686522804091,-0.02774775746532,0.8686741406459,0.02698816263977
42.65795188016,9.428498314083,0.3771081735709,9.428498314083,0.3771081735709,-0.8686735393828,-0.02741331390977,0.8686953692162,0.02664490592569
43.15190768278,9.428806167159,0.37243747412,9.428806167159,0.37243747412,-0.8686943147367,-0.02708247256799,0.8687161134326,0.02630514957482
43.65158322402,9.42910701561,0.3678156838531,9.42910701561,0.3678156838531,-0.8687146174177,-0.0267551906509,0.868736384225,0.02596884961649
44.15704473533,9.429401017957,0.3632422056406,9.429401017957,0.3632422056406,-0.8687344581247,-0.02643142580522,0.8687561922758,0.02563596250218
44.6683592151,9.429688329135,0.3587164482326,9.429688329135,0.3587164482326,-0.8687538473149,-0.02611113610909,0.8687755480248,0.02530644510099
45.18559443749,9.429969100574,0.3542378261986,9.429969100574,0.3542378261986,-0.8687727952089,-0.02579428006768,0.8687944616747,0.02498025469507
45.70881896149,9.430243480277,0.3498057598664,9.430243480277,0.3498057598664,-0.868791311796,-0.02548081660883,0.8688129431968,0.0246573489751
46.23810213993,9.430511612898,0.3454196752622,9.430511612898,0.3454196752622,-0.8688094068393,-0.0251707050787,0.8688310023356,0.02433768603577
46.77351412872,9.430773639816,0.3410790040505,9.430773639816,0.3410790040505,-0.8688270898809,-0.02486390523743,0.8688486486141,0.02402122437132
47.31512589615,9.431029699205,0.336783183474,9.431029699205,0.336783183474,-0.8688443702468,-0.02456037725485,0.8688658913388,0.02370792287101
47.86300923226,9.431279926112,0.3325316562939,9.431279926112,0.3325316562939,-0.8688612570516,-0.02426008170618,0.8688827396044,0.0233977408147
48.41723675841,9.431524452524,0.3283238707307,9.431524452524,0.3283238707307,-0.8688777592037,-0.02396297956775,0.8688992022988,0.02309063786839
48.97788193685,9.431763407434,0.3241592804046,9.431763407434,0.3241592804046,-0.8688938854092,-0.02366903221277,0.8689152881073,0.02278657407981
49.54501908048,9.431996916913,0.3200373442769,9.431996916913,0.3200373442769,-0.8689096441771,-0.0233782014071,0.8689310055174,0.02248550987401
50.11872336273,9.43222510417,0.3159575265911,9.43222510417,0.3159575265911,-0.8689250438233,-0.02309044930501,0.868946362823,0.02218740604896
50.69907082747,9.432448089623,0.3119192968145,9.432448089623,0.3119192968145,-0.868940092475,-0.02280573844505,0.868961368129,0.02189222377123
51.28613839914,9.432665990954,0.3079221295799,9.432665990954,0.3079221295799,-0.8689547980753,-0.02252403174588,0.8689760293554,0.02159992457161
51.8800038929,9.432878923175,0.3039655046277,9.432878923175,0.3039655046277,-0.8689691683868,-0.02224529250207,0.8689903542413,0.0213104703408
52.48074602498,9.433086998688,0.3000489067486,9.433086998688,0.3000489067486,-0.8689832109957,-0.02196948438009,0.8690043503489,0.02102382332512
53.0884444231,9.433290327341,0.2961718257258,9.433290327341,0.2961718257258,-0.8689969333164,-0.02169657141413,0.8690180250677,0.02073994612224
53.70317963703,9.433489016488,0.2923337562782,9.433489016488,0.2923337562782,-0.8690103425945,-0.02142651800209,0.8690313856183,0.02045880167687
54.32503314924,9.43368317104,0.2885341980036,9.43368317104,0.2885341980036,-0.869023445911,-0.0211592889015,0.8690444390559,0.02018035327662
54.95408738576,9.433872893527,0.2847726553224,9.433872893527,0.2847726553224,-0.8690362501863,-0.02089484922555,0.8690571922742,0.01990456454769
55.59042572704,9.434058284147,0.281048637421,9.434058284147,0.281048637421,-0.869048762183,-0.02063316443907,0.8690696520089,0.01963139945076
56.23413251904,9.434239440818,0.2773616581965,9.434239440818,0.2773616581965,-0.8690609885103,-0.02037420035455,0.8690818248415,0.01936082227679
56.88529308439,9.434416459229,0.2737112362009,9.434416459229,0.2737112362009,-0.8690729356269,-0.02011792312823,0.8690937172023,0.01909279764288
57.54399373372,9.434589432894,0.270096894586,9.434589432894,0.270096894586,-0.8690846098444,-0.01986429925618,0.8691053353738,0.01882729048815
58.21032177709,9.434758453197,0.2665181610485,9.434758453197,0.2665181610485,-0.869096017331,-0.01961329557041,0.8691166854946,0.01856426606966
58.88436553556,9.434923609438,0.2629745677751,9.434923609438,0.2629745677751,-0.8691071641142,-0.01936487923498,0.8691277735618,0.01830368995833
59.5662143529,9.435084988887,0.259465651389,9.435084988887,0.259465651389,-0.8691180560844,-0.0191190177422,0.8691386054345,0.01804552803488
60.25595860744,9.43524267682,0.2559909528952,9.43524267682,0.2559909528952,-0.8691286989977,-0.01887567890882,0.8691491868371,0.01778974648583
60.95368972402,9.435396756573,0.2525500176274,9.435396756573,0.2525500176274,-0.869139098479,-0.01863483087221,0.8691595233618,0.01753631179948
61.65950018615,9.435547309579,0.2491423951946,9.435547309579,0.2491423951946,-0.869149260025,-0.01839644208662,0.8691696204719,0.01728519076194
62.37348354824,9.435694415412,0.2457676394282,9.435694415412,0.2457676394282,-0.8691591890069,-0.01816048131948,0.8691794835045,0.01703635045318
63.09573444802,9.435838151832,0.2424253083292,9.435838151832,0.2424253083292,-0.8691688906734,-0.01792691764762,0.8691891176733,0.0167897582431
63.82634861906,9.435978594822,0.2391149640163,9.435978594822,0.2391149640163,-0.8691783701534,-0.01769572045368,0.8691985280715,0.01654538178762
64.56542290347,9.436115818628,0.2358361726736,9.436115818628,0.2358361726736,-0.8691876324587,-0.01746685942238,0.8692077196742,0.01630318902481
65.31305526475,9.4362498958,0.2325885044995,9.4362498958,0.2325885044995,-0.8691966824865,-0.01724030453694,0.8692166973411,0.016063148171
66.06934480076,9.436380897229,0.2293715336547,9.436380897229,0.2293715336547,-0.8692055250222,-0.01701602607548,0.8692254658192,0.015825227717
66.83439175686,9.436508892185,0.2261848382118,9.436508892185,0.2261848382118,-0.8692141647417,-0.0167939946074,0.8692340297451,0.01558939642423
67.6082975392,9.43663394835,0.2230280001047,9.43663394835,0.2230280001047,-0.8692226062139,-0.01657418098989,0.8692423936476,0.015355623321
68.39116472814,9.436756131859,0.2199006050781,9.436756131859,0.2199006050781,-0.8692308539031,-0.01635655636436,0.86925056195,0.01512387769866
69.1830970919,9.436875507328,0.2168022426375,9.436875507328,0.2168022426375,-0.8692389121715,-0.016141092153,0.8692585389722,0.01489412910795
69.98419960023,9.436992137895,0.213732506,9.436992137895,0.213732506,-0.8692467852812,-0.01592776005524,0.8692663289333,0.01466634735521
70.79457843842,9.437106085249,0.2106909920445,9.437106085249,0.2106909920445,-0.8692544773967,-0.01571653204437,0.8692739359537,0.01444050249874
71.61434102129,9.43721740966,0.2076773012633,9.43721740966,0.2076773012633,-0.869261992587,-0.0155073803641,0.8692813640573,0.01421656484509
72.4435960075,9.437326170019,0.2046910377129,9.437326170019,0.2046910377129,-0.8692693348276,-0.01530027752514,0.8692886171734,0.01399450494544
73.28245331389,9.437432423859,0.2017318089662,9.437432423859,0.2017318089662,-0.8692765080028,-0.01509519630188,0.8692956991391,0.01377429359196
74.13102413009,9.437536227393,0.1987992260641,9.437536227393,0.1987992260641,-0.8692835159077,-0.01489210972903,0.8693026137011,0.01355590181419
74.98942093325,9.437637635538,0.1958929034681,9.437637635538,0.1958929034681,-0.86929036225,-0.01469099109829,0.8693093645176,0.01333930087552
75.85775750292,9.437736701949,0.1930124590132,9.437736701949,0.1930124590132,-0.8692970506523,-0.01449181395509,0.8693159551605,0.01312446226955
76.73614893618,9.437833479042,0.1901575138602,9.437833479042,0.1901575138602,-0.8693035846534,-0.0142945520953,0.869322389117,0.01291135771663
77.62471166287,9.437928018026,0.1873276924496,9.437928018026,0.1873276924496,-0.8693099677111,-0.014099179562,0.8693286697915,0.01269995916027
78.52356346101,9.438020368927,0.1845226224553,9.438020368927,0.1845226224553,-0.8693162032031,-0.01390567064227,0.8693348005077,0.01249023876374
79.43282347243,9.438110580615,0.1817419347378,9.438110580615,0.1817419347378,-0.8693222944292,-0.013713999864,0.8693407845097,0.0122821689065
80.35261221856,9.438198700831,0.1789852632994,9.438198700831,0.1789852632994,-0.8693282446131,-0.0135241419927,0.8693466249645,0.01207572218084
81.28305161641,9.438284776211,0.1762522452378,9.438284776211,0.1762522452378,-0.8693340569039,-0.01333607202842,0.8693523249629,0.01187087138837
82.22426499471,9.43836885231,0.1735425207019,9.43836885231,0.1735425207019,-0.8693397343779,-0.01314976520255,0.8693578875217,0.01166758953668
83.17637711027,9.438450973627,0.1708557328463,9.438450973627,0.1708557328463,-0.8693452800402,-0.01296519697479,0.8693633155851,0.01146584983592
84.13951416452,9.438531183629,0.1681915277868,9.438531183629,0.1681915277868,-0.8693506968262,-0.01278234303006,0.869368612026,0.01126562569542
85.11380382024,9.438609524771,0.1655495545569,9.438609524771,0.1655495545569,-0.8693559876031,-0.01260117927545,0.8693737796479,0.01106689072039
86.09937521846,9.438686038523,0.1629294650626,9.438686038523,0.1629294650626,-0.8693611551716,-0.01242168183722,0.8693788211863,0.01086961870855
87.09635899561,9.438760765387,0.16033091404,9.438760765387,0.16033091404,-0.8693662022673,-0.01224382705776,0.8693837393099,0.01067378364683
88.1048873008,9.438833744921,0.1577535590113,9.438833744921,0.1577535590113,-0.8693711315621,-0.01206759149266,0.8693885366221,0.01047935970811
89.12509381338,9.43890501576,0.1551970602416,9.43890501576,0.1551970602416,-0.8693759456656,-0.01189295190772,0.8693932156627,0.01028632124792
90.1571137606,9.438974615636,0.1526610806967,9.438974615636,0.1526610806967,-0.8693806471264,-0.01171988527605,0.8693977789087,0.01009464280122
91.20108393559,9.439042581396,0.1501452860001,9.439042581396,0.1501452860001,-0.8693852384339,-0.01154836877515,0.869402228776,0.009904299079138
92.25714271548,9.439108949025,0.147649344391,9.439108949025,0.147649344391,-0.8693897220188,-0.01137837978401,0.8694065676205,0.009715264965784
93.3254300797,9.439173753661,0.1451729266822,9.439173753661,0.1451729266822,-0.8693941002551,-0.01120989588028,0.8694107977395,0.009527515515045
94.40608762859,9.439237029618,0.1427157062187,9.439237029618,0.1427157062187,-0.8693983754612,-0.01104289483738,0.8694149213727,0.009341025947415
95.49925860215,9.439298810399,0.140277358836,9.439298810399,0.140277358836,-0.8694025499007,-0.01087735462174,0.8694189407034,0.009155771646833
96.60508789898,9.439359128718,0.1378575628191,9.439359128718,0.1378575628191,-0.8694066257841,-0.01071325338994,0.86942285786,0.008971728157542
97.72372209558,9.439418016514,0.1354559988617,9.439418016514,0.1354559988617,-0.8694106052698,-0.01055056948598,0.8694266749165,0.008788871180973
98.8553094657,9.439475504972,0.1330723500255,9.439475504972,0.1330723500255,-0.8694144904651,-0.01038928143851,0.8694303938943,0.00860717657263
100.0,9.439531624535,0.1307063016997,9.439531624535,0.1307063016997,-0.8694182834276,-0.01022936795807,0.8694340167626,0.008426620339006
101.157945426,9.439586404921,0.1283575415613,9.439586404921,0.1283575415613,-0.8694219861658,-0.01007080793441,0.8694375454401,0.008247178634508
102.3292992281,9.439639875141,0.1260257595346,9.439639875141,0.1260257595346,-0.8694256006408,-0.009913580433752,0.8694409817953,0.0080688277584
103.5142166679,9.439692063514,0.1237106477524,9.439692063514,0.1237106477524,-0.8694291287668,-0.009757664696174,0.8694443276482,0.007891544151761
104.7128548051,9.439742997678,0.1214119005159,9.439742997678,0.1214119005159,-0.8694325724123,-0.009603040132896,0.8694475847705,0.007715304394462
105.9253725177,9.439792704609,0.119129214256,9.439792704609,0.119129214256,-0.8694359334014,-0.009449686323675,0.8694507548874,0.007540085202151
107.1519305238,9.439841210634,0.1168622874942,9.439841210634,0.1168622874942,-0.8694392135141,-0.00929758301418,0.8694538396778,0.00736586342326
108.3926914021,9.439888541444,0.1146108208042,9.439888541444,0.1146108208042,-0.8694424144878,-0.00914671011339,0.8694568407755,0.007192616036022
109.6478196143,9.439934722108,0.1123745167729,9.439934722108,0.1123745167729,-0.8694455380179,-0.008997047691023,0.8694597597699,0.007020320145509
110.9174815262,9.439979777087,0.110153079963,9.439979777087,0.110153079963,-0.8694485857589,-0.008848575974967,0.8694625982071,0.006848952980672
112.2018454302,9.440023730245,0.1079462168744,9.440023730245,0.1079462168744,-0.8694515593252,-0.008701275348741,0.8694653575905,0.006678491891407
113.5010815672,9.440066604864,0.1057536359064,9.440066604864,0.1057536359064,-0.8694544602919,-0.00855512634897,0.8694680393817,0.006508914345631
114.8153621497,9.440108423656,0.1035750473206,9.440108423656,0.1035750473206,-0.8694572901958,-0.008410109662878,0.8694706450012,0.006340197926363
116.144861384,9.440149208771,0.1014101632034,9.440149208771,0.1014101632034,-0.8694600505358,-0.008266206125798,0.8694731758291,0.006172320328831
117.489755494,9.440188981815,0.09925869742832,9.440188981815,0.09925869742832,-0.8694627427743,-0.008123396718699,0.869475633206,0.006005259357583
118.8502227437,9.440227763858,0.09712036561993,9.440227763858,0.09712036561993,-0.8694653683374,-0.007981662565732,0.8694780184337,0.00583899292361
120.2264434617,9.440265575443,0.09499488511646,9.440265575443,0.09499488511646,-0.8694679286161,-0.007840984931794,0.8694803327755,0.005673499041488
121.6186000646,9.440302436602,0.0928819749335,9.440302436602,0.0928819749335,-0.8694704249667,-0.007701345220101,0.8694825774575,0.005508755826522
123.0268770812,9.440338366863,0.09078135572762,9.440338366863,0.09078135572762,-0.8694728587117,-0.007562724969786,0.8694847536687,0.005344741491912
124.4514611771,9.440373385259,0.08869274976012,9.440373385259,0.08869274976012,-0.8694752311405,-0.007425105853509,0.8694868625619,0.005181434345917
125.8925411794,9.440407510344,0.08661588086128,9.440407510344,0.08661588086128,-0.86947754351,-0.007288469675083,0.8694889052545,0.005018812789047
127.3503081017,9.440440760197,0.08455047439424,9.440440760197,0.08455047439424,-0.8694797970453,-0.007152798367114,0.8694908828283,0.004856855311245
128.8249551693,9.440473152432,0.08249625721954,9.440473152432,0.08249625721954,-0.8694819929404,-0.007018073988663,0.8694927963312,0.004695540489098
130.3166778452,9.440504704213,0.08045295765976,9.440504704213,0.08045295765976,-0.8694841323585,-0.006884278722912,0.8694946467768,0.004534846983046
131.8256738556,9.440535432254,0.078420305464,9.440535432254,0.078420305464,-0.8694862164334,-0.006751394874857,0.8694964351455,0.004374753534605
133.3521432163,9.440565352838,0.0763980317729,9.440565352838,0.0763980317729,-0.8694882462692,-0.006619404869004,0.8694981623846,0.004215238963598
134.8962882592,9.440594481817,0.07438586908374,9.440594481817,0.07438586908374,-0.8694902229414,-0.006488291247089,0.8694998294093,0.004056282165395
136.4583136589,9.440622834623,0.07238355121545,9.440622834623,0.07238355121545,-0.8694921474973,-0.006358036665805,0.8695014371027,0.003897862108163
138.0384264603,9.440650426281,0.07039081327411,9.440650426281,0.07039081327411,-0.8694940209566,-0.006228623894549,0.8695029863166,0.003739957830122
139.6368361056,9.440677271409,0.06840739161836,9.440677271409,0.06840739161836,-0.8694958443122,-0.006100035813175,0.8695044778717,0.003582548436813
141.2537544623,9.440703384231,0.06643302382509,9.440703384231,0.06643302382509,-0.86949761853,-0.005972255409768,0.8695059125584,0.003425613098366
142.8893958511,9.440728778584,0.06446744865535,9.440728778584,0.06446744865535,-0.8694993445502,-0.005845265778425,0.8695072911366,0.003269131046784
144.5439770746,9.440753467923,0.06251040601994,9.440753467923,0.06251040601994,-0.8695010232875,-0.005719050117055,0.8695086143368,0.00311308157323
146.2177174457,9.440777465331,0.0605616369457,9.440777465331,0.0605616369457,-0.8695026556312,-0.005593591725182,0.8695098828601,0.00295744402532
147.9108388168,9.440800783523,0.05862088354183,9.440800783523,0.05862088354183,-0.8695042424465,-0.005468874001774,0.8695110973785,0.002802197804422
149.6235656094,9.440823434856,0.05668788896581,9.440823434856,0.05668788896581,-0.8695057845742,-0.00534488044307,0.8695122585355,0.002647322362967
151.3561248436,9.440845431332,0.05476239739026,9.440845431332,0.05476239739026,-0.8695072828315,-0.005221594640426,0.8695133669463,0.002492797201757
153.1087461682,9.440866784607,0.05284415396908,9.440866784607,0.05284415396908,-0.8695087380122,-0.005099000278177,0.8695144231983,0.002338601867285
154.8816618913,9.440887505997,0.05093290480457,9.440887505997,0.05093290480457,-0.8695101508876,-0.004977081131497,0.869515427851,0.002184715949058
156.6751070108,9.440907606481,0.04902839691384,9.440907606481,0.04902839691384,-0.8695115222064,-0.004855821064286,0.8695163814367,0.002031119076925
158.4893192461,9.440927096711,0.0471303781958,9.440927096711,0.0471303781958,-0.8695128526952,-0.004735204027053,0.8695172844607,0.001877790918407
160.324539069,9.440945987016,0.04523859739828,9.440945987016,0.04523859739828,-0.8695141430591,-0.004615214054822,0.8695181374014,0.001724711176038
162.1810097359,9.440964287405,0.04335280408494,9.440964287405,0.04335280408494,-0.8695153939819,-0.00449583526504,0.8695189407108,0.001571859584703
164.05897732,9.440982007577,0.04147274860253,9.440982007577,0.04147274860253,-0.8695166061267,-0.004377051855499,0.8695196948144,0.00141921590898
165.9586907438,9.440999156922,0.03959818204824,9.440999156922,0.03959818204824,-0.8695177801356,-0.004258848102267,0.8695204001118,0.001266759940494
167.8804018123,9.441015744527,0.03772885623686,9.441015744527,0.03772885623686,-0.869518916631,-0.004141208357625,0.8695210569768,0.00111447149526
169.8243652462,9.441031779184,0.03586452366849,9.441031779184,0.03586452366849,-0.869520016215,-0.004024117048025,0.8695216657572,0.0009623304110424
171.7908387158,9.44104726939,0.03400493749579,9.44104726939,0.03400493749579,-0.8695210794705,-0.00390755867204,0.8695222267757,0.0008103165447056
173.7800828749,9.441062223353,0.03214985149179,9.441062223353,0.03214985149179,-0.8695221069609,-0.003791517798337,0.8695227403295,0.0006584097695746
175.7923613959,9.441076648999,0.0302990200175,9.441076648999,0.0302990200175,-0.8695230992307,-0.003675979063652,0.8695232066907,0.0005065899727931
177.8279410039,9.441090553972,0.02845219798962,9.441090553972,0.02845219798962,-0.8695240568059,-0.003560927170775,0.8695236261064,0.0003548370526838
179.8870915129,9.44110394564,0.02660914084832,9.44110394564,0.02660914084832,-0.8695249801938,-0.003446346886543,0.8695239987987,0.0002031309161105
181.970085861,9.441116831102,0.02476960452518,9.441116831102,0.02476960452518,-0.869525869884,-0.003332223039841,0.8695243249651,5.145147584027e-05
184.0772001469,9.441129217185,0.02293334541106,9.441129217185,0.02293334541106,-0.8695267263479,-0.003218540519611,0.8695246047784,-0.0001002213520936
186.2087136663,9.441141110454,0.02110012032414,9.441141110454,0.02110012032414,-0.8695275500394,-0.003105284272867,0.8695248383868,-0.0002519076510289
188.364908949,9.441152517211,0.01926968647778,9.441152517211,0.01926968647778,-0.8695283413951,-0.00299243930272,0.869525025914,-0.0004036275063117
190.5460717963,9.441163443502,0.01744180144874,9.441163443502,0.01744180144874,-0.8695291008344,-0.002879990666407,0.8695251674593,-0.0005554010079341
192.7524913191,9.441173895117,0.01561622314528,9.441173895117,0.01561622314528,-0.8695298287598,-0.002767923473325,0.8695252630978,-0.0007072482531731
194.9844599758,9.441183877594,0.01379270977516,9.441183877594,0.01379270977516,-0.8695305255571,-0.002656222883082,0.8695253128799,-0.0008591893492303
197.2422736115,9.441193396224,0.01197101981396,9.441193396224,0.01197101981396,-0.8695311915955,-0.002544874103538,0.869525316832,-0.001011244415873
199.5262314969,9.441202456052,0.0101509119732,9.441202456052,0.0101509119732,-0.8695318272282,-0.002433862388868,0.8695252749562,-0.001163433588079
201.8366363682,9.441211061879,0.008332145168699,9.441211061879,0.008332145168699,-0.8695324327919,-0.002323173037618,0.8695251872301,-0.001315777018679
204.173794467,9.441219218264,0.006514478488547,9.441219218264,0.006514478488547,-0.8695330086076,-0.002212791390772,0.8695250536073,-0.001468294881006
206.5380155811,9.441226929532,0.00469767116156,9.441226929532,0.00469767116156,-0.8695335549806,-0.002102702829831,0.8695248740168,-0.001621007371546
208.9296130854,9.441234199767,0.002881482525687,9.441234199767,0.002881482525687,-0.8695340722003,-0.00199289277488,0.8695246483633,-0.001773934712593
211.3489039837,9.441241032823,0.001065671995986,9.441241032823,0.001065671995986,-0.869534560541,-0.001883346682678,0.8695243765273,-0.001927097154903
213.7962089502,9.441247432321,-0.0007500009668752,9.441247432321,-0.0007500009668752,-0.8695350202615,-0.001774050044742,0.8695240583646,-0.002080514980357
216.2718523727,9.441253401653,-0.00256577688845,9.441253401653,-0.00256577688845,-0.8695354516054,-0.001664988385435,0.8695236937064,-0.002234208504624
218.776162395,9.44125894398,-0.004381896312099,9.44125894398,-0.004381896312099,-0.8695358548013,-0.001556147260067,0.8695232823595,-0.002388198079833
221.3094709606,9.441264062241,-0.006198599830802,9.441264062241,-0.006198599830802,-0.869536230063,-0.001447512252988,0.8695228241058,-0.002542504097245
223.8721138568,9.441268759147,-0.008016128118909,9.441268759147,-0.00801612811891,-0.8695365775893,-0.001339068975695,0.8695223187024,-0.002697146989934
226.4644307593,9.441273037186,-0.009834721963782,9.441273037186,-0.009834721963782,-0.8695368975644,-0.001230803064934,0.8695217658813,-0.002852147235469
229.0867652768,9.441276898627,-0.01165462229773,9.441276898627,-0.01165462229773,-0.869537190158,-0.001122700180812,0.8695211653494,-0.003007525358606
231.7394649969,9.441280345514,-0.01347607022961,9.441280345514,-0.01347607022961,-0.8695374555251,-0.001014746004908,0.8695205167885,-0.003163301933984
234.422881532,9.441283379673,-0.01529930707676,9.441283379673,-0.01529930707676,-0.8695376938064,-0.000906926238386,0.8695198198548,-0.003319497588826
237.1373705662,9.441286002712,-0.01712457439685,9.441286002712,-0.01712457439685,-0.8695379051281,-0.0007992266001161,0.8695190741787,-0.003476133005653
239.883291902,9.441288216021,-0.0189521140198,9.441288216021,-0.0189521140198,-0.8695380896023,-0.0006916328247894,0.8695182793652,-0.003633228924993
242.6610095082,9.441290020771,-0.02078216807958,9.441290020771,-0.02078216807958,-0.8695382473267,-0.0005841306610416,0.8695174349928,-0.003790806148112
245.4708915685,9.441291417918,-0.02261497904623,9.441291417918,-0.02261497904623,-0.869538378385,-0.0004767058695758,0.8695165406139,-0.00394888553974
248.3133105296,9.441292408202,-0.02445078975797,9.441292408202,-0.02445078975797,-0.8695384828465,-0.0003693442212865,0.8695155957546,-0.004107488030814
251.188643151,9.441292992146,-0.02628984345315,9.441292992146,-0.02628984345315,-0.8695385607668,-0.0002620314953857,0.869514599914,-0.004266634621223
254.0972705549,9.441293170059,-0.02813238380252,9.441293170059,-0.02813238380252,-0.869538612187,-0.0001547534775299,0.8695135525643,-0.004426346382567
257.0395782769,9.441292942034,-0.02997865494116,9.441292942034,-0.02997865494116,-0.8695386371345,-4.74959579473e-05,0.8695124531502,-0.004586644460921
260.0159563165,9.441292307948,-0.03182890150115,9.441292307948,-0.03182890150115,-0.8695386356224,5.975527043354e-05,0.8695113010892,-0.004747550079609
263.0267991895,9.441291267466,-0.03368336864332,9.441291267466,-0.03368336864332,-0.8695386076499,0.0001670144138554,0.8695100957705,-0.004909084541991
266.0725059799,9.441289820032,-0.03554230209021,9.441289820032,-0.03554230209021,-0.8695385532023,0.0002742956796038,0.8695088365554,-0.005071269234255
269.1534803927,9.44128796488,-0.03740594815816,9.44128796488,-0.03740594815816,-0.8695384722506,0.0003816132778781,0.8695075227764,-0.005234125628223
272.2701308078,9.441285701025,-0.03927455378998,9.441285701025,-0.03927455378998,-0.8695383647521,0.0004889814236638,0.8695061537371,-0.005397675284167
275.4228703338,9.441283027264,-0.04114836658764,9.441283027264,-0.04114836658764,-0.8695382306495,0.0005964143386047,0.869504728712,-0.005561939853634
278.612116863,9.44127994218,-0.04302763484506,9.44127994218,-0.04302763484506,-0.869538069872,0.0007039262528763,0.8695032469458,-0.005726941082286
281.8382931265,9.441276444135,-0.04491260758043,9.441276444135,-0.04491260758043,-0.8695378823343,0.00081153140706,0.8695017076532,-0.005892700812748
285.1018267504,9.441272531274,-0.04680353456997,9.441272531274,-0.04680353456997,-0.8695376679369,0.0009192440540189,0.8695001100183,-0.006059240987471
288.4031503127,9.441268201521,-0.04870066638018,9.441268201521,-0.04870066638018,-0.8695374265663,0.001027078460775,0.8694984531943,-0.006226583651605
291.7427014001,9.44126345258,-0.05060425440135,9.44126345258,-0.05060425440135,-0.8695371580946,0.001135048910387,0.8694967363032,-0.006394750955887
295.1209226666,9.44125828193,-0.05251455088074,9.44125828193,-0.05251455088074,-0.8695368623793,0.001243169703835,0.8694949584351,-0.006563765159537
298.5382618918,9.44125268683,-0.05443180895596,9.44125268683,-0.05443180895596,-0.8695365392638,0.001351455161897,0.8694931186476,-0.006733648633178
301.9951720402,9.441246664312,-0.05635628268823,9.441246664312,-0.05635628268823,-0.8695361885769,0.001459919627043,0.8694912159658,-0.006904423861759
305.4921113216,9.441240211182,-0.05828822709615,9.441240211182,-0.05828822709615,-0.8695358101326,0.001568577465314,0.8694892493813,-0.007076113447493
309.0295432514,9.441233324016,-0.06022789818958,9.441233324016,-0.06022789818958,-0.8695354037303,0.001677443068223,0.8694872178517,-0.00724874011282
312.6079367124,9.441225999164,-0.06217555300314,9.441225999164,-0.06217555300314,-0.8695349691547,0.001786530854642,0.8694851203006,-0.007422326703371
316.2277660168,9.441218232738,-0.06413144963046,9.441218232738,-0.06413144963046,-0.8695345061755,0.001895855272703,0.8694829556162,-0.007596896190956
319.8895109692,9.441210020621,-0.06609584725815,9.441210020621,-0.06609584725815,-0.8695340145472,0.002005430801699,0.8694807226514,-0.007772471676565
323.5936569296,9.441201358457,-0.06806900620022,9.441201358457,-0.06806900620022,-0.8695334940093,0.002115271953991,0.8694784202227,-0.007949076393385
327.3406948788,9.441192241652,-0.07005118793228,9.441192241652,-0.07005118793228,-0.8695329442859,0.002225393276915,0.8694760471101,-0.00812673370983
331.1311214826,9.441182665371,-0.0720426551266,9.441182665371,-0.0720426551266,-0.8695323650856,0.002335809354697,0.8694736020559,-0.008305467132594
334.9654391578,9.441172624536,-0.07404367168609,9.441172624536,-0.07404367168609,-0.8695317561014,0.002446534810373,0.8694710837643,-0.008485300309715
338.8441561392,9.441162113821,-0.07605450278009,9.441162113821,-0.07605450278009,-0.8695311170107,0.002557584307709,0.869468490901,-0.008666257033659
342.7677865465,9.441151127652,-0.07807541487869,9.441151127652,-0.07807541487869,-0.8695304474746,0.002668972553135,0.8694658220917,-0.008848361244423
346.7368504525,9.441139660203,-0.08010667578837,9.441139660203,-0.08010667578837,-0.8695297471383,0.002780714297671,0.8694630759223,-0.009031637032648
350.7518739526,9.441127705392,-0.08214855468745,9.441127705392,-0.08214855468745,-0.8695290156306,0.002892824338873,0.8694602509375,-0.009216108642762
354.8133892336,9.44111525688,-0.08420132216123,9.44111525688,-0.08420132216123,-0.8695282525638,0.003005317522776,0.8694573456404,-0.009401800476135
358.921934645,9.441102308064,-0.08626525023845,9.441102308064,-0.08626525023845,-0.8695274575336,0.003118208745843,0.8694543584914,-0.00958873709425
363.0780547701,9.441088852077,-0.08834061242712,9.441088852077,-0.08834061242712,-0.8695266301185,0.003231512956925,0.8694512879076,-0.009776943221898
367.2823004981,9.441074881783,-0.09042768374985,9.441074881783,-0.09042768374985,-0.86952576988,0.003345245159225,0.8694481322619,-0.009966443750396
371.5352290972,9.441060389774,-0.09252674078157,9.441060389774,-0.09252674078157,-0.8695248763623,0.003459420412264,0.8694448898822,-0.01015726374081
375.8374042885,9.441045368364,-0.09463806168514,9.441045368364,-0.09463806168514,-0.8695239490917,0.003574053833866,0.8694415590504,-0.01034942842723
380.1893963206,9.441029809586,-0.09676192624839,9.441029809586,-0.09676192624839,-0.8695229875768,0.003689160602137,0.8694381380017,-0.01054296322002
384.5917820454,9.441013705189,-0.09889861592133,9.441013705189,-0.09889861592133,-0.8695219913081,0.00380475595746,0.8694346249233,-0.01073789370911
389.0451449943,9.440997046634,-0.1010484138533,9.440997046634,-0.1010484138533,-0.8695209597576,0.003920855204492,0.8694310179538,-0.01093424566736
393.5500754558,9.440979825084,-0.1032116049301,9.440979825084,-0.1032116049301,-0.8695198923785,0.004037473714176,0.8694273151821,-0.01113204505384
398.1071705535,9.440962031408,-0.1053884758121,9.440962031408,-0.1053884758121,-0.8695187886053,0.004154626925755,0.8694235146462,-0.01133131801723
402.7170343255,9.440943656168,-0.1075793149721,9.440943656168,-0.1075793149721,-0.8695176478528,0.004272330348795,0.8694196143325,-0.01153209089917
407.3802778041,9.44092468962,-0.1097844127329,9.44092468962,-0.1097844127329,-0.8695164695167,0.004390599565221,0.8694156121744,-0.01173439023772
412.0975190973,9.440905121705,-0.1120040613067,9.440905121705,-0.1120040613067,-0.8695152529724,0.004509450231357,0.8694115060517,-0.01193824277071
416.8693834704,9.440884942046,-0.1142385548329,9.440884942046,-0.1142385548329,-0.8695139975753,0.004628898079979,0.8694072937887,-0.01214367543928
421.6965034286,9.44086413994,-0.1164881894175,9.44086413994,-0.1164881894175,-0.8695127026599,0.004748958922374,0.8694029731539,-0.01235071539129
426.5795188016,9.440842704356,-0.1187532631717,9.440842704356,-0.1187532631717,-0.8695113675402,0.004869648650411,0.8693985418582,-0.01255938998484
431.5190768278,9.440820623925,-0.1210340762522,9.440820623925,-0.1210340762522,-0.8695099915086,0.004990983238619,0.869393997554,-0.01276972679183
436.5158322402,9.440797886938,-0.1233309309,9.440797886938,-0.1233309309,-0.8695085738359,0.005112978746283,0.8693893378337,-0.01298175360144
441.5704473533,9.440774481335,-0.1256441314808,9.440774481335,-0.1256441314808,-0.8695071137708,0.005235651319539,0.8693845602288,-0.01319549842378
446.683592151,9.440750394704,-0.1279739845256,9.440750394704,-0.1279739845256,-0.8695056105396,0.005359017193486,0.8693796622085,-0.01341098949344
451.8559443749,9.440725614272,-0.1303207987702,9.440725614272,-0.1303207987702,-0.8695040633458,0.005483092694312,0.8693746411778,-0.01362825527312
457.0881896149,9.440700126894,-0.1326848851972,9.440700126894,-0.1326848851972,-0.8695024713695,0.005607894241421,0.8693694944771,-0.01384732445732
462.3810213993,9.440673919055,-0.1350665570762,9.440673919055,-0.1350665570762,-0.869500833767,0.005733438349585,0.86936421938,-0.01406822597598
467.7351412872,9.440646976856,-0.137466130006,9.440646976856,-0.137466130006,-0.8694991496706,0.005859741631093,0.8693588130921,-0.01429098899822
473.1512589615,9.440619286006,-0.1398839219553,9.440619286006,-0.1398839219553,-0.869497418188,0.005986820797925,0.8693532727498,-0.01451564293603
478.6300923227,9.44059083182,-0.1423202533062,9.44059083182,-0.1423202533062,-0.8694956384017,0.006114692663927,0.8693475954184,-0.01474221744808
484.1723675841,9.440561599208,-0.144775446895,9.440561599208,-0.144775446895,-0.8694938093685,0.006243374147007,0.8693417780906,-0.01497074244348
489.7788193685,9.440531572665,-0.1472498280558,9.440531572665,-0.1472498280558,-0.8694919301194,0.00637288227134,0.8693358176852,-0.01520124808559
495.4501908048,9.440500736267,-0.1497437246635,9.440500736267,-0.1497437246635,-0.8694899996585,0.006503234169583,0.8693297110452,-0.01543376479591
501.1872336273,9.440469073659,-0.1522574671768,9.440469073659,-0.1522574671768,-0.8694880169631,0.00663444708511,0.8693234549364,-0.0156683232579
506.9907082747,9.440436568048,-0.1547913886817,9.440436568048,-0.1547913886817,-0.8694859809826,0.006766538374251,0.8693170460451,-0.01590495442093
512.8613839914,9.440403202194,-0.1573458249362,9.440403202194,-0.1573458249362,-0.8694838906383,0.006899525508557,0.8693104809771,-0.01614368950418
518.800038929,9.4403689584,-0.1599211144143,9.4403689584,-0.1599211144143,-0.8694817448225,0.007033426077064,0.8693037562556,-0.01638456000064
524.8074602498,9.440333818505,-0.1625175983505,9.440333818505,-0.1625175983505,-0.8694795423985,0.007168257788585,0.8692968683191,-0.01662759768105
530.884444231,9.440297763871,-0.1651356207855,9.440297763871,-0.1651356207855,-0.8694772821993,0.007304038474007,0.86928981352,-0.016872834598
537.0317963703,9.440260775376,-0.1677755286107,9.440260775376,-0.1677755286107,-0.8694749630274,0.007440786088606,0.8692825881222,-0.01712030308991
543.2503314925,9.4402228334,-0.1704376716152,9.4402228334,-0.1704376716152,-0.8694725836541,0.007578518714379,0.8692751882995,-0.01737003578517
549.5408738576,9.44018391782,-0.1731224025311,9.44018391782,-0.1731224025311,-0.869470142819,0.007717254562382,0.8692676101335,-0.01762206560623
555.9042572704,9.440144007996,-0.1758300770803,9.440144007996,-0.1758300770803,-0.8694676392287,0.0078570119751,0.8692598496113,-0.01787642577377
562.3413251904,9.440103082758,-0.1785610540217,9.440103082758,-0.1785610540217,-0.8694650715571,0.007997809428813,0.8692519026238,-0.01813314981087
568.8529308439,9.440061120401,-0.1813156951989,9.440061120401,-0.1813156951989,-0.8694624384438,0.008139665535993,0.8692437649629,-0.01839227154722
575.4399373372,9.440018098668,-0.1840943655869,9.440018098668,-0.1840943655869,-0.869459738494,0.00828259904771,0.8692354323202,-0.01865382512339
582.1032177709,9.439973994738,-0.1868974333413,9.439973994738,-0.1868974333413,-0.8694569702773,0.008426628856054,0.8692269002838,-0.01891784499507
588.8436553556,9.439928785219,-0.1897252698467,9.439928785219,-0.1897252698467,-0.8694541323273,0.008571773996577,0.8692181643364,-0.01918436593742
595.662143529,9.439882446131,-0.1925782497655,9.439882446131,-0.1925782497655,-0.8694512231407,0.008718053650751,0.8692092198532,-0.01945342304942
602.5595860744,9.439834952894,-0.1954567510873,9.439834952894,-0.1954567510873,-0.8694482411764,0.00886548714844,0.8692000620988,-0.01972505175821
609.5368972402,9.439786280317,-0.1983611551794,9.439786280317,-0.1983611551794,-0.8694451848549,0.009014093970392,0.8691906862253,-0.01999928782356
616.5950018615,9.439736402583,-0.2012918468363,9.439736402583,-0.2012918468363,-0.8694420525573,0.009163893750748,0.8691810872694,-0.02027616734226
623.7348354824,9.439685293234,-0.2042492143312,9.439685293234,-0.2042492143312,-0.8694388426243,0.009314906279572,0.8691712601498,-0.02055572675265
630.9573444802,9.439632925159,-0.207233649467,9.439632925159,-0.207233649467,-0.8694355533559,0.009467151505389,0.8691611996649,-0.02083800283912
638.2634861906,9.439579270581,-0.2102455476274,9.439579270581,-0.2102455476274,-0.8694321830099,0.009620649537753,0.8691509004896,-0.02112303273667
645.6542290347,9.439524301038,-0.2132853078303,9.439524301038,-0.2132853078303,-0.869428729801,0.009775420649831,0.8691403571726,-0.02141085393547
653.1305526475,9.439467987371,-0.2163533327794,9.439467987371,-0.2163533327794,-0.8694251919005,0.009931485280996,0.8691295641336,-0.02170150428553
660.6934480076,9.439410299709,-0.2194500289178,9.439410299709,-0.2194500289178,-0.8694215674345,0.01008886403945,0.8691185156606,-0.02199502200133
668.3439175686,9.439351207449,-0.2225758064814,9.439351207449,-0.2225758064814,-0.8694178544835,0.01024757770487,0.8691072059065,-0.02229144566652
676.082975392,9.439290679244,-0.2257310795534,9.439290679244,-0.2257310795534,-0.8694140510811,0.01040764723106,0.8690956288861,-0.02259081423865
683.9116472815,9.439228682986,-0.2289162661179,9.439228682986,-0.2289162661179,-0.8694101552132,0.01056909374861,0.8690837784732,-0.02289316705396
691.830970919,9.439165185787,-0.2321317881165,9.439165185787,-0.2321317881165,-0.8694061648165,0.01073193856764,0.8690716483971,-0.02319854383213
699.8419960023,9.439100153962,-0.2353780715027,9.439100153962,-0.2353780715027,-0.869402077778,0.01089620318046,0.8690592322394,-0.02350698468118
707.9457843842,9.439033553012,-0.2386555462985,9.439033553012,-0.2386555462985,-0.8693978919334,0.01106190926437,0.8690465234307,-0.02381853010232
716.1434102129,9.438965347604,-0.2419646466514,9.438965347604,-0.2419646466514,-0.8693936050663,0.01122907868436,0.869033515247,-0.02413322099485
724.435960075,9.438895501556,-0.2453058108907,9.438895501556,-0.2453058108907,-0.8693892149066,0.01139773349594,0.8690202008064,-0.02445109866113
732.8245331389,9.438823977813,-0.2486794815863,9.438823977813,-0.2486794815863,-0.8693847191299,0.01156789594791,0.8690065730653,-0.02477220481157
741.3102413009,9.438750738429,-0.2520861056062,9.438750738429,-0.2520861056062,-0.8693801153557,0.0117395884852,0.8689926248144,-0.02509658156965
749.8942093325,9.438675744549,-0.2555261341759,9.438675744549,-0.2555261341759,-0.8693754011465,0.01191283375168,0.8689783486758,-0.02542427147696
758.5775750292,9.438598956386,-0.2590000229377,9.438598956386,-0.2590000229377,-0.8693705740064,0.01208765459309,0.8689637370981,-0.02575531749833
767.3614893619,9.4385203332,-0.2625082320103,9.4385203332,-0.2625082320103,-0.8693656313798,0.01226407405987,0.8689487823531,-0.02608976302695
776.2471166287,9.438439833278,-0.2660512260496,9.438439833278,-0.2660512260496,-0.8693605706501,0.01244211541008,0.8689334765316,-0.02642765188955
785.2356346101,9.438357413909,-0.2696294743107,9.438357413909,-0.2696294743107,-0.8693553891381,0.01262180211236,0.868917811539,-0.0267690283516
794.3282347243,9.438273031366,-0.273243450708,9.438273031366,-0.273243450708,-0.869350084101,0.01280315784886,0.8689017790915,-0.02711393712257
803.5261221857,9.438186640875,-0.2768936338791,9.438186640875,-0.2768936338791,-0.8693446527304,0.01298620651824,0.8688853707112,-0.0274624233612
812.8305161641,9.4380981966,-0.2805805072467,9.4380981966,-0.2805805072467,-0.8693390921515,0.01317097223864,0.8688685777222,-0.02781453268083
822.2426499471,9.438007651614,-0.2843045590831,9.438007651614,-0.2843045590831,-0.8693333994209,0.01335747935074,0.8688513912456,-0.02817031115478
831.7637711027,9.437914957872,-0.2880662825733,9.437914957872,-0.2880662825733,-0.8693275715254,0.01354575242077,0.8688338021954,-0.0285298053217
841.3951416452,9.437820066191,-0.2918661758811,9.437820066191,-0.2918661758811,-0.8693216053807,0.01373581624362,0.8688158012729,-0.02889306219103
851.1380382024,9.437722926219,-0.2957047422139,9.437722926219,-0.2957047422139,-0.8693154978292,0.01392769584591,0.8687973789627,-0.02926012924847
860.9937521846,9.437623486411,-0.2995824898885,9.437623486411,-0.2995824898885,-0.8693092456384,0.01412141648911,0.8687785255272,-0.0296310544615
870.9635899561,9.437521694,-0.3034999323989,9.437521694,-0.3034999323989,-0.8693028454999,0.01431700367271,0.8687592310016,-0.03000588628487
881.0488730081,9.437417494971,-0.3074575884826,9.437417494971,-0.3074575884826,-0.8692962940267,0.01451448313735,0.8687394851886,-0.03038467366624
891.2509381338,9.43731083403,-0.3114559821895,9.43731083403,-0.3114559821895,-0.869289587752,0.01471388086805,0.8687192776536,-0.03076746605175
901.571137606,9.437201654576,-0.3154956429512,9.437201654576,-0.3154956429512,-0.8692827231275,0.0149152230974,0.8686985977183,-0.03115431339169
912.0108393559,9.437089898668,-0.3195771056484,9.437089898668,-0.3195771056484,-0.869275696521,0.0151185363088,0.8686774344559,-0.03154526614618
922.5714271548,9.436975507001,-0.3237009106843,9.436975507001,-0.3237009106843,-0.8692685042148,0.01532384723976,0.8686557766852,-0.03194037529089
933.254300797,9.436858418865,-0.3278676040522,9.436858418865,-0.3278676040522,-0.8692611424037,0.01553118288516,0.8686336129645,-0.03233969232278
944.060876286,9.436738572122,-0.3320777374098,9.436738572122,-0.3320777374098,-0.8692536071933,0.01574057050059,0.8686109315858,-0.03274326926593
954.9925860215,9.436615903165,-0.3363318681499,9.436615903165,-0.3363318681499,-0.8692458945972,0.01595203760567,0.8685877205689,-0.03315115867729
966.0508789899,9.436490346891,-0.340630559474,9.436490346891,-0.340630559474,-0.8692380005359,0.01616561198743,0.8685639676546,-0.03356341365262
977.2372209559,9.436361836662,-0.3449743804665,9.436361836662,-0.3449743804665,-0.8692299208337,0.01638132170373,0.8685396602989,-0.03398008783229
988.553094657,9.436230304268,-0.3493639061688,9.436230304268,-0.3493639061688,-0.8692216512171,0.01659919508663,0.8685147856661,-0.03440123540727
1000.0,9.436095679898,-0.3537997176548,9.436095679898,-0.3537997176548,-0.8692131873126,0.01681926074587,0.8684893306221,-0.03482691112505
1011.57945426,9.435957892094,-0.3582824021066,9.435957892094,-0.3582824021066,-0.8692045246438,0.01704154757235,0.8684632817277,-0.03525717029562
1023.292992281,9.43581686772,-0.3628125528927,9.43581686772,-0.3628125528927,-0.8691956586297,0.0172660847416,0.8684366252315,-0.03569206879748
1035.142166679,9.435672531918,-0.367390769644,9.435672531918,-0.367390769644,-0.8691865845822,0.01749290171731,0.868409347063,-0.03613166308369
1047.128548051,9.435524808072,-0.3720176583328,9.435524808072,-0.3720176583328,-0.8691772977031,0.01772202825492,0.8683814328246,-0.03657601018793
1059.253725177,9.435373617765,-0.3766938313534,9.435373617765,-0.3766938313534,-0.8691677930822,0.01795349440513,0.868352867785,-0.0370251677306
1071.519305238,9.435218880736,-0.3814199076001,9.435218880736,-0.3814199076001,-0.8691580656947,0.01818733051756,0.8683236368708,-0.03747919392496
1083.926914021,9.435060514842,-0.3861965125494,9.435060514842,-0.3861965125494,-0.8691481103979,0.01842356724436,0.868293724659,-0.03793814758323
1096.478196143,9.434898436009,-0.3910242783412,9.434898436009,-0.3910242783412,-0.8691379219293,0.01866223554386,0.8682631153691,-0.03840208812282
1109.174815262,9.43473255819,-0.3959038438619,9.43473255819,-0.3959038438619,-0.8691274949036,0.01890336668424,0.8682317928544,-0.03887107557251
1122.018454302,9.434562793318,-0.4008358548277,9.434562793318,-0.4008358548277,-0.8691168238094,0.01914699224729,0.8681997405942,-0.03934517057862
1135.010815672,9.43438905126,-0.4058209638682,9.43438905126,-0.4058209638682,-0.869105903007,0.01939314413209,0.868166941685,-0.03982443441135
1148.153621497,9.43421123977,-0.4108598306119,9.43421123977,-0.4108598306119,-0.8690947267253,0.01964185455878,0.8681333788315,-0.04030892897095
1161.44861384,9.434029264437,-0.4159531217735,9.434029264437,-0.4159531217735,-0.8690832890582,0.0198931560724,0.8680990343378,-0.04079871679402
1174.89755494,9.433843028634,-0.4211015112392,9.433843028634,-0.4211015112392,-0.8690715839622,0.02014708154662,0.8680638900986,-0.04129386105986
1188.502227437,9.433652433472,-0.4263056801549,9.433652433472,-0.4263056801549,-0.8690596052532,0.02040366418764,0.8680279275891,-0.04179442559672
1202.264434617,9.433457377743,-0.4315663170147,9.433457377743,-0.4315663170147,-0.8690473466026,0.02066293753805,0.867991127856,-0.04230047488814
1216.186000646,9.433257757864,-0.4368841177523,9.433257757864,-0.4368841177523,-0.8690348015349,0.0209249354807,0.8679534715073,-0.04281207407932
1230.268770812,9.433053467829,-0.4422597858293,9.433053467829,-0.4422597858293,-0.8690219634234,0.02118969224263,0.8679149387026,-0.04332928898343
1244.514611771,9.432844399144,-0.4476940323281,9.432844399144,-0.4476940323281,-0.8690088254877,0.021457242399,0.8678755091428,-0.043852186088
1258.925411794,9.432630440775,-0.4531875760433,9.432630440775,-0.4531875760433,-0.8689953807893,0.02172762087708,0.8678351620591,-0.04438083256128
1273.503081017,9.432411479087,-0.4587411435767,9.432411479087,-0.4587411435767,-0.8689816222285,0.02200086296024,0.8677938762031,-0.04491529625857
1288.249551693,9.432187397782,-0.4643554694304,9.432187397782,-0.4643554694304,-0.8689675425406,0.02227700429195,0.8677516298352,-0.04545564572866
1303.166778452,9.431958077839,-0.4700312961022,9.431958077839,-0.4700312961022,-0.8689531342918,0.02255608087983,0.8677084007137,-0.04600195022017
1318.256738556,9.431723397449,-0.4757693741835,9.431723397449,-0.4757693741835,-0.8689383898758,0.02283812909974,0.8676641660832,-0.04655427968791
1333.521432163,9.431483231951,-0.4815704624539,9.431483231951,-0.4815704624539,-0.8689233015097,0.02312318569985,0.867618902663,-0.04711270479928
1348.962882592,9.431237453765,-0.4874353279826,9.431237453765,-0.4874353279826,-0.8689078612296,0.02341128780474,0.8675725866351,-0.04767729694059
1364.583136589,9.430985932324,-0.4933647462253,9.430985932324,-0.4933647462253,-0.8688920608869,0.02370247291959,0.8675251936318,-0.04824812822348
1380.384264603,9.430728534001,-0.4993595011268,9.430728534001,-0.4993595011268,-0.8688758921438,0.02399677893429,0.8674766987233,-0.0488252714912
1396.368361056,9.430465122046,-0.50542038522,9.430465122046,-0.50542038522,-0.868859346469,0.02429424412765,0.8674270764049,-0.04940880032494
1412.537544623,9.430195556503,-0.5115481997314,9.430195556503,-0.5115481997314,-0.8688424151336,0.02459490717163,0.8673763005841,-0.0499987890502
1428.893958511,9.429919694141,-0.5177437546813,9.429919694141,-0.5177437546813,-0.8688250892058,0.02489880713552,0.8673243445668,-0.050595312743
1445.439770746,9.429637388377,-0.5240078689913,9.429637388377,-0.5240078689913,-0.8688073595471,0.02520598349022,0.8672711810439,-0.05119844723619
1462.177174457,9.429348489195,-0.5303413705888,9.429348489195,-0.5303413705888,-0.8687892168071,0.02551647611251,0.8672167820774,-0.05180826912567
1479.108388168,9.42905284307,-0.5367450965135,9.42905284307,-0.5367450965135,-0.8687706514186,0.02583032528936,0.8671611190859,-0.05242485577661
1496.235656094,9.428750292882,-0.5432198930259,9.428750292882,-0.5432198930259,-0.8687516535928,0.0261475717222,0.8671041628302,-0.0530482853296
1513.561248436,9.428440677831,-0.5497666157165,9.428440677831,-0.5497666157165,-0.8687322133145,0.02646825653129,0.8670458833981,-0.05367863670678
1531.087461682,9.428123833358,-0.5563861296148,9.428123833358,-0.5563861296148,-0.8687123203361,0.02679242126004,0.8669862501895,-0.05431598961796
1548.816618913,9.427799591048,-0.563079309302,9.427799591048,-0.563079309302,-0.8686919641732,0.0271201078794,0.8669252319005,-0.05496042456661
1566.751070108,9.427467778547,-0.5698470390231,9.427467778547,-0.5698470390231,-0.8686711340987,0.02745135879224,0.8668627965077,-0.05561202285589
1584.893192461,9.427128219464,-0.5766902127991,9.427128219464,-0.5766902127991,-0.8686498191372,0.02778621683774,0.8667989112517,-0.05627086659458
1603.24539069,9.426780733281,-0.5836097345439,9.426780733281,-0.5836097345439,-0.8686280080595,0.02812472529583,0.8667335426205,-0.05693703870291
1621.810097359,9.426425135254,-0.5906065181783,9.426425135254,-0.5906065181783,-0.8686056893769,0.02846692789158,0.8666666563328,-0.05761062291843
1640.5897732,9.426061236314,-0.5976814877487,9.426061236314,-0.5976814877487,-0.8685828513349,0.02881286879968,0.8665982173202,-0.05829170380168
1659.586907438,9.425688842967,-0.6048355775439,9.425688842967,-0.6048355775439,-0.8685594819075,0.0291625926489,0.8665281897096,-0.05898036674191
1678.804018123,9.425307757189,-0.6120697322155,9.425307757189,-0.6120697322155,-0.8685355687908,0.02951614452653,0.866456536805,-0.0596766979626
1698.243652462,9.42491777632,-0.6193849068988,9.42491777632,-0.6193849068988,-0.8685110993967,0.02987356998286,0.8663832210693,-0.06038078452698
1717.908387158,9.424518692956,-0.6267820673345,9.424518692956,-0.6267820673345,-0.8684860608465,0.0302349150357,0.8663082041047,-0.06109271434344
1737.800828749,9.424110294837,-0.6342621899904,9.424110294837,-0.6342621899904,-0.8684604399642,0.03060022617486,0.8662314466339,-0.06181257617076
1757.923613959,9.423692364734,-0.6418262621886,9.423692364734,-0.6418262621886,-0.8684342232696,0.03096955036663,0.8661529084802,-0.06254045962339
1778.279410039,9.423264680329,-0.649475282229,9.423264680329,-0.649475282229,-0.8684073969717,0.03134293505834,0.8660725485471,-0.06327645517644
1798.870915129,9.422827014101,-0.6572102595175,9.422827014101,-0.6572102595175,-0.8683799469612,0.03172042818282,0.8659903247978,-0.06402065417068
1819.70085861,9.422379133201,-0.6650322146926,9.422379133201,-0.6650322146926,-0.8683518588036,0.03210207816294,0.8659061942341,-0.06477314881734
1840.772001469,9.421920799326,-0.672942179757,9.421920799326,-0.672942179757,-0.8683231177318,0.03248793391614,0.8658201128749,-0.06553403220284
1862.087136663,9.421451768592,-0.6809411982066,9.421451768592,-0.6809411982066,-0.8682937086381,0.03287804485892,0.8657320357341,-0.06630339829328
1883.64908949,9.420971791404,-0.6890303251638,9.420971791404,-0.6890303251638,-0.8682636160671,0.03327246091136,0.8656419167981,-0.06708134193888
1905.460717963,9.420480612318,-0.6972106275096,9.420480612318,-0.6972106275096,-0.8682328242072,0.03367123250166,0.865549709003,-0.06786795887819
1927.524913191,9.419977969909,-0.70548318402,9.419977969909,-0.70548318402,-0.8682013168831,0.0340744105706,0.8654553642111,-0.06866334574218
1949.844599758,9.419463596625,-0.7138490855002,9.419463596625,-0.7138490855002,-0.8681690775469,0.03448204657608,0.8653588331868,-0.06946760005808
1972.422736115,9.418937218649,-0.7223094349238,9.418937218649,-0.7223094349238,-0.8681360892703,0.03489419249757,0.8652600655724,-0.07028082025314
1995.262314969,9.418398555743,-0.7308653475697,9.418398555743,-0.7308653475697,-0.8681023347354,0.03531090084062,0.8651590098629,-0.07110310565809
2018.366363682,9.417847321108,-0.7395179511642,9.417847321108,-0.7395179511642,-0.8680677962263,0.03573222464129,0.8650556133805,-0.07193455651045
2041.73794467,9.417283221218,-0.7482683860189,9.417283221218,-0.7482683860189,-0.8680324556199,0.03615821747064,0.864949822249,-0.07277527395759
2065.380155811,9.41670595567,-0.7571178051802,9.41670595567,-0.7571178051802,-0.8679962943768,0.03658893343911,0.8648415813665,-0.07362536005961
2089.296130854,9.41611521702,-0.7660673745639,9.41611521702,-0.7660673745639,-0.8679592935316,0.03702442720096,0.8647308343788,-0.07448491779191
2113.489039837,9.415510690616,-0.7751182731099,9.415510690616,-0.7751182731099,-0.8679214336837,0.03746475395864,0.8646175236516,-0.07535405104756
2137.962089502,9.414892054427,-0.7842716929241,9.414892054427,-0.7842716929241,-0.8678826949873,0.03790996946715,0.8645015902419,-0.07623286463938
2162.718523727,9.414258978873,-0.7935288394269,9.414258978873,-0.7935288394269,-0.8678430571411,0.03836013003838,0.8643829738697,-0.07712146430176
2187.76162395,9.413611126645,-0.8028909315056,9.413611126645,-0.8028909315056,-0.8678024993784,0.0388152925454,0.8642616128878,-0.07801995669217
2213.094709606,9.41294815252,-0.8123592016628,9.41294815252,-0.8123592016628,-0.8677610004564,0.03927551442669,0.8641374442525,-0.07892844939238
2238.721138568,9.412269703181,-0.8219348961708,9.412269703181,-0.8219348961708,-0.8677185386457,0.03974085369044,0.8640104034922,-0.07984705090935
2264.644307593,9.411575417019,-0.8316192752235,9.411575417019,-0.8316192752235,-0.867675091719,0.04021136891865,0.8638804246765,-0.08077587067581
2290.867652768,9.410864923941,-0.8414136130946,9.410864923941,-0.8414136130946,-0.8676306369404,0.04068711927133,0.8637474403841,-0.08171501905045
2317.394649969,9.41013784517,-0.8513191982923,9.41013784517,-0.8513191982923,-0.8675851510534,0.04116816449055,0.8636113816702,-0.08266460731779
2344.22881532,9.40939379304,-0.8613373337183,9.40939379304,-0.8613373337183,-0.8675386102698,0.04165456490451,0.8634721780331,-0.08362474768765
2371.373705662,9.408632370783,-0.8714693368278,9.408632370783,-0.8714693368278,-0.8674909902573,0.0421463814315,0.8633297573804,-0.08459555329421
2398.83291902,9.407853172318,-0.8817165397898,9.407853172318,-0.8817165397898,-0.8674422661276,0.04264367558383,0.8631840459944,-0.08557713819467
2426.610095083,9.407055782028,-0.892080289649,9.407055782028,-0.892080289649,-0.8673924124239,0.04314650947168,0.8630349684963,-0.08656961736751
2454.708915685,9.406239774535,-0.9025619484936,9.406239774535,-0.9025619484936,-0.8673414031083,0.04365494580692,0.8628824478109,-0.08757310671022
2483.133105296,9.405404714472,-0.9131628936162,9.405404714472,-0.9131628936162,-0.8672892115484,0.04416904790678,0.8627264051292,-0.08858772303663
2511.88643151,9.404550156242,-0.9238845176823,9.404550156242,-0.9238845176823,-0.8672358105047,0.04468887969755,0.8625667598712,-0.08961358407374
2540.972705549,9.403675643781,-0.9347282289005,9.403675643781,-0.9347282289005,-0.8671811721164,0.04521450571807,0.8624034296475,-0.09065080845798
2570.395782769,9.402780710305,-0.9456954511882,9.402780710305,-0.9456954511882,-0.8671252678881,0.04574599112328,0.8622363302205,-0.09169951573105
2600.159563165,9.40186487806,-0.9567876243486,9.40186487806,-0.9567876243486,-0.8670680686754,0.04628340168752,0.8620653754645,-0.09275982633506
2630.267991896,9.400927658062,-0.9680062042363,9.400927658062,-0.9680062042363,-0.8670095446706,0.04682680380786,0.8618904773255,-0.09383186160726
2660.725059799,9.399968549827,-0.9793526629378,9.399968549827,-0.9793526629378,-0.8669496653878,0.04737626450727,0.8617115457793,-0.09491574377402
2691.534803927,9.398987041103,-0.9908284889427,9.398987041103,-0.9908284889427,-0.8668883996481,0.04793185143769,0.8615284887898,-0.09601159594425
2722.701308078,9.397982607589,-1.002435187323,9.397982607589,-1.002435187323,-0.8668257155643,0.04849363288295,0.8613412122662,-0.09711954210222
2754.228703338,9.396954712648,-1.014174279909,9.396954712648,-1.014174279909,-0.8667615805249,0.04906167776167,0.8611496200189,-0.09823970709961
2786.12116863,9.395902807017,-1.026047305472,9.395902807017,-1.026047305472,-0.8666959611785,0.04963605562989,0.8609536137152,-0.09937221664692
2818.382931265,9.394826328505,-1.038055819905,9.394826328505,-1.038055819905,-0.8666288234172,0.05021683668368,0.860753092834,-0.1005171973041
2851.018267504,9.393724701686,-1.0502013964,9.393724701686,-1.0502013964,-0.86656013236,0.05080409176156,0.8605479546191,-0.1016747764706
2884.031503127,9.392597337585,-1.06248562564,9.392597337585,-1.06248562564,-0.8664898523361,0.0513978923468,0.8603380940326,-0.1028450823742
2917.427014001,9.391443633358,-1.074910115978,9.391443633358,-1.074910115978,-0.866417946867,0.05199831056949,0.8601234037068,-0.1040282440595
2951.209226667,9.390262971956,-1.087476493627,9.390262971956,-1.087476493627,-0.8663443786494,0.05260541920855,0.859903773895,-0.1052243913755
2985.382618918,9.389054721796,-1.100186402846,9.389054721796,-1.100186402846,-0.8662691095364,0.05321929169348,0.8596790924223,-0.106433654962
3019.951720402,9.387818236407,-1.113041506129,9.387818236407,-1.113041506129,-0.86619210052,0.05384000210601,0.8594492446346,-0.1076561662351
3054.921113216,9.38655285408,-1.126043484397,9.38655285408,-1.126043484397,-0.8661133117113,0.05446762518146,0.8592141133471,-0.1088920573722
3090.295432514,9.385257897504,-1.13919403719,9.385257897504,-1.13919403719,-0.8660327023223,0.05510223631001,0.8589735787919,-0.1101414612956
3126.079367124,9.383932673394,-1.152494882857,9.383932673394,-1.152494882857,-0.8659502306453,0.05574391153767,0.8587275185646,-0.1114045116551
3162.277660169,9.382576472108,-1.165947758755,9.382576472108,-1.165947758755,-0.8658658540338,0.05639272756711,0.8584758075699,-0.11268134281
3198.895109692,9.381188567262,-1.179554421437,9.381188567262,-1.179554421437,-0.8657795288818,0.05704876175822,0.8582183179666,-0.1139720898089
3235.936569296,9.379768215326,-1.193316646858,9.379768215326,-1.193316646858,-0.8656912106027,0.05771209212843,0.8579549191108,-0.11527688837
3273.406948789,9.378314655216,-1.207236230567,9.378314655216,-1.207236230567,-0.8656008536089,0.0583827973528,0.8576854774995,-0.1165958748587
3311.311214826,9.376827107873,-1.221314987905,9.376827107873,-1.221314987905,-0.8655084112892,0.05906095676385,0.8574098567118,-0.1179291862648
3349.654391578,9.375304775838,-1.235554754206,9.375304775838,-1.235554754206,-0.8654138359878,0.05974665035113,0.8571279173502,-0.1192769601782
3388.441561392,9.373746842807,-1.249957385003,9.373746842807,-1.249957385003,-0.8653170789811,0.06043995876046,0.8568395169804,-0.1206393347635
3427.677865465,9.372152473183,-1.26452475622,9.372152473183,-1.26452475622,-0.865218090455,0.06114096329297,0.8565445100702,-0.1220164487328
3467.368504525,9.370520811614,-1.279258764385,9.370520811614,-1.279258764385,-0.8651168194819,0.06184974590372,0.8562427479274,-0.1234084413173
3507.518739526,9.368850982518,-1.294161326825,9.368850982518,-1.294161326825,-0.8650132139963,0.0625663892001,0.8559340786371,-0.124815452238
3548.133892336,9.3671420896,-1.309234381878,9.3671420896,-1.309234381878,-0.8649072207714,0.06329097643983,0.8556183469973,-0.1262376216738
3589.21934645,9.365393215356,-1.324479889094,9.365393215356,-1.324479889094,-0.8647987853934,0.06402359152867,0.8552953944541,-0.127675090229
3630.780547701,9.363603420564,-1.339899829441,9.363603420564,-1.339899829441,-0.8646878522371,0.06476431901771,0.8549650590358,-0.1291279988987
3672.823004981,9.361771743761,-1.355496205514,9.361771743761,-1.355496205514,-0.8645743644402,0.06551324410037,0.8546271752857,-0.1305964890326
3715.352290972,9.359897200709,-1.371271041741,9.359897200709,-1.371271041741,-0.8644582638767,0.06627045260888,0.8542815741943,-0.1320807022975
3758.374042885,9.357978783853,-1.387226384593,9.357978783853,-1.387226384593,-0.8643394911306,0.06703603101051,0.8539280831303,-0.1335807806372
3801.893963206,9.356015461755,-1.403364302786,9.356015461755,-1.403364302786,-0.8642179854692,0.06781006640327,0.8535665257705,-0.135096866231
3845.917820454,9.354006178519,-1.4196868875,9.354006178519,-1.4196868875,-0.8640936848147,0.06859264651121,0.8531967220292,-0.1366291014507
3890.451449943,9.351949853207,-1.436196252581,9.351949853207,-1.436196252581,-0.8639665257166,0.06938385967925,0.8528184879861,-0.1381776288152
3935.500754558,9.349845379235,-1.452894534752,9.349845379235,-1.452894534752,-0.8638364433234,0.07018379486756,0.8524316358135,-0.1397425909426
3981.071705535,9.347691623753,-1.46978389382,9.347691623753,-1.46978389382,-0.8637033713526,0.07099254164544,0.8520359737024,-0.1413241305012
4027.170343255,9.345487427011,-1.486866512891,9.345487427011,-1.486866512891,-0.863567242062,0.07181019018468,0.8516313057879,-0.1429223901578
4073.802778041,9.343231601715,-1.504144598578,9.343231601715,-1.504144598578,-0.8634279862191,0.07263683125239,0.8512174320733,-0.1445375125237
4120.975190974,9.340922932358,-1.521620381206,9.340922932358,-1.521620381206,-0.8632855330703,0.07347255620333,0.8507941483538,-0.1461696400984
4168.693834704,9.33856017454,-1.539296115024,9.33856017454,-1.539296115024,-0.86313981031,0.07431745697157,0.8503612461385,-0.1478189152112
4216.965034286,9.336142054272,-1.557174078418,9.336142054272,-1.557174078418,-0.8629907440489,0.07517162606169,0.8499185125725,-0.14948547996
4265.795188016,9.333667267256,-1.575256574111,9.333667267256,-1.575256574111,-0.8628382587813,0.07603515653922,0.8494657303572,-0.1511694761481
4315.190768278,9.331134478157,-1.593545929373,9.331134478157,-1.593545929373,-0.8626822773526,0.07690814202061,0.8490026776704,-0.1528710452175
4365.158322402,9.328542319848,-1.612044496235,9.328542319848,-1.612044496235,-0.862522720926,0.07779067666238,0.8485291280852,-0.1545903281803
4415.704473533,9.325889392644,-1.630754651682,9.325889392644,-1.630754651682,-0.8623595089483,0.0786828551497,0.8480448504884,-0.156327465547
4466.83592151,9.323174263506,-1.64967879787,9.323174263506,-1.64967879787,-0.8621925591158,0.07958477268424,0.8475496089977,-0.158082597252
4518.559443749,9.32039546524,-1.668819362322,9.32039546524,-1.668819362322,-0.8620217873387,0.08049652497124,0.8470431628786,-0.159855862576
4570.881896149,9.317551495665,-1.68817879813,9.317551495665,-1.68817879813,-0.8618471077063,0.08141820820589,0.8465252664604,-0.1616474000657
4623.810213993,9.314640816762,-1.707759584159,9.314640816762,-1.707759584159,-0.86166843245,0.08234991905887,0.8459956690514,-0.16345734745
4677.351412872,9.311661853806,-1.727564225246,9.311661853806,-1.727564225246,-0.8614856719073,0.08329175466114,0.8454541148537,-0.1652858415531
4731.512589615,9.308612994474,-1.747595252391,9.308612994474,-1.747595252391,-0.8612987344843,0.08424381258782,0.8449003428774,-0.1671330182044
4786.300923227,9.305492587926,-1.767855222956,9.305492587926,-1.767855222956,-0.8611075266178,0.08520619084124,0.8443340868537,-0.168999012145
4841.723675841,9.302298943873,-1.788346720853,9.302298943873,-1.788346720853,-0.8609119527368,0.08617898783312,0.8437550751484,-0.1708839569303
4897.788193685,9.299030331615,-1.809072356742,9.299030331615,-1.809072356742,-0.860711915224,0.08716230236574,0.8431630306744,-0.1727879848295
4954.501908048,9.295684979055,-1.830034768205,9.295684979055,-1.830034768205,-0.8605073143759,0.08815623361226,0.8425576708038,-0.1747112267213
5011.872336273,9.292261071688,-1.851236619937,9.292261071688,-1.851236619937,-0.8602980483629,0.08916088109593,0.8419387072797,-0.1766538119853
5069.907082747,9.288756751571,-1.872680603926,9.288756751571,-1.872680603926,-0.8600840131888,0.09017634466837,0.841305846128,-0.1786158683899
5128.613839914,9.28517011626,-1.894369439625,9.28517011626,-1.894369439625,-0.8598651026493,0.09120272448676,0.8406587875685,-0.1805975219764
5188.00038929,9.281499217722,-1.916305874125,9.281499217722,-1.916305874125,-0.8596412082909,0.09224012098989,0.8399972259265,-0.1825988969383
5248.074602498,9.277742061223,-1.938492682326,9.277742061223,-1.938492682326,-0.859412219368,0.09328863487316,0.8393208495438,-0.1846201154968
5308.84444231,9.273896604186,-1.960932667094,9.273896604186,-1.960932667094,-0.8591780228006,0.09434836706237,0.8386293406898,-0.1866612977721
5370.317963703,9.269960755017,-1.983628659426,9.269960755017,-1.983628659426,-0.8589385031308,0.09541941868632,0.8379223754732,-0.1887225616494
5432.503314925,9.26593237191,-2.006583518596,9.26593237191,-2.006583518596,-0.8586935424791,0.09650189104815,0.8371996237531,-0.1908040226413
5495.408738577,9.261809261611,-2.029800132304,9.261809261611,-2.029800132304,-0.8584430204999,0.09759588559542,0.8364607490512,-0.1929057937451
5559.042572704,9.257589178163,-2.053281416821,9.257589178163,-2.053281416821,-0.858186814337,0.09870150388887,0.8357054084639,-0.1950279852947
5623.413251904,9.25326982161,-2.077030317116,9.25326982161,-2.077030317116,-0.8579247985778,0.09981884756982,0.834933252575,-0.1971707048087
5688.529308439,9.248848836673,-2.101049806987,9.248848836673,-2.101049806987,-0.8576568452082,0.1009480183261,0.8341439253691,-0.1993340568324
5754.399373372,9.244323811391,-2.125342889183,9.244323811391,-2.125342889183,-0.8573828235656,0.1020891178568,0.8333370641459,-0.2015181427752
5821.032177709,9.239692275732,-2.149912595511,9.239692275732,-2.149912595511,-0.8571026002927,0.1032422478351,0.8325122994349,-0.2037230607422
5888.436553556,9.234951700161,-2.174761986938,9.234951700161,-2.174761986938,-0.8568160392903,0.1044075098697,0.8316692549116,-0.205948905361
5956.62143529,9.230099494182,-2.199894153694,9.230099494182,-2.199894153694,-0.8565230016696,0.1055850054653,0.8308075473146,-0.2081957676026
6025.595860744,9.225133004832,-2.22531221535,9.225133004832,-2.22531221535,-0.8562233457044,0.1067748359802,0.8299267863641,-0.2104637345961
6095.368972402,9.220049515154,-2.251019320893,9.220049515154,-2.251019320893,-0.8559169267827,0.1079771025837,0.8290265746816,-0.2127528894386
6165.950018615,9.21484624261,-2.277018648791,9.21484624261,-2.277018648791,-0.8556035973579,0.1091919062104,0.8281065077118,-0.2150633109987
6237.348354825,9.209520337476,-2.303313407052,9.209520337476,-2.303313407052,-0.8552832069003,0.1104193475135,0.8271661736454,-0.2173950737133
6309.573444802,9.204068881179,-2.329906833251,9.204068881179,-2.329906833251,-0.8549556018471,0.1116595268167,0.8262051533447,-0.2197482473794
6382.634861906,9.198488884604,-2.356802194577,9.198488884604,-2.356802194577,-0.8546206255532,0.1129125440628,0.825223020271,-0.2221228969386
6456.542290347,9.192777286354,-2.384002787829,9.192777286354,-2.384002787829,-0.8542781182416,0.1141784987618,0.8242193404143,-0.2245190822561
6531.305526475,9.186930950967,-2.411511939431,9.186930950967,-2.411511939431,-0.8539279169525,0.1154574899366,0.8231936722256,-0.2269368578918
6606.934480076,9.180946667089,-2.439333005414,9.180946667089,-2.439333005414,-0.8535698554942,0.1167496160659,0.8221455665521,-0.2293762728662
6683.439175686,9.174821145601,-2.467469371384,9.174821145601,-2.467469371384,-0.8532037643917,0.1180549750264,0.8210745665751,-0.2318373704186
6760.82975392,9.168551017699,-2.495924452478,9.168551017699,-2.495924452478,-0.8528294708367,0.1193736640317,0.8199802077518,-0.2343201877586
6839.116472815,9.162132832929,-2.524701693303,9.162132832929,-2.524701693303,-0.852446798637,0.1207057795696,0.8188620177596,-0.2368247558108
6918.30970919,9.155563057167,-2.553804567849,9.155563057167,-2.553804567849,-0.8520555681657,0.1220514173371,0.8177195164452,-0.2393510989519
6998.419960023,9.148838070557,-2.583236579397,9.148838070557,-2.583236579397,-0.8516555963107,0.1234106721725,0.8165522157766,-0.241899234741
7079.457843842,9.141954165389,-2.613001260386,9.141954165389,-2.613001260386,-0.8512466964243,0.1247836379863,0.8153596198005,-0.2444691736425
7161.434102129,9.134907543933,-2.643102172284,9.134907543933,-2.643102172284,-0.8508286782726,0.1261704076887,0.8141412246035,-0.247060918741
7244.35960075,9.127694316213,-2.673542905416,9.127694316213,-2.673542905416,-0.850401347985,0.127571073115,0.8128965182786,-0.2496744654498
7328.245331389,9.120310497731,-2.704327078772,9.120310497731,-2.704327078772,-0.8499645080048,0.1289857249481,0.8116249808964,-0.2523098012105
7413.10241301,9.11275200713,-2.735458339807,9.11275200713,-2.735458339807,-0.8495179570389,0.1304144526393,0.8103260844827,-0.2549669051858
7498.942093325,9.105014663801,-2.766940364193,9.105014663801,-2.766940364193,-0.8490614900086,0.1318573443255,0.8089992930009,-0.2576457479439
7585.775750292,9.097094185437,-2.798776855557,9.097094185437,-2.798776855557,-0.8485948980003,0.133314486744,0.8076440623413,-0.2603462911357
7673.614893619,9.088986185516,-2.830971545188,9.088986185516,-2.830971545188,-0.8481179682175,0.1347859651448,0.8062598403173,-0.2630684871633
7762.471166287,9.080686170736,-2.863528191709,9.080686170736,-2.863528191709,-0.8476304839322,0.1362718631996,0.8048460666672,-0.2658122788412
7852.356346101,9.072189538374,-2.896450580732,9.072189538374,-2.896450580732,-0.847132224438,0.1377722629086,0.803402173065,-0.2685775990489
7943.282347243,9.063491573591,-2.929742524461,9.063491573591,-2.929742524461,-0.8466229650031,0.1392872445033,0.801927583138,-0.2713643703761
8035.261221857,9.054587446664,-2.963407861281,9.054587446664,-2.963407861281,-0.8461024768245,0.1408168863475,0.8004217124925,-0.2741725047591
8128.305161641,9.045472210159,-2.997450455295,9.045472210159,-2.997450455295,-0.845570526983,0.1423612648343,0.7988839687487,-0.2770019031096
8222.426499471,9.036140796032,-3.031874195827,9.036140796032,-3.031874195827,-0.8450268783994,0.1439204542803,0.7973137515843,-0.2798524549352
8317.637711027,9.026588012656,-3.066682996903,9.026588012656,-3.066682996903,-0.844471289791,0.1454945268168,0.7957104527876,-0.2827240379518
8413.951416452,9.016808541783,-3.101880796665,9.016808541783,-3.101880796665,-0.8439035156299,0.1470835522777,0.7940734563207,-0.285616517688
8511.380382024,9.006796935433,-3.137471556761,9.006796935433,-3.137471556761,-0.843323306103,0.1486875980838,0.7924021383931,-0.2885297470814
8609.937521846,8.996547612706,-3.173459261691,8.996547612706,-3.173459261691,-0.8427304070718,0.1503067291239,0.7906958675467,-0.2914635660671
8709.635899561,8.986054856522,-3.209847918087,8.986054856522,-3.209847918087,-0.8421245600355,0.1519410076328,0.7889540047515,-0.2944178011578
8810.488730081,8.975312810278,-3.246641553979,8.975312810278,-3.246641553979,-0.8415055020946,0.1535904930657,0.7871759035142,-0.2973922650168
8912.509381338,8.964315474436,-3.283844217978,8.964315474436,-3.283844217978,-0.8408729659163,0.1552552419686,0.7853609099987,-0.3003867560227
9015.71137606,8.953056703024,-3.321459978423,8.953056703024,-3.321459978423,-0.8402266797022,0.1569353078459,0.7835083631606,-0.3034010578268
9120.10839356,8.941530200054,-3.359492922483,8.941530200054,-3.359492922483,-0.8395663671578,0.1586307410243,0.7816175948945,-0.3064349389032
9225.714271548,8.929729515869,-3.397947155174,8.929729515869,-3.397947155174,-0.8388917474637,0.1603415885122,0.7796879301961,-0.309488152091
9332.54300797,8.91764804339,-3.436826798352,8.91764804339,-3.436826798352,-0.8382025352498,0.1620678938568,0.7777186873393,-0.3125604341306
9440.60876286,8.905279014287,-3.47613598962,8.905279014287,-3.47613598962,-0.8374984405713,0.1638096969962,0.7757091780689,-0.3156515051919
9549.925860215,8.892615495063,-3.515878881183,8.892615495063,-3.515878881183,-0.8367791688877,0.1655670341088,0.773658707809,-0.3187610683968
9660.508789899,8.879650383043,-3.556059638637,8.879650383043,-3.556059638637,-0.8360444210443,0.1673399374579,0.7715665758888,-0.321888809335
9772.372209559,8.866376402275,-3.596682439693,8.866376402275,-3.596682439693,-0.8352938932563,0.1691284352337,0.7694320757853,-0.3250343955739
9885.53094657,8.852786099345,-3.63775147282,8.852786099345,-3.63775147282,-0.8345272770967,0.1709325513903,0.7672544953849,-0.3281974761629
10000.0,8.838871839092,-3.679270935828,8.838871839092,-3.679270935828,-0.833744259487,0.1727523054795,0.765033117263,-0.3313776811325
10115.7945426,8.824625800229,-3.721245034369,8.824625800229,-3.721245034369,-0.8329445226911,0.1745877124808,0.7627672189835,-0.3345746209879
10232.92992281,8.810039970869,-3.763677980365,8.810039970869,-3.763677980365,-0.8321277443131,0.1764387826272,0.7604560734183,-0.3377878861993
10351.42166679,8.795106143954,-3.80657399036,8.795106143954,-3.80657399036,-0.8312935972993,0.1783055212271,0.7580989490884,-0.3410170466871
10471.28548051,8.779815912585,-3.849937283766,8.779815912585,-3.849937283766,-0.8304417499431,0.1801879284829,0.755695110525,-0.3442616513042
10592.53725177,8.764160665243,-3.893772081065,8.764160665243,-3.893772081065,-0.8295718658953,0.1820859993049,0.7532438186548,-0.3475212273154
10715.19305238,8.74813158093,-3.938082601876,8.74813158093,-3.938082601876,-0.828683604178,0.1839997231221,0.7507443312066,-0.3507952798748
10839.26914021,8.73171962417,-3.982873062988,8.73171962417,-3.982873062988,-0.8277766192037,0.1859290836889,0.7481959031432,-0.3540832915004
10964.78196143,8.714915539945,-4.028147676235,8.714915539945,-4.028147676235,-0.8268505607986,0.1878740588875,0.7455977871159,-0.3573847215493
11091.74815262,8.697709848495,-4.073910646337,8.697709848495,-4.073910646337,-0.8259050742318,0.1898346205275,0.7429492339463,-0.3606990056916
11220.18454302,8.680092840023,-4.120166168601,8.680092840023,-4.120166168601,-0.8249398002491,0.1918107341411,0.7402494931318,-0.3640255553852
11350.10815672,8.662054569283,-4.166918426556,8.662054569283,-4.166918426556,-0.8239543751128,0.1938023587747,0.7374978133792,-0.3673637573518
11481.53621497,8.643584850072,-4.214171589447,8.643584850072,-4.214171589447,-0.8229484306471,0.1958094467774,0.7346934431649,-0.3707129730559
11614.4861384,8.624673249583,-4.261929809672,8.624673249583,-4.261929809672,-0.8219215942898,0.197831943585,0.7318356313234,-0.3740725381856
11748.9755494,8.605309082671,-4.310197220074,8.605309082671,-4.310197220074,-0.8208734891495,0.1998697875018,0.7289236276635,-0.3774417621391
11885.02227437,8.585481405986,-4.358977931141,8.585481405986,-4.358977931141,-0.819803734071,0.2019229094777,0.7259566836152,-0.3808199275158
12022.64434617,8.56517901199,-4.408276028106,8.56517901199,-4.408276028106,-0.8187119437056,0.2039912328834,0.7229340529054,-0.3842062896134
12161.86000646,8.544390422864,-4.458095567914,8.544390422864,-4.458095567914,-0.8175977285898,0.2060746732816,0.7198549922644,-0.3876000759329
12302.68770812,8.523103884282,-4.5084405761,8.523103884282,-4.5084405761,-0.8164606952312,0.208173138195,0.7167187621638,-0.3910004856928
12445.14611771,8.501307359064,-4.559315043536,8.501307359064,-4.559315043536,-0.8153004462013,0.2102865268726,0.713524627586,-0.3944066893524
12589.25411794,8.478988520715,-4.610722923069,8.478988520715,-4.610722923069,-0.8141165802371,0.2124147300521,0.7102718588256,-0.3978178281471
12735.03081017,8.456134746816,-4.662668126059,8.456134746816,-4.662668126059,-0.8129086923507,0.21455762972,0.706959732324,-0.4012330136363
12882.49551693,8.432733112305,-4.715154518771,8.432733112305,-4.715154518771,-0.8116763739467,0.2167150988702,0.703587531537,-0.4046513272657
13031.66778452,8.408770382606,-4.768185918692,8.408770382606,-4.768185918692,-0.8104192129497,0.2188870012594,0.7001545478361,-0.4080718199449
13182.56738556,8.384233006642,-4.82176609069,8.384233006642,-4.82176609069,-0.8091367939394,0.2210731911609,0.6966600814435,-0.4114935116433
13335.21432163,8.359107109694,-4.875898743101,8.359107109694,-4.875898743101,-0.8078286982958,0.2232735131172,0.6931034424019,-0.4149153910041
13489.62882592,8.333378486115,-4.930587523691,8.333378486115,-4.930587523691,-0.8064945043546,0.2254878016902,0.6894839515788,-0.4183364149797
13645.83136589,8.307032591924,-4.985836015478,8.307032591924,-4.985836015478,-0.805133787571,0.2277158812112,0.685800941705,-0.4217555084896
13803.84264603,8.280054537207,-5.041647732509,8.280054537207,-5.041647732509,-0.8037461206953,0.2299575655289,0.6820537584492,-0.4251715641023
13963.68361056,8.252429078406,-5.098026115468,8.252429078406,-5.098026115468,-0.8023310739578,0.2322126577582,0.6782417615263,-0.4285834417444
14125.37544623,8.224140610408,-5.154974527248,8.224140610408,-5.154974527248,-0.8008882152655,0.2344809500272,0.6743643258418,-0.431989968437
14288.93958511,8.195173158499,-5.212496248374,8.195173158499,-5.212496248374,-0.7994171104086,0.2367622232252,0.6704208426707,-0.4353899380637
14454.39770746,8.165510370128,-5.270594472368,8.165510370128,-5.270594472368,-0.7979173232798,0.2390562467512,0.6664107208706,-0.4387821111697
14621.77174457,8.13513550648,-5.329272301039,8.13513550648,-5.329272301039,-0.7963884161037,0.2413627782622,0.6623333881305,-0.4421652147971
14791.08388168,8.104031433882,-5.388532739671,8.104031433882,-5.388532739671,-0.7948299496792,0.2436815634238,0.6581882922527,-0.4455379423553
14962.35656095,8.072180614995,-5.448378692171,8.072180614995,-5.448378692171,-0.7932414836338,0.246012335662,0.6539749024686,-0.4488989535324
15135.61248436,8.039565099793,-5.508812956153,8.039565099793,-5.508812956153,-0.7916225766892,0.2483548159165,0.6496927107879,-0.4522468742465
15310.87461682,8.006166516327,-5.56983821797,8.006166516327,-5.56983821797,-0.7899727869411,0.2507087123976,0.6453412333796,-0.4555802966419
15488.16618913,7.971966061239,-5.631457047743,7.971966061239,-5.631457047743,-0.7882916721506,0.2530737203452,0.6409200119854,-0.4588977791304
15667.51070108,7.936944490041,-5.693671894332,7.936944490041,-5.693671894332,-0.7865787900492,0.2554495217918,0.6364286153624,-0.4621978464824
15848.93192461,7.901082107111,-5.756485080338,7.901082107111,-5.756485080338,-0.7848336986565,0.2578357853291,0.6318666407567,-0.4654789899684
16032.4539069,7.864358755395,-5.819898797114,7.864358755395,-5.819898797114,-0.7830559566119,0.2602321658798,0.6272337154043,-0.468739667554
16218.10097359,7.82675380581,-5.883915099796,7.82675380581,-5.883915099796,-0.7812451235194,0.262638304474,0.6225294980594,-0.4719783041514
16405.897732,7.788246146296,-5.94853590241,7.788246146296,-5.94853590241,-0.7794007603064,0.2650538280317,0.6177536805481,-0.4751932919296
16595.86907438,7.748814170522,-6.013762973031,7.748814170522,-6.013762973031,-0.7775224295957,0.2674783491516,0.6129059893454,-0.478382990685
16788.04018123,7.708435766162,-6.079597929089,7.708435766162,-6.079597929089,-0.7756096960924,0.2699114659071,0.6079861871742,-0.4815457282765
16982.43652462,7.667088302777,-6.146042232748,7.667088302777,-6.146042232748,-0.773662126984,0.2723527616492,0.6029940746249,-0.4846798011265
17179.08387158,7.624748619198,-6.213097186494,7.624748619198,-6.213097186494,-0.7716792923547,0.2748018048193,0.5979294917911,-0.4877834747902
17378.00828749,7.581393010405,-6.280763928888,7.581393010405,-6.280763928888,-0.7696607656142,0.2772581487692,0.5927923199223,-0.4908549845968
17579.23613959,7.53699721384,-6.349043430556,7.53699721384,-6.349043430556,-0.7676061239401,0.2797213315928,0.5875824830881,-0.4938925363637
17782.79410039,7.491536395097,-6.417936490443,7.491536395097,-6.417936490443,-0.7655149487343,0.2821908759666,0.5822999498529,-0.4968943071865
17988.70915129,7.44498513294,-6.487443732357,7.44498513294,-6.487443732357,-0.7633868260941,0.284666289003,0.5769447349575,-0.4998584463082
18197.0085861,7.397317403565,-6.557565601871,7.397317403565,-6.557565601871,-0.7612213472964,0.2871470621143,0.5715169010051,-0.5027830760678
18407.72001469,7.348506564024,-6.628302363637,7.348506564024,-6.628302363637,-0.7590181092958,0.2896326708913,0.566016560147,-0.5056662929319
18620.87136663,7.298525334764,-6.699654099102,7.298525334764,-6.699654099102,-0.7567767152369,0.2921225749934,0.5604438757664,-0.5085061686118
18836.4908949,7.247345781144,-6.771620704746,7.247345781144,-6.771620704746,-0.7544967749789,0.2946162180555,0.5547990641551,-0.5113007512657
19054.60717963,7.19493929384,-6.844201890871,7.19493929384,-6.844201890871,-0.7521779056347,0.2971130276084,0.5490823961798,-0.514048066791
19275.24913191,7.14127656803,-6.91739718099,7.14127656803,-6.91739718099,-0.7498197321213,0.2996124150167,0.5432941989338,-0.5167461202055
19498.44599758,7.086327581204,-6.991205911912,7.086327581204,-6.991205911912,-0.7474218877239,0.3021137754327,0.53743485737,-0.5193928971207
19724.22736115,7.030061569514,-7.065627234518,7.030061569514,-7.065627234518,-0.7449840146718,0.3046164877693,0.5315048159101,-0.5219863653084
19952.62314969,6.972447002395,-7.140660115422,6.972447002395,-7.140660115422,-0.7425057647255,0.3071199146907,0.5255045800264,-0.5245244763609
20183.66363682,6.913451555405,-7.216303339449,6.913451555405,-7.216303339449,-0.7399867997753,0.3096234026235,0.5194347177902,-0.5270051674464
20417.3794467,6.853042080991,-7.292555513117,6.853042080991,-7.292555513117,-0.7374267924512,0.3121262817879,0.5132958613822,-0.5294263631605
20653.80155811,6.791184577003,-7.369415069148,6.791184577003,-7.369415069148,-0.7348254267416,0.3146278662501,0.5070887085607,-0.531785977474
20892.96130854,6.727844152715,-7.446880272105,6.727844152715,-7.446880272105,-0.7321823986224,0.3171274539976,0.5008140240799,-0.5340819157765
21134.89039837,6.662984992053,-7.524949225255,6.662984992053,-7.524949225255,-0.7294974166948,0.3196243270373,0.4944726410554,-0.5363120770176
21379.62089502,6.596570313793,-7.603619878716,6.596570313793,-7.603619878716,-0.7267702028304,0.3221177515171,0.4880654622695,-0.5384743559436
21627.18523727,6.528562328297,-7.68289003903,6.528562328297,-7.68289003903,-0.7240004928242,0.3246069778727,0.4815934614114,-0.5405666454297
21877.6162395,6.458922190549,-7.762757380193,6.458922190549,-7.762757380193,-0.7211880370537,0.3270912410001,0.4750576842456,-0.5425868389074
22130.94709606,6.387609948937,-7.843219456314,6.387609948937,-7.843219456314,-0.7183326011429,0.3295697604543,0.4684592497037,-0.5445328328846
22387.21138568,6.314584489469,-7.924273715927,6.314584489469,-7.924273715927,-0.7154339666321,0.3320417406745,0.4617993508922,-0.5464025295576
22646.44307593,6.239803474862,-8.005917518068,6.239803474862,-8.005917518068,-0.712491931649,0.3345063712381,0.4550792560114,-0.5481938395135
22908.67652768,6.163223277873,-8.088148150295,6.163223277873,-8.088148150295,-0.7095063115841,0.3369628271429,0.4483003091783,-0.5499046845188
23173.94649969,6.084798908431,-8.170962848589,6.084798908431,-8.170962848589,-0.706476939766,0.339410269118,0.4414639311479,-0.5515330003932
23442.2881532,6.004483933754,-8.254358819346,6.004483933754,-8.254358819346,-0.7034036681367,0.3418478439652,0.4345716199261,-0.5530767399653
23713.73705662,5.922230390685,-8.338333263528,5.922230390685,-8.338333263528,-0.7002863679265,0.3442746849301,0.4276249512694,-0.5545338761054
23988.3291902,5.837988689546,-8.422883402962,5.837988689546,-8.422883402962,-0.6971249303247,0.346689912105,0.420625579063,-0.5559024048326
24266.10095083,5.751707508442,-8.508006508934,5.751707508442,-8.508006508934,-0.6939192671474,0.349092632862,0.4135752355739,-0.5571803484911
24547.08915685,5.66333367702,-8.593699933089,5.66333367702,-8.593699933089,-0.6906693114997,0.3514819423191,0.406475731571,-0.5583657589919
24831.33105296,5.5728120486,-8.679961140647,5.5728120486,-8.679961140647,-0.6873750184301,0.3538569238372,0.3993289563079,-0.5594567211124
25118.8643151,5.480085359304,-8.766787745964,5.480085359304,-8.766787745964,-0.6840363655771,0.3562166495505,0.3921368773616,-0.5604513558513
25409.72705549,5.385094072858,-8.854177550373,5.385094072858,-8.854177550373,-0.680653353806,0.3585601809292,0.3849015403224,-0.5613478238298
25703.95782769,5.287776209425,-8.942128582272,5.287776209425,-8.942128582272,-0.6772260078328,0.3608865693743,0.3776250683303,-0.5621443287337
26001.59563165,5.188067156729,-9.030639139325,5.188067156729,-9.030639139325,-0.6737543768358,0.3631948568464,0.3703096614516,-0.5628391207903
26302.67991896,5.08589946157,-9.119707832595,5.08589946157,-9.119707832595,-0.6702385350522,0.3654840765262,0.3629575958924,-0.5634305002701
26607.25059799,4.981202599471,-9.20933363239,4.981202599471,-9.20933363239,-0.6666785823566,0.367753253508,0.3555712230442,-0.5639168210085
26915.34803927,4.873902720046,-9.299515915511,4.873902720046,-9.299515915511,-0.6630746448226,0.3700014055258,0.3481529683578,-0.5642964939367
27227.01308078,4.763922365429,-9.390254513435,4.763922365429,-9.390254513435,-0.6594268752631,0.3722275437117,0.3407053300421,-0.5645679906144
27542.28703338,4.651180158653,-9.481549760935,4.651180158653,-9.481549760935,-0.6557354537488,0.374430673385,0.3332308775841,-0.5647298467552
27861.2116863,4.535590458643,-9.573402544436,4.535590458643,-9.573402544436,-0.6520005881027,0.3766097948739,0.3257322500891,-0.5647806657346
28183.82931265,4.417062977905,-9.665814349262,4.417062977905,-9.665814349262,-0.6482225143689,0.3787639043668,0.3182121544369,-0.5647191220719
28510.18267504,4.295502358846,-9.758787304652,4.295502358846,-9.758787304652,-0.644401497254,0.3808919947941,0.3106733632549,-0.5645439648751
28840.31503127,4.170807703713,-9.852324225287,4.170807703713,-9.852324225287,-0.6405378305389,0.3829930567388,0.3031187127044,-0.5642540212388
29174.27014001,4.042872052928,-9.946428647649,4.042872052928,-9.946428647649,-0.6366318374601,0.385066079375,0.2955511000822,-0.563848199585
29512.09226667,3.911581805668,-10.04110485924,3.911581805668,-10.04110485924,-0.6326838710572,0.3871100514344,0.2879734812362,-0.5633254929353
29853.82618918,3.776816075976,-10.13635791821,3.776816075976,-10.13635791821,-0.6286943144864,0.3891239621974,0.2803888677971,-0.5626849821041
30199.51720402,3.638445976591,-10.2321936604,3.638445976591,-10.2321936604,-0.6246635812977,0.3911068025106,0.272800324226,-0.5619258388015
30549.21113216,3.496333821955,-10.32861869019,3.496333821955,-10.32861869019,-0.6205921156738,0.3930575658258,0.2652109646826,-0.5610473286355
30902.95432514,3.350332240508,-10.42564035079,3.350332240508,-10.42564035079,-0.6164803926296,0.3949752492624,0.2576239497145,-0.5600488140009
31260.79367124,3.200283185302,-10.52326666847,3.200283185302,-10.52326666847,-0.6123289181704,0.3968588546886,0.2500424827734,-0.5589297568456
31622.77660169,3.046016830261,-10.62150626441,3.046016830261,-10.62150626441,-0.6081382294073,0.3987073898227,0.2424698065611,-0.5576897213014
31988.95109692,2.887350337991,-10.72036822609,2.887350337991,-10.72036822609,-0.6039088946289,0.4005198693496,0.234909199212,-0.5563283761697
32359.36569296,2.724086483031,-10.81986192866,2.724086483031,-10.81986192866,-0.5996415133275,0.4022953160528,0.2273639703159,-0.5548454972512
32734.06948789,2.556012112181,-10.91999679468,2.556012112181,-10.91999679468,-0.5953367161779,0.4040327619593,0.2198374567904,-0.5532409695072
33113.11214826,2.382896421265,-11.0207819778,2.382896421265,-11.0207819778,-0.5909951649695,0.4057312494947,0.2123330186084,-0.5515147890458
33496.54391578,2.204489024639,-11.12222595312,2.204489024639,-11.12222595312,-0.5866175524883,0.4073898326472,0.2048540343899,-0.5496670649184
33884.41561392,2.020517790744,-11.22433599318,2.020517790744,-11.22433599318,-0.5822046023503,0.4090075781372,0.1974038968658,-0.5476980207216
34276.77865465,1.830686413153,-11.32711750337,1.830686413153,-11.32711750337,-0.5777570687828,0.410583566591,0.1899860082257,-0.5456079959916
34673.68504526,1.634671682647,-11.43057318546,1.634671682647,-11.43057318546,-0.5732757363557,0.412116893716,0.182603775357,-0.5433974473844
35075.18739526,1.432120420857,-11.53470199015,1.432120420857,-11.53470199015,-0.5687614196598,0.413606671474,0.1752606049889,-0.5410669496338
35481.33892336,1.22264603118,-11.63949781116,1.22264603118,-11.63949781116,-0.5642149629332,0.4150520292516,0.1679598987512,-0.5386171962784
35892.1934645,1.005824616406,-11.74494786206,1.005824616406,-11.74494786206,-0.5596372396348,0.4164521150235,0.1607050481605,-0.5360490001519
36307.80547701,0.7811906063023,-11.85103066377,0.7811906063023,-11.85103066377,-0.5550291519651,0.4178060965071,0.153499429548,-0.5333632936308
36728.23004981,0.5482318312108,-11.95771355326,0.5482318312108,-11.95771355326,-0.5503916303339,0.4191131623047,0.146346398939,-0.530561128632
37153.52290972,0.3063839702994,-12.06494960305,0.3063839702994,-12.06494960305,-0.5457256327755,0.4203725230323,0.1392492869017,-0.5276436763595
37583.74042885,0.05502429508996,-12.17267381459,0.05502429508996,-12.17267381459,-0.5410321443115,0.4215834124297,0.1322113933762,-0.5246122267924
38018.93963206,-0.2065353787256,-12.28079841512,-0.2065353787256,-12.28079841512,-0.5363121762615,0.4227450884517,0.1252359825003,-0.5214681879141
38459.17820454,-0.47905662549,-12.38920704605,-0.47905662549,-12.38920704605,-0.5315667655025,0.4238568343359,0.1183262774455,-0.5182130846801
38904.51449943,-0.7633833296777,-12.4977475784,-0.7633833296777,-12.4977475784,-0.5267969736783,0.424917959645,0.1114854552795,-0.5148485577226
39355.00754558,-1.060451694732,-12.6062232246,-1.060451694732,-12.6062232246,-0.5220038863584,0.4259278012809,0.1047166418693,-0.5113763617929
39810.71705535,-1.371301441023,-12.71438153273,-1.371301441023,-12.71438153273,-0.5171886121497,0.426885724468,0.09802290684108,-0.5077983639419
40271.70343255,-1.697088282805,-12.82190074431,-1.697088282805,-12.82190074431,-0.5123522817597,0.4277911237028,0.09140725861109,-0.5041165414414
40738.02778041,-2.039097750365,-12.92837286434,-2.039097750365,-12.92837286434,-0.5074960470156,0.4286434236673,0.0848726395043,-0.5003329794477
41209.75190974,-2.398760379271,-13.03328262577,-2.398760379271,-13.03328262577,-0.5026210798376,0.4294420801038,0.07842192097467,-0.4964498684133
41686.93834704,-2.777668213676,-13.13598132161,-2.777668213676,-13.13598132161,-0.4977285711715,0.4301865806487,0.07205789894276,-0.4924695012506
42169.65034286,-3.177592448406,-13.23565421653,-3.177592448406,-13.23565421653,-0.4928197298799,0.4308764456226,0.06578328926505,-0.488394270253
42657.95188016,-3.600501843238,-13.33127992549,-3.600501843238,-13.33127992549,-0.4878957815952,0.4315112287755,0.05960072334955,-0.4842266637821
43151.90768278,-4.048581247817,-13.42157974815,-4.048581247817,-13.42157974815,-0.4829579675366,0.4320905179831,0.05351274393153,-0.4799692627273
43651.58322402,-4.524249129511,-13.50495446546,-4.524249129511,-13.50495446546,-0.4780075432936,0.4326139358944,0.04752180102296,-0.4756247367474
44157.04473533,-5.030172329105,-13.57940553375,-5.030172329105,-13.57940553375,-0.4730457775773,0.4330811405272,0.04163024804845,-0.4711958403035
44668.3592151,-5.569275282051,-13.64243696158,-5.569275282051,-13.64243696158,-0.4680739509436,0.4334918258099,0.03584033818019,-0.4666854084948
45185.5944375,-6.144739496496,-13.69093345776,-6.144739496496,-13.69093345776,-0.46309335449,0.4338457220694,0.03015422088342,-0.4620963527068
45708.81896149,-6.759986983056,-13.72100977794,-6.759986983056,-13.72100977794,-0.4581052885289,0.4341425964609,0.02457393868328,-0.4574316560864
46238.10213993,-7.418638329116,-13.72782573957,-7.418638329116,-13.72782573957,-0.4531110612407,0.4343822533422,0.0191014241633,-0.4526943688554
46773.51412872,-8.124431877784,-13.70536143605,-8.124431877784,-13.70536143605,-0.4481119873092,0.434564534587,0.0137384972046,-0.4478876034756
47315.12589615,-8.881084626689,-13.6461483264,-8.881084626689,-13.6461483264,-0.4431093865422,0.4346893198402,0.008486862474285,-0.4430145296812
47863.00923227,-9.69206762842,-13.54095506841,-9.69206762842,-13.54095506841,-0.438104582481,0.4347565267119,0.003348107170378,-0.4380783693919
48417.23675841,-10.56025864217,-13.3784337761,-10.56025864217,-13.3784337761,-0.4330989010013,0.4347661109104,-0.001676300970265,-0.4330823915223
48977.88193685,-11.48742286739,-13.14474526218,-11.48742286739,-13.14474526218,-0.4280936689089,0.4347180663139,-0.006585015395602,-0.4280299067031
49545.01908048,-12.47346032613,-12.8232043251,-12.47346032613,-12.8232043251,-0.423090212533,0.4346124249803,-0.01137681218927,-0.4229242619299
50118.72336273,-13.51534988732,-12.39402289278,-13.51534988732,-12.39402289278,-0.4180898563214,0.434449257096,-0.01605059124526,-0.417768835156
50699.07082747,-14.60572359423,-11.83428472835,-14.60572359423,-11.83428472835,-0.4130939214389,0.4342286708618,-0.02060537716425,-0.4125670298451
51286.13839914,-15.73103660109,-11.11836287025,-15.73103660109,-11.11836287025,-0.4081037243736,0.4339508123192,-0.02504031987023,-0.4073222694998
51880.0038929,-16.86938278675,-10.21908369393,-16.86938278675,-10.21908369393,-0.403120575554,0.4336158651144,-0.02935469494745,-0.402037992184
52480.74602498,-17.98817684602,-9.110022644702,-17.98817684602,-9.110022644702,-0.3981457779791,0.433224050204,-0.03354790369853,-0.3967176450529
53088.4444231,-19.04220790197,-7.769322541704,-19.04220790197,-7.769322541704,-0.3931806258653,0.4327756254999,-0.03761947292583,-0.3913646789086
53703.17963703,-19.97295429718,-6.185243188524,-19.97295429718,-6.185243188524,-0.3882264033132,0.4322708854576,-0.04156905443902,-0.385982542797
54325.03314925,-20.7104174582,-4.363138712002,-20.7104174582,-4.363138712002,-0.3832843829961,0.4317101606067,-0.04539642429295,-0.3805746786606
54954.08738577,-21.17880051032,-2.332640740199,-21.17880051032,-2.332640740199,-0.3783558248748,0.4310938170264,-0.0491014817609,-0.3751445160628
55590.42572704,-21.30670333788,-0.1526860654851,-21.30670333788,-0.1526860654851,-0.3734419749392,0.4304222557673,-0.05268424804911,-0.3696954669995
56234.13251904,-21.04083831767,2.088698036007,-21.04083831767,2.088698036007,-0.3685440639814,0.42969591222,-0.05614486475962,-0.3642309208106
56885.29308439,-20.35993770026,4.28228826082,-20.35993770026,4.28228826082,-0.3636633064016,0.4289152554349,-0.05948359210904,-0.3587542392064
57543.99373372,-19.28383810584,6.313100077044,-19.28383810584,6.313100077044,-0.3588008990489,0.428080787392,-0.06270080691191,-0.3532687514204
58210.32177709,-17.87336609107,8.079569286249,-17.87336609107,8.079569286249,-0.3539580201006,0.4271930422254,-0.06579700033807,-0.3477777495038
58884.36553556,-16.22007095101,9.51023649157,-16.22007095101,9.51023649157,-0.3491358279804,0.4262525854034,-0.06877277545388,-0.3422844837692
59566.2143529,-14.42926493576,10.57244785784,-14.42926493576,10.57244785784,-0.3443354603191,0.4252600128664,-0.07162884455827,-0.3367921583984
60255.95860744,-12.60236731048,11.27125305398,-12.60236731048,11.27125305398,-0.3395580329585,0.4242159501257,-0.07436602632461,-0.3313039272216
60953.68972402,-10.82378486871,11.64076547628,-10.82378486871,11.64076547628,-0.3348046389999,0.4231210513257,-0.07698524276045,-0.3258228896791
61659.50018615,-9.154588645481,11.7323370886,-9.154588645481,11.7323370886,-0.3300763479003,0.4219759982709,-0.07948751599721,-0.3203520869718
62373.48354825,-7.632281403688,11.60349347104,-7.632281403688,11.60349347104,-0.3253742046162,0.4207814994212,-0.08187396492261,-0.3148944984108
63095.73444802,-6.274409902185,11.30981483553,-6.274409902185,11.30981483553,-0.320699228796,0.4195382888593,-0.08414580166862,-0.3094530379699
63826.34861906,-5.083701624575,10.9002038588,-5.083701624575,10.9002038588,-0.3160524140235,0.4182471252297,-0.08630432796835,-0.3040305510486
64565.42290347,-4.053105701509,10.41493806429,-4.053105701509,10.41493806429,-0.3114347271119,0.4169087906556,-0.08835093139506,-0.2986298114494
65313.05526475,-3.169929072678,9.885570136552,-3.169929072678,9.885570136552,-0.3068471074501,0.4155240896343,-0.09028708149701,-0.2932535185739
66069.34480076,-2.418851747221,9.335830834152,-2.418851747221,9.335830834152,-0.3022904664003,0.414093847914,-0.09211432584154,-0.2879042948402
66834.39175687,-1.783926007945,8.782934395848,-1.783926007945,8.782934395848,-0.2977656867491,0.4126189113559,-0.09383428598199,-0.2825846833236
67608.2975392,-1.249784303534,8.238927824249,-1.249784303534,8.238927824249,-0.2932736222112,0.4111001447835,-0.09544865336095,-0.2772971456225
68391.16472815,-0.8022882098622,7.711904495704,-0.8022882098622,7.711904495704,-0.2888150969858,0.4095384308209,-0.09695918516319,-0.2720440599486
69183.0970919,-0.4288112059182,7.207014870911,-0.4288112059182,7.207014870911,-0.2843909053659,0.4079346687256,-0.09836770013126,-0.2668277194427
69984.19960023,-0.1182976013503,6.727268418446,-0.1182976013503,6.727268418446,-0.2800018114002,0.406289773215,-0.09967607435693,-0.2616503307127
70794.57843842,0.1388049761944,6.274149307011,0.1388049761944,6.274149307011,-0.2756485486069,0.4046046732921,-0.1008862370608,-0.2565140125933
71614.34102129,0.3506766654978,5.84807809681,0.3506766654978,5.84807809681,-0.2713318197394,0.4028803110705,-0.1020001663723,-0.2514207951237
72443.5960075,0.5242815356026,5.448751811028,0.5242815356026,5.448751811028,-0.2670522966027,0.4011176406038,-0.1030198851226,-0.2463726187405
73282.4533139,0.6655265772487,5.075390817678,0.6655265772487,5.075390817678,-0.2628106199198,0.3993176267193,-0.1039474566606,-0.2413713336806
74131.0241301,0.7794116126254,4.726915779196,0.7794116126254,4.726915779196,-0.2586073992478,0.3974812438594,-0.1047849807043,-0.2364186995907
74989.42093325,0.8701645393983,4.402072904618,0.8701645393983,4.402072904618,-0.2544432129419,0.395609474934,-0.1055345892373,-0.2315163853363
75857.75750292,0.941360026948,4.099521414267,0.941360026948,4.099521414267,-0.2503186081663,0.3937033101834,-0.1061984424602,-0.2266659690058
76736.14893619,0.9960218352415,3.817893633227,0.9960218352415,3.817893633227,-0.2462341009512,0.3917637460571,-0.106778724807,-0.2218689381027
77624.71166287,1.036709969728,3.555835413348,1.036709969728,3.555835413348,-0.2421901762948,0.389791784107,-0.1072776410347,-0.2171266899187
78523.56346101,1.065594333281,3.312032522933,1.065594333281,3.312032522933,-0.238187288307,0.3877884298998,-0.1076974123947,-0.2124405320811
79432.82347243,1.084516647692,3.085227105431,1.084516647692,3.085227105431,-0.2342258603967,0.3857546919482,-0.1080402728935,-0.2078116832667
80352.61221857,1.09504234799,2.87422717383,1.09504234799,2.87422717383,-0.2303062854974,0.3836915806645,-0.1083084656495,-0.2032412740746
81283.05161642,1.098503997952,2.677911276684,1.098503997952,2.677911276684,-0.2264289263327,0.3816001073354,-0.1085042393529,-0.1987303480486
82224.26499471,1.096037587904,2.495229866796,1.096037587904,2.495229866796,-0.2225941157179,0.3794812831231,-0.1086298448342,-0.1942798628434
83176.37711027,1.088612885375,2.325204465067,1.088612885375,2.325204465067,-0.218802156897,0.3773361180899,-0.1086875317456,-0.1898906915228
84139.51416453,1.077058831554,2.166925394768,1.077058831554,2.166925394768,-0.2150533239133,0.3751656202513,-0.1086795453624,-0.1855636239847
85113.80382024,1.062084817157,2.019548632964,1.062084817157,2.019548632964,-0.2113478620113,0.3729707946557,-0.1086081235052,-0.181299368502
86099.37521847,1.044298533311,1.882292161278,1.044298533311,1.882292161278,-0.2076859880689,0.3707526424936,-0.1084754935882,-0.1770985533708
87096.35899561,1.024220975406,1.754432080191,1.024220975406,1.754432080191,-0.2040678910576,0.3685121602361,-0.1082838697971,-0.1729617286594
88104.88730081,1.002299078853,1.635298666531,1.002299078853,1.635298666531,-0.2004937325289,0.3662503388039,-0.1080354503962,-0.1688893680462
89125.09381338,0.9789163827447,1.524272493829,0.9789163827447,1.524272493829,-0.1969636471251,0.3639681627675,-0.1077324151695,-0.1648818707414
90157.1137606,0.9544020491858,1.420780692312,0.9544020491858,1.420780692312,-0.1934777431132,0.3616666095788,-0.1073769229943,-0.1609395634807
91201.0839356,0.9290385090557,1.324293395419,0.9290385090557,1.324293395419,-0.1900361029389,0.3593466488346,-0.1069711095506,-0.1570627025855
92257.14271548,0.9030679583607,1.234320398641,0.9030679583607,1.234320398641,-0.1866387838011,0.3570092415726,-0.1065170851636,-0.1532514760805
93325.43007971,0.8766978908577,1.150408041965,0.8766978908577,1.150408041965,-0.1832858182417,0.3546553396002,-0.1060169327822,-0.1495060058593
94406.0876286,0.8501058207709,1.072136317561,0.8501058207709,1.072136317561,-0.1799772147533,0.3522858848555,-0.1054727060901,-0.1458263498931
95499.25860215,0.8234433236053,0.9991161975883,0.8234433236053,0.9991161975883,-0.176712958399,0.3499018088015,-0.1048864277498,-0.1422125044729
96605.08789899,0.7968395012752,0.9309871731891,0.7968395012752,0.9309871731891,-0.1734930114452,0.3475040318531,-0.1042600877784,-0.1386644064783
97723.72209559,0.7704039603319,0.8674149929855,0.7704039603319,0.8674149929855,-0.1703173140053,0.3450934628365,-0.1035956420521,-0.1351819356668
98855.3094657,0.744229377273,0.8080895882878,0.744229377273,0.8080895882878,-0.1671857846919,0.3426709984809,-0.102895010938,-0.1317649169761
100000.0,0.7183937129216,0.7527231716323,0.7183937129216,0.7527231716323,-0.1640983212762,0.3402375229434,-0.1021600780515,-0.1284131228333
101157.945426,0.6929621278215,0.7010484953453,0.6929621278215,0.7010484953453,-0.1610548013547,0.3377939073642,-0.1013926891347,-0.1251262754648
102329.2992281,0.6679886423863,0.6528172571157,0.6679886423863,0.6528172571157,-0.1580550830187,0.3353410094549,-0.1005946510545,-0.1219040492019
103514.2166679,0.6435175784883,0.6077986403741,0.6435175784883,0.6077986403741,-0.1550990055282,0.3328796731169,-0.09976773091678,-0.1187460727746
104712.8548051,0.6195848136438,0.5657779777508,0.6195848136438,0.5657779777508,-0.152186389987,0.3304107280904,-0.09891365529284,-0.1156519315917
105925.3725177,0.5962188739864,0.5265555269311,0.5962188739864,0.5265555269311,-0.1493170400187,0.327934989634,-0.09803410955479,-0.1126211699988
107151.9305238,0.5734418883745,0.4899453488343,0.5734418883745,0.4899453488343,-0.1464907424412,0.3254532582326,-0.09713073731648,-0.1096532935125
108392.6914021,0.5512704224842,0.4557742790828,0.5512704224842,0.4557742790828,-0.1437072679405,0.3229663193357,-0.09620513997563,-0.1067477710257
109647.8196143,0.5297162090845,0.4238809842749,0.5297162090845,0.4238809842749,-0.1409663717401,0.3204749431217,-0.09525887635368,-0.1039040369787
110917.4815262,0.5087867882313,0.3941150954582,0.5087867882313,0.3941150954582,-0.1382677942674,0.3179798842915,-0.0942934624289,-0.1011214934957
112201.8454302,0.488486069135,0.3663364119138,0.488486069135,0.3663364119138,-0.1356112618144,0.3154818818872,-0.09331037115911,-0.0983995124801
113501.0815672,0.4688148238336,0.3404141688837,0.4688148238336,0.3404141688837,-0.1329964871926,0.3129816591377,-0.0923110323895,-0.09573743766816
114815.3621497,0.4497711213381,0.3162263635509,0.4497711213381,0.3162263635509,-0.1304231703811,0.3104799233285,-0.09129683284169,-0.09313458663683
116144.861384,0.4313507097159,0.2936591341231,0.4313507097159,0.2936591341231,-0.1278909991668,0.3079773656962,-0.09026911617971,-0.09059025276433
117489.755494,0.4135473525683,0.2726061873356,0.4135473525683,0.2726061873356,-0.1253996497758,0.3054746613463,-0.08922918314871,-0.08810370714081
118850.2227437,0.3963531255,0.2529682700981,0.3963531255,0.2529682700981,-0.1229487874963,0.3029724691932,-0.08817829178251,-0.0856742004276
120226.4434617,0.3797586773845,0.2346526815502,0.3797586773845,0.2346526815502,-0.1205380672911,0.3004714319225,-0.08711765767553,-0.08330096466337
121618.6000646,0.3637534606732,0.2175728219422,0.3637534606732,0.2175728219422,-0.1181671343995,0.2979721759732,-0.08604845431544,-0.08098321501583
123026.8770812,0.3483259343661,0.2016477753295,0.3483259343661,0.2016477753295,-0.1158356249289,0.2954753115408,-0.08497181347219,-0.07872015147805
124451.4611771,0.3334637428715,0.1868019231418,0.3334637428715,0.1868019231418,-0.1135431664339,0.2929814325987,-0.08388882563985,-0.07651096050833
125892.5411794,0.3191538735218,0.1729645861338,0.3191538735218,0.1729645861338,-0.1112893784842,0.2904911169382,-0.08280054052708,-0.07435481661323
127350.3081017,0.3053827952087,0.1600696923294,0.3053827952087,0.1600696923294,-0.1090738732199,0.2880049262259,-0.08170796759276,-0.072250883873
128824.9551693,0.2921365802713,0.1480554688914,0.2921365802713,0.1480554688914,-0.1068962558937,0.285523406077,-0.08061207662302,-0.07019831740952
130316.6778452,0.279401011536,0.1368641559491,0.279401011536,0.1368641559491,-0.1047561254007,0.2830470861451,-0.07951379834609,-0.06819626479629
131825.6738556,0.2671616761595,0.126441740698,0.2671616761595,0.126441740698,-0.1026530747944,0.2805764802259,-0.07841402508162,-0.06624386741093
133352.1432163,0.2554040477528,0.1167377101218,0.2554040477528,0.1167377101218,-0.1005866917895,0.2781120863758,-0.07731361142103,-0.06434026173013
134896.2882592,0.2441135580777,0.107704820941,0.2441135580777,0.107704820941,-0.09855655925064,0.2756543870426,-0.07621337493582,-0.06248458056759
136458.3136589,0.2332756594679,0.09929888543028,0.2332756594679,0.09929888543028,-0.09656225566766,0.2732038492093,-0.07511409691065,-0.06067595425548
138038.4264603,0.2228758789917,0.09147857193061,0.2228758789917,0.09147857193061,-0.09460335561674,0.2707609245493,-0.07401652309824,-0.05891351177003
139636.8361056,0.2128998652637,0.08420521894319,0.2128998652637,0.08420521894319,-0.09267943020743,0.2683260495924,-0.07292136449329,-0.05719638180192
141253.7544623,0.2033334287098,0.07744266178829,0.2033334287098,0.07744266178829,-0.09079004751578,0.2658996459002,-0.07182929812269,-0.05552369377251
142889.3958511,0.1941625760032,0.07115707092841,0.1941625760032,0.07115707092841,-0.08893477300321,0.2634821202523,-0.07074096784934,-0.05389457879671
144543.9770746,0.185373539311,0.06531680109141,0.185373539311,0.06531680109141,-0.08711316992146,0.2610738648395,-0.06965698518729,-0.05230817059358
146217.7174457,0.1769528009225,0.05989225042661,0.1769528009225,0.05989225042661,-0.08532479970344,0.2586752574655,-0.06857793012571,-0.05076360634572
147910.8388168,0.1688871137705,0.05485572897947,0.1688871137705,0.05485572897947,-0.08356922234014,0.2562866617565,-0.06750435195953,-0.04926002750872
149623.5656095,0.1611635183014,0.05018133582775,0.1611635183014,0.05018133582775,-0.08184599674374,0.2539084273765,-0.06643677012468,-0.04779658057179
151356.1248436,0.1537693561032,0.0458448442581,0.1537693561032,0.0458448442581,-0.08015468109694,0.2515408902488,-0.0653756750359,-0.04637241777087
153108.7461682,0.1466922806592,0.04182359446282,0.1466922806592,0.04182359446282,-0.07849483318866,0.2491843727831,-0.06432152892535,-0.04498669775558
154881.6618913,0.1399202655528,0.03809639319306,0.1399202655528,0.03809639319306,-0.07686601073642,0.246839184107,-0.06327476668019,-0.04363858621133
156675.1070108,0.1334416104224,0.0346434199364,0.1334416104224,0.0346434199364,-0.07526777169533,0.2445056203023,-0.06223579667761,-0.04232725643793
158489.3192461,0.1272449449266,0.03144613914744,0.1272449449266,0.03144613914744,-0.07369967455408,0.2421839646443,-0.06120500161568,-0.0410518898862
160324.539069,0.1213192309606,0.02848721813755,0.1213192309606,0.02848721813755,-0.07216127861802,0.2398744878448,-0.06018273933876,-0.03981167665388
162181.0097359,0.1156537633335,0.02575045024087,0.1156537633335,0.02575045024087,-0.07065214427965,0.2375774482975,-0.05916934365603,-0.03860581594231
164058.97732,0.1102381691023,0.02322068291617,0.1102381691023,0.02322068291617,-0.06917183327659,0.2352930923253,-0.05816512515207,-0.03743351647535
165958.6907438,0.1050624057294,0.02088375043849,0.1050624057294,0.02088375043849,-0.06771990893747,0.2330216544305,-0.05717037198828,-0.03629399688192
167880.4018123,0.1001167582215,0.01872641089766,0.1001167582215,0.01872641089766,-0.06629593641584,0.2307633575447,-0.05618535069421,-0.03518648604357
169824.3652462,0.09539183538681,0.01673628721354,0.09539183538681,0.01673628721354,-0.06489948291241,0.228518413281,-0.05521030694786,-0.03411022340854
171790.8387158,0.09087856533523,0.0149018119077,0.09087856533523,0.0149018119077,-0.06353011788586,0.2262870221857,-0.05424546634414,-0.03306445927372
173780.082875,0.08656819033152,0.01321217538599,0.08656819033152,0.01321217538599,-0.06218741325257,0.2240693739913,-0.05329103515069,-0.03204845503582
175792.3613959,0.08245226110322,0.01165727751014,0.08245226110322,0.01165727751014,-0.06087094357544,0.2218656478679,-0.05234720105046,-0.03106148341323
177827.9410039,0.07852263069042,0.01022768224059,0.07852263069042,0.01022768224059,-0.05958028624213,0.2196760126753,-0.05141413387042,-0.0301028286398
179887.0915129,0.07477144791867,0.0089145751584,0.07477144791867,0.0089145751584,-0.05831502163302,0.217500627214,-0.05049198629591,-0.02917178663203
181970.085861,0.07119115056447,0.007709723676565,0.07119115056447,0.007709723676565,-0.05707473327914,0.2153396404742,-0.04958089457016,-0.0282676651308
184077.2001469,0.06777445827945,0.006605439776553,0.06777445827945,0.006605439776553,-0.05585900801039,0.2131931918848,-0.04868097917856,-0.02738978381894
186208.7136663,0.06451436532637,0.005594545100314,0.06451436532637,0.005594545100314,-0.05466743609428,0.2110614115601,-0.04779234551742,-0.0265374744161
188364.908949,0.06140413318073,0.004670338256822,0.06140413318073,0.004670338256822,-0.05349961136558,0.2089444205443,-0.04691508454695,-0.02571008075176
190546.0717963,0.05843728303846,0.003826564193539,0.05843728303846,0.003826564193539,-0.05235513134702,0.2068423310542,-0.04604927342814,-0.0249069588179
192752.4913191,0.05560758827337,0.003057385511599,0.05560758827337,0.003057385511599,-0.05123359736149,0.2047552467204,-0.04519497614352,-0.02412747680233
194984.4599758,0.05290906687467,0.002357355592187,0.05290906687467,0.002357355592187,-0.05013461463592,0.2026832628244,-0.04435224410157,-0.02337101510376
197242.2736115,0.05033597389912,0.001721393428486,0.05033597389912,0.001721393428486,-0.04905779239708,0.2006264665346,-0.04352111672482,-0.02263696632977
199526.2314969,0.04788279396077,0.001144760047865,0.04788279396077,0.001144760047865,-0.04800274395976,0.1985849371386,-0.04270162202143,-0.02192473527874
201836.6363682,0.04554423378448,0.0006230364297845,0.04554423378448,0.0006230364297845,-0.04696908680742,0.1965587462727,-0.04189377714048,-0.02123373890666
204173.794467,0.04331521484157,0.0001521028217489,0.04331521484157,0.0001521028217489,-0.04595644266564,0.1945479581486,-0.04109758891086,-0.02056340627985
206538.0155811,0.04119086608576,-0.0002718806332875,0.04119086608576,-0.0002718806332875,-0.04496443756871,0.1925526297764,-0.04031305436381,-0.01991317851461
208929.6130854,0.03916651680385,-0.000652492041449,0.03916651680385,-0.000652492041449,-0.04399270191953,0.1905728111849,-0.03954016123942,-0.0192825087045
211348.9039837,0.03723768959442,-0.000993064750461,0.03723768959442,-0.000993064750461,-0.04304087054313,0.1886085456381,-0.03877888847695,-0.01867086183639
213796.2089502,0.03540009348403,-0.001296703264649,0.03540009348403,-0.001296703264649,-0.04210858273406,0.1866598698478,-0.03802920668932,-0.01807771469589
216271.8523727,0.03364961719158,-0.001566298147035,0.03364961719158,-0.001566298147035,-0.04119548229787,0.1847268141838,-0.0372910786219,-0.01750255576309
218776.162395,0.0319823225451,-0.001804539976948,0.0319823225451,-0.001804539976948,-0.04030121758702,0.1828094028792,-0.03656445959579,-0.01694488509931
221309.4709606,0.03039443805951,-0.002013932418033,0.03039443805951,-0.002013932418033,-0.03942544153129,0.1809076542325,-0.03584929793578,-0.01640421422569
223872.1138569,0.02888235267954,-0.002196804453231,0.02888235267954,-0.002196804453231,-0.03856781166314,0.1790215808063,-0.03514553538328,-0.0158800659942
226464.4307593,0.02744260968728,-0.002355321844431,0.02744260968728,-0.002355321844431,-0.03772799013804,0.177151189622,-0.03445310749448,-0.01537197445182
229086.7652768,0.02607190078285,-0.002491497856849,0.02607190078285,-0.002491497856849,-0.03690564375017,0.1752964823498,-0.03377194402396,-0.01487948469857
231739.4649969,0.02476706033365,-0.002607203302486,0.02476706033365,-0.002607203302486,-0.03610044394357,0.1734574554967,-0.03310196929401,-0.01440215273985
234422.881532,0.02352505979668,-0.002704175940277,0.02352505979668,-0.002704175940277,-0.03531206681908,0.1716341005885,-0.03244310255003,-0.01393954533381
237137.3705662,0.02234300231127,-0.002784029276552,0.02234300231127,-0.002784029276552,-0.03454019313713,0.1698264043501,-0.03179525830226,-0.0134912398343
239883.291902,0.02121811746356,-0.002848260801156,0.02121811746356,-0.002848260801156,-0.03378450831676,0.1680343488798,-0.0311583466541,-0.01305682402976
242661.0095083,0.02014775621922,-0.002898259697148,0.02014775621922,-0.002898259697148,-0.03304470243087,0.1662579118215,-0.03053227361738,-0.0126358959788
245470.8915685,0.01912938602402,-0.002935314055866,0.01912938602402,-0.002935314055866,-0.03232047019805,0.1644970665319,-0.02991694141492,-0.01222806384265
248313.3105296,0.01816058607004,-0.002960617628426,0.01816058607004,-0.002960617628426,-0.03161151097111,0.1627517822444,-0.02931224877064,-0.01183294571517
251188.643151,0.01723904272395,-0.002975276144148,0.01723904272395,-0.002975276144148,-0.03091752872248,0.161022024229,-0.02871809118752,-0.01145016945072
254097.2705549,0.01636254511542,-0.002980313222069,0.01636254511542,-0.002980313222069,-0.03023823202662,0.1593077539486,-0.02813436121381,-0.01107937249024
257039.5782769,0.01552898088237,-0.002976675901805,0.01552898088237,-0.002976675901805,-0.02957333403974,0.1576089292107,-0.0275609486978,-0.01072020168605
260015.9563165,0.01473633206918,-0.002965239818024,0.01473633206918,-0.002965239818024,-0.02892255247683,0.1559255043167,-0.02699774103137,-0.01037231312556
263026.7991896,0.01398267117532,-0.002946814040441,0.01398267117532,-0.002946814040441,-0.02828560958622,0.1542574302063,-0.0264446233828,-0.0100353719543
266072.5059799,0.01326615734971,-0.002922145601417,0.01326615734971,-0.002922145601417,-0.02766223212192,0.1526046545987,-0.025901478919,-0.009709052198613
269153.4803927,0.01258503272823,-0.002891923729898,0.01258503272823,-0.002891923729898,-0.02705215131366,0.1509671221303,-0.02536818901762,-0.009393036588211
272270.1308078,0.01193761890949,-0.002856783811293,0.01193761890949,-0.002856783811293,-0.02645510283501,0.1493447744885,-0.02484463346921,-0.009087016378861
275422.8703338,0.01132231356543,-0.002817311090366,0.01132231356543,-0.002817311090366,-0.02587082676955,0.1477375505419,-0.02433069066995,-0.008790691175538
278612.116863,0.01073758718353,-0.002774044132791,0.01073758718353,-0.002774044132791,-0.02529906757527,0.1461453864671,-0.023826237805,-0.008503768756181
281838.2931265,0.01018197993533,-0.002727478061924,0.01018197993533,-0.002727478061924,-0.0247395740474,0.1445682158727,-0.02333115102294,-0.008225964896318
285101.8267504,0.009654098668429,-0.002678067584188,0.009654098668429,-0.002678067584188,-0.02419209927962,0.1430059699181,-0.02284530560164,-0.007957003194736
288403.1503127,0.009152614017921,-0.002626229816651,0.009152614017921,-0.002626229816651,-0.0236564006239,0.1414585774314,-0.02236857610567,-0.007696614900374
291742.7014001,0.00867625763313,-0.002572346929629,0.00867625763313,-0.002572346929629,-0.02313223964912,0.1399259650215,-0.02190083653575,-0.007444538740634
295120.9226667,0.008223819515479,-0.002516768616263,0.008223819515479,-0.002516768616263,-0.02261938209838,0.138408057189,-0.02144196047031,-0.007200520751225
298538.2618918,0.00779414546505,-0.002459814399287,0.00779414546505,-0.002459814399287,-0.02211759784528,0.1369047764324,-0.02099182119969,-0.006964314107716
301995.1720402,0.007386134630381,-0.002401775786454,0.007386134630381,-0.002401775786454,-0.02162666084921,0.1354160433524,-0.02055029185301,-0.0067356789589
305492.1113216,0.00699873715935,-0.002342918283375,0.00699873715935,-0.002342918283375,-0.02114634910974,0.1339417767519,-0.02011724551811,-0.006514382262101
309029.5432514,0.006630951946469,-0.002283483273543,0.006630951946469,-0.002283483273543,-0.02067644462017,0.1324818937339,-0.01969255535486,-0.006300197620525
312607.9367124,0.006281824474118,-0.002223689773417,0.006281824474118,-0.002223689773417,-0.02021673332037,0.1310363097962,-0.01927609470195,-0.006092905122748
316227.7660169,0.00595044474286,-0.002163736071413,0.00595044474286,-0.002163736071413,-0.01976700504898,0.1296049389229,-0.01886773717749,-0.005892291184421
319889.5109692,0.005635945289501,-0.002103801257093,0.005635945289501,-0.002103801257093,-0.01932705349505,0.1281876936732,-0.01846735677379,-0.005698148392285
323593.6569297,0.005337499287233,-0.002044046648911,0.005337499287233,-0.002044046648911,-0.01889667614913,0.1267844852678,-0.01807482794625,-0.005510275350537
327340.6948789,0.005054318727395,-0.001984617125615,0.005054318727395,-0.001984617125615,-0.01847567425398,0.1253952236719,-0.0176900256969,-0.00532847652963
331131.1214826,0.004785652677017,-0.001925642368883,0.004785652677017,-0.001925642368883,-0.01806385275492,0.1240198176761,-0.01731282565266,-0.005152562117534
334965.4391579,0.004530785611549,-0.001867238021723,0.004530785611549,-0.001867238021723,-0.01766102024987,0.1226581749743,-0.01694310413853,-0.004982347873521
338844.1561392,0.004289035818048,-0.001809506768933,0.004289035818048,-0.001809506768933,-0.01726698893913,0.1213102022392,-0.01658073824597,-0.004817654984498
342767.7865465,0.004059753867469,-0.001752539343971,0.004059753867469,-0.001752539343971,-0.016881574575,0.1199758051954,-0.01622560589669,-0.004658309923915
346736.8504526,0.003842321152131,-0.001696415467515,0.003842321152131,-0.001696415467515,-0.01650459641129,0.11865488869,-0.01587758590196,-0.004504144313282
350751.8739526,0.003636148486625,-0.001641204721732,0.003636148486625,-0.001641204721732,-0.01613587715274,0.1173473567607,-0.01553655801775,-0.004354994786305
354813.3892336,0.003440674769242,-0.001586967364585,0.003440674769242,-0.001586967364585,-0.01577524290436,0.1160531127017,-0.01520240299581,-0.004210702855654
358921.934645,0.003255365701213,-0.00153375508813,0.003255365701213,-0.00153375508813,-0.01542252312089,0.1147720591272,-0.01487500263084,-0.004071114782366
363078.0547701,0.003079712562086,-0.001481611724187,0.003079712562086,-0.001481611724187,-0.01507755055622,0.1135040980332,-0.01455423980405,-0.003936081447897
367282.3004981,0.002913231038358,-0.001430573901008,0.002913231038358,-0.001430573901008,-0.01474016121299,0.1122491308561,-0.01423999852316,-0.00380545822881
371535.2290972,0.002755460103226,-0.001380671654092,0.002755460103226,-0.001380671654092,-0.01441019429227,0.1110070585305,-0.01393216395902,-0.003679104874098
375837.4042885,0.002605960945766,-0.001331928994001,0.002605960945766,-0.001331928994001,-0.01408749214342,0.1097777815439,-0.0136306224791,-0.003556885385132
380189.3963206,0.002464315946933,-0.001284364434136,0.002464315946933,-0.001284364434136,-0.01377190021423,0.1085611999899,-0.01333526167789,-0.003438667898224
384591.7820454,0.002330127700758,-0.001237991480992,0.002330127700758,-0.001237991480992,-0.01346326700119,0.1073572136196,-0.0130459704044,-0.003324324569778
389045.1449943,0.002203018079042,-0.001192819089295,0.002203018079042,-0.001192819089295,-0.01316144400012,0.1061657218906,-0.0127626387869,-0.003213731464027
393550.0754558,0.002082627336836,-0.001148852084544,0.002082627336836,-0.001148852084544,-0.01286628565704,0.1049866240146,-0.01248515825506,-0.003106768443323
398107.1705535,0.001968613258309,-0.001106091554754,0.001968613258309,-0.001106091554754,-0.01257764931942,0.1038198190029,-0.0122134215596,-0.003003319060957
402717.0343255,0.001860650340021,-0.001064535213749,0.001860650340021,-0.001064535213749,-0.01229539518772,0.1026652057108,-0.01194732278956,-0.002903270456487
407380.2778041,0.001758429010933,-0.00102417773765,0.001758429010933,-0.00102417773765,-0.01201938626729,0.1015226828792,-0.01168675738731,-0.002806513253544
412097.5190974,0.001661654886954,-0.0009850110764687,0.001661654886954,-0.0009850110764687,-0.01174948832078,0.1003921491759,-0.01143162216147,-0.002712941460085
416869.3834704,0.00157004805912,-0.0009470247423476,0.00157004805912,-0.0009470247423476,-0.01148556982078,0.09927350323406,-0.01118181529783,-0.002622452371065
421696.5034286,0.001483342413365,-0.0009102060760938,0.001483342413365,-0.0009102060760938,-0.01122750190305,0.09816664368994,-0.01093723636828,-0.00253494647349
426579.5188016,0.001401284981048,-0.0008745404933701,0.001401284981048,-0.0008745404933701,-0.01097515832009,0.09707146921886,-0.01069778633803,-0.002450327353823
431519.0768278,0.001323635318557,-0.0008400117119558,0.001323635318557,-0.0008400117119558,-0.01072841539521,0.09598787856965,-0.01046336757109,-0.002368501607705
436515.8322402,0.001250164915004,-0.0008066019613026,0.001250164915004,-0.0008066019613026,-0.01048715197706,0.0949157705978,-0.01023388383412,-0.002289378751948
441570.4473533,0.001180656626486,-0.0007742921756219,0.001180656626486,-0.0007742921756219,-0.01025124939468,0.09385504429715,-0.01000924029882,-0.00221287113878
446683.592151,0.001114904136161,-0.00074306217156,0.001114904136161,-0.00074306217156,-0.01002059141297,0.09280559883029,-0.009789343542805,-0.002138893872285
451855.944375,0.001052711438581,-0.0007128908115592,0.001052711438581,-0.0007128908115592,-0.009795064188756,0.09176733355768,-0.009574101549243,-0.002067364727012
457088.1896149,0.0009938923475745,-0.0006837561538366,0.0009938923475745,-0.0006837561538366,-0.009574556227297,0.09074014806546,-0.009363423705127,-0.00199820406871
462381.0213993,0.0009382700265654,-0.0006556355899119,0.0009382700265654,-0.0006556355899119,-0.009358958339369,0.08972394219212,-0.00915722079842,-0.001931334777151
467735.1412872,0.000885676540111,-0.0006285059705494,0.000885676540111,-0.0006285059705494,-0.00914816359885,0.08871861605396,-0.008955405014067,-0.001866682171
473151.2589615,0.0008359524261586,-0.0006023437208886,0.0008359524261586,-0.0006023437208886,-0.008942067300851,0.08772407006935,-0.008757889928962,-0.00180417393469
478630.0923227,0.0007889462877846,-0.0005771249455366,0.0007889462877846,-0.0005771249455366,-0.008740566920388,0.08674020498202,-0.008564590505939,-0.001743740047269
484172.3675841,0.0007445144035695,-0.0005528255243132,0.0007445144035695,-0.0005528255243132,-0.008543562071605,0.08576692188315,-0.00837542308685,-0.001685312713173
489778.8193685,0.000702520356094,-0.0005294211993033,0.000702520356094,-0.0005294211993033,-0.008350954467542,0.0848041222325,-0.008190305384794,-0.001628826294887
495450.1908048,0.0006628346773966,-0.0005068876538394,0.0006628346773966,-0.0005068876538394,-0.008162647880462,0.0838517078785,-0.008009156475546,-0.001574217247455
501187.2336273,0.0006253345108194,-0.0004852005839808,0.0006253345108194,-0.0004852005839808,-0.007978548102735,0.08290958107743,-0.007831896788258,-0.001521424054791
506990.7082747,0.0005899032885577,-0.000464335763034,0.0005899032885577,-0.000464335763034,-0.007798562908273,0.08197764451157,-0.007658448095468,-0.001470387167774
512861.3839914,0.000556430424147,-0.0004442690996172,0.000556430424147,-0.0004442690996172,-0.007622602014533,0.0810558013065,-0.007488733502478,-0.001421048944051
518800.038929,0.000524811019191,-0.0004249766897341,0.000524811019191,-0.0004249766897341,-0.007450577045077,0.08014395504757,-0.007322677436148,-0.001373353589552
524807.4602498,0.0004949455838362,-0.0004064348633088,0.0004949455838362,-0.0004064348633088,-0.007282401492689,0.07924200979538,-0.007160205633149,-0.001327247101638
530884.444231,0.0004667397702548,-0.0003886202255851,0.0004667397702548,-0.0003886202255851,-0.007117990683055,0.07834987010061,-0.007001245127725,-0.001282677213871
537031.7963703,0.0004401041185955,-0.0003715096937781,0.0004401041185955,-0.0003715096937781,-0.006957261739001,0.07746744101791,-0.006845724238991,-0.00123959334236
543250.3314925,0.0004149538148829,-0.000355080529341,0.0004149538148829,-0.000355080529341,-0.006800133545288,0.07659462811915,-0.006693572557828,-0.001197946533638
549540.8738577,0.0003912084603097,-0.0003393103661846,0.0003912084603097,-0.0003393103661846,-0.006646526713961,0.07573133750581,-0.006544720933394,-0.001157689414044
555904.2572704,0.0003687918513938,-0.0003241772351605,0.0003687918513938,-0.0003241772351605,-0.006496363550251,0.07487747582078,-0.0063991014593,-0.001118776140564
562341.3251904,0.0003476317705186,-0.0003096595851022,0.0003476317705186,-0.0003096595851022,-0.006349568019031,0.07403295025936,-0.006256647459469,-0.001081162353108
568852.9308439,0.0003276597864495,-0.0002957363007088,0.0003276597864495,-0.0002957363007088,-0.006206065711816,0.07319766857968,-0.006117293473729,-0.001044805128165
575439.9373372,0.0003088110642977,-0.000282386717515,0.0003088110642977,-0.000282386717515,-0.006065783814305,0.0723715391124,-0.005980975243161,-0.001009662933829
582103.2177709,0.0002910241845408,-0.0002695906341933,0.0002910241845408,-0.0002695906341933,-0.005928651074471,0.07155447076989,-0.005847629695224,-0.0009756955861358
588843.6553556,0.0002742409707154,-0.0002573283224148,0.0002742409707154,-0.0002573283224148,-0.00579459777118,0.07074637305472,-0.005717194928694,-0.000942864206695
595662.1435291,0.0002584063253479,-0.0002455805344705,0.0002584063253479,-0.0002455805344705,-0.005663555683346,0.06994715606761,-0.00558961019845,-0.0009111311815734
602559.5860744,0.0002434680737698,-0.0002343285088507,0.0002434680737698,-0.0002343285088507,-0.005535458059614,0.06915673051485,-0.005464815900105,-0.0008804601214011
609536.8972402,0.0002293768154804,-0.0002235539739691,0.0002293768154804,-0.0002235539739691,-0.005410239588569,0.06837500771514,-0.005342753554532,-0.0008508158226678
616595.0018615,0.000216085782667,-0.000213239150188,0.000216085782667,-0.000213239150188,-0.005287836369455,0.06760189960596,-0.0052233657923,-0.0008221642301771
623734.8354825,0.0002035507056137,-0.0002033667503182,0.0002035507056137,-0.0002033667503182,-0.00516818588342,0.0668373187494,-0.005106596338021,-0.0007944724006276
630957.3444802,0.0001917296845984,-0.0001939199787156,0.0001917296845984,-0.0001939199787156,-0.005051226965263,0.06608117833757,-0.004992389994662,-0.0007677084672917
638263.4861906,0.0001805830681085,-0.0001848825291444,0.0001805830681085,-0.0001848825291444,-0.004936899775678,0.06533339219745,-0.00488069262781,-0.0007418416057609
645654.2290347,0.0001700733369406,-0.0001762385814959,0.0001700733369406,-0.0001762385814959,-0.004825145774012,0.06459387479542,-0.004771451149919,-0.0007168420007295
653130.5526475,0.0001601649940281,-0.000167972797509,0.0001601649940281,-0.000167972797509,-0.0047159076915,0.06386254124132,-0.004664613504558,-0.0006926808137875
660693.4480076,0.0001508244596813,-0.0001600703155906,0.0001508244596813,-0.0001600703155906,-0.004609129504995,0.063139307292,-0.004560128650673,-0.0006693301521956
668343.9175687,0.0001420199719701,-0.0001525167448262,0.0001420199719701,-0.0001525167448262,-0.004504756411174,0.06242408935466,-0.004457946546869,-0.0006467630386137
676082.975392,0.00013372149206,-0.0001452981582932,0.00013372149206,-0.0001452981582932,-0.004402734801226,0.06171680448966,-0.004358018135735,-0.0006249533817582
683911.6472815,0.0001259006142432,-0.0001384010857528,0.0001259006142432,-0.0001384010857528,-0.004303012235997,0.06101737041304,-0.00426029532823,-0.0006038759479593
691830.970919,0.000118530480431,-0.0001318125057946,0.000118530480431,-0.0001318125057946,-0.004205537421613,0.06032570549868,-0.004164730988116,-0.0005835063335959
699841.9960023,0.0001115856989388,-0.0001255198375242,0.0001115856989388,-0.0001255198375242,-0.004110260185546,0.05964172878009,-0.004071278916481,-0.0005638209383803
707945.7843842,0.000105042267313,-0.0001195109318402,0.000105042267313,-0.0001195109318402,-0.004017131453139,0.05896535995194,-0.00397989383634,-0.000544796939471
716143.410213,9.887749905922e-05,-0.0001137740623867,9.887749905922e-05,-0.0001137740623867,-0.003926103224572,0.05829651937122,-0.003890531377328,-0.0005264122663873
724435.960075,9.306995403345e-05,-0.0001082979162123,9.306995403345e-05,-0.0001082979162123,-0.00383712855227,0.05763512805814,-0.003803148060505,-0.0005086455767051
732824.533139,8.759937237563e-05,-0.0001030715842149,8.759937237563e-05,-0.0001030715842149,-0.003750161518737,0.05698110769675,-0.003717701283258,-0.0004914762325091
741310.241301,8.24466117775e-05,-9.808455140029e-05,8.24466117775e-05,-9.808455140029e-05,-0.00366515721482,0.05633438063525,-0.003634149304336,-0.0004748842775809
749894.2093325,7.759358794084e-05,-9.332668700844e-05,7.759358794084e-05,-9.332668700844e-05,-0.003582071718393,0.05569486988608,-0.003552451229001,-0.0004588504153005
758577.5750292,7.302321807181e-05,-8.878823454465e-05,7.302321807181e-05,-8.878823454465e-05,-0.003500862073453,0.05506249912573,-0.00347256699431,-0.0004433559872414
767361.4893619,6.871936726849e-05,-8.44598017556e-05,6.871936726849e-05,-8.44598017556e-05,-0.003421486269618,0.05443719269435,-0.003394457354541,-0.0004283829524375
776247.1166288,6.466679764806e-05,-8.033235057623e-05,6.466679764806e-05,-8.033235057623e-05,-0.003343903222039,0.05381887559507,-0.003318083866758,-0.0004139138673027
785235.6346101,6.085112010164e-05,-7.639718708804e-05,6.085112010164e-05,-7.639718708804e-05,-0.003268072751689,0.05320747349318,-0.003243408876518,-0.0003999318661845
794328.2347243,5.725874852662e-05,-7.264595150492e-05,5.725874852662e-05,-7.264595150492e-05,-0.003193955566055,0.05260291271502,-0.00317039550374,-0.0003864206425308
803526.1221857,5.387685644121e-05,-6.907060822431e-05,5.387685644121e-05,-6.907060822431e-05,-0.003121513240205,0.05200512024671,-0.003099007628722,-0.0003733644306541
812830.5161642,5.069333582663e-05,-6.566343594582e-05,5.069333582663e-05,-6.566343594582e-05,-0.003050708198231,0.05141402373272,-0.003029209878323,-0.0003607479880726
822242.6499471,4.769675813797e-05,-6.2417017904e-05,4.769675813797e-05,-6.2417017904e-05,-0.002981503695062,0.05082955147418,-0.002960967612299,-0.0003485565784131
831763.7711027,4.48763373284e-05,-5.932423220676e-05,4.48763373284e-05,-5.932423220676e-05,-0.002913863798643,0.05025163242711,-0.002894246909816,-0.0003367759548569
841395.1416453,4.22218948154e-05,-5.63782423103e-05,4.22218948154e-05,-5.63782423103e-05,-0.00284775337247,0.0496801962004,-0.002829014556117,-0.0003253923441139
851138.0382024,3.972382628765e-05,-5.357248764168e-05,3.972382628765e-05,-5.357248764168e-05,-0.002783138058475,0.04911517305367,-0.002765238029376,-0.0003143924309076
860993.7521847,3.737307025166e-05,-5.090067437574e-05,3.737307025166e-05,-5.090067437574e-05,-0.002719984260259,0.04855649389498,-0.002702885487706,-0.0003037633429556
870963.5899562,3.516107824334e-05,-4.835676638359e-05,3.516107824334e-05,-4.835676638359e-05,-0.002658259126661,0.04800409027842,-0.002641925756354,-0.000293492636432
881048.8730081,3.307978660977e-05,-4.593497635517e-05,3.307978660977e-05,-4.593497635517e-05,-0.002597930535666,0.04745789440151,-0.002582328315062,-0.000283568281894
891250.9381338,3.112158979352e-05,-4.362975711016e-05,3.112158979352e-05,-4.362975711016e-05,-0.002538967078636,0.04691783910249,-0.002524063285611,-0.0002739786506618
901571.137606,2.927931503097e-05,-4.143579309566e-05,2.927931503097e-05,-4.143579309566e-05,-0.002481338044867,0.04638385785754,-0.002467101419536,-0.0002647125016353
912010.839356,2.754619840503e-05,-3.934799208354e-05,2.754619840503e-05,-3.934799208354e-05,-0.002425013406458,0.04585588477779,-0.00241141408602,-0.000255758968535
922571.4271548,2.5915862172e-05,-3.736147706405e-05,2.5915862172e-05,-3.736147706405e-05,-0.002369963803495,0.04533385460633,-0.002356973259969,-0.0002471075475546
933254.3007971,2.438229330861e-05,-3.547157834603e-05,2.438229330861e-05,-3.547157834603e-05,-0.002316160529538,0.04481770271499,-0.002303751510256,-0.0002387480854117
944060.876286,2.293982320776e-05,-3.367382586013e-05,2.293982320776e-05,-3.367382586013e-05,-0.002263575517406,0.04430736510114,-0.002251721988157,-0.0002306707677842
954992.5860215,2.158310846818e-05,-3.196394166914e-05,2.158310846818e-05,-3.196394166914e-05,-0.002212181325262,0.04380277838432,-0.002200858415949,-0.000222866108121
966050.8789899,2.030711272262e-05,-3.033783268687e-05,2.030711272262e-05,-3.033783268687e-05,-0.002161951122978,0.04330387980281,-0.002151135075697,-0.000215324936815
977237.2209559,1.910708944518e-05,-2.879158360159e-05,1.910708944518e-05,-2.879158360159e-05,-0.002112858678794,0.04281060721014,-0.002102526798215,-0.0002080383907267
988553.094657,1.79785656954e-05,-2.732145000956e-05,1.79785656954e-05,-2.732145000956e-05,-0.002064878346242,0.04232289907145,-0.002055008952197,-0.0002009979030483
1000000.0,1.69173267445e-05,-2.592385175317e-05,1.69173267445e-05,-2.592385175317e-05,-0.002017985051359,0.04184069445987,-0.002008557433534,-0.0001941951934969
