frequency_hz,left_real,left_imag,right_real,right_imag,opneg_real,opneg_imag,oppos_real,oppos_imag
1.0,1.258845781437,4.947508351549,1.258845781437,4.947508351549,-0.2982812441831,-0.4127897366604,0.2982892064614,0.4127827262078
1.01157945426,1.31717934131,4.980457621332,1.31717934131,4.980457621332,-0.3028097094651,-0.4142596078773,0.3028177926196,0.4142524278822
1.023292992281,1.376160334694,5.012717323413,1.376160334694,5.012717323413,-0.307369936703,-0.41568468659,0.3073781415812,0.4156773334392
1.035142166679,1.435773739232,5.044272248935,1.435773739232,5.044272248935,-0.3119610398177,-0.4170641291784,0.3119693672434,0.4170565992078
1.047128548051,1.49600407068,5.075107564054,1.49600407068,5.075107564054,-0.3165821042145,-0.4183971122657,0.3165905549872,0.4183894017612
1.059253725177,1.556835393624,5.105208826766,1.556835393624,5.105208826766,-0.3212321873388,-0.4196828338558,0.3212407622327,0.4196749390531
1.071519305238,1.618251332917,5.134562003419,1.618251332917,5.134562003419,-0.325910319283,-0.4209205144535,0.3259190190465,0.4209124315386
1.083926914021,1.680235085855,5.163153484893,1.680235085855,5.163153484893,-0.3306155034474,-0.4221093981673,0.3306243288023,0.4221011232766
1.096478196143,1.742769435075,5.19097010239,1.742769435075,5.19097010239,-0.3353467172515,-0.4232487537903,0.3353556688922,0.4232402830112
1.109174815262,1.805836762162,5.217999142811,1.805836762162,5.217999142811,-0.3401029128967,-0.4243378758574,0.3401119914896,0.4243292052283
1.122018454302,1.869419061944,5.24422836368,1.869419061944,5.24422836368,-0.344883018179,-0.4253760856756,0.3448922243619,0.4253672111864
1.135010815672,1.933497957484,5.269646007564,1.933497957484,5.269646007564,-0.349685937351,-0.4263627323248,0.3496952717325,0.4263536499175
1.148153621497,1.998054715718,5.294240815975,1.998054715718,5.294240815975,-0.3545105520315,-0.4272971936268,0.3545200151902,0.4272878991956
1.16144861384,2.063070263744,5.318002042699,2.063070263744,5.318002042699,-0.3593557221618,-0.4281788770793,0.359365314646,0.4281693664714
1.17489755494,2.128525205724,5.340919466523,2.128525205724,5.340919466523,-0.3642202870067,-0.429007220753,0.3642300093336,0.4289974897685
1.188502227437,2.194399840383,5.362983403327,2.194399840383,5.362983403327,-0.3691030661992,-0.4297816941482,0.3691129188545,0.4297717385412
1.202264434617,2.260674179072,5.384184717512,2.260674179072,5.384184717512,-0.3740028608265,-0.4305017990106,0.374012844264,0.430491614489
1.216186000646,2.327327964365,5.404514832718,2.327327964365,5.404514832718,-0.3789184545556,-0.4311670701012,0.3789285691964,0.431156652328
1.230268770812,2.394340689169,5.42396574182,2.394340689169,5.42396574182,-0.3838486147961,-0.4317770759208,0.3838588610285,0.431766420514
1.244514611771,2.461691616295,5.44253001616,2.461691616295,5.44253001616,-0.3887920938983,-0.4323314193854,0.3888024720773,0.4323205219188
1.258925411794,2.529359798473,5.46020081399,2.529359798473,5.46020081399,-0.3937476303842,-0.432829738451,0.3937581408311,0.4328185944547
1.273503081017,2.597324098764,5.476971888115,2.597324098764,5.476971888115,-0.3987139502088,-0.4332717066857,0.3987245932107,0.4332603116465
1.288249551693,2.66556321133,5.492837592687,2.66556321133,5.492837592687,-0.4036897680483,-0.4336570337885,0.4037005438583,0.4336453831509
1.303166778452,2.734055682525,5.507792889158,2.734055682525,5.507792889158,-0.4086737886146,-0.4339854660517,0.4086846974509,0.4339735552179
1.318256738556,2.80277993227,5.521833351347,2.80277993227,5.521833351347,-0.4136647079906,-0.4342567867668,0.4136757500368,0.4342446110976
1.333521432163,2.871714275656,5.534955169635,2.871714275656,5.534955169635,-0.4186612149857,-0.4344708165718,0.4186723903902,0.4344583713873
1.348962882592,2.940836944744,5.547155154237,2.940836944744,5.547155154237,-0.4236619925068,-0.43462741374,0.4236733013829,0.4346146943199
1.364583136589,3.010126110513,5.558430737576,3.010126110513,5.558430737576,-0.4286657189432,-0.4347264744079,0.4286771613689,0.4347134759924
1.380384264603,3.079559904903,5.568779975727,3.079559904903,5.568779975727,-0.4336710695611,-0.434767932743,0.4336826455791,0.4347546505329
1.396368361056,3.149116442924,5.578201548939,3.149116442924,5.578201548939,-0.4386767179055,-0.4347517610498,0.4386884275229,0.4347381902077
1.412537544623,3.218773844768,5.586694761213,3.218773844768,5.586694761213,-0.4436813372058,-0.4346779698147,0.4436931803945,0.4346641054652
1.428893958511,3.288510257884,5.594259538968,3.288510257884,5.594259538968,-0.4486836017822,-0.4345466076891,0.4486955784784,0.4345324449193
1.445439770746,3.358303878972,5.600896428755,3.358303878972,5.600896428755,-0.4536821884493,-0.4343577614102,0.4536942985541,0.4343432952706
1.462177174457,3.428132975846,5.606606594068,3.428132975846,5.606606594068,-0.4586757779149,-0.4341115556615,0.458688021294,0.4340967811664
1.479108388168,3.497975909122,5.611391811221,3.497975909122,5.611391811221,-0.463663056169,-0.4338081528714,0.463675432653,0.4337930649994
1.496235656094,3.56781115368,5.615254464327,3.56781115368,5.615254464327,-0.4686427158616,-0.4334477529518,0.4686552252464,0.4334323466462
1.513561248436,3.637617319861,5.618197539383,3.637617319861,5.618197539383,-0.473613457666,-0.4330305929768,0.4736260997125,0.4330148631465
1.531087461682,3.707373174362,5.620224617474,3.707373174362,5.620224617474,-0.4785739916227,-0.432556946803,0.4785867660576,0.4325408883227
1.548816618912,3.77705766076,5.621339867118,3.77705766076,5.621339867118,-0.4835230384644,-0.4320271246323,0.48353594498,0.4320107323432
1.566751070108,3.846649919657,5.621548035773,3.846649919657,5.621548035773,-0.4884593309155,-0.4314414725182,0.4884723691705,0.4314247412283
1.584893192461,3.916129308382,5.620854440525,3.916129308382,5.620854440525,-0.4933816149667,-0.4308003718176,0.493394784586,0.4307832963022
1.60324539069,3.985475420215,5.619264957987,3.985475420215,5.619264957987,-0.4982886511193,-0.4301042385891,0.4983019516949,0.4300868135913
1.621810097359,4.054668103105,5.616786013429,4.054668103105,5.616786013429,-0.5031792155985,-0.42935352294,0.5031926466896,0.429335743171
1.6405897732,4.123687477836,5.613424569174,4.123687477836,5.613424569174,-0.5080521015323,-0.4285487083242,0.508065662666,0.4285305684638
1.659586907438,4.192513955616,5.609188112295,4.192513955616,5.609188112295,-0.5129061200943,-0.4276903107918,0.5129198107658,0.4276718054886
1.678804018123,4.261128255046,5.604084641634,4.261128255046,5.604084641634,-0.5177401016076,-0.4267788781937,0.5177539212809,0.4267600020656
1.698243652462,4.329511418454,5.598122654182,4.329511418454,5.598122654182,-0.5225528966082,-0.4258149893433,0.5225668447165,0.4257957369777
1.717908387158,4.39764482755,5.591311130867,4.39764482755,5.591311130867,-0.5273433768655,-0.4247992531369,0.5273574528121,0.4247796190911
1.737800828749,4.465510218398,5.583659521771,4.465510218398,5.583659521771,-0.5321104363597,-0.4237323076363,0.532124639518,0.4237122864374
1.757923613959,4.533089695655,5.575177730818,4.533089695655,5.575177730818,-0.5368529922118,-0.4226148191148,0.5368673219266,0.4225944052603
1.778279410039,4.600365746081,5.565876099983,4.600365746081,5.565876099983,-0.5415699855675,-0.4214474810706,0.541584441155,0.4214266690285
1.798870915129,4.667321251294,5.555765393052,4.667321251294,5.555765393052,-0.5462603824317,-0.4202310132093,0.5462749631807,0.4202097974181
1.81970085861,4.733939499742,5.544856778971,4.733939499742,5.544856778971,-0.5509231744545,-0.4189661603987,0.5509378796268,0.4189445352674
1.840772001469,4.800204197899,5.533161814836,4.800204197899,5.533161814836,-0.555557379665,-0.4176536915974,0.5555722084961,0.4176316515061
1.862087136663,4.866099480663,5.520692428558,4.866099480663,5.520692428558,-0.5601620431553,-0.4162943987625,0.5601769948551,0.4162719380617
1.88364908949,4.931609920941,5.507460901247,4.931609920941,5.507460901247,-0.5647362377112,-0.4148890957361,0.564751311465,0.4148662087474
1.905460717963,4.996720538438,5.493479849357,4.996720538438,5.493479849357,-0.5692790643916,-0.4134386171157,0.5692942593606,0.4134152981312
1.927524913191,5.061416807616,5.478762206625,5.061416807616,5.478762206625,-0.5737896530545,-0.4119438171099,0.5738049683766,0.4119200603925
1.949844599758,5.125684664852,5.463321205871,5.125684664852,5.463321205871,-0.5782671628299,-0.4104055683828,0.5782825976205,0.410381368166
1.972422736115,5.189510514768,5.44717036066,5.189510514768,5.44717036066,-0.5827107825405,-0.4088247608898,0.5827263358934,0.4088001113775
1.995262314969,5.252881235764,5.430323446907,5.252881235764,5.430323446907,-0.5871197310695,-0.4072023007069,0.5871354020576,0.4071771960731
2.018366363682,5.315784184734,5.412794484434,5.315784184734,5.412794484434,-0.5914932576758,-0.4055391088566,0.5915090453519,0.4055135432455
2.04173794467,5.378207200991,5.394597718537,5.378207200991,5.394597718537,-0.5958306422575,-0.4038361201333,0.595846545655,0.4038100876587
2.065380155811,5.440138609405,5.375747601588,5.440138609405,5.375747601588,-0.6001311955638,-0.4020942819297,0.6001472136978,0.4020677766749
2.089296130854,5.501567222759,5.356258774719,5.501567222759,5.356258774719,-0.604394259357,-0.4003145530673,0.6044103912251,0.4002875690847
2.113489039837,5.562482343346,5.336146049614,5.562482343346,5.336146049614,-0.6086192065238,-0.3984979026342,0.6086354511066,0.3984704339448
2.137962089502,5.622873763822,5.315424390457,5.622873763822,5.315424390457,-0.6128054411387,-0.3966453088301,0.612821797401,0.3966173494234
2.162718523727,5.68273176732,5.294108896046,5.68273176732,5.294108896046,-0.6169523984789,-0.3947577578236,0.6169688653703,0.3947293016567
2.18776162395,5.742047126856,5.272214782135,5.742047126856,5.272214782135,-0.6210595449932,-0.3928362426213,0.621076121449,0.3928072836188
2.213094709606,5.800811104045,5.249757364008,5.800811104045,5.249757364008,-0.6251263782252,-0.3908817619531,0.6251430631673,0.3908522940065
2.238721138568,5.859015447138,5.226752039325,5.859015447138,5.226752039325,-0.6291524266931,-0.3888953191734,0.6291692190308,0.3888653361401
2.264644307593,5.91665238842,5.203214271269,5.91665238842,5.203214271269,-0.6331372497266,-0.3868779211813,0.6331541483573,0.3868474168847
2.290867652768,5.973714640967,5.179159572013,5.973714640967,5.179159572013,-0.6370804372625,-0.3848305773616,0.6370974410727,0.38479954559
2.317394649968,6.030195394817,5.154603486537,6.030195394817,5.154603486537,-0.6409816096017,-0.3827542985476,0.6409987174676,0.3827227330534
2.34422881532,6.086088312553,5.12956157681,6.086088312553,5.12956157681,-0.6448404171278,-0.3806500960067,0.6448576279163,0.3806179905062
2.371373705662,6.141387524334,5.104049406365,6.141387524334,5.104049406365,-0.6486565399895,-0.3785189804521,0.6486738525589,0.3784863286243
2.39883291902,6.196087622414,5.078082525281,6.196087622414,5.078082525281,-0.6524296877489,-0.3763619610796,0.6524471009498,0.3763287565655
2.426610095082,6.250183655142,5.051676455589,6.250183655142,5.051676455589,-0.6561595989972,-0.374180044632,0.6561771116729,0.374146281034
2.454708915685,6.303671120511,5.02484667712,6.303671120511,5.02484667712,-0.6598460409389,-0.3719742344917,0.6598636519266,0.3719399053725
2.483133105296,6.356545959252,4.997608613805,6.356545959252,4.997608613805,-0.6634888089473,-0.3697455298026,0.6635065170788,0.3697106286844
2.51188643151,6.408804547511,4.969977620442,6.408804547511,4.969977620442,-0.667087726093,-0.3674949246218,0.6671055301951,0.3674594449855
2.540972705549,6.460443689147,4.941968969941,6.460443689147,4.941968969941,-0.6706426426461,-0.3652234071021,0.6706605415417,0.3651873423862
2.570395782769,6.511460607657,4.913597841049,6.511460607657,4.913597841049,-0.6741534355555,-0.3629319587059,0.6741714280641,0.3628953023058
2.600159563165,6.56185293778,4.884879306573,6.56185293778,4.884879306573,-0.6776200079056,-0.3606215534508,0.677638092844,0.3605842987172
2.630267991895,6.611618716785,4.855828322099,6.611618716785,4.855828322099,-0.6810422883533,-0.358293157187,0.6810604645364,0.3582552974254
2.660725059799,6.660756375486,4.826459715207,6.660756375486,4.826459715207,-0.684420230547,-0.3559477269077,0.6844384967884,0.3559092553773
2.691534803927,6.709264729002,4.796788175201,6.709264729002,4.796788175201,-0.6877538125278,-0.353586210092,0.6877721676405,0.3535471200045
2.722701308078,6.757142967295,4.766828243335,6.757142967295,4.766828243335,-0.6910430361175,-0.3512095440804,0.6910614789143,0.3511698285988
2.754228703338,6.804390645502,4.736594303553,6.804390645502,4.736594303553,-0.694287926292,-0.3488186554834,0.6943064555865,0.3487783077209
2.78612116863,6.851007674096,4.706100573729,6.851007674096,4.706100573729,-0.6974885305438,-0.3464144596222,0.6975071451507,0.3463734726413
2.818382931264,6.896994308898,4.675361097412,6.896994308898,4.675361097412,-0.7006449182347,-0.3439978600029,0.7006636169705,0.3439562268139
2.851018267504,6.942351140958,4.64438973607,6.942351140958,4.64438973607,-0.7037571799398,-0.3415697478223,0.7037759616233,0.3415274613821
2.884031503127,6.987079086336,4.613200161822,6.987079086336,4.613200161822,-0.706825426785,-0.3391310015062,0.706844290238,0.3390880547171
2.917427014001,7.031179375805,4.581805850672,7.031179375805,4.581805850672,-0.7098497897789,-0.3366824862789,0.7098687338266,0.3366388719877
2.951209226666,7.074653544487,4.550220076212,7.074653544487,4.550220076212,-0.7128304191412,-0.3342250537652,0.7128494426126,0.3341807647612
2.985382618918,7.11750342146,4.518455903809,7.11750342146,4.518455903809,-0.7157674836279,-0.3317595416215,0.7157865853566,0.3317145706361
3.019951720402,7.15973111934,4.486526185253,7.15973111934,4.486526185253,-0.7186611698559,-0.3292867731989,0.7186803486803,0.3292411129035
3.054921113216,7.201339023872,4.454443553866,7.201339023872,4.454443553866,-0.7215116816275,-0.326807557235,0.7215309363913,0.32676120024
3.090295432514,7.242329783531,4.422220420058,7.242329783531,4.422220420058,-0.7243192392559,-0.3243226875748,0.7243385688087,0.3242756264283
3.126079367124,7.282706299171,4.389868967321,7.282706299171,4.389868967321,-0.7270840788933,-0.3218329429211,0.727103482091,0.3217851701074
3.162277660168,7.322471713718,4.357401148651,7.322471713718,4.357401148651,-0.7298064518628,-0.319339086611,0.7298259275678,0.3192905945493
3.198895109691,7.361629401939,4.324828683384,7.361629401939,4.324828683384,-0.732486623994,-0.316841866421,0.7325061710757,0.316792647464
3.235936569296,7.400182960295,4.292163054441,7.400182960295,4.292163054441,-0.7351248749651,-0.3143420143976,0.7351444923003,0.3142920608297
3.273406948788,7.438136196887,4.259415505954,7.438136196887,4.259415505954,-0.7377214976506,-0.3118402467128,0.7377411841239,0.3117895507495
3.311311214826,7.475493121522,4.226597041289,7.475493121522,4.226597041289,-0.740276797477,-0.309337263546,0.7402965519808,0.3092858173316
3.349654391578,7.512257935892,4.193718421416,7.512257935892,4.193718421416,-0.7427910917857,-0.3068337489877,0.7428109132211,0.3067815445942
3.388441561392,7.548435023898,4.160790163652,7.548435023898,4.160790163652,-0.7452647092056,-0.3043303709675,0.7452845964821,0.3042774003933
3.427677865465,7.584028942115,4.127822540733,7.584028942115,4.127822540733,-0.7476979890347,-0.3018277812042,0.7477179410711,0.3017740363721
3.467368504525,7.619044410408,4.094825580214,7.619044410408,4.094825580214,-0.7500912806322,-0.2993266151763,0.7501112963561,0.2992720879325
3.507518739526,7.653486302719,4.061809064194,7.653486302719,4.061809064194,-0.7524449428207,-0.296827492114,0.7524650211695,0.2967721742263
3.548133892336,7.687359638025,4.028782529329,7.687359638025,4.028782529329,-0.7547593433004,-0.2943310150099,0.754779483221,0.2942748981664
3.58921934645,7.720669571464,3.995755267144,7.720669571464,3.995755267144,-0.7570348580745,-0.2918377706492,0.7570550585238,0.2917808464563
3.630780547701,7.753421385665,3.962736324613,7.753421385665,3.962736324613,-0.7592718708871,-0.2893483296566,0.7592921308322,0.289290589638
3.672823004981,7.785620482254,3.929734505003,7.785620482254,3.929734505003,-0.7614707726734,-0.2868632465616,0.7614910910916,0.2868046821563
3.715352290972,7.817272373563,3.896758368966,7.817272373563,3.896758368966,-0.7636319610227,-0.2843830598783,0.7636523369018,0.2843236624394
3.758374042884,7.848382674538,3.86381623587,7.848382674538,3.86381623587,-0.765755839655,-0.2819082922021,0.7657762719935,0.2818480529948
3.801893963206,7.878957094855,3.830916185348,7.878957094855,3.830916185348,-0.7678428179103,-0.2794394503194,0.7678633057176,0.2793783605197
3.845917820454,7.909001431237,3.79806605906,7.909001431237,3.79806605906,-0.7698933102526,-0.2769770253318,0.7699138525488,0.2769150760249
3.890451449943,7.93852155999,3.76527346265,7.93852155999,3.76527346265,-0.7719077357861,-0.2745214927928,0.7719283316025,0.2744586749712
3.935500754558,7.967523429743,3.732545767897,7.967523429743,3.732545767897,-0.7738865177868,-0.2720733128563,0.7739071661659,0.2720096174185
3.981071705535,7.996013054403,3.699890115028,7.996013054403,3.699890115028,-0.7758300832473,-0.2696329304369,0.7758507832429,0.2695683481855
4.027170343255,8.023996506334,3.667313415203,8.023996506334,3.667313415203,-0.7777388624359,-0.2672007753799,0.7777596131129,0.2671352970202
4.073802778041,8.051479909734,3.634822353147,8.051479909734,3.634822353147,-0.7796132884696,-0.2647772626415,0.7796340889045,0.2647108787795
4.120975190973,8.078469434243,3.602423389924,8.078469434243,3.602423389924,-0.7814537969014,-0.2623627924782,0.7814746461821,0.2622954936193
4.168693834703,8.104971288756,3.570122765832,8.104971288756,3.570122765832,-0.7832608253213,-0.2599577506437,0.7832817225474,0.2598895271909
4.216965034286,8.130991715453,3.537926503433,8.130991715453,3.537926503433,-0.785034812972,-0.2575625085944,0.7850557572545,0.2574933508464
4.265795188016,8.15653698404,3.505840410677,8.156536984041,3.505840410677,-0.7867762003777,-0.255177423701,0.7867971908391,0.2551073218509
4.315190768278,8.181613386202,3.473870084128,8.181613386202,3.473870084128,-0.7884854289868,-0.2528028394671,0.7885064647616,0.2527317836002
4.365158322402,8.206227230262,3.442020912287,8.206227230262,3.442020912287,-0.7901629408293,-0.250439085753,0.7901840210633,0.2503670658455
4.415704473533,8.230384836053,3.410298078986,8.230384836053,3.410298078986,-0.7918091781862,-0.2480864790045,0.7918303020368,0.2480134849218
4.46683592151,8.254092529986,3.378706566861,8.254092529986,3.378706566861,-0.7934245832733,-0.2457453224874,0.7934457499098,0.2456713439818
4.518559443749,8.277356640324,3.347251160881,8.277356640324,3.347251160881,-0.795009597938,-0.2434159065239,0.7950308065411,0.2433409332336
4.570881896149,8.300183492656,3.315936451941,8.300183492656,3.315936451941,-0.7965646633686,-0.2410985087346,0.7965859131307,0.2410225301815
4.623810213993,8.322579405561,3.28476684049,8.322579405561,3.28476684049,-0.7980902198172,-0.2387933942822,0.7981115099423,0.2387163998702
4.677351412872,8.344550686467,3.253746540217,8.344550686467,3.253746540217,-0.7995867063347,-0.2365008161177,0.7996080360381,0.2364227951309
4.731512589615,8.3661036277,3.22287958175,8.3661036277,3.22287958175,-0.8010545605175,-0.2342210152293,0.8010759290263,0.2341419568303
4.786300923226,8.387244502714,3.192169816394,8.387244502714,3.192169816394,-0.8024942182677,-0.231954220892,0.8025156248203,0.2318741141202
4.841723675841,8.4079795625,3.161620919889,8.4079795625,3.161620919889,-0.8039061135639,-0.229700650919,0.8039275574099,0.2296194846885
4.897788193685,8.428315032182,3.131236396171,8.428315032182,3.131236396171,-0.8052906782439,-0.2274605119135,0.8053121586445,0.2273782750117
4.954501908048,8.448257107772,3.101019581156,8.448257107772,3.101019581156,-0.806648341799,-0.2252339995212,0.8066698580265,0.2251506806065
5.011872336273,8.467811953104,3.07097364651,8.467811953104,3.07097364651,-0.8079795311789,-0.2230212986822,0.8080010825169,0.2229368862825
5.069907082747,8.486985696925,3.041101603432,8.486985696925,3.041101603432,-0.8092846706078,-0.2208225838832,0.8093062563508,0.2207370663939
5.128613839914,8.505784430154,3.011406306418,8.505784430154,3.011406306418,-0.8105641814104,-0.2186380194088,0.8105858008639,0.218551385091
5.18800038929,8.524214203288,2.981890457019,8.524214203288,2.981890457019,-0.8118184818482,-0.2164677595917,0.8118401343289,0.2163799965704
5.248074602498,8.542281023967,2.952556607577,8.542281023967,2.952556607577,-0.8130479869665,-0.214311949062,0.8130696718018,0.214223045324
5.30884444231,8.559990854682,2.923407164947,8.559990854682,2.923407164947,-0.8142531084499,-0.2121707229949,0.8142748249778,0.2120806663871
5.370317963703,8.577349610623,2.89444439419,8.577349610623,2.89444439419,-0.8154342544873,-0.2100442073562,0.8154560020567,0.2099529855836
5.432503314924,8.594363157676,2.865670422241,8.594363157676,2.865670422241,-0.8165918296469,-0.2079325191468,0.8166136076171,0.2078401197707
5.495408738576,8.611037310541,2.837087241541,8.611037310541,2.837087241541,-0.8177262347588,-0.2058357666441,0.8177480424994,0.20574217708
5.559042572704,8.627377830986,2.808696713642,8.627377830986,2.808696713642,-0.8188378668063,-0.2037540496415,0.8188597036975,0.2036592571573
5.623413251904,8.643390426229,2.780500572767,8.643390426229,2.780500572767,-0.8199271188261,-0.2016874596854,0.8199489842582,0.2015914513993
5.688529308438,8.659080747437,2.752500429339,8.659080747437,2.752500429339,-0.8209943798154,-0.1996360803091,0.8210162731888,0.1995388431876
5.754399373372,8.674454388342,2.72469777346,8.674454388342,2.72469777346,-0.8220400346475,-0.197599987264,0.8220619553725,0.1975015081201
5.821032177709,8.689516883968,2.69709397835,8.689516883968,2.69709397835,-0.8230644639939,-0.195579248748,0.8230864114906,0.1954795142392
5.888436553556,8.704273709477,2.669690303742,8.704273709477,2.669690303742,-0.8240680442538,-0.1935739256308,0.8240900179524,0.1934729222567
5.95662143529,8.718730279103,2.642487899221,8.718730279103,2.642487899221,-0.8250511474913,-0.191584071675,0.8250731468313,0.1914817857759
6.025595860744,8.7328919452,2.615487807525,8.7328919452,2.615487807525,-0.8260141413771,-0.1896097337555,0.8260361658076,0.1895061515097
6.095368972402,8.746763997382,2.588690967784,8.746763997382,2.588690967784,-0.8269573891388,-0.1876509520737,0.8269794381182,0.1875460594958
6.165950018615,8.760351661754,2.562098218712,8.760351661754,2.562098218712,-0.8278812495154,-0.1857077603695,0.8279033225114,0.1856015433083
6.237348354824,8.773660100232,2.535710301749,8.773660100232,2.535710301749,-0.8287860767185,-0.1837801861288,0.828808173208,0.1836726302652
6.309573444802,8.786694409954,2.509527864141,8.786694409954,2.509527864141,-0.829672220399,-0.1818682507881,0.8296943398678,0.1817593416328
6.382634861906,8.799459622765,2.483551461967,8.799459622765,2.483551461967,-0.8305400256187,-0.1799719699344,0.8305621675614,0.1798616928261
6.456542290347,8.811960704785,2.457781563117,8.811960704785,2.457781563117,-0.8313898328273,-0.1780913535027,0.8314119967472,0.1779796936055
6.531305526475,8.824202556048,2.432218550205,8.824202556048,2.432218550205,-0.8322219778439,-0.176226405968,0.832244163253,0.1761133482697
6.606934480076,8.836190010216,2.406862723428,8.836190010216,2.406862723428,-0.8330367918436,-0.1743771265351,0.8330589982624,0.1742626558447
6.683439175686,8.84792783436,2.381714303367,8.84792783436,2.381714303367,-0.8338346013481,-0.1725435093234,0.8338568283053,0.1724276102691
6.76082975392,8.859420728804,2.356773433735,8.859420728804,2.356773433735,-0.8346157282206,-0.1707255435487,0.8346379752531,0.1706082005753
6.839116472814,8.870673327029,2.33204018406,8.870673327029,2.33204018406,-0.8353804896645,-0.1689232136999,0.8354027563173,0.1688044110672
6.918309709189,8.881690195642,2.307514552314,8.881690195642,2.307514552314,-0.8361291982265,-0.1671364997136,0.8361514840524,0.1670162214935
6.998419960023,8.892475834397,2.283196467488,8.892475834397,2.283196467488,-0.8368621618023,-0.165365377143,0.8368844663621,0.1652436072176
7.079457843841,8.903034676263,2.259085792101,8.903034676263,2.259085792101,-0.8375796836467,-0.1636098173244,0.8376020065087,0.1634865393836
7.161434102129,8.913371087557,2.235182324657,8.913371087557,2.235182324657,-0.8382820623862,-0.1618697875388,0.8383044031263,0.1617449850778
7.24435960075,8.923489368104,2.211485802047,8.923489368104,2.211485802047,-0.8389695920351,-0.1601452511705,0.8389919502365,0.1600189074877
7.328245331389,8.933393751464,2.187995901888,8.933393751464,2.187995901888,-0.8396425620142,-0.1584361678611,0.8396649372674,0.1583082660557
7.413102413009,8.943088405181,2.16471224481,8.943088405181,2.16471224481,-0.840301257172,-0.1567424936605,0.8403236490747,0.15661301663
7.498942093325,8.952577431087,2.141634396685,8.952577431087,2.141634396685,-0.8409459578094,-0.1550641811737,0.8409683659662,0.1549331116115
7.585775750292,8.961864865633,2.118761870803,8.961864865633,2.118761870803,-0.8415769397055,-0.1534011797039,0.8415993637279,0.1532685000969
7.673614893618,8.970954680265,2.096094129989,8.970954680265,2.096094129989,-0.8421944741468,-0.1517534353921,0.8422169136528,0.1516191280184
7.762471166287,8.979850781821,2.073630588668,8.979850781821,2.073630588668,-0.8427988279575,-0.1501208913532,0.842821282572,0.1499849382791
7.852356346101,8.988557012973,2.051370614881,8.988557012973,2.051370614881,-0.8433902635326,-0.1485034878077,0.8434127328869,0.148365870886
7.943282347243,8.997077152685,2.029313532236,8.997077152685,2.029313532236,-0.8439690388725,-0.1469011622113,0.8439915226041,0.1467618630779
8.035261221856,9.005414916708,2.007458621818,9.005414916708,2.007458621818,-0.8445354076192,-0.1453138493795,0.8445579053719,0.1451728494515
8.128305161641,9.013573958092,1.985805124043,9.013573958092,1.985805124043,-0.8450896190941,-0.1437414816098,0.8451121305178,0.1435987620825
8.222426499471,9.021557867729,1.96435224046,9.021557867729,1.96435224046,-0.8456319183378,-0.1421839887999,0.8456544430882,0.1420395306446
8.317637711027,9.029370174913,1.943099135505,9.029370174913,1.943099135505,-0.8461625461502,-0.1406412985632,0.8461850838889,0.1404950825241
8.413951416452,9.037014347917,1.922044938205,9.037014347917,1.922044938205,-0.8466817391329,-0.1391133363401,0.8467042895273,0.138965342932
8.511380382024,9.0444937946,1.901188743833,9.0444937946,1.901188743833,-0.8471897297325,-0.1376000255071,0.8472122924555,0.1374502350125
8.609937521846,9.051811863016,1.880529615514,9.051811863016,1.880529615514,-0.8476867462842,-0.1361012874817,0.847709321014,0.1359496799482
8.709635899561,9.058971842049,1.860066585791,9.058971842049,1.860066585791,-0.8481730130574,-0.1346170418252,0.8481955994776,0.1344635970627
8.81048873008,9.06597696206,1.839798658133,9.06597696206,1.839798658133,-0.8486487503013,-0.1331472063417,0.8486713481008,0.1329919039196
8.912509381338,9.072830395542,1.81972480841,9.072830395542,1.81972480841,-0.8491141742921,-0.1316916971743,0.8491367831648,0.1315345164187
9.01571137606,9.079535257792,1.799843986316,9.079535257792,1.799843986316,-0.8495694973802,-0.1302504288984,0.849592117025,0.1300913488894
9.120108393559,9.086094607592,1.780155116755,9.086094607592,1.780155116755,-0.8500149280382,-0.1288233146123,0.8500375581588,0.128662314181
9.225714271548,9.092511447896,1.760657101173,9.092511447896,1.760657101173,-0.8504506709097,-0.1274102660247,0.8504733112144,0.1272473237504
9.33254300797,9.098788726528,1.741348818866,9.098788726528,1.741348818866,-0.8508769268582,-0.1260111935394,0.85089957706,0.1258462877465
9.440608762859,9.104929336887,1.72222912823,9.104929336887,1.72222912823,-0.8512938930166,-0.1246260063378,0.851316552833,0.124459115093
9.549925860214,9.110936118657,1.703296867981,9.110936118657,1.703296867981,-0.8517017628372,-0.1232546124577,0.85172443199,0.1230857135671
9.660508789898,9.116811858521,1.684550858336,9.116811858521,1.684550858336,-0.8521007261413,-0.1218969188711,0.8521234043566,0.1217259898768
9.772372209558,9.12255929088,1.665989902149,9.12255929088,1.665989902149,-0.8524909691702,-0.1205528315577,0.8525136561782,0.1203798497353
9.88553094657,9.128181098579,1.64761278602,9.128181098579,1.64761278602,-0.8528726746349,-0.1192222555775,0.8528953701698,0.1190471979325
10.0,9.133679913624,1.629418281357,9.133679913624,1.629418281357,-0.8532460217672,-0.1179050951398,0.8532687255671,0.1177279384049
10.1157945426,9.139058317918,1.611405145412,9.139058317918,1.611405145412,-0.8536111863699,-0.1166012536707,0.8536338981767,0.1164219743022
10.23292992281,9.144318843982,1.593572122273,9.144318843982,1.593572122273,-0.8539683408677,-0.1153106338774,0.8539910604271,0.1151292080526
10.35142166679,9.149463975685,1.575917943833,9.149463975685,1.575917943834,-0.8543176543578,-0.1140331378117,0.8543403814188,0.113849541425
10.47128548051,9.154496148969,1.558441330718,9.154496148969,1.558441330718,-0.85465929266,-0.1127686669295,0.8546820269754,0.1125828755896
10.59253725177,9.15941775258,1.541140993181,9.15941775258,1.541140993181,-0.8549934183676,-0.1115171221495,0.8550161596933,0.1113291111761
10.71519305238,9.164231128786,1.524015631977,9.164231128786,1.524015631977,-0.8553201908973,-0.1102784039096,0.8553429389925,0.1100881483299
10.83926914021,9.168938574105,1.507063939192,9.168938574105,1.507063939192,-0.8556397665392,-0.1090524122206,0.8556625211662,0.108859886766
10.96478196143,9.173542340024,1.490284599054,9.173542340024,1.490284599054,-0.8559522985068,-0.1078390467189,0.8559750594311,0.1076442258215
11.09174815262,9.178044633712,1.473676288711,9.178044633712,1.473676288711,-0.8562579369867,-0.1066382067165,0.8562807039765,0.1064410645059
11.22018454302,9.182447618738,1.457237678977,9.182447618738,1.457237678977,-0.8565568291872,-0.1054497912497,0.8565796020137,0.1052503015492
11.35010815672,9.186753415776,1.440967435057,9.186753415776,1.440967435057,-0.8568491193882,-0.1042736991254,0.8568718978252,0.1040718354488
11.48153621497,9.190964103312,1.424864217242,9.190964103312,1.424864217242,-0.8571349489891,-0.1031098289663,0.857157732813,0.1029055645142
11.6144861384,9.195081718345,1.40892668158,9.195081718345,1.40892668158,-0.8574144565574,-0.1019580792539,0.8574372455472,0.1017513869099
11.7489755494,9.19910825708,1.393153480518,9.19910825708,1.393153480518,-0.8576877778765,-0.10081834837,0.8577105718137,0.1006092006974
11.88502227437,9.203045675616,1.377543263523,9.203045675616,1.377543263523,-0.8579550459933,-0.09969053463646,0.8579778446615,0.0994789038744
12.02264434617,9.206895890634,1.362094677679,9.206895890634,1.362094677679,-0.8582163912653,-0.09857453635383,0.8582391944503,0.09836039441359
12.16186000646,9.210660780073,1.346806368258,9.210660780073,1.346806368258,-0.858471941407,-0.09747025183773,0.8584947488968,0.09725357029897
12.30268770812,9.214342183799,1.331676979273,9.214342183799,1.331676979273,-0.8587218215363,-0.09637757945438,0.858744633121,0.09615832956133
12.44514611771,9.217941904275,1.316705154006,9.217941904275,1.316705154006,-0.8589661542203,-0.09529641765434,0.8589889696918,0.09507457031197
12.58925411794,9.221461707214,1.301889535514,9.221461707214,1.301889535514,-0.8592050595205,-0.094226665005,0.8592278786723,0.0940021907751
12.73503081017,9.224903322235,1.287228767119,9.224903322235,1.287228767119,-0.8594386550372,-0.09316822022166,0.8594614776649,0.09294108931891
12.88249551693,9.228268443508,1.272721492872,9.228268443508,1.272721492872,-0.8596670559543,-0.09212098219729,0.859689881855,0.09189116448529
13.03166778452,9.231558730385,1.258366358003,9.231558730385,1.258366358003,-0.859890375083,-0.09108485003109,0.8599132040551,0.0908523150183
13.18256738556,9.234775808039,1.244162009348,9.234775808039,1.244162009348,-0.8601087229045,-0.09005972305565,0.8601315547479,0.08982443989137
13.33521432163,9.237921268079,1.230107095765,9.237921268079,1.230107095765,-0.8603222076132,-0.08904550086314,0.8603450421294,0.08880743833332
13.48962882592,9.240996669171,1.216200268518,9.240996669171,1.216200268518,-0.860530935159,-0.08804208333012,0.8605537721503,0.08780120985324
13.64583136589,9.24400353764,1.202440181663,9.24400353764,1.202440181663,-0.8607350092882,-0.08704937064137,0.8607578485583,0.0868056542642
13.80384264603,9.246943368073,1.188825492401,9.246943368073,1.188825492401,-0.8609345315854,-0.08606726331256,0.860957372939,0.08582067170593
13.96368361056,9.249817623911,1.175354861426,9.249817623911,1.175354861426,-0.8611296015137,-0.08509566221191,0.8611524447563,0.08484616266635
14.12537544623,9.252627738031,1.162026953247,9.252627738031,1.162026953247,-0.8613203164545,-0.08413446858079,0.8613431613926,0.0838820280022
14.28893958511,9.255375113324,1.14884043651,9.255375113324,1.14884043651,-0.8615067717472,-0.08318358405335,0.8615296181879,0.08292816895857
14.45439770746,9.258061123259,1.135793984288,9.258061123259,1.135793984288,-0.861689060728,-0.0822429106752,0.8617119084793,0.08198448718756
14.62177174457,9.260687112449,1.12288627437,9.260687112449,1.12288627437,-0.8618672747682,-0.08131235092115,0.8618901236384,0.08105088476594
14.79108388168,9.263254397199,1.110115989532,9.263254397199,1.110115989532,-0.8620415033121,-0.08039180771205,0.86206435311,0.08012726421197
14.96235656094,9.265764266048,1.097481817792,9.265764266048,1.097481817792,-0.8622118339137,-0.07948118443081,0.8622346844486,0.07921352850135
15.13561248436,9.26821798031,1.084982452656,9.26821798031,1.084982452656,-0.8623783522742,-0.07858038493754,0.8624012033555,0.07830958108227
15.31087461682,9.270616774598,1.072616593354,9.270616774598,1.072616593354,-0.862541142277,-0.07768931358387,0.8625639937144,0.07741532588977
15.48816618913,9.272961857345,1.060382945055,9.272961857345,1.060382945055,-0.8627002860243,-0.07680787522654,0.8627231376274,0.07653066735918
15.66751070108,9.275254411316,1.048280219079,9.275254411316,1.048280219079,-0.8628558638712,-0.0759359752402,0.8628787154498,0.07565551043892
15.84893192461,9.277495594109,1.036307133097,9.277495594109,1.036307133097,-0.8630079544606,-0.07507351952949,0.8630308058243,0.07478976060251
16.0324539069,9.279686538653,1.024462411314,9.279686538653,1.024462411314,-0.8631566347569,-0.07422041454041,0.8631794857151,0.07393332385986
16.21810097359,9.281828353699,1.01274478465,9.281828353699,1.01274478465,-0.8633019800793,-0.07337656727104,0.863324830441,0.07308610676797
16.405897732,9.283922124291,1.001152990906,9.283922124291,1.001152990906,-0.8634440641346,-0.07254188528154,0.8634669137085,0.07224801644087
16.59586907438,9.285968912246,0.9896857749167,9.285968912246,0.9896857749167,-0.8635829590494,-0.07171627670363,0.8636058076437,0.071418960559
16.78804018123,9.287969756614,0.9783418887064,9.287969756614,0.9783418887064,-0.8637187354018,-0.07089965024931,0.8637415828239,0.07059884737792
16.98243652462,9.289925674138,0.9671200916219,9.289925674138,0.9671200916219,-0.8638514622524,-0.07009191521913,0.8638743083093,0.06978758573648
17.17908387158,9.291837659697,0.9560191504649,9.291837659697,0.9560191504649,-0.8639812071751,-0.06929298150982,0.8640040516728,0.06898508506443
17.37800828749,9.293706686751,0.9450378396136,9.293706686751,0.9450378396136,-0.8641080362872,-0.06850275962138,0.8641308790309,0.06819125538941
17.57923613959,9.295533707777,0.9341749411365,9.295533707777,0.9341749411365,-0.8642320142788,-0.06772116066366,0.8642548550727,0.06740600734349
17.78279410039,9.297319654686,0.9234292448985,9.297319654686,0.9234292448985,-0.864353204442,-0.06694809636243,0.8643760430891,0.06662925216917
17.98870915129,9.299065439252,0.9127995486591,9.299065439252,0.9127995486591,-0.8644716686993,-0.06618347906495,0.8644945050014,0.0658609017249
18.1970085861,9.300771953516,0.9022846581639,9.300771953516,0.9022846581639,-0.8645874676317,-0.06542722174508,0.8646103013894,0.06510086849008
18.40772001469,9.302440070192,0.8918833872289,9.302440070192,0.8918833872289,-0.8647006605062,-0.06467923800793,0.8647234915187,0.06434906556972
18.62087136663,9.304070643064,0.8815945578178,9.304070643064,0.8815945578178,-0.8648113053031,-0.06393944209409,0.864834133368,0.06360540669853
18.8364908949,9.305664507375,0.8714170001135,9.305664507375,0.8714170001135,-0.864919458742,-0.06320774888341,0.8649422836554,0.06286980624469
19.05460717963,9.30722248021,0.8613495525826,9.30722248021,0.8613495525826,-0.8650251763085,-0.0624840738984,0.8650479978646,0.06214217921315
19.27524913191,9.308745360871,0.8513910620348,9.308745360871,0.8513910620348,-0.8651285122791,-0.06176833330725,0.8651513302704,0.06142244124859
19.49844599758,9.310233931244,0.8415403836754,9.310233931244,0.8415403836754,-0.8652295197469,-0.06106044392647,0.865252333964,0.06071050863797
19.72422736115,9.311688956164,0.8317963811537,9.311688956164,0.8317963811537,-0.8653282506459,-0.06036032322313,0.8653510608774,0.06000629831277
19.95262314969,9.313111183768,0.8221579266044,9.313111183768,0.8221579266044,-0.8654247557756,-0.05966788931684,0.8654475618076,0.05930972785081
20.18366363682,9.314501345842,0.8126239006858,9.314501345842,0.8126239006858,-0.8655190848239,-0.05898306098133,0.8655418864406,0.05862071547781
20.4173794467,9.315860158168,0.803193192611,9.315860158168,0.803193192611,-0.8656112863912,-0.05830575764573,0.8656340833744,0.0579391800686
20.65380155811,9.317188320852,0.7938647001763,9.317188320852,0.7938647001763,-0.8657014080131,-0.05763589939557,0.8657242001419,0.05726504114801
20.89296130854,9.31848651866,0.7846373297838,9.31848651866,0.7846373297838,-0.8657894961824,-0.05697340697346,0.8658122832334,0.05659821889152
21.13489039837,9.319755421335,0.7755099964598,9.319755421335,0.7755099964598,-0.8658755963713,-0.0563182017795,0.8658983781184,0.05593863412557
21.37962089502,9.320995683919,0.7664816238701,9.320995683919,0.7664816238701,-0.8659597530532,-0.05567020587143,0.8659825292675,0.05528620832764
21.62718523727,9.322207947059,0.7575511443294,9.322207947059,0.7575511443294,-0.8660420097235,-0.0550293419645,0.8660647801729,0.05464086362604
21.8776162395,9.323392837314,0.7487174988086,9.323392837314,0.7487174988086,-0.8661224089203,-0.05439553343115,0.8661451733699,0.05400252279951
22.13094709606,9.324550967452,0.7399796369378,9.324550967452,0.7399796369378,-0.8662009922451,-0.05376870430036,0.8662237504566,0.0533711092765
22.38721138568,9.325682936745,0.7313365170051,9.325682936745,0.7313365170051,-0.8662778003823,-0.05314877925687,0.8663005521142,0.05274654713432
22.64644307593,9.326789331253,0.7227871059531,9.326789331253,0.7227871059531,-0.8663528731189,-0.05253568364011,0.8663756181262,0.05212876109797
22.90867652768,9.327870724108,0.7143303793716,9.327870724108,0.7143303793716,-0.8664262493639,-0.05192934344301,0.8664489873979,0.05151767653886
23.17394649969,9.328927675788,0.705965321487,9.328927675788,0.705965321487,-0.8664979671665,-0.05132968531049,0.8665206979749,0.05091321947327
23.4422881532,9.329960734387,0.6976909251495,9.329960734387,0.6976909251495,-0.8665680637349,-0.05073663653791,0.8665907870617,0.05031531656063
23.71373705662,9.330970435884,0.6895061918163,9.330970435884,0.6895061918163,-0.8666365754545,-0.0501501250692,0.8666592910393,0.04972389510166
23.9883291902,9.331957304396,0.6814101315335,9.331957304396,0.6814101315335,-0.8667035379049,-0.0495700794949,0.8667262454834,0.04913888303627
24.26610095082,9.332921852439,0.6734017629139,9.332921852439,0.6734017629139,-0.8667689858778,-0.04899642905006,0.8667916851816,0.04856020894137
24.54708915685,9.333864581173,0.6654801131137,9.333864581173,0.6654801131137,-0.8668329533939,-0.04842910361187,0.8668556441499,0.04798780202845
24.83133105296,9.334785980649,0.6576442178061,9.334785980649,0.6576442178061,-0.8668954737192,-0.04786803369728,0.8669181556499,0.04742159214108
25.1188643151,9.335686530044,0.6498931211523,9.335686530044,0.6498931211523,-0.8669565793815,-0.04731315046039,0.8669792522048,0.04686150975222
25.40972705549,9.336566697903,0.6422258757716,9.336566697903,0.6422258757716,-0.8670163021863,-0.04676438568973,0.8670389656151,0.0463074859614
25.70395782769,9.337426942361,0.634641542708,9.337426942361,0.634641542708,-0.8670746732327,-0.0462216718054,0.8670973269749,0.04575945249182
26.00159563165,9.338267711374,0.627139191396,9.338267711374,0.627139191396,-0.867131722928,-0.04568494185615,0.8671543666865,0.04521734168726
26.30267991895,9.339089442935,0.6197178996239,9.339089442935,0.6197178996239,-0.8671874810036,-0.04515412951623,0.8672101144757,0.04468108650889
26.60725059799,9.339892565293,0.6123767534953,9.339892565293,0.6123767534953,-0.8672419765288,-0.04462916908227,0.8672645994067,0.04415062053203
26.91534803927,9.340677497163,0.6051148473897,9.340677497163,0.6051148473897,-0.867295237926,-0.04410999546995,0.867317849896,0.04362587794274
27.22701308078,9.341444647933,0.5979312839205,9.341444647933,0.5979312839205,-0.867347292984,-0.04359654421059,0.8673698937267,0.04310679353432
27.54228703338,9.342194417869,0.590825173892,9.342194417869,0.590825173892,-0.8673981688724,-0.04308875144772,0.8674207580626,0.04259330270376
27.8612116863,9.342927198311,0.5837956362551,9.342927198311,0.5837956362551,-0.867447892155,-0.04258655393349,0.867470469461,0.04208534144806
28.18382931265,9.343643371867,0.5768417980615,9.343643371867,0.5768417980615,-0.8674964888025,-0.04208988902499,0.8675190538866,0.04158284636046
28.51018267504,9.344343312608,0.5699627944163,9.344343312608,0.5699627944163,-0.8675439842063,-0.04159869468057,0.867566536724,0.04108575462664
28.84031503127,9.34502738625,0.56315776843,9.34502738625,0.56315776843,-0.8675904031903,-0.04111290945602,0.8676129427908,0.04059400402081
29.17427014001,9.345695950337,0.5564258711689,9.345695950337,0.5564258711689,-0.8676357700241,-0.04063247250069,0.8676582963495,0.04010753290174
29.51209226666,9.346349354422,0.5497662616045,9.346349354422,0.5497662616045,-0.8676801084345,-0.04015732355359,0.86770262112,0.03962628020873
29.85382618918,9.346987940242,0.5431781065621,9.346987940242,0.5431781065621,-0.8677234416178,-0.03968740293938,0.8677459402913,0.0391501854575
30.19951720402,9.347612041885,0.5366605806683,9.347612041885,0.5366605806683,-0.8677657922514,-0.03922265156433,0.8677882765332,0.03867918873606
30.54921113216,9.348221985963,0.5302128662976,9.348221985963,0.5302128662976,-0.867807182505,-0.03876301091224,0.867829652008,0.03821323070049
30.90295432514,9.348818091775,0.5238341535179,9.348818091775,0.5238341535179,-0.8678476340519,-0.03830842304026,0.8678700883811,0.03775225257068
31.26079367124,9.349400671464,0.5175236400361,9.349400671464,0.5175236400361,-0.8678871680799,-0.03785883057473,0.8679096068321,0.03729619612606
31.62277660168,9.349970030179,0.5112805311416,9.349970030179,0.5112805311416,-0.867925805302,-0.03741417670695,0.8679482280659,0.03684500370124
31.98895109691,9.350526466226,0.5051040396507,9.350526466226,0.5051040396507,-0.8679635659669,-0.03697440518892,0.8679859723225,0.03639861818162
32.35936569296,9.351070271219,0.4989933858487,9.351070271219,0.4989933858487,-0.8680004698689,-0.036539460329,0.8680228593879,0.035956982999
32.73406948788,9.351601730229,0.4929477974331,9.351601730229,0.4929477974331,-0.8680365363586,-0.03610928698762,0.8680589086033,0.03552004212711
33.11311214826,9.352121121928,0.4869665094546,9.352121121928,0.4869665094546,-0.868071784352,-0.03568383057291,0.8680941388759,0.03508774007713
33.49654391578,9.352628718727,0.4810487642592,9.352628718727,0.4810487642592,-0.8681062323405,-0.03526303703631,0.8681285686876,0.03466002189321
33.88441561392,9.353124786919,0.4751938114285,9.353124786919,0.4751938114285,-0.8681398984003,-0.03484685286813,0.8681622161048,0.03423683314791
34.27677865465,9.353609586811,0.4694009077203,9.353609586811,0.4694009077203,-0.8681728002013,-0.03443522509317,0.8681950987876,0.03381811993767
34.67368504525,9.354083372857,0.4636693170087,9.354083372857,0.4636693170087,-0.8682049550163,-0.03402810126626,0.8682272339988,0.03340382887823
35.07518739526,9.354546393788,0.4579983102239,9.354546393788,0.4579983102239,-0.8682363797299,-0.03362542946775,0.8682586386124,0.03299390710004
35.48133892336,9.354998892738,0.4523871652913,9.354998892738,0.4523871652913,-0.8682670908468,-0.03322715829909,0.8682893291225,0.03258830224365
35.8921934645,9.355441107368,0.446835167071,9.355441107368,0.446835167071,-0.8682971045005,-0.03283323687831,0.8683193216517,0.03218696245511
36.30780547701,9.355873269989,0.4413416072964,9.355873269989,0.4413416072964,-0.8683264364612,-0.03244361483553,0.8683486319591,0.03178983638133
36.72823004981,9.356295607677,0.435905784513,9.356295607677,0.435905784513,-0.8683551021445,-0.03205824230844,0.8683772754486,0.03139687316545
37.15352290972,9.356708342393,0.4305270040166,9.356708342393,0.4305270040166,-0.8683831166185,-0.03167706993782,0.8684052671766,0.03100802244217
37.58374042885,9.357111691094,0.4252045777922,9.357111691094,0.4252045777922,-0.8684104946121,-0.031300048863,0.86843262186,0.03062323433318
38.01893963206,9.357505865845,0.4199378244515,9.357505865845,0.4199378244515,-0.8684372505221,-0.03092713071735,0.8684593538833,0.03024245944239
38.45917820454,9.357891073927,0.4147260691714,9.357891073927,0.4147260691714,-0.8684633984211,-0.03055826762374,0.8684854773063,0.0298656488514
38.90451449943,9.358267517943,0.409568643632,9.358267517943,0.409568643632,-0.8684889520644,-0.03019341219008,0.8685110058712,0.02949275411474
39.35500754558,9.358635395926,0.4044648859542,9.358635395926,0.4044648859542,-0.8685139248968,-0.02983251750476,0.8685359530098,0.0291237272553
39.81071705535,9.358994901433,0.399414140638,9.358994901433,0.399414140638,-0.8685383300601,-0.02947553713216,0.8685603318501,0.02875852075964
40.27170343255,9.359346223653,0.3944157585001,9.359346223653,0.3944157585001,-0.8685621803994,-0.02912242510812,0.8685841552233,0.02839708757333
40.73802778041,9.359689547497,0.389469096612,9.359689547497,0.389469096612,-0.8685854884702,-0.02877313593551,0.8686074356705,0.02803938109635
41.20975190973,9.360025053698,0.3845735182376,9.360025053698,0.3845735182376,-0.8686082665441,-0.02842762457967,0.8686301854488,0.02768535517843
41.68693834703,9.360352918903,0.3797283927717,9.360352918903,0.3797283927717,-0.8686305266158,-0.02808584646396,0.8686524165378,0.02733496411444
42.16965034286,9.360673315761,0.3749330956774,9.360673315761,0.3749330956774,-0.8686522804091,-0.02774775746532,0.8686741406459,0.02698816263977
42.65795188016,9.360986413018,0.3701870084246,9.360986413018,0.3701870084246,-0.8686735393828,-0.02741331390977,0.8686953692162,0.02664490592569
43.15190768278,9.361292375597,0.3654895184281,9.361292375597,0.3654895184281,-0.8686943147367,-0.02708247256799,0.8687161134326,0.02630514957482
43.65158322402,9.361591364691,0.360840018986,9.361591364691,0.360840018986,-0.8687146174177,-0.0267551906509,0.868736384225,0.02596884961649
44.15704473533,9.361883537837,0.3562379092178,9.361883537837,0.3562379092178,-0.8687344581247,-0.02643142580522,0.8687561922758,0.02563596250218
44.6683592151,9.362169049006,0.3516825940034,9.362169049006,0.3516825940034,-0.8687538473149,-0.02611113610909,0.8687755480248,0.02530644510099
45.18559443749,9.362448048679,0.3471734839215,9.362448048679,0.3471734839215,-0.8687727952089,-0.02579428006768,0.8687944616747,0.02498025469507
45.70881896149,9.362720683923,0.3427099951886,9.362720683923,0.3427099951886,-0.868791311796,-0.02548081660883,0.8688129431968,0.0246573489751
46.23810213993,9.362987098472,0.3382915495981,9.362987098472,0.3382915495981,-0.8688094068393,-0.0251707050787,0.8688310023356,0.02433768603577
46.77351412872,9.363247432796,0.3339175744594,9.363247432796,0.3339175744594,-0.8688270898809,-0.02486390523743,0.8688486486141,0.02402122437132
47.31512589615,9.363501824177,0.3295875025375,9.363501824177,0.3295875025375,-0.8688443702468,-0.02456037725485,0.8688658913388,0.02370792287101
47.86300923226,9.363750406782,0.3253007719925,9.363750406782,0.3253007719925,-0.8688612570516,-0.02426008170618,0.8688827396044,0.0233977408147
48.41723675841,9.363993311727,0.3210568263196,9.363993311727,0.3210568263196,-0.8688777592037,-0.02396297956775,0.8688992022988,0.02309063786839
48.97788193685,9.36423066715,0.3168551142892,9.36423066715,0.3168551142892,-0.8688938854092,-0.02366903221277,0.8689152881073,0.02278657407981
49.54501908048,9.364462598277,0.3126950898869,9.364462598277,0.3126950898869,-0.8689096441771,-0.0233782014071,0.8689310055174,0.02248550987401
50.11872336273,9.364689227483,0.3085762122545,9.364689227483,0.3085762122545,-0.8689250438233,-0.02309044930501,0.868946362823,0.02218740604896
50.69907082747,9.364910674362,0.3044979456306,9.364910674362,0.3044979456306,-0.868940092475,-0.02280573844505,0.868961368129,0.02189222377123
51.28613839914,9.365127055785,0.3004597592914,9.365127055785,0.3004597592914,-0.8689547980753,-0.02252403174588,0.8689760293554,0.02159992457161
51.8800038929,9.365338485959,0.2964611274927,9.365338485959,0.2964611274927,-0.8689691683868,-0.02224529250207,0.8689903542413,0.0213104703408
52.48074602498,9.365545076492,0.2925015294106,9.365545076492,0.2925015294106,-0.8689832109957,-0.02196948438009,0.8690043503489,0.02102382332512
53.0884444231,9.365746936447,0.2885804490843,9.365746936447,0.2885804490843,-0.8689969333164,-0.02169657141413,0.8690180250677,0.02073994612224
53.70317963703,9.365944172402,0.2846973753574,9.365944172402,0.2846973753574,-0.8690103425945,-0.02142651800209,0.8690313856183,0.02045880167687
54.32503314924,9.3661368885,0.2808518018208,9.3661368885,0.2808518018208,-0.869023445911,-0.0211592889015,0.8690444390559,0.02018035327662
54.95408738576,9.366325186511,0.2770432267554,9.366325186511,0.2770432267554,-0.8690362501863,-0.02089484922555,0.8690571922742,0.01990456454769
55.59042572704,9.366509165877,0.2732711530748,9.366509165877,0.2732711530748,-0.869048762183,-0.02063316443907,0.8690696520089,0.01963139945076
56.23413251904,9.366688923771,0.2695350882689,9.366688923771,0.2695350882689,-0.8690609885103,-0.02037420035455,0.8690818248415,0.01936082227679
56.88529308439,9.366864555144,0.2658345443473,9.366864555144,0.2658345443473,-0.8690729356269,-0.02011792312823,0.8690937172023,0.01909279764288
57.54399373372,9.367036152774,0.2621690377833,9.367036152774,0.2621690377833,-0.8690846098444,-0.01986429925618,0.8691053353738,0.01882729048815
58.21032177709,9.367203807317,0.258538089458,9.367203807317,0.258538089458,-0.869096017331,-0.01961329557041,0.8691166854946,0.01856426606966
58.88436553556,9.367367607352,0.2549412246049,9.367367607352,0.2549412246049,-0.8691071641142,-0.01936487923498,0.8691277735618,0.01830368995833
59.5662143529,9.367527639429,0.2513779727543,9.367527639429,0.2513779727543,-0.8691180560844,-0.0191190177422,0.8691386054345,0.01804552803488
60.25595860744,9.367683988115,0.2478478676791,9.367683988115,0.2478478676791,-0.8691286989977,-0.01887567890882,0.8691491868371,0.01778974648583
60.95368972402,9.367836736033,0.2443504473398,9.367836736033,0.2443504473398,-0.869139098479,-0.01863483087221,0.8691595233618,0.01753631179948
61.65950018615,9.367985963913,0.2408852538301,9.367985963913,0.2408852538301,-0.869149260025,-0.01839644208662,0.8691696204719,0.01728519076194
62.37348354824,9.368131750628,0.2374518333232,9.368131750628,0.2374518333232,-0.8691591890069,-0.01816048131948,0.8691794835045,0.01703635045318
63.09573444802,9.368274173239,0.2340497360181,9.368274173239,0.2340497360181,-0.8691688906734,-0.01792691764762,0.8691891176733,0.0167897582431
63.82634861906,9.368413307034,0.2306785160863,9.368413307034,0.2306785160863,-0.8691783701534,-0.01769572045368,0.8691985280715,0.01654538178762
64.56542290347,9.368549225566,0.2273377316186,9.368549225566,0.2273377316186,-0.8691876324587,-0.01746685942238,0.8692077196742,0.01630318902481
65.31305526475,9.368682000694,0.2240269445725,9.368682000694,0.2240269445725,-0.8691966824865,-0.01724030453694,0.8692166973411,0.016063148171
66.06934480076,9.368811702619,0.22074572072,9.368811702619,0.22074572072,-0.8692055250222,-0.01701602607548,0.8692254658192,0.015825227717
66.83439175686,9.368938399923,0.2174936295953,9.368938399923,0.2174936295953,-0.8692141647417,-0.0167939946074,0.8692340297451,0.01558939642423
67.6082975392,9.369062159601,0.2142702444429,9.369062159601,0.2142702444429,-0.8692226062139,-0.01657418098989,0.8692423936476,0.015355623321
68.39116472814,9.369183047102,0.2110751421667,9.369183047102,0.2110751421667,-0.8692308539031,-0.01635655636436,0.86925056195,0.01512387769866
69.1830970919,9.369301126355,0.2079079032782,9.369301126355,0.2079079032782,-0.8692389121715,-0.016141092153,0.8692585389722,0.01489412910795
69.98419960023,9.369416459812,0.2047681118462,9.369416459812,0.2047681118462,-0.8692467852812,-0.01592776005524,0.8692663289333,0.01466634735521
70.79457843842,9.369529108474,0.2016553554459,9.369529108474,0.2016553554459,-0.8692544773967,-0.01571653204437,0.8692739359537,0.01444050249874
71.61434102129,9.369639131925,0.1985692251089,9.369639131925,0.1985692251089,-0.869261992587,-0.0155073803641,0.8692813640573,0.01421656484509
72.4435960075,9.369746588364,0.1955093152734,9.369746588364,0.1955093152734,-0.8692693348276,-0.01530027752514,0.8692886171734,0.01399450494544
73.28245331389,9.369851534637,0.1924752237342,9.369851534637,0.1924752237342,-0.8692765080028,-0.01509519630188,0.8692956991391,0.01377429359196
74.13102413009,9.369954026261,0.1894665515941,9.369954026261,0.1894665515941,-0.8692835159077,-0.01489210972903,0.8693026137011,0.01355590181419
74.98942093325,9.37005411746,0.186482903214,9.37005411746,0.186482903214,-0.86929036225,-0.01469099109829,0.8693093645176,0.01333930087552
75.85775750292,9.37015186119,0.1835238861651,9.37015186119,0.1835238861651,-0.8692970506523,-0.01449181395509,0.8693159551605,0.01312446226955
76.73614893618,9.370247309167,0.18058911118,9.370247309167,0.18058911118,-0.8693035846534,-0.0142945520953,0.869322389117,0.01291135771663
77.62471166287,9.370340511896,0.1776781921045,9.370340511896,0.1776781921045,-0.8693099677111,-0.014099179562,0.8693286697915,0.01269995916027
78.52356346101,9.370431518694,0.1747907458503,9.370431518694,0.1747907458503,-0.8693162032031,-0.01390567064227,0.8693348005077,0.01249023876374
79.43282347243,9.37052037772,0.1719263923473,9.37052037772,0.1719263923473,-0.8693222944292,-0.013713999864,0.8693407845097,0.0122821689065
80.35261221856,9.370607135997,0.1690847544959,9.370607135997,0.1690847544959,-0.8693282446131,-0.0135241419927,0.8693466249645,0.01207572218084
81.28305161641,9.37069183944,0.1662654581209,9.37069183944,0.1662654581209,-0.8693340569039,-0.01333607202842,0.8693523249629,0.01187087138837
82.22426499471,9.370774532877,0.1634681319242,9.370774532877,0.1634681319242,-0.8693397343779,-0.01314976520255,0.8693578875217,0.01166758953668
83.17637711027,9.370855260075,0.1606924074387,9.370855260075,0.1606924074387,-0.8693452800402,-0.01296519697479,0.8693633155851,0.01146584983592
84.13951416452,9.370934063761,0.1579379189823,9.370934063761,0.1579379189823,-0.8693506968262,-0.01278234303006,0.869368612026,0.01126562569542
85.11380382024,9.371010985645,0.1552043036119,9.371010985645,0.1552043036119,-0.8693559876031,-0.01260117927545,0.8693737796479,0.01106689072039
86.09937521846,9.371086066445,0.1524912010779,9.371086066445,0.1524912010779,-0.8693611551716,-0.01242168183722,0.8693788211863,0.01086961870855
87.09635899561,9.371159345903,0.149798253779,9.371159345903,0.149798253779,-0.8693662022673,-0.01224382705776,0.8693837393099,0.01067378364683
88.1048873008,9.371230862811,0.1471251067171,9.371230862811,0.1471251067171,-0.8693711315621,-0.01206759149266,0.8693885366221,0.01047935970811
89.12509381338,9.371300655028,0.1444714074529,9.371300655028,0.1444714074529,-0.8693759456656,-0.01189295190772,0.8693932156627,0.01028632124792
90.1571137606,9.371368759502,0.141836806061,9.371368759502,0.141836806061,-0.8693806471264,-0.01171988527605,0.8693977789087,0.01009464280122
91.20108393559,9.371435212288,0.1392209550858,9.371435212288,0.1392209550858,-0.8693852384339,-0.01154836877515,0.869402228776,0.009904299079138
92.25714271548,9.371500048568,0.1366235094976,9.371500048568,0.1366235094976,-0.8693897220188,-0.01137837978401,0.8694065676205,0.009715264965784
93.3254300797,9.37156330267,0.134044126649,9.37156330267,0.134044126649,-0.8693941002551,-0.01120989588028,0.8694107977395,0.009527515515045
94.40608762859,9.371625008084,0.1314824662312,9.371625008084,0.1314824662312,-0.8693983754612,-0.01104289483738,0.8694149213727,0.009341025947415
95.49925860215,9.371685197483,0.128938190231,9.371685197483,0.128938190231,-0.8694025499007,-0.01087735462174,0.8694189407034,0.009155771646833
96.60508789898,9.371743902735,0.1264109628876,9.371743902735,0.1264109628876,-0.8694066257841,-0.01071325338994,0.86942285786,0.008971728157542
97.72372209558,9.371801154926,0.1239004506501,9.371801154926,0.1239004506501,-0.8694106052698,-0.01055056948598,0.8694266749165,0.008788871180973
98.8553094657,9.371856984372,0.1214063221349,9.371856984372,0.1214063221349,-0.8694144904651,-0.01038928143851,0.8694303938943,0.00860717657263
100.0,9.371911420637,0.118928248083,9.371911420637,0.118928248083,-0.8694182834276,-0.01022936795807,0.8694340167626,0.008426620339006
101.157945426,9.371964492548,0.116465901319,9.371964492548,0.116465901319,-0.8694219861658,-0.01007080793441,0.8694375454401,0.008247178634508
102.3292992281,9.37201622821,0.114018956708,9.37201622821,0.114018956708,-0.8694256006408,-0.009913580433752,0.8694409817953,0.0080688277584
103.5142166679,9.37206665502,0.1115870911148,9.37206665502,0.1115870911148,-0.8694291287668,-0.009757664696174,0.8694443276482,0.007891544151761
104.7128548051,9.372115799685,0.1091699833626,9.372115799685,0.1091699833626,-0.8694325724123,-0.009603040132896,0.8694475847705,0.007715304394462
105.9253725177,9.372163688231,0.106767314191,9.372163688231,0.106767314191,-0.8694359334014,-0.009449686323675,0.8694507548874,0.007540085202151
107.1519305238,9.372210346022,0.1043787662159,9.372210346022,0.1043787662159,-0.8694392135141,-0.00929758301418,0.8694538396778,0.00736586342326
108.3926914021,9.372255797768,0.1020040238882,9.372255797768,0.1020040238882,-0.8694424144878,-0.00914671011339,0.8694568407755,0.007192616036022
109.6478196143,9.372300067542,0.09964277345347,9.372300067542,0.09964277345347,-0.8694455380179,-0.008997047691023,0.8694597597699,0.007020320145509
110.9174815262,9.372343178791,0.09729470291144,9.372343178791,0.09729470291144,-0.8694485857589,-0.008848575974967,0.8694625982071,0.006848952980672
112.2018454302,9.372385154351,0.09495950197589,9.372385154351,0.09495950197589,-0.8694515593252,-0.008701275348741,0.8694653575905,0.006678491891407
113.5010815672,9.372426016453,0.0926368620346,9.372426016453,0.0926368620346,-0.8694544602919,-0.00855512634897,0.8694680393817,0.006508914345631
114.8153621497,9.372465786743,0.09032647610956,9.372465786743,0.09032647610956,-0.8694572901958,-0.008410109662878,0.8694706450012,0.006340197926363
116.144861384,9.372504486286,0.08802803881737,9.372504486286,0.08802803881737,-0.8694600505358,-0.008266206125798,0.8694731758291,0.006172320328831
117.489755494,9.372542135581,0.08574124632971,9.372542135581,0.08574124632971,-0.8694627427743,-0.008123396718699,0.869475633206,0.006005259357583
118.8502227437,9.372578754572,0.08346579633408,9.372578754572,0.08346579633408,-0.8694653683374,-0.007981662565732,0.8694780184337,0.00583899292361
120.2264434617,9.372614362655,0.0812013879947,9.372614362655,0.0812013879947,-0.8694679286161,-0.007840984931794,0.8694803327755,0.005673499041488
121.6186000646,9.372648978695,0.0789477219136,9.372648978695,0.0789477219136,-0.8694704249667,-0.007701345220101,0.8694825774575,0.005508755826522
123.0268770812,9.372682621027,0.07670450009169,9.372682621027,0.07670450009169,-0.8694728587117,-0.007562724969786,0.8694847536687,0.005344741491912
124.4514611771,9.372715307474,0.07447142589026,9.372715307474,0.07447142589026,-0.8694752311405,-0.007425105853509,0.8694868625619,0.005181434345917
125.8925411794,9.372747055352,0.07224820399237,9.372747055352,0.07224820399237,-0.86947754351,-0.007288469675083,0.8694889052545,0.005018812789047
127.3503081017,9.372777881478,0.07003454036468,9.372777881478,0.07003454036468,-0.8694797970453,-0.007152798367114,0.8694908828283,0.004856855311245
128.8249551693,9.372807802185,0.06783014221899,9.372807802185,0.06783014221899,-0.8694819929404,-0.007018073988663,0.8694927963312,0.004695540489098
130.3166778452,9.372836833323,0.06563471797456,9.372836833323,0.06563471797456,-0.8694841323585,-0.006884278722912,0.8694946467768,0.004534846983046
131.8256738556,9.372864990272,0.06344797721973,9.372864990272,0.06344797721973,-0.8694862164334,-0.006751394874857,0.8694964351455,0.004374753534605
133.3521432163,9.372892287949,0.06126963067449,9.372892287949,0.06126963067449,-0.8694882462692,-0.006619404869004,0.8694981623846,0.004215238963598
134.8962882592,9.372918740817,0.05909939015275,9.372918740817,0.05909939015275,-0.8694902229414,-0.006488291247089,0.8694998294093,0.004056282165395
136.4583136589,9.372944362889,0.05693696852462,9.372944362889,0.05693696852462,-0.8694921474973,-0.006358036665805,0.8695014371027,0.003897862108163
138.0384264603,9.372969167741,0.05478207967917,9.372969167741,0.05478207967917,-0.8694940209566,-0.006228623894549,0.8695029863166,0.003739957830122
139.6368361056,9.372993168515,0.05263443848706,9.372993168515,0.05263443848706,-0.8694958443122,-0.006100035813175,0.8695044778717,0.003582548436813
141.2537544623,9.373016377927,0.05049376076327,9.373016377927,0.05049376076327,-0.86949761853,-0.005972255409768,0.8695059125584,0.003425613098366
142.8893958511,9.373038808272,0.04835976323026,9.373038808272,0.04835976323026,-0.8694993445502,-0.005845265778425,0.8695072911366,0.003269131046784
144.5439770746,9.373060471436,0.04623216348057,9.373060471436,0.04623216348057,-0.8695010232875,-0.005719050117055,0.8695086143368,0.00311308157323
146.2177174457,9.373081378895,0.0441106799403,9.373081378895,0.0441106799403,-0.8695026556312,-0.005593591725182,0.8695098828601,0.00295744402532
147.9108388168,9.373101541728,0.0419950318321,9.373101541728,0.0419950318321,-0.8695042424465,-0.005468874001774,0.8695110973785,0.002802197804422
149.6235656094,9.373120970617,0.03988493913849,9.373120970617,0.03988493913849,-0.8695057845742,-0.00534488044307,0.8695122585355,0.002647322362967
151.3561248436,9.373139675856,0.03778012256538,9.373139675856,0.03778012256538,-0.8695072828315,-0.005221594640426,0.8695133669463,0.002492797201757
153.1087461682,9.373157667357,0.03568030350524,9.373157667357,0.03568030350524,-0.8695087380122,-0.005099000278177,0.8695144231983,0.002338601867285
154.8816618913,9.37317495465,0.03358520400096,9.37317495465,0.03358520400096,-0.8695101508876,-0.004977081131497,0.869515427851,0.002184715949058
156.6751070108,9.373191546897,0.03149454670915,9.373191546897,0.03149454670915,-0.8695115222064,-0.004855821064286,0.8695163814367,0.002031119076925
158.4893192461,9.373207452888,0.02940805486394,9.373207452888,0.02940805486394,-0.8695128526952,-0.004735204027053,0.8695172844607,0.001877790918407
160.324539069,9.373222681051,0.02732545224082,9.373222681051,0.02732545224082,-0.8695141430591,-0.004615214054822,0.8695181374014,0.001724711176038
162.1810097359,9.373237239455,0.02524646312021,9.373237239455,0.02524646312021,-0.8695153939819,-0.00449583526504,0.8695189407108,0.001571859584703
164.05897732,9.373251135812,0.02317081225142,9.373251135812,0.02317081225142,-0.8695166061267,-0.004377051855499,0.8695196948144,0.00141921590898
165.9586907438,9.373264377487,0.02109822481661,9.373264377487,0.02109822481661,-0.8695177801356,-0.004258848102267,0.8695204001118,0.001266759940494
167.8804018123,9.373276971493,0.01902842639459,9.373276971493,0.01902842639459,-0.869518916631,-0.004141208357625,0.8695210569768,0.00111447149526
169.8243652462,9.373288924506,0.01696114292485,9.373288924506,0.01696114292485,-0.869520016215,-0.004024117048025,0.8695216657572,0.0009623304110424
171.7908387158,9.373300242856,0.01489610067167,9.373300242856,0.01489610067167,-0.8695210794705,-0.00390755867204,0.8695222267757,0.0008103165447056
173.7800828749,9.373310932542,0.01283302618804,9.373310932542,0.01283302618804,-0.8695221069609,-0.003791517798337,0.8695227403295,0.0006584097695746
175.7923613959,9.373320999226,0.01077164627977,9.373320999226,0.01077164627977,-0.8695230992307,-0.003675979063652,0.8695232066907,0.0005065899727931
177.8279410039,9.373330448242,0.008711687969748,9.373330448242,0.008711687969748,-0.8695240568059,-0.003560927170775,0.8695236261064,0.0003548370526838
179.8870915129,9.373339284597,0.00665287846173,9.373339284597,0.006652878461731,-0.8695249801938,-0.003446346886543,0.8695239987987,0.0002031309161105
181.970085861,9.37334751297,0.004594945104862,9.37334751297,0.004594945104862,-0.869525869884,-0.003332223039841,0.8695243249651,5.145147584027e-05
184.0772001469,9.373355137722,0.002537615357544,9.373355137722,0.002537615357544,-0.8695267263479,-0.003218540519611,0.8695246047784,-0.0001002213520936
186.2087136663,9.373362162891,0.0004806167517434,9.373362162891,0.0004806167517434,-0.8695275500394,-0.003105284272867,0.8695248383868,-0.0002519076510289
188.364908949,9.3733685922,-0.001576323142942,9.3733685922,-0.001576323142942,-0.8695283413951,-0.00299243930272,0.869525025914,-0.0004036275063117
190.5460717963,9.373374429053,-0.003633476755074,9.373374429053,-0.003633476755074,-0.8695291008344,-0.002879990666407,0.8695251674593,-0.0005554010079341
192.7524913191,9.373379676542,-0.005691116547224,9.373379676542,-0.005691116547224,-0.8695298287598,-0.002767923473325,0.8695252630978,-0.0007072482531731
194.9844599758,9.373384337447,-0.007749515051814,9.373384337447,-0.007749515051814,-0.8695305255571,-0.002656222883082,0.8695253128799,-0.0008591893492303
197.2422736115,9.373388414235,-0.009808944907188,9.373388414235,-0.009808944907189,-0.8695311915955,-0.002544874103538,0.869525316832,-0.001011244415873
199.5262314969,9.373391909066,-0.0118696788931,9.373391909066,-0.0118696788931,-0.8695318272282,-0.002433862388868,0.8695252749562,-0.001163433588079
201.8366363682,9.373394823788,-0.0139319899672,9.373394823788,-0.0139319899672,-0.8695324327919,-0.002323173037618,0.8695251872301,-0.001315777018679
204.173794467,9.373397159946,-0.01599615130041,9.373397159946,-0.01599615130041,-0.8695330086076,-0.002212791390772,0.8695250536073,-0.001468294881006
206.5380155811,9.373398918775,-0.01806243631339,9.373398918775,-0.01806243631339,-0.8695335549806,-0.002102702829831,0.8695248740168,-0.001621007371546
208.9296130854,9.373400101205,-0.0201311187122,9.373400101205,-0.0201311187122,-0.8695340722003,-0.00199289277488,0.8695246483633,-0.001773934712593
211.3489039837,9.37340070786,-0.0222024725246,9.37340070786,-0.0222024725246,-0.869534560541,-0.001883346682678,0.8695243765273,-0.001927097154903
213.7962089502,9.373400739059,-0.02427677213604,9.373400739059,-0.02427677213604,-0.8695350202615,-0.001774050044742,0.8695240583646,-0.002080514980357
216.2718523727,9.373400194817,-0.02635429232592,9.373400194817,-0.02635429232592,-0.8695354516054,-0.001664988385435,0.8695236937064,-0.002234208504624
218.776162395,9.373399074842,-0.02843530830384,9.373399074842,-0.02843530830384,-0.8695358548013,-0.001556147260067,0.8695232823595,-0.002388198079833
221.3094709606,9.373397378539,-0.03052009574555,9.373397378539,-0.03052009574555,-0.869536230063,-0.001447512252988,0.8695228241058,-0.002542504097245
223.8721138568,9.373395105004,-0.0326089308299,9.373395105004,-0.0326089308299,-0.8695365775893,-0.001339068975695,0.8695223187024,-0.002697146989934
226.4644307593,9.373392253032,-0.03470209027458,9.373392253032,-0.03470209027458,-0.8695368975644,-0.001230803064934,0.8695217658813,-0.002852147235469
229.0867652768,9.373388821107,-0.03679985137321,9.373388821107,-0.03679985137321,-0.869537190158,-0.001122700180812,0.8695211653494,-0.003007525358606
231.7394649969,9.373384807406,-0.03890249203156,9.373384807406,-0.03890249203156,-0.8695374555251,-0.001014746004908,0.8695205167885,-0.003163301933984
234.422881532,9.373380209801,-0.0410102908043,9.373380209801,-0.0410102908043,-0.8695376938064,-0.000906926238386,0.8695198198548,-0.003319497588826
237.1373705662,9.37337502585,-0.04312352693171,9.37337502585,-0.04312352693171,-0.8695379051281,-0.0007992266001161,0.8695190741787,-0.003476133005653
239.883291902,9.373369252803,-0.04524248037662,9.373369252803,-0.04524248037662,-0.8695380896023,-0.0006916328247894,0.8695182793652,-0.003633228924993
242.6610095082,9.373362887597,-0.04736743186122,9.373362887597,-0.04736743186122,-0.8695382473267,-0.0005841306610416,0.8695174349928,-0.003790806148112
245.4708915685,9.373355926854,-0.04949866290431,9.373355926854,-0.04949866290431,-0.869538378385,-0.0004767058695758,0.8695165406139,-0.00394888553974
248.3133105296,9.373348366882,-0.05163645585803,9.373348366882,-0.05163645585803,-0.8695384828465,-0.0003693442212865,0.8695155957546,-0.004107488030814
251.188643151,9.373340203669,-0.05378109394563,9.373340203669,-0.05378109394563,-0.8695385607668,-0.0002620314953857,0.869514599914,-0.004266634621223
254.0972705549,9.373331432886,-0.05593286129853,9.373331432886,-0.05593286129853,-0.869538612187,-0.0001547534775299,0.8695135525643,-0.004426346382567
257.0395782769,9.373322049879,-0.05809204299371,9.373322049879,-0.05809204299371,-0.8695386371345,-4.74959579473e-05,0.8695124531502,-0.004586644460921
260.0159563165,9.37331204967,-0.06025892509184,9.37331204967,-0.06025892509184,-0.8695386356224,5.975527043354e-05,0.8695113010892,-0.004747550079609
263.0267991895,9.373301426956,-0.06243379467458,9.373301426956,-0.06243379467458,-0.8695386076499,0.0001670144138554,0.8695100957705,-0.004909084541991
266.0725059799,9.373290176101,-0.06461693988229,9.373290176101,-0.06461693988229,-0.8695385532023,0.0002742956796038,0.8695088365554,-0.005071269234255
269.1534803927,9.373278291138,-0.06680864995284,9.373278291138,-0.06680864995284,-0.8695384722506,0.0003816132778781,0.8695075227764,-0.005234125628223
272.2701308078,9.373265765763,-0.06900921525893,9.373265765763,-0.06900921525893,-0.8695383647521,0.0004889814236638,0.8695061537371,-0.005397675284167
275.4228703338,9.37325259333,-0.07121892734709,9.37325259333,-0.07121892734709,-0.8695382306495,0.0005964143386047,0.869504728712,-0.005561939853634
278.612116863,9.373238766855,-0.07343807897566,9.373238766855,-0.07343807897566,-0.869538069872,0.0007039262528763,0.8695032469458,-0.005726941082286
281.8382931265,9.373224279002,-0.07566696415373,9.373224279002,-0.07566696415373,-0.8695378823343,0.00081153140706,0.8695017076532,-0.005892700812748
285.1018267504,9.373209122088,-0.07790587817986,9.373209122088,-0.07790587817986,-0.8695376679369,0.0009192440540189,0.8695001100183,-0.006059240987471
288.4031503127,9.373193288073,-0.08015511768094,9.373193288073,-0.08015511768094,-0.8695374265663,0.001027078460775,0.8694984531943,-0.006226583651605
291.7427014001,9.373176768558,-0.0824149806516,9.373176768558,-0.0824149806516,-0.8695371580946,0.001135048910387,0.8694967363032,-0.006394750955887
295.1209226666,9.373159554782,-0.08468576649342,9.373159554782,-0.08468576649342,-0.8695368623793,0.001243169703835,0.8694949584351,-0.006563765159537
298.5382618918,9.373141637615,-0.08696777605424,9.373141637615,-0.08696777605424,-0.8695365392638,0.001351455161897,0.8694931186476,-0.006733648633178
301.9951720402,9.373123007553,-0.08926131166813,9.373123007553,-0.08926131166813,-0.8695361885769,0.001459919627043,0.8694912159658,-0.006904423861759
305.4921113216,9.373103654714,-0.09156667719537,9.373103654714,-0.09156667719537,-0.8695358101326,0.001568577465314,0.8694892493813,-0.007076113447493
309.0295432514,9.373083568834,-0.09388417806213,9.373083568834,-0.09388417806213,-0.8695354037303,0.001677443068223,0.8694872178517,-0.00724874011282
312.6079367124,9.37306273926,-0.09621412130129,9.37306273926,-0.09621412130129,-0.8695349691547,0.001786530854642,0.8694851203006,-0.007422326703371
316.2277660168,9.373041154944,-0.09855681559262,9.373041154944,-0.09855681559262,-0.8695345061755,0.001895855272703,0.8694829556162,-0.007596896190956
319.8895109692,9.373018804437,-0.1009125713034,9.373018804437,-0.1009125713034,-0.8695340145472,0.002005430801699,0.8694807226514,-0.007772471676565
323.5936569296,9.372995675884,-0.10328170053,9.372995675884,-0.10328170053,-0.8695334940093,0.002115271953991,0.8694784202227,-0.007949076393385
327.3406948788,9.372971757019,-0.1056645171383,9.372971757019,-0.1056645171383,-0.8695329442859,0.002225393276915,0.8694760471101,-0.00812673370983
331.1311214826,9.372947035154,-0.1080613368055,9.372947035154,-0.1080613368055,-0.8695323650856,0.002335809354697,0.8694736020559,-0.008305467132594
334.9654391578,9.372921497177,-0.1104724770619,9.372921497177,-0.1104724770619,-0.8695317561014,0.002446534810373,0.8694710837643,-0.008485300309715
338.8441561392,9.372895129543,-0.1128982573324,9.372895129543,-0.1128982573324,-0.8695311170107,0.002557584307709,0.869468490901,-0.008666257033659
342.7677865465,9.372867918267,-0.115338998979,9.372867918267,-0.115338998979,-0.8695304474746,0.002668972553135,0.8694658220917,-0.008848361244423
346.7368504525,9.372839848914,-0.1177950253428,9.372839848914,-0.1177950253428,-0.8695297471383,0.002780714297671,0.8694630759223,-0.009031637032648
350.7518739526,9.372810906597,-0.1202666617871,9.372810906597,-0.1202666617871,-0.8695290156306,0.002892824338873,0.8694602509375,-0.009216108642762
354.8133892336,9.372781075964,-0.1227542357399,9.372781075964,-0.1227542357399,-0.8695282525638,0.003005317522776,0.8694573456404,-0.009401800476135
358.921934645,9.372750341194,-0.1252580767375,9.372750341194,-0.1252580767375,-0.8695274575336,0.003118208745843,0.8694543584914,-0.00958873709425
363.0780547701,9.372718685983,-0.1277785164676,9.372718685983,-0.1277785164676,-0.8695266301185,0.003231512956925,0.8694512879076,-0.009776943221898
367.2823004981,9.372686093541,-0.130315888813,9.372686093541,-0.130315888813,-0.86952576988,0.003345245159225,0.8694481322619,-0.009966443750396
371.5352290972,9.37265254658,-0.1328705298961,9.37265254658,-0.1328705298961,-0.8695248763623,0.003459420412264,0.8694448898822,-0.01015726374081
375.8374042885,9.372618027307,-0.1354427781225,9.372618027307,-0.1354427781225,-0.8695239490917,0.003574053833866,0.8694415590504,-0.01034942842723
380.1893963206,9.372582517411,-0.1380329742263,9.372582517411,-0.1380329742263,-0.8695229875768,0.003689160602137,0.8694381380017,-0.01054296322002
384.5917820454,9.372545998056,-0.1406414613146,9.372545998056,-0.1406414613146,-0.8695219913081,0.00380475595746,0.8694346249233,-0.01073789370911
389.0451449943,9.372508449872,-0.1432685849127,9.372508449872,-0.1432685849127,-0.8695209597576,0.003920855204492,0.8694310179538,-0.01093424566736
393.5500754558,9.372469852941,-0.1459146930098,9.372469852941,-0.1459146930098,-0.8695198923785,0.004037473714176,0.8694273151821,-0.01113204505384
398.1071705535,9.37243018679,-0.1485801361051,9.37243018679,-0.1485801361051,-0.8695187886053,0.004154626925755,0.8694235146462,-0.01133131801723
402.7170343255,9.372389430378,-0.1512652672529,9.372389430378,-0.1512652672529,-0.8695176478528,0.004272330348795,0.8694196143325,-0.01153209089917
407.3802778041,9.372347562086,-0.1539704421106,9.372347562086,-0.1539704421106,-0.8695164695167,0.004390599565221,0.8694156121744,-0.01173439023772
412.0975190973,9.372304559705,-0.1566960189845,9.372304559705,-0.1566960189845,-0.8695152529724,0.004509450231357,0.8694115060517,-0.01193824277071
416.8693834704,9.372260400423,-0.1594423588771,9.372260400423,-0.1594423588771,-0.8695139975753,0.004628898079979,0.8694072937887,-0.01214367543928
421.6965034286,9.372215060816,-0.1622098255351,9.372215060816,-0.1622098255351,-0.8695127026599,0.004748958922374,0.8694029731539,-0.01235071539129
426.5795188016,9.372168516831,-0.1649987854969,9.372168516831,-0.1649987854969,-0.8695113675402,0.004869648650411,0.8693985418582,-0.01255938998484
431.5190768278,9.37212074378,-0.1678096081408,9.37212074378,-0.1678096081408,-0.8695099915086,0.004990983238619,0.869393997554,-0.01276972679183
436.5158322402,9.372071716319,-0.1706426657337,9.372071716319,-0.1706426657337,-0.8695085738359,0.005112978746283,0.8693893378337,-0.01298175360144
441.5704473533,9.37202140844,-0.1734983334805,9.37202140844,-0.1734983334805,-0.8695071137708,0.005235651319539,0.8693845602288,-0.01319549842378
446.683592151,9.371969793456,-0.1763769895724,9.371969793456,-0.1763769895724,-0.8695056105396,0.005359017193486,0.8693796622085,-0.01341098949344
451.8559443749,9.371916843983,-0.179279015238,9.371916843983,-0.179279015238,-0.8695040633458,0.005483092694312,0.8693746411778,-0.01362825527312
457.0881896149,9.371862531934,-0.1822047947924,9.371862531934,-0.1822047947924,-0.8695024713695,0.005607894241421,0.8693694944771,-0.01384732445732
462.3810213993,9.371806828495,-0.1851547156878,9.371806828495,-0.1851547156878,-0.869500833767,0.005733438349585,0.86936421938,-0.01406822597598
467.7351412872,9.371749704114,-0.1881291685652,9.371749704114,-0.1881291685652,-0.8694991496706,0.005859741631093,0.8693588130921,-0.01429098899822
473.1512589615,9.371691128486,-0.191128547305,9.371691128486,-0.191128547305,-0.869497418188,0.005986820797925,0.8693532727498,-0.01451564293603
478.6300923227,9.371631070535,-0.1941532490791,9.371631070535,-0.1941532490791,-0.8694956384017,0.006114692663927,0.8693475954184,-0.01474221744808
484.1723675841,9.371569498399,-0.1972036744025,9.371569498399,-0.1972036744025,-0.8694938093685,0.006243374147007,0.8693417780906,-0.01497074244348
489.7788193685,9.371506379411,-0.2002802271869,9.371506379411,-0.2002802271869,-0.8694919301194,0.00637288227134,0.8693358176852,-0.01520124808559
495.4501908048,9.371441680083,-0.2033833147931,9.371441680083,-0.2033833147931,-0.8694899996585,0.006503234169583,0.8693297110452,-0.01543376479591
501.1872336273,9.37137536609,-0.2065133480845,9.37137536609,-0.2065133480845,-0.8694880169631,0.00663444708511,0.8693234549364,-0.0156683232579
506.9907082747,9.371307402247,-0.2096707414807,9.371307402247,-0.2096707414807,-0.8694859809826,0.006766538374251,0.8693170460451,-0.01590495442093
512.8613839914,9.371237752495,-0.2128559130129,9.371237752495,-0.2128559130129,-0.8694838906383,0.006899525508557,0.8693104809771,-0.01614368950418
518.800038929,9.37116637988,-0.2160692843777,9.37116637988,-0.2160692843777,-0.8694817448225,0.007033426077064,0.8693037562556,-0.01638456000064
524.8074602498,9.371093246533,-0.219311280993,9.371093246533,-0.219311280993,-0.8694795423985,0.007168257788585,0.8692968683191,-0.01662759768105
530.884444231,9.371018313649,-0.2225823320535,9.371018313649,-0.2225823320535,-0.8694772821993,0.007304038474007,0.86928981352,-0.016872834598
537.0317963703,9.37094154147,-0.2258828705872,9.37094154147,-0.2258828705872,-0.8694749630274,0.007440786088606,0.8692825881222,-0.01712030308991
543.2503314925,9.37086288926,-0.2292133335115,9.37086288926,-0.2292133335115,-0.8694725836541,0.007578518714379,0.8692751882995,-0.01737003578517
549.5408738576,9.370782315284,-0.2325741616916,9.370782315284,-0.2325741616916,-0.869470142819,0.007717254562382,0.8692676101335,-0.01762206560623
555.9042572704,9.370699776788,-0.2359657999969,9.370699776788,-0.2359657999969,-0.8694676392287,0.0078570119751,0.8692598496113,-0.01787642577377
562.3413251904,9.370615229974,-0.2393886973603,9.370615229974,-0.2393886973603,-0.8694650715571,0.007997809428813,0.8692519026238,-0.01813314981087
568.8529308439,9.370528629977,-0.2428433068364,9.370528629977,-0.2428433068364,-0.8694624384438,0.008139665535993,0.8692437649629,-0.01839227154722
575.4399373372,9.370439930845,-0.2463300856609,9.370439930845,-0.2463300856609,-0.869459738494,0.00828259904771,0.8692354323202,-0.01865382512339
582.1032177709,9.370349085506,-0.2498494953103,9.370349085506,-0.2498494953103,-0.8694569702773,0.008426628856054,0.8692269002838,-0.01891784499507
588.8436553556,9.370256045752,-0.2534020015628,9.370256045752,-0.2534020015628,-0.8694541323273,0.008571773996577,0.8692181643364,-0.01918436593742
595.662143529,9.370160762208,-0.2569880745581,9.370160762208,-0.2569880745581,-0.8694512231407,0.008718053650751,0.8692092198532,-0.01945342304942
602.5595860744,9.370063184308,-0.2606081888601,9.370063184308,-0.2606081888601,-0.8694482411764,0.00886548714844,0.8692000620988,-0.01972505175821
609.5368972402,9.369963260267,-0.2642628235176,9.369963260267,-0.2642628235176,-0.8694451848549,0.009014093970392,0.8691906862253,-0.01999928782356
616.5950018615,9.369860937054,-0.267952462128,9.369860937054,-0.267952462128,-0.8694420525573,0.009163893750748,0.8691810872694,-0.02027616734226
623.7348354824,9.369756160363,-0.2716775928996,9.369756160363,-0.2716775928996,-0.8694388426243,0.009314906279572,0.8691712601498,-0.02055572675265
630.9573444802,9.369648874585,-0.2754387087158,9.369648874585,-0.2754387087158,-0.8694355533559,0.009467151505389,0.8691611996649,-0.02083800283912
638.2634861906,9.369539022777,-0.2792363071988,9.369539022777,-0.2792363071988,-0.8694321830099,0.009620649537753,0.8691509004896,-0.02112303273667
645.6542290347,9.369426546636,-0.2830708907754,9.369426546636,-0.2830708907754,-0.869428729801,0.009775420649831,0.8691403571726,-0.02141085393547
653.1305526475,9.369311386461,-0.2869429667412,9.369311386461,-0.2869429667412,-0.8694251919005,0.009931485280996,0.8691295641336,-0.02170150428553
660.6934480076,9.369193481127,-0.2908530473278,9.369193481127,-0.2908530473278,-0.8694215674345,0.01008886403945,0.8691185156606,-0.02199502200133
668.3439175686,9.36907276805,-0.2948016497689,9.36907276805,-0.2948016497689,-0.8694178544835,0.01024757770487,0.8691072059065,-0.02229144566652
676.082975392,9.368949183153,-0.298789296368,9.368949183153,-0.298789296368,-0.8694140510811,0.01040764723106,0.8690956288861,-0.02259081423865
683.9116472815,9.368822660834,-0.3028165145653,9.368822660834,-0.3028165145653,-0.8694101552132,0.01056909374861,0.8690837784732,-0.02289316705396
691.830970919,9.36869313393,-0.3068838370081,9.36869313393,-0.3068838370081,-0.8694061648165,0.01073193856764,0.8690716483971,-0.02319854383213
699.8419960023,9.368560533682,-0.310991801618,9.368560533682,-0.310991801618,-0.869402077778,0.01089620318046,0.8690592322394,-0.02350698468118
707.9457843842,9.368424789695,-0.3151409516621,9.368424789695,-0.3151409516621,-0.8693978919334,0.01106190926437,0.8690465234307,-0.02381853010232
716.1434102129,9.368285829904,-0.3193318358233,9.368285829904,-0.3193318358233,-0.8693936050663,0.01122907868436,0.869033515247,-0.02413322099485
724.435960075,9.368143580537,-0.3235650082709,9.368143580537,-0.3235650082709,-0.8693892149066,0.01139773349594,0.8690202008064,-0.02445109866113
732.8245331389,9.367997966071,-0.327841028733,9.367997966071,-0.327841028733,-0.8693847191299,0.01156789594791,0.8690065730653,-0.02477220481157
741.3102413009,9.367848909193,-0.3321604625688,9.367848909193,-0.3321604625688,-0.8693801153557,0.0117395884852,0.8689926248144,-0.02509658156965
749.8942093325,9.367696330764,-0.3365238808421,9.367696330764,-0.3365238808421,-0.8693754011465,0.01191283375168,0.8689783486758,-0.02542427147696
758.5775750292,9.367540149768,-0.3409318603948,9.367540149768,-0.3409318603948,-0.8693705740064,0.01208765459309,0.8689637370981,-0.02575531749833
767.3614893619,9.367380283277,-0.3453849839218,9.367380283277,-0.3453849839218,-0.8693656313798,0.01226407405987,0.8689487823531,-0.02608976302695
776.2471166287,9.367216646401,-0.349883840046,9.367216646401,-0.349883840046,-0.8693605706501,0.01244211541008,0.8689334765316,-0.02642765188955
785.2356346101,9.367049152245,-0.3544290233952,9.367049152245,-0.3544290233952,-0.8693553891381,0.01262180211236,0.868917811539,-0.0267690283516
794.3282347243,9.366877711866,-0.3590211346776,9.366877711866,-0.3590211346776,-0.869350084101,0.01280315784886,0.8689017790915,-0.02711393712257
803.5261221857,9.366702234217,-0.3636607807603,9.366702234217,-0.3636607807603,-0.8693446527304,0.01298620651824,0.8688853707112,-0.0274624233612
812.8305161641,9.366522626108,-0.3683485747473,9.366522626108,-0.3683485747473,-0.8693390921515,0.01317097223864,0.8688685777222,-0.02781453268083
822.2426499471,9.366338792148,-0.3730851360582,9.366338792148,-0.3730851360582,-0.8693333994209,0.01335747935074,0.8688513912456,-0.02817031115478
831.7637711027,9.366150634703,-0.3778710905081,9.366150634703,-0.3778710905081,-0.8693275715254,0.01354575242077,0.8688338021954,-0.0285298053217
841.3951416452,9.365958053833,-0.3827070703883,9.365958053833,-0.3827070703883,-0.8693216053807,0.01373581624362,0.8688158012729,-0.02889306219103
851.1380382024,9.365760947248,-0.3875937145478,9.365760947248,-0.3875937145478,-0.8693154978292,0.01392769584591,0.8687973789627,-0.02926012924847
860.9937521846,9.365559210251,-0.3925316684744,9.365559210251,-0.3925316684744,-0.8693092456384,0.01412141648911,0.8687785255272,-0.0296310544615
870.9635899561,9.365352735676,-0.3975215843785,9.365352735676,-0.3975215843785,-0.8693028454999,0.01431700367271,0.8687592310016,-0.03000588628487
881.0488730081,9.365141413842,-0.4025641212766,9.365141413842,-0.4025641212766,-0.8692962940267,0.01451448313735,0.8687394851886,-0.03038467366624
891.2509381338,9.364925132482,-0.4076599450751,9.364925132482,-0.4076599450751,-0.869289587752,0.01471388086805,0.8687192776536,-0.03076746605175
901.571137606,9.364703776695,-0.4128097286567,9.364703776695,-0.4128097286567,-0.8692827231275,0.0149152230974,0.8686985977183,-0.03115431339169
912.0108393559,9.364477228873,-0.4180141519649,9.364477228873,-0.4180141519649,-0.869275696521,0.0151185363088,0.8686774344559,-0.03154526614618
922.5714271548,9.364245368648,-0.4232739020927,9.364245368648,-0.4232739020927,-0.8692685042148,0.01532384723976,0.8686557766852,-0.03194037529089
933.254300797,9.364008072822,-0.428589673369,9.364008072822,-0.428589673369,-0.8692611424037,0.01553118288516,0.8686336129645,-0.03233969232278
944.060876286,9.363765215302,-0.4339621674475,9.363765215302,-0.4339621674475,-0.8692536071933,0.01574057050059,0.8686109315858,-0.03274326926593
954.9925860215,9.363516667035,-0.4393920933964,9.363516667035,-0.4393920933964,-0.8692458945972,0.01595203760567,0.8685877205689,-0.03315115867729
966.0508789899,9.363262295935,-0.4448801677888,9.363262295935,-0.4448801677888,-0.8692380005359,0.01616561198743,0.8685639676546,-0.03356341365262
977.2372209559,9.363001966817,-0.450427114793,9.363001966817,-0.450427114793,-0.8692299208337,0.01638132170373,0.8685396602989,-0.03398008783229
988.553094657,9.362735541319,-0.4560336662653,9.362735541319,-0.4560336662653,-0.8692216512171,0.01659919508663,0.8685147856661,-0.03440123540727
1000.0,9.362462877834,-0.4617005618429,9.362462877834,-0.4617005618429,-0.8692131873126,0.01681926074587,0.8684893306221,-0.03482691112505
1011.57945426,9.36218383143,-0.4674285490361,9.36218383143,-0.4674285490361,-0.8692045246438,0.01704154757235,0.8684632817277,-0.03525717029562
1023.292992281,9.361898253773,-0.4732183833261,9.361898253773,-0.4732183833261,-0.8691956586297,0.0172660847416,0.8684366252315,-0.03569206879748
1035.142166679,9.36160599305,-0.4790708282573,9.36160599305,-0.4790708282573,-0.8691865845822,0.01749290171731,0.868409347063,-0.03613166308369
1047.128548051,9.361306893884,-0.4849866555359,9.361306893884,-0.4849866555359,-0.8691772977031,0.01772202825492,0.8683814328246,-0.03657601018793
1059.253725177,9.361000797253,-0.4909666451262,9.361000797253,-0.4909666451262,-0.8691677930822,0.01795349440513,0.868352867785,-0.0370251677306
1071.519305238,9.360687540407,-0.497011585349,9.360687540407,-0.497011585349,-0.8691580656947,0.01818733051756,0.8683236368708,-0.03747919392496
1083.926914021,9.360366956774,-0.503122272981,9.360366956774,-0.503122272981,-0.8691481103979,0.01842356724436,0.868293724659,-0.03793814758323
1096.478196143,9.360038875878,-0.5092995133553,9.360038875878,-0.5092995133553,-0.8691379219293,0.01866223554386,0.8682631153691,-0.03840208812282
1109.174815262,9.359703123243,-0.5155441204616,9.359703123243,-0.5155441204616,-0.8691274949036,0.01890336668424,0.8682317928544,-0.03887107557251
1122.018454302,9.3593595203,-0.5218569170493,9.3593595203,-0.5218569170493,-0.8691168238094,0.01914699224729,0.8681997405942,-0.03934517057862
1135.010815672,9.359007884295,-0.528238734729,9.359007884295,-0.528238734729,-0.869105903007,0.01939314413209,0.868166941685,-0.03982443441135
1148.153621497,9.358648028184,-0.534690414078,9.358648028184,-0.534690414078,-0.8690947267253,0.01964185455878,0.8681333788315,-0.04030892897095
1161.44861384,9.35827976054,-0.5412128047441,9.35827976054,-0.5412128047441,-0.8690832890582,0.0198931560724,0.8680990343378,-0.04079871679402
1174.89755494,9.357902885443,-0.5478067655521,9.357902885443,-0.5478067655521,-0.8690715839622,0.02014708154662,0.8680638900986,-0.04129386105986
1188.502227437,9.357517202382,-0.5544731646096,9.357517202382,-0.5544731646096,-0.8690596052532,0.02040366418764,0.8680279275891,-0.04179442559672
1202.264434617,9.35712250614,-0.5612128794163,9.35712250614,-0.5612128794163,-0.8690473466026,0.02066293753805,0.867991127856,-0.04230047488814
1216.186000646,9.35671858669,-0.5680267969713,9.35671858669,-0.5680267969713,-0.8690348015349,0.0209249354807,0.8679534715073,-0.04281207407932
1230.268770812,9.356305229078,-0.5749158138845,9.356305229078,-0.5749158138845,-0.8690219634234,0.02118969224263,0.8679149387026,-0.04332928898343
1244.514611771,9.355882213308,-0.5818808364852,9.355882213308,-0.5818808364852,-0.8690088254877,0.021457242399,0.8678755091428,-0.043852186088
1258.925411794,9.355449314227,-0.5889227809351,9.355449314227,-0.5889227809351,-0.8689953807893,0.02172762087708,0.8678351620591,-0.04438083256128
1273.503081017,9.355006301398,-0.596042573342,9.355006301398,-0.596042573342,-0.8689816222285,0.02200086296024,0.8677938762031,-0.04491529625857
1288.249551693,9.354552938981,-0.603241149871,9.354552938981,-0.603241149871,-0.8689675425406,0.02227700429195,0.8677516298352,-0.04545564572866
1303.166778452,9.354088985602,-0.6105194568618,9.354088985602,-0.6105194568618,-0.8689531342918,0.02255608087983,0.8677084007137,-0.04600195022017
1318.256738556,9.353614194227,-0.617878450943,9.353614194227,-0.617878450943,-0.8689383898758,0.02283812909974,0.8676641660832,-0.04655427968791
1333.521432163,9.353128312026,-0.6253190991493,9.353128312026,-0.6253190991493,-0.8689233015097,0.02312318569985,0.867618902663,-0.04711270479928
1348.962882592,9.352631080237,-0.6328423790387,9.352631080237,-0.6328423790387,-0.8689078612296,0.02341128780474,0.8675725866351,-0.04767729694059
1364.583136589,9.352122234027,-0.6404492788119,9.352122234027,-0.6404492788119,-0.8688920608869,0.02370247291959,0.8675251936318,-0.04824812822348
1380.384264603,9.351601502349,-0.648140797433,9.351601502349,-0.648140797433,-0.8688758921438,0.02399677893429,0.8674766987233,-0.0488252714912
1396.368361056,9.351068607795,-0.6559179447472,9.351068607795,-0.6559179447472,-0.868859346469,0.02429424412765,0.8674270764049,-0.04940880032494
1412.537544623,9.350523266448,-0.6637817416072,9.350523266448,-0.6637817416072,-0.8688424151336,0.02459490717163,0.8673763005841,-0.0499987890502
1428.893958511,9.349965187725,-0.6717332199909,9.349965187725,-0.6717332199909,-0.8688250892058,0.02489880713552,0.8673243445668,-0.050595312743
1445.439770746,9.349394074225,-0.6797734231304,9.349394074225,-0.6797734231304,-0.8688073595471,0.02520598349022,0.8672711810439,-0.05119844723619
1462.177174457,9.348809621564,-0.6879034056333,9.348809621564,-0.6879034056333,-0.8687892168071,0.02551647611251,0.8672167820774,-0.05180826912567
1479.108388168,9.348211518212,-0.6961242336092,9.348211518212,-0.6961242336092,-0.8687706514186,0.02583032528936,0.8671611190859,-0.05242485577661
1496.235656094,9.347599445323,-0.7044369847979,9.347599445323,-0.7044369847979,-0.8687516535928,0.0261475717222,0.8671041628302,-0.0530482853296
1513.561248436,9.346973076565,-0.7128427486966,9.346973076565,-0.7128427486966,-0.8687322133145,0.02646825653129,0.8670458833981,-0.05367863670678
1531.087461682,9.346332077941,-0.7213426266877,9.346332077941,-0.7213426266877,-0.8687123203361,0.02679242126004,0.8669862501895,-0.05431598961796
1548.816618913,9.345676107608,-0.7299377321713,9.345676107608,-0.7299377321713,-0.8686919641732,0.0271201078794,0.8669252319005,-0.05496042456661
1566.751070108,9.345004815694,-0.7386291906937,9.345004815694,-0.7386291906937,-0.8686711340987,0.02745135879224,0.8668627965077,-0.05561202285589
1584.893192461,9.344317844105,-0.7474181400805,9.344317844105,-0.7474181400805,-0.8686498191372,0.02778621683774,0.8667989112517,-0.05627086659458
1603.24539069,9.343614826332,-0.7563057305697,9.343614826332,-0.7563057305697,-0.8686280080595,0.02812472529583,0.8667335426205,-0.05693703870291
1621.810097359,9.342895387253,-0.7652931249443,9.342895387253,-0.7652931249443,-0.8686056893769,0.02846692789158,0.8666666563328,-0.05761062291843
1640.5897732,9.342159142926,-0.774381498669,9.342159142926,-0.774381498669,-0.8685828513349,0.02881286879968,0.8665982173202,-0.05829170380168
1659.586907438,9.341405700385,-0.783572040024,9.341405700385,-0.783572040024,-0.8685594819075,0.0291625926489,0.8665281897096,-0.05898036674191
1678.804018123,9.340634657422,-0.7928659502444,9.340634657422,-0.7928659502444,-0.8685355687908,0.02951614452653,0.866456536805,-0.0596766979626
1698.243652462,9.33984560237,-0.8022644436553,9.33984560237,-0.8022644436553,-0.8685110993967,0.02987356998286,0.8663832210693,-0.06038078452698
1717.908387158,9.339038113879,-0.8117687478112,9.339038113879,-0.8117687478112,-0.8684860608465,0.0302349150357,0.8663082041047,-0.06109271434344
1737.800828749,9.338211760684,-0.821380103637,9.338211760684,-0.821380103637,-0.8684604399642,0.03060022617486,0.8662314466339,-0.06181257617076
1757.923613959,9.337366101375,-0.8310997655672,9.337366101375,-0.8310997655672,-0.8684342232696,0.03096955036663,0.8661529084802,-0.06254045962339
1778.279410039,9.336500684149,-0.8409290016872,9.336500684149,-0.8409290016872,-0.8684073969717,0.03134293505834,0.8660725485471,-0.06327645517644
1798.870915129,9.33561504657,-0.8508690938763,9.33561504657,-0.8508690938763,-0.8683799469612,0.03172042818282,0.8659903247978,-0.06402065417068
1819.70085861,9.334708715312,-0.8609213379497,9.334708715312,-0.8609213379497,-0.8683518588036,0.03210207816294,0.8659061942341,-0.06477314881734
1840.772001469,9.333781205904,-0.8710870438037,9.333781205904,-0.8710870438037,-0.8683231177318,0.03248793391614,0.8658201128749,-0.06553403220284
1862.087136663,9.332832022459,-0.8813675355603,9.332832022459,-0.8813675355603,-0.8682937086381,0.03287804485892,0.8657320357341,-0.06630339829328
1883.64908949,9.331860657409,-0.8917641517119,9.331860657409,-0.8917641517119,-0.8682636160671,0.03327246091136,0.8656419167981,-0.06708134193888
1905.460717963,9.330866591225,-0.9022782452682,9.330866591225,-0.9022782452682,-0.8682328242072,0.03367123250166,0.865549709003,-0.06786795887819
1927.524913191,9.329849292129,-0.9129111839033,9.329849292129,-0.9129111839033,-0.8682013168831,0.0340744105706,0.8654553642111,-0.06866334574218
1949.844599758,9.328808215807,-0.9236643501032,9.328808215807,-0.9236643501032,-0.8681690775469,0.03448204657608,0.8653588331868,-0.06946760005808
1972.422736115,9.327742805107,-0.934539141316,9.327742805107,-0.934539141316,-0.8681360892703,0.03489419249757,0.8652600655724,-0.07028082025314
1995.262314969,9.326652489734,-0.9455369700972,9.326652489734,-0.9455369700972,-0.8681023347354,0.03531090084062,0.8651590098629,-0.07110310565809
2018.366363682,9.325536685936,-0.9566592642648,9.325536685936,-0.9566592642648,-0.8680677962263,0.03573222464129,0.8650556133805,-0.07193455651045
2041.73794467,9.324394796184,-0.9679074670444,9.324394796184,-0.9679074670444,-0.8680324556199,0.03615821747064,0.864949822249,-0.07277527395759
2065.380155811,9.323226208841,-0.9792830372241,9.323226208841,-0.9792830372241,-0.8679962943768,0.03658893343911,0.8648415813665,-0.07362536005961
2089.296130854,9.322030297828,-0.9907874493043,9.322030297828,-0.9907874493043,-0.8679592935316,0.03702442720096,0.8647308343788,-0.07448491779191
2113.489039837,9.320806422275,-1.002422193649,9.320806422275,-1.002422193649,-0.8679214336837,0.03746475395864,0.8646175236516,-0.07535405104756
2137.962089502,9.319553926169,-1.014188776641,9.319553926169,-1.014188776641,-0.8678826949873,0.03790996946715,0.8645015902419,-0.07623286463938
2162.718523727,9.318272137993,-1.026088720831,9.318272137993,-1.026088720831,-0.8678430571411,0.03836013003838,0.8643829738697,-0.07712146430176
2187.76162395,9.316960370352,-1.038123565092,9.316960370352,-1.038123565092,-0.8678024993784,0.0388152925454,0.8642616128878,-0.07801995669217
2213.094709606,9.315617919594,-1.050294864776,9.315617919594,-1.050294864776,-0.8677610004564,0.03927551442669,0.8641374442525,-0.07892844939238
2238.721138568,9.314244065421,-1.062604191863,9.314244065421,-1.062604191863,-0.8677185386457,0.03974085369044,0.8640104034922,-0.07984705090935
2264.644307593,9.312838070486,-1.075053135115,9.312838070486,-1.075053135115,-0.867675091719,0.04021136891865,0.8638804246765,-0.08077587067581
2290.867652768,9.311399179988,-1.087643300235,9.311399179988,-1.087643300235,-0.8676306369404,0.04068711927133,0.8637474403841,-0.08171501905045
2317.394649969,9.309926621252,-1.100376310015,9.309926621252,-1.100376310015,-0.8675851510534,0.04116816449055,0.8636113816702,-0.08266460731779
2344.22881532,9.308419603297,-1.113253804494,9.308419603297,-1.113253804494,-0.8675386102698,0.04165456490451,0.8634721780331,-0.08362474768765
2371.373705662,9.306877316397,-1.126277441109,9.306877316397,-1.126277441109,-0.8674909902573,0.0421463814315,0.8633297573804,-0.08459555329421
2398.83291902,9.30529893163,-1.139448894852,9.30529893163,-1.139448894852,-0.8674422661276,0.04264367558383,0.8631840459944,-0.08557713819467
2426.610095083,9.303683600417,-1.152769858418,9.303683600417,-1.152769858418,-0.8673924124239,0.04314650947168,0.8630349684963,-0.08656961736751
2454.708915685,9.302030454044,-1.166242042366,9.302030454044,-1.166242042366,-0.8673414031083,0.04365494580692,0.8628824478109,-0.08757310671022
2483.133105296,9.300338603182,-1.179867175263,9.300338603182,-1.179867175263,-0.8672892115484,0.04416904790678,0.8627264051292,-0.08858772303663
2511.88643151,9.298607137384,-1.193647003843,9.298607137384,-1.193647003843,-0.8672358105047,0.04468887969755,0.8625667598712,-0.08961358407374
2540.972705549,9.29683512458,-1.207583293155,9.29683512458,-1.207583293155,-0.8671811721164,0.04521450571807,0.8624034296475,-0.09065080845798
2570.395782769,9.29502161055,-1.221677826713,9.29502161055,-1.221677826713,-0.8671252678881,0.04574599112328,0.8622363302205,-0.09169951573105
2600.159563165,9.29316561839,-1.23593240665,9.29316561839,-1.23593240665,-0.8670680686754,0.04628340168752,0.8620653754645,-0.09275982633506
2630.267991896,9.291266147964,-1.250348853863,9.291266147964,-1.250348853863,-0.8670095446706,0.04682680380786,0.8618904773255,-0.09383186160726
2660.725059799,9.289322175341,-1.264929008161,9.289322175341,-1.264929008161,-0.8669496653878,0.04737626450727,0.8617115457793,-0.09491574377402
2691.534803927,9.287332652215,-1.279674728416,9.287332652215,-1.279674728416,-0.8668883996481,0.04793185143769,0.8615284887898,-0.09601159594425
2722.701308078,9.285296505317,-1.294587892701,9.285296505317,-1.294587892701,-0.8668257155643,0.04849363288295,0.8613412122662,-0.09711954210222
2754.228703338,9.283212635807,-1.309670398441,9.283212635807,-1.309670398441,-0.8667615805249,0.04906167776167,0.8611496200189,-0.09823970709961
2786.12116863,9.281079918655,-1.324924162552,9.281079918655,-1.324924162552,-0.8666959611785,0.04963605562989,0.8609536137152,-0.09937221664692
2818.382931265,9.278897201999,-1.34035112158,9.278897201999,-1.34035112158,-0.8666288234172,0.05021683668368,0.860753092834,-0.1005171973041
2851.018267504,9.276663306499,-1.355953231841,9.276663306499,-1.355953231841,-0.86656013236,0.05080409176156,0.8605479546191,-0.1016747764706
2884.031503127,9.274377024659,-1.371732469557,9.274377024659,-1.371732469557,-0.8664898523361,0.0513978923468,0.8603380940326,-0.1028450823742
2917.427014001,9.27203712015,-1.38769083099,9.27203712015,-1.38769083099,-0.866417946867,0.05199831056949,0.8601234037068,-0.1040282440595
2951.209226667,9.269642327096,-1.403830332573,9.269642327096,-1.403830332573,-0.8663443786494,0.05260541920855,0.859903773895,-0.1052243913755
2985.382618918,9.267191349361,-1.420153011039,9.267191349361,-1.420153011039,-0.8662691095364,0.05321929169348,0.8596790924223,-0.106433654962
3019.951720402,9.264682859805,-1.436660923544,9.264682859805,-1.436660923544,-0.86619210052,0.05384000210601,0.8594492446346,-0.1076561662351
3054.921113216,9.262115499525,-1.453356147794,9.262115499525,-1.453356147794,-0.8661133117113,0.05446762518146,0.8592141133471,-0.1088920573722
3090.295432514,9.259487877078,-1.470240782162,9.259487877078,-1.470240782162,-0.8660327023223,0.05510223631001,0.8589735787919,-0.1101414612956
3126.079367124,9.256798567684,-1.4873169458,9.256798567684,-1.4873169458,-0.8659502306453,0.05574391153767,0.8587275185646,-0.1114045116551
3162.277660169,9.254046112406,-1.504586778757,9.254046112406,-1.504586778757,-0.8658658540338,0.05639272756711,0.8584758075699,-0.11268134281
3198.895109692,9.251229017314,-1.522052442078,9.251229017314,-1.522052442078,-0.8657795288818,0.05704876175822,0.8582183179666,-0.1139720898089
3235.936569296,9.248345752618,-1.539716117914,9.248345752618,-1.539716117914,-0.8656912106027,0.05771209212843,0.8579549191108,-0.11527688837
3273.406948789,9.245394751796,-1.557580009619,9.245394751796,-1.557580009619,-0.8656008536089,0.0583827973528,0.8576854774995,-0.1165958748587
3311.311214826,9.242374410679,-1.575646341835,9.242374410679,-1.575646341835,-0.8655084112892,0.05906095676385,0.8574098567118,-0.1179291862648
3349.654391578,9.239283086527,-1.593917360589,9.239283086527,-1.593917360589,-0.8654138359878,0.05974665035113,0.8571279173502,-0.1192769601782
3388.441561392,9.23611909708,-1.612395333368,9.23611909708,-1.612395333368,-0.8653170789811,0.06043995876046,0.8568395169804,-0.1206393347635
3427.677865465,9.232880719574,-1.631082549198,9.232880719574,-1.631082549198,-0.865218090455,0.06114096329297,0.8565445100702,-0.1220164487328
3467.368504525,9.229566189747,-1.64998131871,9.229566189747,-1.64998131871,-0.8651168194819,0.06184974590372,0.8562427479274,-0.1234084413173
3507.518739526,9.226173700804,-1.669093974203,9.226173700804,-1.669093974203,-0.8650132139963,0.0625663892001,0.8559340786371,-0.124815452238
3548.133892336,9.222701402371,-1.688422869695,9.222701402371,-1.688422869695,-0.8649072207714,0.06329097643983,0.8556183469973,-0.1262376216738
3589.21934645,9.219147399406,-1.707970380974,9.219147399406,-1.707970380974,-0.8647987853934,0.06402359152867,0.8552953944541,-0.127675090229
3630.780547701,9.215509751094,-1.727738905636,9.215509751094,-1.727738905636,-0.8646878522371,0.06476431901771,0.8549650590358,-0.1291279988987
3672.823004981,9.211786469709,-1.747730863105,9.211786469709,-1.747730863105,-0.8645743644402,0.06551324410037,0.8546271752857,-0.1305964890326
3715.352290972,9.207975519442,-1.767948694664,9.207975519442,-1.767948694664,-0.8644582638767,0.06627045260888,0.8542815741943,-0.1320807022975
3758.374042885,9.20407481521,-1.788394863459,9.20407481521,-1.788394863459,-0.8643394911306,0.06703603101051,0.8539280831303,-0.1335807806372
3801.893963206,9.20008222142,-1.809071854496,9.20008222142,-1.809071854496,-0.8642179854692,0.06781006640327,0.8535665257705,-0.135096866231
3845.917820454,9.195995550712,-1.829982174634,9.195995550712,-1.829982174634,-0.8640936848147,0.06859264651121,0.8531967220292,-0.1366291014507
3890.451449943,9.191812562662,-1.85112835256,9.191812562662,-1.85112835256,-0.8639665257166,0.06938385967925,0.8528184879861,-0.1381776288152
3935.500754558,9.187530962457,-1.872512938744,9.187530962457,-1.872512938744,-0.8638364433234,0.07018379486756,0.8524316358135,-0.1397425909426
3981.071705535,9.183148399531,-1.894138505405,9.183148399531,-1.894138505405,-0.8637033713526,0.07099254164544,0.8520359737024,-0.1413241305012
4027.170343255,9.178662466166,-1.916007646433,9.178662466166,-1.916007646433,-0.863567242062,0.07181019018468,0.8516313057879,-0.1429223901578
4073.802778041,9.174070696056,-1.938122977318,9.174070696056,-1.938122977318,-0.8634279862191,0.07263683125239,0.8512174320733,-0.1445375125237
4120.975190974,9.169370562839,-1.960487135056,9.169370562839,-1.960487135056,-0.8632855330703,0.07347255620333,0.8507941483538,-0.1461696400984
4168.693834704,9.164559478578,-1.983102778034,9.164559478578,-1.983102778034,-0.86313981031,0.07431745697157,0.8503612461385,-0.1478189152112
4216.965034286,9.159634792219,-2.005972585913,9.159634792219,-2.005972585913,-0.8629907440489,0.07517162606169,0.8499185125725,-0.14948547996
4265.795188016,9.154593787993,-2.029099259464,9.154593787993,-2.029099259464,-0.8628382587813,0.07603515653922,0.8494657303572,-0.1511694761481
4315.190768278,9.149433683781,-2.052485520423,9.149433683781,-2.052485520423,-0.8626822773526,0.07690814202061,0.8490026776704,-0.1528710452175
4365.158322402,9.144151629443,-2.076134111293,9.144151629443,-2.076134111293,-0.862522720926,0.07779067666238,0.8485291280852,-0.1545903281803
4415.704473533,9.138744705093,-2.100047795138,9.138744705093,-2.100047795138,-0.8623595089483,0.0786828551497,0.8480448504884,-0.156327465547
4466.83592151,9.133209919332,-2.124229355358,9.133209919332,-2.124229355358,-0.8621925591158,0.07958477268424,0.8475496089977,-0.158082597252
4518.559443749,9.127544207437,-2.148681595435,9.127544207437,-2.148681595435,-0.8620217873387,0.08049652497124,0.8470431628786,-0.159855862576
4570.881896149,9.121744429498,-2.173407338648,9.121744429498,-2.173407338648,-0.8618471077063,0.08141820820589,0.8465252664604,-0.1616474000657
4623.810213993,9.115807368507,-2.198409427776,9.115807368507,-2.198409427776,-0.86166843245,0.08234991905887,0.8459956690514,-0.16345734745
4677.351412872,9.109729728401,-2.22369072476,9.109729728401,-2.22369072476,-0.8614856719073,0.08329175466114,0.8454541148537,-0.1652858415531
4731.512589615,9.103508132043,-2.249254110342,9.103508132043,-2.249254110342,-0.8612987344843,0.08424381258782,0.8449003428774,-0.1671330182044
4786.300923227,9.09713911916,-2.275102483673,9.09713911916,-2.275102483673,-0.8611075266178,0.08520619084124,0.8443340868537,-0.168999012145
4841.723675841,9.090619144222,-2.301238761885,9.090619144222,-2.301238761885,-0.8609119527368,0.08617898783312,0.8437550751484,-0.1708839569303
4897.788193685,9.083944574261,-2.327665879631,9.083944574261,-2.327665879631,-0.860711915224,0.08716230236574,0.8431630306744,-0.1727879848295
4954.501908048,9.077111686644,-2.354386788588,9.077111686644,-2.354386788588,-0.8605073143759,0.08815623361226,0.8425576708038,-0.1747112267213
5011.872336273,9.070116666767,-2.381404456925,9.070116666767,-2.381404456925,-0.8602980483629,0.08916088109593,0.8419387072797,-0.1766538119853
5069.907082747,9.06295560571,-2.408721868725,9.06295560571,-2.408721868725,-0.8600840131888,0.09017634466837,0.841305846128,-0.1786158683899
5128.613839914,9.055624497817,-2.43634202337,9.055624497817,-2.43634202337,-0.8598651026493,0.09120272448676,0.8406587875685,-0.1805975219764
5188.00038929,9.048119238214,-2.464267934877,9.048119238214,-2.464267934877,-0.8596412082909,0.09224012098989,0.8399972259265,-0.1825988969383
5248.074602498,9.04043562026,-2.492502631192,9.04043562026,-2.492502631192,-0.859412219368,0.09328863487316,0.8393208495438,-0.1846201154968
5308.84444231,9.032569332936,-2.521049153431,9.032569332936,-2.521049153431,-0.8591780228006,0.09434836706237,0.8386293406898,-0.1866612977721
5370.317963703,9.024515958162,-2.549910555074,9.024515958162,-2.549910555074,-0.8589385031308,0.09541941868632,0.8379223754732,-0.1887225616494
5432.503314925,9.016270968039,-2.579089901091,9.016270968039,-2.579089901091,-0.8586935424791,0.09650189104815,0.8371996237531,-0.1908040226413
5495.408738577,9.007829722024,-2.608590267038,9.007829722024,-2.608590267038,-0.8584430204999,0.09759588559542,0.8364607490512,-0.1929057937451
5559.042572704,8.999187464032,-2.638414738054,8.999187464032,-2.638414738054,-0.858186814337,0.09870150388887,0.8357054084639,-0.1950279852947
5623.413251904,8.990339319454,-2.668566407831,8.990339319454,-2.668566407831,-0.8579247985778,0.09981884756982,0.834933252575,-0.1971707048087
5688.529308439,8.9812802921,-2.699048377497,8.9812802921,-2.699048377497,-0.8576568452082,0.1009480183261,0.8341439253691,-0.1993340568324
5754.399373372,8.972005261072,-2.729863754429,8.972005261072,-2.729863754429,-0.8573828235656,0.1020891178568,0.8333370641459,-0.2015181427752
5821.032177709,8.962508977534,-2.761015651003,8.962508977534,-2.761015651003,-0.8571026002927,0.1032422478351,0.8325122994349,-0.2037230607422
5888.436553556,8.952786061422,-2.792507183253,8.952786061422,-2.792507183253,-0.8568160392903,0.1044075098697,0.8316692549116,-0.205948905361
5956.62143529,8.942830998049,-2.82434146946,8.942830998049,-2.82434146946,-0.8565230016696,0.1055850054653,0.8308075473146,-0.2081957676026
6025.595860744,8.932638134632,-2.85652162864,8.932638134632,-2.85652162864,-0.8562233457044,0.1067748359802,0.8299267863641,-0.2104637345961
6095.368972402,8.922201676728,-2.889050778964,8.922201676728,-2.889050778964,-0.8559169267827,0.1079771025837,0.8290265746816,-0.2127528894386
6165.950018615,8.911515684577,-2.921932036051,8.911515684577,-2.921932036051,-0.8556035973579,0.1091919062104,0.8281065077118,-0.2150633109987
6237.348354825,8.900574069348,-2.955168511198,8.900574069348,-2.955168511198,-0.8552832069003,0.1104193475135,0.8271661736454,-0.2173950737133
6309.573444802,8.889370589298,-2.988763309469,8.889370589298,-2.988763309469,-0.8549556018471,0.1116595268167,0.8262051533447,-0.2197482473794
6382.634861906,8.877898845823,-3.022719527697,8.877898845823,-3.022719527697,-0.8546206255532,0.1129125440628,0.825223020271,-0.2221228969386
6456.542290347,8.866152279418,-3.057040252361,8.866152279418,-3.057040252361,-0.8542781182416,0.1141784987618,0.8242193404143,-0.2245190822561
6531.305526475,8.854124165528,-3.091728557339,8.854124165528,-3.091728557339,-0.8539279169525,0.1154574899366,0.8231936722256,-0.2269368578918
6606.934480076,8.8418076103,-3.126787501535,8.8418076103,-3.126787501535,-0.8535698554942,0.1167496160659,0.8221455665521,-0.2293762728662
6683.439175686,8.829195546229,-3.162220126366,8.829195546229,-3.162220126366,-0.8532037643917,0.1180549750264,0.8210745665751,-0.2318373704186
6760.82975392,8.816280727696,-3.198029453113,8.816280727696,-3.198029453113,-0.8528294708367,0.1193736640317,0.8199802077518,-0.2343201877586
6839.116472815,8.803055726392,-3.23421848012,8.803055726392,-3.23421848012,-0.852446798637,0.1207057795696,0.8188620177596,-0.2368247558108
6918.30970919,8.789512926643,-3.270790179825,8.789512926643,-3.270790179825,-0.8520555681657,0.1220514173371,0.8177195164452,-0.2393510989519
6998.419960023,8.775644520607,-3.307747495647,8.775644520607,-3.307747495647,-0.8516555963107,0.1234106721725,0.8165522157766,-0.241899234741
7079.457843842,8.761442503371,-3.345093338674,8.761442503371,-3.345093338674,-0.8512466964243,0.1247836379863,0.8153596198005,-0.2444691736425
7161.434102129,8.746898667922,-3.382830584191,8.746898667922,-3.382830584191,-0.8508286782726,0.1261704076887,0.8141412246035,-0.247060918741
7244.35960075,8.732004600005,-3.420962067996,8.732004600005,-3.420962067996,-0.850401347985,0.127571073115,0.8128965182786,-0.2496744654498
7328.245331389,8.716751672864,-3.459490582526,8.716751672864,-3.459490582526,-0.8499645080048,0.1289857249481,0.8116249808964,-0.2523098012105
7413.10241301,8.701131041862,-3.498418872765,8.701131041862,-3.498418872765,-0.8495179570389,0.1304144526393,0.8103260844827,-0.2549669051858
7498.942093325,8.685133638974,-3.537749631937,8.685133638974,-3.537749631937,-0.8490614900086,0.1318573443255,0.8089992930009,-0.2576457479439
7585.775750292,8.668750167175,-3.57748549695,8.668750167175,-3.57748549695,-0.8485948980003,0.133314486744,0.8076440623413,-0.2603462911357
7673.614893619,8.651971094688,-3.61762904361,8.651971094688,-3.61762904361,-0.8481179682175,0.1347859651448,0.8062598403173,-0.2630684871633
7762.471166287,8.634786649122,-3.658182781563,8.634786649122,-3.658182781563,-0.8476304839322,0.1362718631996,0.8048460666672,-0.2658122788412
7852.356346101,8.617186811484,-3.699149148969,8.617186811484,-3.699149148969,-0.847132224438,0.1377722629086,0.803402173065,-0.2685775990489
7943.282347243,8.599161310065,-3.740530506898,8.599161310065,-3.740530506898,-0.8466229650031,0.1392872445033,0.801927583138,-0.2713643703761
8035.261221857,8.580699614214,-3.782329133414,8.580699614214,-3.782329133414,-0.8461024768245,0.1408168863475,0.8004217124925,-0.2741725047591
8128.305161641,8.561790927984,-3.824547217359,8.561790927984,-3.824547217359,-0.845570526983,0.1423612648343,0.7988839687487,-0.2770019031096
8222.426499471,8.542424183659,-3.867186851785,8.542424183659,-3.867186851785,-0.8450268783994,0.1439204542803,0.7973137515843,-0.2798524549352
8317.637711027,8.522588035166,-3.910250027067,8.522588035166,-3.910250027067,-0.844471289791,0.1454945268168,0.7957104527876,-0.2827240379518
8413.951416452,8.502270851376,-3.953738623624,8.502270851376,-3.953738623624,-0.8439035156299,0.1470835522777,0.7940734563207,-0.285616517688
8511.380382024,8.48146070928,-3.997654404281,8.48146070928,-3.997654404281,-0.843323306103,0.1486875980838,0.7924021383931,-0.2885297470814
8609.937521846,8.46014538707,-4.041999006214,8.46014538707,-4.041999006214,-0.8427304070718,0.1503067291239,0.7906958675467,-0.2914635660671
8709.635899561,8.438312357105,-4.086773932487,8.438312357105,-4.086773932487,-0.8421245600355,0.1519410076328,0.7889540047515,-0.2944178011578
8810.488730081,8.41594877878,-4.131980543139,8.41594877878,-4.131980543139,-0.8415055020946,0.1535904930657,0.7871759035142,-0.2973922650168
8912.509381338,8.393041491303,-4.177620045805,8.393041491303,-4.177620045805,-0.8408729659163,0.1552552419686,0.7853609099987,-0.3003867560227
9015.71137606,8.369577006371,-4.223693485873,8.369577006371,-4.223693485873,-0.8402266797022,0.1569353078459,0.7835083631606,-0.3034010578268
9120.10839356,8.34554150078,-4.270201736117,8.34554150078,-4.270201736117,-0.8395663671578,0.1586307410243,0.7816175948945,-0.3064349389032
9225.714271548,8.320920808955,-4.317145485779,8.320920808955,-4.317145485779,-0.8388917474637,0.1603415885122,0.7796879301961,-0.309488152091
9332.54300797,8.295700415404,-4.364525229148,8.295700415404,-4.364525229148,-0.8382025352498,0.1620678938568,0.7777186873393,-0.3125604341306
9440.60876286,8.269865447139,-4.412341253487,8.269865447139,-4.412341253487,-0.8374984405713,0.1638096969962,0.7757091780689,-0.3156515051919
9549.925860215,8.243400666034,-4.460593626409,8.243400666034,-4.460593626409,-0.8367791688877,0.1655670341088,0.773658707809,-0.3187610683968
9660.508789899,8.216290461165,-4.509282182568,8.216290461165,-4.509282182568,-0.8360444210443,0.1673399374579,0.7715665758888,-0.321888809335
9772.372209559,8.188518841133,-4.55840650971,8.188518841133,-4.55840650971,-0.8352938932563,0.1691284352337,0.7694320757853,-0.3250343955739
9885.53094657,8.160069426378,-4.607965934006,8.160069426378,-4.607965934006,-0.8345272770967,0.1709325513903,0.7672544953849,-0.3281974761629
10000.0,8.130925441528,-4.657959504654,8.130925441528,-4.657959504654,-0.833744259487,0.1727523054795,0.765033117263,-0.3313776811325
10115.7945426,8.101069707771,-4.708385977722,8.101069707771,-4.708385977722,-0.8329445226911,0.1745877124808,0.7627672189835,-0.3345746209879
10232.92992281,8.070484635288,-4.759243799193,8.070484635288,-4.759243799193,-0.8321277443131,0.1764387826272,0.7604560734183,-0.3377878861993
10351.42166679,8.039152215777,-4.810531087162,8.039152215777,-4.810531087162,-0.8312935972993,0.1783055212271,0.7580989490884,-0.3410170466871
10471.28548051,8.007054015084,-4.862245613159,8.007054015084,-4.862245613159,-0.8304417499431,0.1801879284829,0.755695110525,-0.3442616513042
10592.53725177,7.974171165957,-4.91438478259,7.974171165957,-4.91438478259,-0.8295718658953,0.1820859993049,0.7532438186548,-0.3475212273154
10715.19305238,7.940484360997,-4.966945614187,7.940484360997,-4.966945614187,-0.828683604178,0.1839997231221,0.7507443312066,-0.3507952798748
10839.26914021,7.905973845783,-5.019924718504,7.905973845783,-5.019924718504,-0.8277766192037,0.1859290836889,0.7481959031432,-0.3540832915004
10964.78196143,7.870619412258,-5.073318275361,7.870619412258,-5.073318275361,-0.8268505607986,0.1878740588875,0.7455977871159,-0.3573847215493
11091.74815262,7.83440039239,-5.127122010221,7.83440039239,-5.127122010221,-0.8259050742318,0.1898346205275,0.7429492339463,-0.3606990056916
11220.18454302,7.797295652155,-5.181331169455,7.797295652155,-5.181331169455,-0.8249398002491,0.1918107341411,0.7402494931318,-0.3640255553852
11350.10815672,7.759283585903,-5.23594049444,7.759283585903,-5.23594049444,-0.8239543751128,0.1938023587747,0.7374978133792,-0.3673637573518
11481.53621497,7.720342111146,-5.290944194455,7.720342111146,-5.290944194455,-0.8229484306471,0.1958094467774,0.7346934431649,-0.3707129730559
11614.4861384,7.680448663822,-5.346335918334,7.680448663822,-5.346335918334,-0.8219215942898,0.197831943585,0.7318356313234,-0.3740725381856
11748.9755494,7.639580194126,-5.402108724799,7.639580194126,-5.402108724799,-0.8208734891495,0.1998697875018,0.7289236276635,-0.3774417621391
11885.02227437,7.597713162927,-5.458255051478,7.597713162927,-5.458255051478,-0.819803734071,0.2019229094777,0.7259566836152,-0.3808199275158
12022.64434617,7.554823538892,-5.514766682513,7.554823538892,-5.514766682513,-0.8187119437056,0.2039912328834,0.7229340529054,-0.3842062896134
12161.86000646,7.51088679636,-5.571634714732,7.51088679636,-5.571634714732,-0.8175977285898,0.2060746732816,0.7198549922644,-0.3876000759329
12302.68770812,7.465877914066,-5.62884952235,7.465877914066,-5.62884952235,-0.8164606952312,0.208173138195,0.7167187621638,-0.3910004856928
12445.14611771,7.419771374801,-5.68640072013,7.419771374801,-5.68640072013,-0.8153004462013,0.2102865268726,0.713524627586,-0.3944066893524
12589.25411794,7.372541166107,-5.744277124966,7.372541166107,-5.744277124966,-0.8141165802371,0.2124147300521,0.7102718588256,-0.3978178281471
12735.03081017,7.324160782121,-5.802466715849,7.324160782121,-5.802466715849,-0.8129086923507,0.21455762972,0.706959732324,-0.4012330136363
12882.49551693,7.274603226653,-5.860956592178,7.274603226653,-5.860956592178,-0.8116763739467,0.2167150988702,0.703587531537,-0.4046513272657
13031.66778452,7.223841017654,-5.919732930357,7.223841017654,-5.919732930357,-0.8104192129497,0.2188870012594,0.7001545478361,-0.4080718199449
13182.56738556,7.171846193183,-5.978780938654,7.171846193183,-5.978780938654,-0.8091367939394,0.2210731911609,0.6966600814435,-0.4114935116433
13335.21432163,7.118590319011,-6.038084810282,7.118590319011,-6.038084810282,-0.8078286982958,0.2232735131172,0.6931034424019,-0.4149153910041
13489.62882592,7.064044498014,-6.097627674681,7.064044498014,-6.097627674681,-0.8064945043546,0.2254878016902,0.6894839515788,-0.4183364149797
13645.83136589,7.008179381533,-6.157391546941,7.008179381533,-6.157391546941,-0.805133787571,0.2277158812112,0.685800941705,-0.4217555084896
13803.84264603,6.950965182815,-6.217357275405,6.950965182815,-6.217357275405,-0.8037461206953,0.2299575655289,0.6820537584492,-0.4251715641023
13963.68361056,6.892371692797,-6.277504487336,6.892371692797,-6.277504487336,-0.8023310739578,0.2322126577582,0.6782417615263,-0.4285834417444
14125.37544623,6.832368298331,-6.337811532786,6.832368298331,-6.337811532786,-0.8008882152655,0.2344809500272,0.6743643258418,-0.431989968437
14288.93958511,6.770924003142,-6.398255426488,6.770924003142,-6.398255426488,-0.7994171104086,0.2367622232252,0.6704208426707,-0.4353899380637
14454.39770746,6.708007451662,-6.458811787936,6.708007451662,-6.458811787936,-0.7979173232798,0.2390562467512,0.6664107208706,-0.4387821111697
14621.77174457,6.643586956014,-6.519454779577,6.643586956014,-6.519454779577,-0.7963884161037,0.2413627782622,0.6623333881305,-0.4421652147971
14791.08388168,6.577630526364,-6.580157043179,6.577630526364,-6.580157043179,-0.7948299496792,0.2436815634238,0.6581882922527,-0.4455379423553
14962.35656095,6.510105904914,-6.640889634391,6.510105904914,-6.640889634391,-0.7932414836338,0.246012335662,0.6539749024686,-0.4488989535324
15135.61248436,6.440980603773,-6.701621955608,6.440980603773,-6.701621955608,-0.7916225766892,0.2483548159165,0.6496927107879,-0.4522468742465
15310.87461682,6.370221947022,-6.762321687141,6.370221947022,-6.762321687141,-0.7899727869411,0.2507087123976,0.6453412333796,-0.4555802966419
15488.16618913,6.29779711724,-6.822954716845,6.29779711724,-6.822954716845,-0.7882916721506,0.2530737203452,0.6409200119854,-0.4588977791304
15667.51070108,6.223673206814,-6.883485068281,6.223673206814,-6.883485068281,-0.7865787900492,0.2554495217918,0.6364286153624,-0.4621978464824
15848.93192461,6.14781727436,-6.943874827555,6.14781727436,-6.943874827555,-0.7848336986565,0.2578357853291,0.6318666407567,-0.4654789899684
16032.4539069,6.070196406556,-7.004084069007,6.070196406556,-7.004084069007,-0.7830559566119,0.2602321658798,0.6272337154043,-0.468739667554
16218.10097359,5.990777785779,-7.064070779917,5.990777785779,-7.064070779917,-0.7812451235194,0.262638304474,0.6225294980594,-0.4719783041514
16405.897732,5.909528763868,-7.123790784456,5.909528763868,-7.123790784456,-0.7794007603064,0.2650538280317,0.6177536805481,-0.4751932919296
16595.86907438,5.826416942419,-7.183197667114,5.826416942419,-7.183197667114,-0.7775224295957,0.2674783491516,0.6129059893454,-0.478382990685
16788.04018123,5.741410259907,-7.242242695951,5.741410259907,-7.242242695951,-0.7756096960924,0.2699114659071,0.6079861871742,-0.4815457282765
16982.43652462,5.654477086159,-7.300874745881,5.654477086159,-7.300874745881,-0.773662126984,0.2723527616492,0.6029940746249,-0.4846798011265
17179.08387158,5.565586324446,-7.359040222457,5.565586324446,-7.359040222457,-0.7716792923547,0.2748018048193,0.5979294917911,-0.4877834747902
17378.00828749,5.474707521604,-7.416682986557,5.474707521604,-7.416682986557,-0.7696607656142,0.2772581487692,0.5927923199223,-0.4908549845968
17579.23613959,5.381810986697,-7.473744280329,5.381810986697,-7.473744280329,-0.7676061239401,0.2797213315928,0.5875824830881,-0.4938925363637
17782.79410039,5.286867918418,-7.530162655079,5.286867918418,-7.530162655079,-0.7655149487343,0.2821908759666,0.5822999498529,-0.4968943071865
17988.70915129,5.189850541826,-7.58587390148,5.189850541826,-7.58587390148,-0.7633868260941,0.284666289003,0.5769447349575,-0.4998584463082
18197.0085861,5.090732254616,-7.640810982893,5.090732254616,-7.640810982893,-0.7612213472964,0.2871470621143,0.5715169010051,-0.5027830760678
18407.72001469,4.98948778342,-7.694903972369,4.98948778342,-7.694903972369,-0.7590181092958,0.2896326708913,0.566016560147,-0.5056662929319
18620.87136663,4.886093350394,-7.748079994161,4.886093350394,-7.748079994161,-0.7567767152369,0.2921225749934,0.5604438757664,-0.5085061686118
18836.4908949,4.780526850438,-7.800263170539,4.780526850438,-7.800263170539,-0.7544967749789,0.2946162180555,0.5547990641551,-0.5113007512657
19054.60717963,4.672768039343,-7.851374574807,4.672768039343,-7.851374574807,-0.7521779056347,0.2971130276084,0.5490823961798,-0.514048066791
19275.24913191,4.562798733075,-7.901332191503,4.562798733075,-7.901332191503,-0.7498197321213,0.2996124150167,0.5432941989338,-0.5167461202055
19498.44599758,4.450603018413,-7.950050884824,4.450603018413,-7.950050884824,-0.7474218877239,0.3021137754327,0.53743485737,-0.5193928971207
19724.22736115,4.336167475061,-7.997442376399,4.336167475061,-7.997442376399,-0.7449840146718,0.3046164877693,0.5315048159101,-0.5219863653084
19952.62314969,4.219481409274,-8.04341523364,4.219481409274,-8.04341523364,-0.7425057647255,0.3071199146907,0.5255045800264,-0.5245244763609
20183.66363682,4.100537099019,-8.087874869929,4.100537099019,-8.087874869929,-0.7399867997753,0.3096234026235,0.5194347177902,-0.5270051674464
20417.3794467,3.979330050552,-8.130723558012,3.979330050552,-8.130723558012,-0.7374267924512,0.3121262817879,0.5132958613822,-0.5294263631605
20653.80155811,3.855859266106,-8.171860458095,3.855859266106,-8.171860458095,-0.7348254267416,0.3146278662501,0.5070887085607,-0.531785977474
20892.96130854,3.730127522513,-8.211181662061,3.730127522513,-8.211181662061,-0.7321823986224,0.3171274539976,0.5008140240799,-0.5340819157765
21134.89039837,3.602141660149,-8.248580255479,3.602141660149,-8.248580255479,-0.7294974166948,0.3196243270373,0.4944726410554,-0.5363120770176
21379.62089502,3.471912881594,-8.283946399039,3.471912881594,-8.283946399039,-0.7267702028304,0.3221177515171,0.4880654622695,-0.5384743559436
21627.18523727,3.33945705934,-8.317167431052,3.33945705934,-8.317167431052,-0.7240004928242,0.3246069778727,0.4815934614114,-0.5405666454297
21877.6162395,3.204795051407,-8.348127992853,3.204795051407,-8.348127992853,-0.7211880370537,0.3270912410001,0.4750576842456,-0.5425868389074
22130.94709606,3.067953023803,-8.376710178822,3.067953023803,-8.376710178822,-0.7183326011429,0.3295697604543,0.4684592497037,-0.5445328328846
22387.21138568,2.928962778478,-8.402793712792,2.928962778478,-8.402793712792,-0.7154339666321,0.3320417406745,0.4617993508922,-0.5464025295576
22646.44307593,2.787862085011,-8.426256152713,2.787862085011,-8.426256152713,-0.712491931649,0.3345063712381,0.4550792560114,-0.5481938395135
22908.67652768,2.644695014384,-8.446973125218,2.644695014384,-8.446973125218,-0.7095063115841,0.3369628271429,0.4483003091783,-0.5499046845188
23173.94649969,2.499512272535,-8.464818591881,2.499512272535,-8.464818591881,-0.706476939766,0.339410269118,0.4414639311479,-0.5515330003932
23442.2881532,2.352371531443,-8.479665148743,2.352371531443,-8.479665148743,-0.7034036681367,0.3418478439652,0.4345716199261,-0.5530767399653
23713.73705662,2.203337754983,-8.491384360642,2.203337754983,-8.491384360642,-0.7002863679265,0.3442746849301,0.4276249512694,-0.5545338761054
23988.3291902,2.052483516681,-8.499847131693,2.052483516681,-8.499847131693,-0.6971249303247,0.346689912105,0.420625579063,-0.5559024048326
24266.10095083,1.89988930607,-8.504924113097,1.89988930607,-8.504924113097,-0.6939192671474,0.349092632862,0.4135752355739,-0.5571803484911
24547.08915685,1.745643820097,-8.506486149265,1.745643820097,-8.506486149265,-0.6906693114997,0.3514819423191,0.406475731571,-0.5583657589919
24831.33105296,1.589844235815,-8.504404762878,1.589844235815,-8.504404762878,-0.6873750184301,0.3538569238372,0.3993289563079,-0.5594567211124
25118.8643151,1.432596460226,-8.498552679288,1.432596460226,-8.498552679288,-0.6840363655771,0.3562166495505,0.3921368773616,-0.5604513558513
25409.72705549,1.274015352878,-8.488804390244,1.274015352878,-8.488804390244,-0.680653353806,0.3585601809292,0.3849015403224,-0.5613478238298
25703.95782769,1.114224916694,-8.475036756498,1.114224916694,-8.475036756498,-0.6772260078328,0.3608865693743,0.3776250683303,-0.5621443287337
26001.59563165,0.9533584521549,-8.457129648411,0.9533584521549,-8.457129648411,-0.6737543768358,0.3631948568464,0.3703096614516,-0.5628391207903
26302.67991896,0.7915586699452,-8.434966623137,0.7915586699452,-8.434966623137,-0.6702385350522,0.3654840765262,0.3629575958924,-0.5634305002701
26607.25059799,0.6289777569277,-8.408435636394,0.6289777569277,-8.408435636394,-0.6666785823566,0.367753253508,0.3555712230442,-0.5639168210085
26915.34803927,0.4657773902839,-8.377429786228,0.4657773902839,-8.377429786228,-0.6630746448226,0.3700014055258,0.3481529683578,-0.5642964939367
27227.01308078,0.3021286948022,-8.341848085504,0.3021286948022,-8.341848085504,-0.6594268752631,0.3722275437117,0.3407053300421,-0.5645679906144
27542.28703338,0.1382121381468,-8.301596259178,0.1382121381468,-8.301596259178,-0.6557354537488,0.374430673385,0.3332308775841,-0.5647298467552
27861.2116863,-0.0257826406924,-8.256587561683,-0.0257826406924,-8.256587561683,-0.6520005881027,0.3766097948739,0.3257322500891,-0.5647806657346
28183.82931265,-0.1896570744278,-8.206743609033,-0.1896570744278,-8.206743609033,-0.6482225143689,0.3787639043668,0.3182121544369,-0.5647191220719
28510.18267504,-0.3532039860697,-8.151995219476,-0.3532039860697,-8.151995219476,-0.644401497254,0.3808919947941,0.3106733632549,-0.5645439648751
28840.31503127,-0.51620798706,-8.092283255854,-0.51620798706,-8.092283255854,-0.6405378305389,0.3829930567388,0.3031187127044,-0.5642540212388
29174.27014001,-0.6784459578988,-8.027559462053,-0.6784459578988,-8.027559462053,-0.6366318374601,0.385066079375,0.2955511000822,-0.563848199585
29512.09226667,-0.8396876138287,-7.957787285308,-0.8396876138287,-7.957787285308,-0.6326838710572,0.3871100514344,0.2879734812362,-0.5633254929353
29853.82618918,-0.999696157161,-7.882942675494,-0.999696157161,-7.882942675494,-0.6286943144864,0.3891239621974,0.2803888677971,-0.5626849821041
30199.51720402,-1.158229016905,-7.803014851992,-1.158229016905,-7.803014851992,-0.6246635812977,0.3911068025106,0.272800324226,-0.5619258388015
30549.21113216,-1.31503867539,-7.718007028332,-1.31503867539,-7.718007028332,-0.6205921156738,0.3930575658258,0.2652109646826,-0.5610473286355
30902.95432514,-1.469873580279,-7.627937084436,-1.469873580279,-7.627937084436,-0.6164803926296,0.3949752492624,0.2576239497145,-0.5600488140009
31260.79367124,-1.622479139262,-7.532838176164,-1.622479139262,-7.532838176164,-0.6123289181704,0.3968588546886,0.2500424827734,-0.5589297568456
31622.77660169,-1.772598793435,-7.432759271818,-1.772598793435,-7.432759271818,-0.6081382294073,0.3987073898227,0.2424698065611,-0.5576897213014
31988.95109692,-1.919975163804,-7.327765605409,-1.919975163804,-7.327765605409,-0.6039088946289,0.4005198693496,0.234909199212,-0.5563283761697
32359.36569296,-2.064351264269,-7.217939036853,-2.064351264269,-7.217939036853,-0.5996415133275,0.4022953160528,0.2273639703159,-0.5548454972512
32734.06948789,-2.205471772836,-7.103378309775,-2.205471772836,-7.103378309775,-0.5953367161779,0.4040327619593,0.2198374567904,-0.5532409695072
33113.11214826,-2.34308435156,-6.984199198366,-2.34308435156,-6.984199198366,-0.5909951649695,0.4057312494947,0.2123330186084,-0.5515147890458
33496.54391578,-2.476941004476,-6.860534535647,-2.476941004476,-6.860534535647,-0.5866175524883,0.4073898326472,0.2048540343899,-0.5496670649184
33884.41561392,-2.606799461407,-6.732534116699,-2.606799461407,-6.732534116699,-0.5822046023503,0.4090075781372,0.1974038968658,-0.5476980207216
34276.77865465,-2.732424574806,-6.600364471684,-2.732424574806,-6.600364471684,-0.5777570687828,0.410583566591,0.1899860082257,-0.5456079959916
34673.68504526,-2.853589715543,-6.464208505059,-2.853589715543,-6.464208505059,-0.5732757363557,0.412116893716,0.182603775357,-0.5433974473844
35075.18739526,-2.970078153049,-6.324264999045,-2.970078153049,-6.324264999045,-0.5687614196598,0.413606671474,0.1752606049889,-0.5410669496338
35481.33892336,-3.081684404833,-6.180747981142,-3.081684404833,-6.180747981142,-0.5642149629332,0.4150520292516,0.1679598987512,-0.5386171962784
35892.1934645,-3.188215539908,-6.03388595749,-3.188215539908,-6.03388595749,-0.5596372396348,0.4164521150235,0.1607050481605,-0.5360490001519
36307.80547701,-3.289492420846,-5.883921015756,-3.289492420846,-5.883921015756,-0.5550291519651,0.4178060965071,0.153499429548,-0.5333632936308
36728.23004981,-3.385350869654,-5.731107803136,-3.385350869654,-5.731107803136,-0.5503916303339,0.4191131623047,0.146346398939,-0.530561128632
37153.52290972,-3.475642742872,-5.575712387165,-3.475642742872,-5.575712387165,-0.5457256327755,0.4203725230323,0.1392492869017,-0.5276436763595
37583.74042885,-3.560236902565,-5.418011008713,-3.560236902565,-5.418011008713,-0.5410321443115,0.4215834124297,0.1322113933762,-0.5246122267924
38018.93963206,-3.639020070718,-5.258288738447,-3.639020070718,-5.258288738447,-0.5363121762615,0.4227450884517,0.1252359825003,-0.5214681879141
38459.17820454,-3.711897556227,-5.096838049499,-3.711897556227,-5.096838049499,-0.5315667655025,0.4238568343359,0.1183262774455,-0.5182130846801
38904.51449943,-3.778793845005,-4.933957320596,-3.778793845005,-4.933957320596,-0.5267969736783,0.424917959645,0.1114854552795,-0.5148485577226
39355.00754558,-3.83965304582,-4.769949284961,-3.83965304582,-4.769949284961,-0.5220038863584,0.4259278012809,0.1047166418693,-0.5113763617929
39810.71705535,-3.89443918623,-4.605119441273,-3.89443918623,-4.605119441273,-0.5171886121497,0.426885724468,0.09802290684108,-0.5077983639419
40271.70343255,-3.943136355337,-4.439774443432,-3.943136355337,-4.439774443432,-0.5123522817597,0.4277911237028,0.09140725861109,-0.5041165414414
40738.02778041,-3.985748691835,-4.274220486451,-3.985748691835,-4.274220486451,-0.5074960470156,0.4286434236673,0.0848726395043,-0.5003329794477
41209.75190974,-4.022300218497,-4.108761705437,-4.022300218497,-4.108761705437,-0.5026210798376,0.4294420801038,0.07842192097467,-0.4964498684133
41686.93834704,-4.052834525978,-3.943698604603,-4.052834525978,-3.943698604603,-0.4977285711715,0.4301865806487,0.07205789894276,-0.4924695012506
42169.65034286,-4.077414311165,-3.779326532428,-4.077414311165,-3.779326532428,-0.4928197298799,0.4308764456226,0.06578328926505,-0.488394270253
42657.95188016,-4.096120776995,-3.615934218399,-4.096120776995,-3.615934218399,-0.4878957815952,0.4315112287755,0.05960072334955,-0.4842266637821
43151.90768278,-4.109052902738,-3.453802385361,-4.109052902738,-3.453802385361,-0.4829579675366,0.4320905179831,0.05351274393153,-0.4799692627273
43651.58322402,-4.116326595048,-3.293202450367,-4.116326595048,-3.293202450367,-0.4780075432936,0.4326139358944,0.04752180102296,-0.4756247367474
44157.04473533,-4.118073731575,-3.134395325275,-4.118073731575,-3.134395325275,-0.4730457775773,0.4330811405272,0.04163024804845,-0.4711958403035
44668.3592151,-4.114441110106,-2.977630326528,-4.114441110106,-2.977630326528,-0.4680739509436,0.4334918258099,0.03584033818019,-0.4666854084948
45185.5944375,-4.105589316864,-2.823144201936,-4.105589316864,-2.823144201936,-0.46309335449,0.4338457220694,0.03015422088342,-0.4620963527068
45708.81896149,-4.091691528249,-2.67116028035,-4.091691528249,-2.67116028035,-0.4581052885289,0.4341425964609,0.02457393868328,-0.4574316560864
46238.10213993,-4.07293226074,-2.521887748051,-4.07293226074,-2.521887748051,-0.4531110612407,0.4343822533422,0.0191014241633,-0.4526943688554
46773.51412872,-4.049506083436,-2.375521054151,-4.049506083436,-2.375521054151,-0.4481119873092,0.434564534587,0.0137384972046,-0.4478876034756
47315.12589615,-4.021616307718,-2.232239445257,-4.021616307718,-2.232239445257,-0.4431093865422,0.4346893198402,0.008486862474285,-0.4430145296812
47863.00923227,-3.98947366807,-2.09220662792,-3.98947366807,-2.09220662792,-0.438104582481,0.4347565267119,0.003348107170378,-0.4380783693919
48417.23675841,-3.953295007225,-1.955570556138,-3.953295007225,-1.955570556138,-0.4330989010013,0.4347661109104,-0.001676300970265,-0.4330823915223
48977.88193685,-3.913301978351,-1.822463339233,-3.913301978351,-1.822463339233,-0.4280936689089,0.4347180663139,-0.006585015395602,-0.4280299067031
49545.01908048,-3.86971977562,-1.693001264704,-3.86971977562,-1.693001264704,-0.423090212533,0.4346124249803,-0.01137681218927,-0.4229242619299
50118.72336273,-3.82277590372,-1.567284929137,-3.82277590372,-1.567284929137,-0.4180898563214,0.434449257096,-0.01605059124526,-0.417768835156
50699.07082747,-3.77269899553,-1.445399469637,-3.77269899553,-1.445399469637,-0.4130939214389,0.4342286708618,-0.02060537716425,-0.4125670298451
51286.13839914,-3.719717685971,-1.327414887404,-3.719717685971,-1.327414887404,-0.4081037243736,0.4339508123192,-0.02504031987023,-0.4073222694998
51880.0038929,-3.664059548854,-1.213386454555,-3.664059548854,-1.213386454555,-0.403120575554,0.4336158651144,-0.02935469494745,-0.402037992184
52480.74602498,-3.605950102164,-1.103355195074,-3.605950102164,-1.103355195074,-0.3981457779791,0.433224050204,-0.03354790369853,-0.3967176450529
53088.4444231,-3.545611886113,-0.9973484303932,-3.545611886113,-0.9973484303932,-0.3931806258653,0.4327756254999,-0.03761947292583,-0.3913646789086
53703.17963703,-3.483263616989,-0.8953803803053,-3.483263616989,-0.8953803803053,-0.3882264033132,0.4322708854576,-0.04156905443902,-0.385982542797
54325.03314925,-3.419119418784,-0.7974528098672,-3.419119418784,-0.7974528098672,-0.3832843829961,0.4317101606067,-0.04539642429295,-0.3805746786606
54954.08738577,-3.35338813344,-0.7035557133721,-3.35338813344,-0.7035557133721,-0.3783558248748,0.4310938170264,-0.0491014817609,-0.3751445160628
55590.42572704,-3.286272709706,-0.6136680265802,-3.286272709706,-0.6136680265801,-0.3734419749392,0.4304222557673,-0.05268424804911,-0.3696954669995
56234.13251904,-3.217969669605,-0.5277583591131,-3.217969669605,-0.5277583591131,-0.3685440639814,0.42969591222,-0.05614486475962,-0.3642309208106
56885.29308439,-3.148668650807,-0.4457857392877,-3.148668650807,-0.4457857392877,-0.3636633064016,0.4289152554349,-0.05948359210904,-0.3587542392064
57543.99373372,-3.078552022542,-0.367700364238,-3.078552022542,-0.367700364238,-0.3588008990489,0.428080787392,-0.06270080691191,-0.3532687514204
58210.32177709,-3.007794572097,-0.2934443487726,-3.007794572097,-0.2934443487726,-0.3539580201006,0.4271930422254,-0.06579700033807,-0.3477777495038
58884.36553556,-2.936563258467,-0.2229524672084,-2.936563258467,-0.2229524672084,-0.3491358279804,0.4262525854034,-0.06877277545388,-0.3422844837692
59566.2143529,-2.865017029409,-0.1561528827857,-2.865017029409,-0.1561528827857,-0.3443354603191,0.4252600128664,-0.07162884455827,-0.3367921583984
60255.95860744,-2.793306697816,-0.09296786019522,-2.793306697816,-0.09296786019522,-0.3395580329585,0.4242159501257,-0.07436602632461,-0.3313039272216
60953.68972402,-2.72157487317,-0.0333144571663,-2.72157487317,-0.0333144571663,-0.3348046389999,0.4231210513257,-0.07698524276045,-0.3258228896791
61659.50018615,-2.649955943689,0.02289480820761,-2.649955943689,0.02289480820761,-0.3300763479003,0.4219759982709,-0.07948751599721,-0.3203520869718
62373.48354825,-2.578576104768,0.07575131717691,-2.578576104768,0.07575131717691,-0.3253742046162,0.4207814994212,-0.08187396492261,-0.3148944984108
63095.73444802,-2.507553429272,0.1253497393274,-2.507553429272,0.1253497393274,-0.320699228796,0.4195382888593,-0.08414580166862,-0.3094530379699
63826.34861906,-2.436997975364,0.1717874525724,-2.436997975364,0.1717874525724,-0.3160524140235,0.4182471252297,-0.08630432796835,-0.3040305510486
64565.42290347,-2.36701192761,0.2151639953469,-2.36701192761,0.2151639953469,-0.3114347271119,0.4169087906556,-0.08835093139506,-0.2986298114494
65313.05526475,-2.297689767272,0.2555805519104,-2.297689767272,0.2555805519104,-0.3068471074501,0.4155240896343,-0.09028708149701,-0.2932535185739
66069.34480076,-2.229118467875,0.2931394710536,-2.229118467875,0.2931394710536,-0.3022904664003,0.414093847914,-0.09211432584154,-0.2879042948402
66834.39175687,-2.161377712325,0.327943818433,-2.161377712325,0.327943818433,-0.2977656867491,0.4126189113559,-0.09383428598199,-0.2825846833236
67608.2975392,-2.094540128074,0.3600969622243,-2.094540128074,0.3600969622243,-0.2932736222112,0.4111001447835,-0.09544865336095,-0.2772971456225
68391.16472815,-2.028671537063,0.3897021916533,-2.028671537063,0.3897021916533,-0.2888150969858,0.4095384308209,-0.09695918516319,-0.2720440599486
69183.0970919,-1.96383121741,0.4168623676221,-1.96383121741,0.4168623676221,-0.2843909053659,0.4079346687256,-0.09836770013126,-0.2668277194427
69984.19960023,-1.900072174021,0.441679604676,-1.900072174021,0.441679604676,-0.2800018114002,0.406289773215,-0.09967607435693,-0.2616503307127
70794.57843842,-1.837441415597,0.4642549830902,-1.837441415597,0.4642549830902,-0.2756485486069,0.4046046732921,-0.1008862370608,-0.2565140125933
71614.34102129,-1.775980235687,0.4846882900193,-1.775980235687,0.4846882900193,-0.2713318197394,0.4028803110705,-0.1020001663723,-0.2514207951237
72443.5960075,-1.715724495699,0.503077788353,-1.715724495699,0.503077788353,-0.2670522966027,0.4011176406038,-0.1030198851226,-0.2463726187405
73282.4533139,-1.656704907998,0.5195200119841,-1.656704907998,0.5195200119841,-0.2628106199198,0.3993176267193,-0.1039474566606,-0.2413713336806
74131.0241301,-1.59894731741,0.5341095860513,-1.59894731741,0.5341095860513,-0.2586073992478,0.3974812438594,-0.1047849807043,-0.2364186995907
74989.42093325,-1.542472979699,0.5469390707302,-1.542472979699,0.5469390707302,-0.2544432129419,0.395609474934,-0.1055345892373,-0.2315163853363
75857.75750292,-1.487298835699,0.5580988271505,-1.487298835699,0.5580988271505,-0.2503186081663,0.3937033101834,-0.1061984424602,-0.2266659690058
76736.14893619,-1.433437780046,0.5676769039645,-1.433437780046,0.5676769039645,-0.2462341009512,0.3917637460571,-0.106778724807,-0.2218689381027
77624.71166287,-1.380898923531,0.5757589431968,-1.380898923531,0.5757589431968,-0.2421901762948,0.389791784107,-0.1072776410347,-0.2171266899187
78523.56346101,-1.329687848336,0.5824281038752,-1.329687848336,0.5824281038752,-0.238187288307,0.3877884298998,-0.1076974123947,-0.2124405320811
79432.82347243,-1.27980685545,0.5877650022423,-1.27980685545,0.5877650022423,-0.2342258603967,0.3857546919482,-0.1080402728935,-0.2078116832667
80352.61221857,-1.231255203811,0.5918476670298,-1.231255203811,0.5918476670298,-0.2303062854974,0.3836915806645,-0.1083084656495,-0.2032412740746
81283.05161642,-1.184029340704,0.5947515086937,-1.184029340704,0.5947515086937,-0.2264289263327,0.3816001073354,-0.1085042393529,-0.1987303480486
82224.26499471,-1.138123123155,0.5965493013141,-1.138123123155,0.5965493013141,-0.2225941157179,0.3794812831231,-0.1086298448342,-0.1942798628434
83176.37711027,-1.093528030115,0.5973111759535,-1.093528030115,0.5973111759535,-0.218802156897,0.3773361180899,-0.1086875317456,-0.1898906915228
84139.51416453,-1.050233365255,0.5971046245028,-1.050233365255,0.5971046245028,-0.2150533239133,0.3751656202513,-0.1086795453624,-0.1855636239847
85113.80382024,-1.008226450385,0.5959945128262,-1.008226450385,0.5959945128262,-0.2113478620113,0.3729707946557,-0.1086081235052,-0.181299368502
86099.37521847,-0.9674928094546,0.5940431023191,-0.9674928094546,0.5940431023191,-0.2076859880689,0.3707526424936,-0.1084754935882,-0.1770985533708
87096.35899561,-0.9280163432306,0.5913100789059,-0.9280163432306,0.5913100789059,-0.2040678910576,0.3685121602361,-0.1082838697971,-0.1729617286594
88104.88730081,-0.8897794947477,0.587852588628,-0.8897794947477,0.587852588628,-0.2004937325289,0.3662503388039,-0.1080354503962,-0.1688893680462
89125.09381338,-0.8527634056779,0.5837252790464,-0.8527634056779,0.5837252790464,-0.1969636471251,0.3639681627675,-0.1077324151695,-0.1648818707414
90157.1137606,-0.8169480638476,0.5789803456318,-0.8169480638476,0.5789803456318,-0.1934777431132,0.3616666095788,-0.1073769229943,-0.1609395634807
91201.0839356,-0.7823124420591,0.5736675825502,-0.7823124420591,0.5736675825502,-0.1900361029389,0.3593466488346,-0.1069711095506,-0.1570627025855
92257.14271548,-0.7488346285168,0.567834437108,-0.7488346285168,0.567834437108,-0.1866387838011,0.3570092415726,-0.1065170851636,-0.1532514760805
93325.43007971,-0.7164919490743,0.5615260673354,-0.7164919490743,0.5615260673354,-0.1832858182417,0.3546553396002,-0.1060169327822,-0.1495060058593
94406.0876286,-0.6852610816046,0.5547854021259,-0.6852610816046,0.5547854021259,-0.1799772147533,0.3522858848555,-0.1054727060901,-0.1458263498931
95499.25860215,-0.6551181627644,0.5476532034567,-0.6551181627644,0.5476532034567,-0.176712958399,0.3499018088015,-0.1048864277498,-0.1422125044729
96605.08789899,-0.6260388874569,0.5401681302244,-0.6260388874569,0.5401681302244,-0.1734930114452,0.3475040318531,-0.1042600877784,-0.1386644064783
97723.72209559,-0.5979986012837,0.5323668032979,-0.5979986012837,0.5323668032979,-0.1703173140053,0.3450934628365,-0.1035956420521,-0.1351819356668
98855.3094657,-0.5709723862971,0.5242838714014,-0.5709723862971,0.5242838714014,-0.1671857846919,0.3426709984809,-0.102895010938,-0.1317649169761
100000.0,-0.5449351403486,0.5159520775003,-0.5449351403486,0.5159520775003,-0.1640983212762,0.3402375229434,-0.1021600780515,-0.1284131228333
101157.945426,-0.5198616503466,0.5074023253757,-0.5198616503466,0.5074023253757,-0.1610548013547,0.3377939073642,-0.1013926891347,-0.1251262754648
102329.2992281,-0.4957266596893,0.4986637461459,-0.4957266596893,0.4986637461459,-0.1580550830187,0.3353410094549,-0.1005946510545,-0.1219040492019
103514.2166679,-0.4725049302221,0.4897637644387,-0.4725049302221,0.4897637644387,-0.1550990055282,0.3328796731169,-0.09976773091678,-0.1187460727746
104712.8548051,-0.4501712989375,0.4807281640672,-0.4501712989375,0.4807281640672,-0.152186389987,0.3304107280904,-0.09891365529284,-0.1156519315917
105925.3725177,-0.4287007297722,0.4715811529496,-0.4287007297722,0.4715811529496,-0.1493170400187,0.327934989634,-0.09803410955479,-0.1126211699988
107151.9305238,-0.4080683607074,0.4623454271686,-0.4080683607074,0.4623454271686,-0.1464907424412,0.3254532582326,-0.09713073731648,-0.1096532935125
108392.6914021,-0.3882495464932,0.4530422339758,-0.3882495464932,0.4530422339758,-0.1437072679405,0.3229663193357,-0.09620513997563,-0.1067477710257
109647.8196143,-0.3692198972119,0.4436914336526,-0.3692198972119,0.4436914336526,-0.1409663717401,0.3204749431217,-0.09525887635368,-0.1039040369787
110917.4815262,-0.3509553129676,0.4343115600876,-0.3509553129676,0.4343115600876,-0.1382677942674,0.3179798842915,-0.0942934624289,-0.1011214934957
112201.8454302,-0.3334320148981,0.4249198800131,-0.3334320148981,0.4249198800131,-0.1356112618144,0.3154818818872,-0.09331037115911,-0.0983995124801
113501.0815672,-0.3166265727874,0.4155324507892,-0.3166265727874,0.4155324507892,-0.1329964871926,0.3129816591377,-0.0923110323895,-0.09573743766816
114815.3621497,-0.300515929443,0.4061641767113,-0.300515929443,0.4061641767113,-0.1304231703811,0.3104799233285,-0.09129683284169,-0.09313458663683
116144.861384,-0.2850774221224,0.3968288637439,-0.2850774221224,0.3968288637439,-0.1278909991668,0.3079773656962,-0.09026911617971,-0.09059025276433
117489.755494,-0.2702888011281,0.3875392726949,-0.2702888011281,0.3875392726949,-0.1253996497758,0.3054746613463,-0.08922918314871,-0.08810370714081
118850.2227437,-0.2561282458224,0.3783071707627,-0.2561282458224,0.3783071707627,-0.1229487874963,0.3029724691932,-0.08817829178251,-0.0856742004276
120226.4434617,-0.242574378233,0.3691433814473,-0.242574378233,0.3691433814473,-0.1205380672911,0.3004714319225,-0.08711765767553,-0.08330096466337
121618.6000646,-0.2296062744022,0.3600578328259,-0.2296062744022,0.3600578328259,-0.1181671343995,0.2979721759732,-0.08604845431544,-0.08098321501583
123026.8770812,-0.2172034736755,0.3510596041708,-0.2172034736755,0.3510596041708,-0.1158356249289,0.2954753115408,-0.08497181347219,-0.07872015147805
124451.4611771,-0.205345986054,0.342156970932,-0.205345986054,0.342156970932,-0.1135431664339,0.2929814325987,-0.08388882563985,-0.07651096050833
125892.5411794,-0.1940142977938,0.3333574480736,-0.1940142977938,0.3333574480736,-0.1112893784842,0.2904911169382,-0.08280054052708,-0.07435481661323
127350.3081017,-0.1831893753695,0.3246678317911,-0.1831893753695,0.3246678317911,-0.1090738732199,0.2880049262259,-0.08170796759276,-0.072250883873
128824.9551693,-0.1728526679329,0.3160942396272,-0.1728526679329,0.3160942396272,-0.1068962558937,0.285523406077,-0.08061207662302,-0.07019831740952
130316.6778452,-0.162986108409,0.3076421490014,-0.162986108409,0.3076421490014,-0.1047561254007,0.2830470861451,-0.07951379834609,-0.06819626479629
131825.6738556,-0.153572113333,0.299316434186,-0.153572113333,0.299316434186,-0.1026530747944,0.2805764802259,-0.07841402508162,-0.06624386741093
133352.1432163,-0.1445935815436,0.2911214017536,-0.1445935815436,0.2911214017536,-0.1005866917895,0.2781120863758,-0.07731361142103,-0.06434026173013
134896.2882592,-0.1360338918409,0.2830608245284,-0.1360338918409,0.2830608245284,-0.09855655925064,0.2756543870426,-0.07621337493582,-0.06248458056759
136458.3136589,-0.1278768996952,0.2751379740768,-0.1278768996952,0.2751379740768,-0.09656225566766,0.2732038492093,-0.07511409691065,-0.06067595425548
138038.4264603,-0.1201069331068,0.2673556517706,-0.1201069331068,0.2673556517706,-0.09460335561674,0.2707609245493,-0.07401652309824,-0.05891351177003
139636.8361056,-0.1127087877126,0.2597162184561,-0.1127087877126,0.2597162184561,-0.09267943020743,0.2683260495924,-0.07292136449329,-0.05719638180192
141253.7544623,-0.1056677211899,0.2522216227766,-0.1056677211899,0.2522216227766,-0.09079004751578,0.2658996459002,-0.07182929812269,-0.05552369377251
142889.3958511,-0.09896944705801,0.2448734281782,-0.09896944705801,0.2448734281782,-0.08893477300321,0.2634821202523,-0.07074096784934,-0.05389457879671
144543.9770746,-0.09260012794784,0.23767283864,-0.09260012794784,0.23767283864,-0.08711316992146,0.2610738648395,-0.06965698518729,-0.05230817059358
146217.7174457,-0.08654636838056,0.2306207231732,-0.08654636838056,0.2306207231732,-0.08532479970344,0.2586752574655,-0.06857793012571,-0.05076360634572
147910.8388168,-0.08079520714676,0.2237176391228,-0.08079520714676,0.2237176391228,-0.08356922234014,0.2562866617565,-0.06750435195953,-0.04926002750872
149623.5656095,-0.07533410931606,0.2169638543176,-0.07533410931606,0.2169638543176,-0.08184599674374,0.2539084273765,-0.06643677012468,-0.04779658057179
151356.1248436,-0.07015095793746,0.2103593681061,-0.07015095793746,0.2103593681061,-0.08015468109694,0.2515408902488,-0.0653756750359,-0.04637241777087
153108.7461682,-0.06523404549697,0.2039039313154,-0.06523404549697,0.2039039313154,-0.07849483318866,0.2491843727831,-0.06432152892535,-0.04498669775558
154881.6618913,-0.06057206513943,0.1975970651795,-0.06057206513943,0.1975970651795,-0.07686601073642,0.246839184107,-0.06327476668019,-0.04363858621133
156675.1070108,-0.05615410173433,0.191438079269,-0.05615410173433,0.191438079269,-0.07526777169533,0.2445056203023,-0.06223579667761,-0.04232725643793
158489.3192461,-0.05196962279876,0.1854260884647,-0.05196962279876,0.1854260884647,-0.07369967455408,0.2421839646443,-0.06120500161568,-0.0410518898862
160324.539069,-0.04800846931,0.1795600290126,-0.04800846931,0.1795600290126,-0.07216127861802,0.2398744878448,-0.06018273933876,-0.03981167665388
162181.0097359,-0.04426084647062,0.1738386736952,-0.04426084647062,0.1738386736952,-0.07065214427965,0.2375774482975,-0.05916934365603,-0.03860581594231
164058.97732,-0.04071731441366,0.1682606461587,-0.04071731441366,0.1682606461587,-0.06917183327659,0.2352930923253,-0.05816512515207,-0.03743351647535
165958.6907438,-0.03736877890117,0.1628244344288,-0.03736877890117,0.1628244344288,-0.06771990893747,0.2330216544305,-0.05717037198828,-0.03629399688192
167880.4018123,-0.0342064820379,0.157528403652,-0.0342064820379,0.157528403652,-0.06629593641584,0.2307633575447,-0.05618535069421,-0.03518648604357
169824.3652462,-0.03122199300619,0.1523708080948,-0.03122199300619,0.1523708080948,-0.06489948291241,0.228518413281,-0.05521030694786,-0.03411022340854
171790.8387158,-0.02840719886541,0.147349802434,-0.02840719886541,0.147349802434,-0.06353011788586,0.2262870221857,-0.05424546634414,-0.03306445927372
173780.082875,-0.02575429541728,0.1424634523715,-0.02575429541728,0.1424634523715,-0.06218741325257,0.2240693739913,-0.05329103515069,-0.03204845503582
175792.3613959,-0.02325577815104,0.1377097446018,-0.02325577815104,0.1377097446018,-0.06087094357544,0.2218656478679,-0.05234720105046,-0.03106148341323
177827.9410039,-0.02090443329976,0.1330865961651,-0.02090443329976,0.1330865961651,-0.05958028624213,0.2196760126753,-0.05141413387042,-0.0301028286398
179887.0915129,-0.01869332900556,0.128591863214,-0.01869332900556,0.128591863214,-0.05831502163302,0.217500627214,-0.05049198629591,-0.02917178663203
181970.085861,-0.01661580660833,0.1242233492213,-0.01661580660833,0.1242233492213,-0.05707473327914,0.2153396404742,-0.04958089457016,-0.0282676651308
184077.2001469,-0.01466547207119,0.1199788126564,-0.01466547207119,0.1199788126564,-0.05585900801039,0.2131931918848,-0.04868097917856,-0.02738978381894
186208.7136663,-0.01283618755058,0.1158559741581,-0.01283618755058,0.1158559741581,-0.05466743609428,0.2110614115601,-0.04779234551742,-0.0265374744161
188364.908949,-0.01112206311721,0.1118525232264,-0.01112206311721,0.1118525232264,-0.05349961136558,0.2089444205443,-0.04691508454695,-0.02571008075176
190546.0717963,-0.009517448635565,0.1079661244604,-0.009517448635565,0.1079661244604,-0.05235513134702,0.2068423310542,-0.04604927342814,-0.0249069588179
192752.4913191,-0.008016925799319,0.1041944233612,-0.008016925799319,0.1041944233612,-0.05123359736149,0.2047552467204,-0.04519497614352,-0.02412747680233
194984.4599758,-0.00661530035073,0.1005350517304,-0.00661530035073,0.1005350517304,-0.05013461463592,0.2026832628244,-0.04435224410157,-0.02337101510376
197242.2736115,-0.005307594453469,0.09698563267588,-0.005307594453469,0.09698563267588,-0.04905779239708,0.2006264665346,-0.04352111672482,-0.02263696632977
199526.2314969,-0.004089039250406,0.09354378525237,-0.004089039250406,0.09354378525237,-0.04800274395976,0.1985849371386,-0.04270162202143,-0.02192473527874
201836.6363682,-0.00295506759752,0.09020712875582,-0.00295506759752,0.09020712875582,-0.04696908680742,0.1965587462727,-0.04189377714048,-0.02123373890666
204173.794467,-0.001901306970645,0.08697328668698,-0.001901306970645,0.08697328668698,-0.04595644266564,0.1945479581486,-0.04109758891086,-0.02056340627985
206538.0155811,-0.0009235725580784,0.08383989040742,-0.0009235725580785,0.08383989040742,-0.04496443756871,0.1925526297764,-0.04031305436381,-0.01991317851461
208929.6130854,-1.786052565814e-05,0.0808045825003,-1.786052565814e-05,0.0808045825003,-0.04399270191953,0.1905728111849,-0.03954016123942,-0.0192825087045
211348.9039837,0.0008196585329783,0.07786501985706,0.0008196585329783,0.07786501985706,-0.04304087054313,0.1886085456381,-0.03877888847695,-0.01867086183639
213796.2089502,0.001592645970614,0.07501887650282,0.001592645970614,0.07501887650282,-0.04210858273406,0.1866598698478,-0.03802920668932,-0.01807771469589
216271.8523727,0.002304601281783,0.07226384617694,0.002304601281783,0.07226384617694,-0.04119548229787,0.1847268141838,-0.0372910786219,-0.01750255576309
218776.162395,0.002958868123318,0.0695976446822,0.002958868123318,0.0695976446822,-0.04030121758702,0.1828094028792,-0.03656445959579,-0.01694488509931
221309.4709606,0.003558640157171,0.0670180120183,0.003558640157171,0.0670180120183,-0.03942544153129,0.1809076542325,-0.03584929793578,-0.01640421422569
223872.1138569,0.004106966721525,0.06452271431123,0.004106966721525,0.06452271431123,-0.03856781166314,0.1790215808063,-0.03514553538328,-0.0158800659942
226464.4307593,0.004606758334924,0.06210954554914,0.004606758334924,0.06210954554914,-0.03772799013804,0.177151189622,-0.03445310749448,-0.01537197445182
229086.7652768,0.005060792026162,0.05977632914186,0.005060792026162,0.05977632914186,-0.03690564375017,0.1752964823498,-0.03377194402396,-0.01487948469857
231739.4649969,0.005471716502096,0.05752091931044,0.005471716502096,0.05752091931044,-0.03610044394357,0.1734574554967,-0.03310196929401,-0.01440215273985
234422.881532,0.005842057152938,0.05534120231884,0.005842057152938,0.05534120231884,-0.03531206681908,0.1716341005885,-0.03244310255003,-0.01393954533381
237137.3705662,0.006174220897899,0.05323509755801,0.006174220897899,0.05323509755801,-0.03454019313713,0.1698264043501,-0.03179525830226,-0.0134912398343
239883.291902,0.006470500872734,0.05120055849302,0.006470500872734,0.05120055849302,-0.03378450831676,0.1680343488798,-0.0311583466541,-0.01305682402976
242661.0095083,0.006733080962999,0.04923557348209,0.006733080962999,0.04923557348209,-0.03304470243087,0.1662579118215,-0.03053227361738,-0.0126358959788
245470.8915685,0.006964040192322,0.04733816647202,0.006964040192322,0.04733816647202,-0.03232047019805,0.1644970665319,-0.02991694141492,-0.01222806384265
248313.3105296,0.007165356958095,0.04550639758545,0.007165356958095,0.04550639758545,-0.03161151097111,0.1627517822444,-0.02931224877064,-0.01183294571517
251188.643151,0.007338913126661,0.04373836360201,0.007338913126661,0.04373836360201,-0.03091752872248,0.161022024229,-0.02871809118752,-0.01145016945072
254097.2705549,0.007486497987916,0.04203219834301,0.007486497987916,0.04203219834301,-0.03023823202662,0.1593077539486,-0.02813436121381,-0.01107937249024
257039.5782769,0.007609812075024,0.04038607296474,0.007609812075024,0.04038607296474,-0.02957333403974,0.1576089292107,-0.0275609486978,-0.01072020168605
260015.9563165,0.007710470848184,0.0387981961707,0.007710470848184,0.0387981961707,-0.02892255247683,0.1559255043167,-0.02699774103137,-0.01037231312556
263026.7991896,0.007790008251229,0.03726681434455,0.007790008251229,0.03726681434455,-0.02828560958622,0.1542574302063,-0.0264446233828,-0.0100353719543
266072.5059799,0.007849880142564,0.03579021161123,0.007849880142564,0.03579021161123,-0.02766223212192,0.1526046545987,-0.025901478919,-0.009709052198613
269153.4803927,0.007891467603077,0.03436670983212,0.007891467603077,0.03436670983212,-0.02705215131366,0.1509671221303,-0.02536818901762,-0.009393036588211
272270.1308078,0.00791608012289,0.03299466854143,0.00791608012289,0.03299466854143,-0.02645510283501,0.1493447744885,-0.02484463346921,-0.009087016378861
275422.8703338,0.00792495867676,0.03167248482221,0.00792495867676,0.03167248482221,-0.02587082676955,0.1477375505419,-0.02433069066995,-0.008790691175538
278612.116863,0.007919278683961,0.03039859313391,0.007919278683961,0.03039859313391,-0.02529906757527,0.1461453864671,-0.023826237805,-0.008503768756181
281838.2931265,0.007900152860727,0.02917146509105,0.007900152860727,0.02917146509105,-0.0247395740474,0.1445682158727,-0.02333115102294,-0.008225964896318
285101.8267504,0.007868633966783,0.0279896091989,0.007868633966783,0.0279896091989,-0.02419209927962,0.1430059699181,-0.02284530560164,-0.007957003194736
288403.1503127,0.007825717449639,0.02685157054928,0.007825717449639,0.02685157054928,-0.0236564006239,0.1414585774314,-0.02236857610567,-0.007696614900374
291742.7014001,0.007772343989184,0.02575593048098,0.007772343989184,0.02575593048098,-0.02313223964912,0.1399259650215,-0.02190083653575,-0.007444538740634
295120.9226667,0.007709401947737,0.02470130620554,0.007709401947737,0.02470130620554,-0.02261938209838,0.138408057189,-0.02144196047031,-0.007200520751225
298538.2618918,0.007637729725334,0.02368635040543,0.007637729725334,0.02368635040543,-0.02211759784528,0.1369047764324,-0.02099182119969,-0.006964314107716
301995.1720402,0.007558118026013,0.02270975080419,0.007558118026013,0.02270975080419,-0.02162666084921,0.1354160433524,-0.02055029185301,-0.0067356789589
305492.1113216,0.007471312036815,0.02177022971284,0.007471312036815,0.02177022971284,-0.02114634910974,0.1339417767519,-0.02011724551811,-0.006514382262101
309029.5432514,0.007378013523147,0.02086654355378,0.007378013523147,0.02086654355378,-0.02067644462017,0.1324818937339,-0.01969255535486,-0.006300197620525
312607.9367124,0.007278882841134,0.0199974823678,0.007278882841134,0.0199974823678,-0.02021673332037,0.1310363097962,-0.01927609470195,-0.006092905122748
316227.7660169,0.007174540873155,0.01916186930144,0.007174540873155,0.01916186930144,-0.01976700504898,0.1296049389229,-0.01886773717749,-0.005892291184421
319889.5109692,0.007065570885993,0.0183585600813,0.007065570885993,0.0183585600813,-0.01932705349505,0.1281876936732,-0.01846735677379,-0.005698148392285
323593.6569297,0.006952520316368,0.01758644247408,0.006952520316368,0.01758644247408,-0.01889667614913,0.1267844852678,-0.01807482794625,-0.005510275350537
327340.6948789,0.006835902485012,0.0168444357361,0.006835902485012,0.0168444357361,-0.01847567425398,0.1253952236719,-0.0176900256969,-0.00532847652963
331131.1214826,0.006716198241853,0.01613149005391,0.006716198241853,0.01613149005391,-0.01806385275492,0.1240198176761,-0.01731282565266,-0.005152562117534
334965.4391579,0.006593857545562,0.01544658597611,0.006593857545562,0.01544658597611,-0.01766102024987,0.1226581749743,-0.01694310413853,-0.004982347873521
338844.1561392,0.006469300979724,0.01478873383759,0.006469300979724,0.01478873383759,-0.01726698893913,0.1213102022392,-0.01658073824597,-0.004817654984498
342767.7865465,0.006342921205599,0.0141569731818,0.006342921205599,0.0141569731818,-0.016881574575,0.1199758051954,-0.01622560589669,-0.004658309923915
346736.8504526,0.006215084357237,0.01355037217576,0.006215084357237,0.01355037217576,-0.01650459641129,0.11865488869,-0.01587758590196,-0.004504144313282
350751.8739526,0.006086131378102,0.01296802702416,0.006086131378102,0.01296802702416,-0.01613587715274,0.1173473567607,-0.01553655801775,-0.004354994786305
354813.3892336,0.005956379302412,0.01240906138191,0.005956379302412,0.01240906138191,-0.01577524290436,0.1160531127017,-0.01520240299581,-0.004210702855654
358921.934645,0.005826122483724,0.01187262576429,0.005826122483724,0.01187262576429,-0.01542252312089,0.1147720591272,-0.01487500263084,-0.004071114782366
363078.0547701,0.005695633770948,0.01135789695986,0.005695633770948,0.01135789695986,-0.01507755055622,0.1135040980332,-0.01455423980405,-0.003936081447897
367282.3004981,0.005565165635602,0.01086407744233,0.005565165635602,0.01086407744233,-0.01474016121299,0.1122491308561,-0.01423999852316,-0.00380545822881
371535.2290972,0.005434951250634,0.01039039478563,0.005434951250634,0.01039039478563,-0.01441019429227,0.1110070585305,-0.01393216395902,-0.003679104874098
375837.4042885,0.005305205523335,0.009936101080938,0.005305205523335,0.009936101080938,-0.01408749214342,0.1097777815439,-0.0136306224791,-0.003556885385132
380189.3963206,0.005176126083677,0.009500472357216,0.005176126083677,0.009500472357216,-0.01377190021423,0.1085611999899,-0.01333526167789,-0.003438667898224
384591.7820454,0.005047894229666,0.009082808005932,0.005047894229666,0.009082808005932,-0.01346326700119,0.1073572136196,-0.0130459704044,-0.003324324569778
389045.1449943,0.004920675831467,0.008682430210114,0.004920675831467,0.008682430210114,-0.01316144400012,0.1061657218906,-0.0127626387869,-0.003213731464027
393550.0754558,0.004794622195875,0.008298683377825,0.004794622195875,0.008298683377825,-0.01286628565704,0.1049866240146,-0.01248515825506,-0.003106768443323
398107.1705535,0.004669870892095,0.007930933582286,0.004669870892095,0.007930933582286,-0.01257764931942,0.1038198190029,-0.0122134215596,-0.003003319060957
402717.0343255,0.00454654654093,0.007578568006792,0.00454654654093,0.007578568006792,-0.01229539518772,0.1026652057108,-0.01194732278956,-0.002903270456487
407380.2778041,0.004424761568142,0.007240994396885,0.004424761568142,0.007240994396885,-0.01201938626729,0.1015226828792,-0.01168675738731,-0.002806513253544
412097.5190974,0.004304616923743,0.006917640518618,0.004304616923743,0.006917640518618,-0.01174948832078,0.1003921491759,-0.01143162216147,-0.002712941460085
416869.3834704,0.004186202768307,0.006607953623823,0.004186202768307,0.006607953623823,-0.01148556982078,0.09927350323406,-0.01118181529783,-0.002622452371065
421696.5034286,0.004069599127422,0.006311399923389,0.004069599127422,0.006311399923389,-0.01122750190305,0.09816664368994,-0.01093723636828,-0.00253494647349
426579.5188016,0.003954876515788,0.006027464067287,0.003954876515788,0.006027464067287,-0.01097515832009,0.09707146921886,-0.01069778633803,-0.002450327353823
431519.0768278,0.003842096531866,0.005755648632831,0.003842096531866,0.005755648632831,-0.01072841539521,0.09598787856965,-0.01046336757109,-0.002368501607705
436515.8322402,0.003731312424262,0.005495473621016,0.003731312424262,0.005495473621016,-0.01048715197706,0.0949157705978,-0.01023388383412,-0.002289378751948
441570.4473533,0.003622569630956,0.005246475961148,0.003622569630956,0.005246475961148,-0.01025124939468,0.09385504429715,-0.01000924029882,-0.00221287113878
446683.592151,0.00351590629246,0.005008209023504,0.00351590629246,0.005008209023504,-0.01002059141297,0.09280559883029,-0.009789343542805,-0.002138893872285
451855.944375,0.003411353739828,0.00478024214075,0.003411353739828,0.00478024214075,-0.009795064188756,0.09176733355768,-0.009574101549243,-0.002067364727012
457088.1896149,0.003308936958517,0.004562160138349,0.003308936958517,0.004562160138349,-0.009574556227297,0.09074014806546,-0.009363423705127,-0.00199820406871
462381.0213993,0.003208675029113,0.004353562873438,0.003208675029113,0.004353562873438,-0.009358958339369,0.08972394219212,-0.00915722079842,-0.001931334777151
467735.1412872,0.00311058154582,0.004154064782263,0.00311058154582,0.004154064782263,-0.00914816359885,0.08871861605396,-0.008955405014067,-0.001866682171
473151.2589615,0.003014665013513,0.003963294437238,0.003014665013513,0.003963294437238,-0.008942067300851,0.08772407006935,-0.008757889928962,-0.00180417393469
478630.0923227,0.002920929224329,0.003780894112456,0.002920929224329,0.003780894112456,-0.008740566920388,0.08674020498202,-0.008564590505939,-0.001743740047269
484172.3675841,0.002829373614556,0.003606519358719,0.002829373614556,0.003606519358719,-0.008543562071605,0.08576692188315,-0.00837542308685,-0.001685312713173
489778.8193685,0.002739993602667,0.003439838586892,0.002739993602667,0.003439838586892,-0.008350954467542,0.0848041222325,-0.008190305384794,-0.001628826294887
495450.1908048,0.002652780909228,0.003280532661353,0.002652780909228,0.003280532661353,-0.008162647880462,0.0838517078785,-0.008009156475546,-0.001574217247455
501187.2336273,0.00256772385948,0.003128294501264,0.00256772385948,0.003128294501264,-0.007978548102735,0.08290958107743,-0.007831896788258,-0.001521424054791
506990.7082747,0.002484807669304,0.002982828692328,0.002484807669304,0.002982828692328,-0.007798562908273,0.08197764451157,-0.007658448095468,-0.001470387167774
512861.3839914,0.002404014715255,0.00284385110634,0.002404014715255,0.00284385110634,-0.007622602014533,0.0810558013065,-0.007488733502478,-0.001421048944051
518800.038929,0.002325324789369,0.002711088530316,0.002325324789369,0.002711088530316,-0.007450577045077,0.08014395504757,-0.007322677436148,-0.001373353589552
524807.4602498,0.002248715339408,0.002584278304695,0.002248715339408,0.002584278304695,-0.007282401492689,0.07924200979538,-0.007160205633149,-0.001327247101638
530884.444231,0.002174161695152,0.002463167970241,0.002174161695152,0.002463167970241,-0.007117990683055,0.07834987010061,-0.007001245127725,-0.001282677213871
537031.7963703,0.002101637281363,0.0023475149237,0.002101637281363,0.0023475149237,-0.006957261739001,0.07746744101791,-0.006845724238991,-0.00123959334236
543250.3314925,0.002031113818027,0.002237086082486,0.002031113818027,0.002237086082486,-0.006800133545288,0.07659462811915,-0.006693572557828,-0.001197946533638
549540.8738577,0.001962561508426,0.002131657557798,0.001962561508426,0.002131657557798,-0.006646526713961,0.07573133750581,-0.006544720933394,-0.001157689414044
555904.2572704,0.001895949215628,0.002031014336649,0.001895949215628,0.002031014336649,-0.006496363550251,0.07487747582078,-0.0063991014593,-0.001118776140564
562341.3251904,0.001831244627891,0.001934949972187,0.001831244627891,0.001934949972187,-0.006349568019031,0.07403295025936,-0.006256647459469,-0.001081162353108
568852.9308439,0.001768414413523,0.001843266282522,0.001768414413523,0.001843266282522,-0.006206065711816,0.07319766857968,-0.006117293473729,-0.001044805128165
575439.9373372,0.001707424365705,0.00175577305797,0.001707424365705,0.00175577305797,-0.006065783814305,0.0723715391124,-0.005980975243161,-0.001009662933829
582103.2177709,0.001648239537685,0.001672287776186,0.001648239537685,0.001672287776186,-0.005928651074471,0.07155447076989,-0.005847629695224,-0.0009756955861358
588843.6553556,0.001590824368938,0.0015926353258,0.001590824368938,0.0015926353258,-0.00579459777118,0.07074637305472,-0.005717194928694,-0.000942864206695
595662.1435291,0.001535142802631,0.001516647737851,0.001535142802631,0.001516647737851,-0.005663555683346,0.06994715606761,-0.00558961019845,-0.0009111311815734
602559.5860744,0.001481158394835,0.001444163924966,0.001481158394835,0.001444163924966,-0.005535458059614,0.06915673051485,-0.005464815900105,-0.0008804601214011
609536.8972402,0.001428834415953,0.001375029428455,0.001428834415953,0.001375029428455,-0.005410239588569,0.06837500771514,-0.005342753554532,-0.0008508158226678
616595.0018615,0.00137813394471,0.001309096172871,0.00137813394471,0.001309096172871,-0.005287836369455,0.06760189960596,-0.0052233657923,-0.0008221642301771
623734.8354825,0.001329019955152,0.001246222228239,0.001329019955152,0.001246222228239,-0.00516818588342,0.0668373187494,-0.005106596338021,-0.0007944724006276
630957.3444802,0.001281455396879,0.001186271579208,0.001281455396879,0.001186271579208,-0.005051226965263,0.06608117833757,-0.004992389994662,-0.0007677084672917
638263.4861906,0.001235403269081,0.001129113901837,0.001235403269081,0.001129113901837,-0.004936899775678,0.06533339219745,-0.00488069262781,-0.0007418416057609
645654.2290347,0.001190826688544,0.001074624347202,0.001190826688544,0.001074624347202,-0.004825145774012,0.06459387479542,-0.004771451149919,-0.0007168420007295
653130.5526475,0.001147688952008,0.001022683331886,0.001147688952008,0.001022683331886,-0.0047159076915,0.06386254124132,-0.004664613504558,-0.0006926808137875
660693.4480076,0.001105953593255,0.0009731763354315,0.001105953593255,0.0009731763354315,-0.004609129504995,0.063139307292,-0.004560128650673,-0.0006693301521956
668343.9175687,0.001065584435046,0.0009259937040307,0.001065584435046,0.0009259937040307,-0.004504756411174,0.06242408935466,-0.004457946546869,-0.0006467630386137
676082.975392,0.001026545636492,0.0008810304612154,0.001026545636492,0.0008810304612154,-0.004402734801226,0.06171680448966,-0.004358018135735,-0.0006249533817582
683911.6472815,0.0009888017357666,0.0008381861242887,0.0009888017357666,0.0008381861242887,-0.004303012235997,0.06101737041304,-0.00426029532823,-0.0006038759479593
691830.970919,0.0009523176887886,0.0007973645274352,0.0009523176887886,0.0007973645274352,-0.004205537421613,0.06032570549868,-0.004164730988116,-0.0005835063335959
699841.9960023,0.0009170589038538,0.0007584736505573,0.0009170589038538,0.0007584736505573,-0.004110260185546,0.05964172878009,-0.004071278916481,-0.0005638209383803
707945.7843842,0.0008829912725697,0.0007214254540335,0.0008829912725697,0.0007214254540335,-0.004017131453139,0.05896535995194,-0.00397989383634,-0.000544796939471
716143.410213,0.0008500811973805,0.000686135719369,0.0008500811973805,0.000686135719369,-0.003926103224572,0.05829651937122,-0.003890531377328,-0.0005264122663873
724435.960075,0.0008182956157392,0.0006525238951979,0.0008182956157392,0.0006525238951979,-0.00383712855227,0.05763512805814,-0.003803148060505,-0.0005086455767051
732824.533139,0.0007876020213096,0.0006205129489088,0.0007876020213096,0.0006205129489088,-0.003750161518737,0.05698110769675,-0.003717701283258,-0.0004914762325091
741310.241301,0.0007579684822879,0.0005900292234844,0.0007579684822879,0.0005900292234844,-0.00366515721482,0.05633438063525,-0.003634149304336,-0.0004748842775809
749894.2093325,0.0007293636570802,0.0005610022995182,0.0007293636570802,0.0005610022995182,-0.003582071718393,0.05569486988608,-0.003552451229001,-0.0004588504153005
758577.5750292,0.0007017568074813,0.0005333648621906,0.0007017568074813,0.0005333648621906,-0.003500862073453,0.05506249912573,-0.00347256699431,-0.0004433559872414
767361.4893619,0.0006751178095842,0.0005070525731813,0.0006751178095842,0.0005070525731813,-0.003421486269618,0.05443719269435,-0.003394457354541,-0.0004283829524375
776247.1166288,0.0006494171625306,0.0004820039472665,0.0006494171625306,0.0004820039472665,-0.003343903222039,0.05381887559507,-0.003318083866758,-0.0004139138673027
785235.6346101,0.0006246259952708,0.0004581602334943,0.0006246259952708,0.0004581602334943,-0.003268072751689,0.05320747349318,-0.003243408876518,-0.0003999318661845
794328.2347243,0.000600716071498,0.0004354653008335,0.000600716071498,0.0004354653008335,-0.003193955566055,0.05260291271502,-0.00317039550374,-0.0003864206425308
803526.1221857,0.0005776597928956,0.0004138655281577,0.0005776597928956,0.0004138655281577,-0.003121513240205,0.05200512024671,-0.003099007628722,-0.0003733644306541
812830.5161642,0.000555430200778,0.0003933096983417,0.000555430200778,0.0003933096983417,-0.003050708198231,0.05141402373272,-0.003029209878323,-0.0003607479880726
822242.6499471,0.0005340009763324,0.0003737488964883,0.0005340009763324,0.0003737488964883,-0.002981503695062,0.05082955147418,-0.002960967612299,-0.0003485565784131
831763.7711027,0.0005133464395297,0.0003551364120645,0.0005133464395297,0.0003551364120645,-0.002913863798643,0.05025163242711,-0.002894246909816,-0.0003367759548569
841395.1416453,0.0004934415467869,0.0003374276447774,0.0004934415467869,0.0003374276447774,-0.00284775337247,0.0496801962004,-0.002829014556117,-0.0003253923441139
851138.0382024,0.0004742618875907,0.0003205800142409,0.0004742618875907,0.0003205800142409,-0.002783138058475,0.04911517305367,-0.002765238029376,-0.0003143924309076
860993.7521847,0.0004557836800091,0.0003045528730281,0.0004557836800091,0.0003045528730281,-0.002719984260259,0.04855649389498,-0.002702885487706,-0.0003037633429556
870963.5899562,0.0004379837654301,0.0002893074233894,0.0004379837654301,0.0002893074233894,-0.002658259126661,0.04800409027842,-0.002641925756354,-0.000293492636432
881048.8730081,0.0004208396023206,0.0002748066370512,0.0004208396023206,0.0002748066370512,-0.002597930535666,0.04745789440151,-0.002582328315062,-0.000283568281894
891250.9381338,0.0004043292593514,0.0002610151783974,0.0004043292593514,0.0002610151783974,-0.002538967078636,0.04691783910249,-0.002524063285611,-0.0002739786506618
901571.137606,0.0003884314078008,0.0002478993306657,0.0003884314078008,0.0002478993306657,-0.002481338044867,0.04638385785754,-0.002467101419536,-0.0002647125016353
912010.839356,0.0003731253133811,0.0002354269251629,0.0003731253133811,0.0002354269251629,-0.002425013406458,0.04585588477779,-0.00241141408602,-0.000255758968535
922571.4271548,0.0003583908275184,0.0002235672733371,0.0003583908275184,0.0002235672733371,-0.002369963803495,0.04533385460633,-0.002356973259969,-0.0002471075475546
933254.3007971,0.0003442083781767,0.0002122911016455,0.0003442083781767,0.0002122911016455,-0.002316160529538,0.04481770271499,-0.002303751510256,-0.0002387480854117
944060.876286,0.0003305589602835,0.0002015704891151,0.0003305589602835,0.0002015704891151,-0.002263575517406,0.04430736510114,-0.002251721988157,-0.0002306707677842
954992.5860215,0.0003174241257741,0.0001913788074462,0.0003174241257741,0.0001913788074462,-0.002212181325262,0.04380277838432,-0.002200858415949,-0.000222866108121
966050.8789899,0.0003047859733803,0.0001816906636638,0.0003047859733803,0.0001816906636638,-0.002161951122978,0.04330387980281,-0.002151135075697,-0.000215324936815
977237.2209559,0.0002926271381139,0.0001724818450982,0.0002926271381139,0.0001724818450982,-0.002112858678794,0.04281060721014,-0.002102526798215,-0.0002080383907267
988553.094657,0.0002809307805648,0.000163729266704,0.0002809307805648,0.000163729266704,-0.002064878346242,0.04232289907145,-0.002055008952197,-0.0002009979030483
1000000.0,0.0002696805760479,0.0001554109206194,0.0002696805760479,0.0001554109206194,-0.002017985051359,0.04184069445987,-0.002008557433534,-0.0001941951934969
