frequency_hz,left_real,left_imag,right_real,right_imag,opneg_real,opneg_imag,oppos_real,oppos_imag
1.0,-0.3014966163785,2.128504273131,-0.3014966164164,2.128504273152,-0.04931772204914,-0.2069573066358,0.04932191453847,0.2069558700573
1.01157945426,-0.2783525402697,2.155317506991,-0.2783525401764,2.155317507036,-0.05152682268819,-0.2084732553253,0.05153109224332,0.2084717575364
1.023292992281,-0.2546833634349,2.181906828903,-0.2546833634282,2.181906828982,-0.05376448348703,-0.2099703988839,0.05376883096352,0.2099688381059
1.035142166679,-0.2304933450814,2.208260526966,-0.2304933450269,2.208260527049,-0.05603043628693,-0.2114481037874,0.05603486253285,0.2114464782076
1.047128548051,-0.2057870570624,2.23436696621,-0.2057870571235,2.234366966236,-0.05832439489115,-0.212905738135,0.05832890074652,0.2129040459061
1.059253725177,-0.1805693837,2.26021459868,-0.1805693838038,2.260214598557,-0.06064605492343,-0.2143426723541,0.06065064121956,0.2143409115943
1.071519305238,-0.1548455208871,2.28579197154,-0.1548455208568,2.285791971603,-0.06299509367603,-0.215758279711,0.06299976123496,0.2157564485039
1.083926914021,-0.1286209744851,2.311087737506,-0.1286209744603,2.311087737471,-0.06537117009691,-0.2171519370283,0.06537591973074,0.2171500334229
1.096478196143,-0.1019015595794,2.336090662542,-0.1019015594765,2.336090662575,-0.06777392459838,-0.2185230251933,0.06777875710869,0.2185210472037
1.109174815262,-0.0746933981309,2.360789637144,-0.07469339812316,2.360789637217,-0.0702029791287,-0.2198709299584,0.0702078953059,0.219868875564
1.122018454302,-0.04700291735907,2.385173684644,-0.04700291736847,2.385173684602,-0.07265793707025,-0.2211950425071,0.07266293769297,0.2211929096524
1.135010815672,-0.01883684730164,2.409231969778,-0.01883684716606,2.40923196989,-0.07513838321948,-0.2224947600321,0.07514346905397,0.2224925466267
1.148153621497,0.009797782693962,2.432953811509,0.00979778270473,2.432953811461,-0.07764388399644,-0.2237694866868,0.07764905579591,0.2237671906057
1.16144861384,0.03889364593172,2.456328688119,0.03889364588112,2.456328687924,-0.08017398725942,-0.2250186338911,0.08017924576342,0.2250162529745
1.17489755494,0.06844312236459,2.479346249843,0.06844312242,2.479346249955,-0.08272822254501,-0.2262416212822,0.08273356847885,0.2262391533354
1.188502227437,0.09843830305443,2.501996329013,0.09843830302284,2.501996328891,-0.08530610126465,-0.2274378774383,0.08531153533876,0.2274353202323
1.202264434617,0.1288709929604,2.524268945412,0.1288709928935,2.524268945301,-0.08790711659848,-0.2286068402303,0.0879126395078,0.2286041915013
1.216186000646,0.1597327169021,2.546154320593,0.159732716836,2.546154320535,-0.09053074395456,-0.2297479579173,0.09053635637794,0.2297452153673
1.230268770812,0.191014723659,2.567642884234,0.1910147237444,2.567642884297,-0.09317644100941,-0.2308606895829,0.09318214360901,0.2308578508795
1.244514611771,0.222707991742,2.588725284383,0.222707991789,2.588725284367,-0.09584364802026,-0.231944505896,0.09584944144096,0.2319415686728
1.258925411794,0.2548032349397,2.609392396703,0.2548032349545,2.609392396698,-0.09853178808456,-0.2329988898035,0.09853767295341,0.2329958516603
1.273503081017,0.2872909084558,2.629635333048,0.287290908406,2.629635333026,-0.101240267434,-0.2340233371616,0.1012462443596,0.2340201956645
1.288249551693,0.3201612155879,2.649445451521,0.3201612155317,2.649445451437,-0.1039684758206,-0.2350173575046,0.1039745453926,0.2350141101861
1.303166778452,0.3534041142168,2.668814363432,0.3534041142625,2.66881436345,-0.1067157867973,-0.235980474551,0.1067219495857,0.2359771189106
1.318256738556,0.3870093248024,2.687733943609,0.387009324802,2.687733943614,-0.1094815582338,-0.2369122269936,0.1094878147888,0.2369087604978
1.333521432163,0.4209663373977,2.706196337535,0.420966337406,2.706196337586,-0.1122651326538,-0.2378121690424,0.1122714835048,0.2378085891251
1.348962882592,0.45526441998,2.724193970553,0.4552644200141,2.724193970484,-0.1150658377531,-0.2386798711375,0.1150722834085,0.2386761752002
1.364583136589,0.489892626839,2.741719554461,0.4898926268417,2.741719554539,-0.1178829868543,-0.239514920439,0.1178895278008,0.2395111058513
1.380384264603,0.5248398074553,2.758766096822,0.5248398074508,2.758766096621,-0.1207158794835,-0.2403169215701,0.1207225161859,0.2403129856699
1.396368361056,0.5600946153592,2.775326906148,0.5600946153318,2.775326905991,-0.1235638018389,-0.2410854969983,0.1235705347395,0.2410814370922
1.412537544623,0.5956455179868,2.791395600783,0.5956455181094,2.791395600946,-0.126426027454,-0.2418202877478,0.1264328569721,0.2418161011115
1.428893958511,0.6314808064318,2.806966115343,0.6314808062586,2.806966114989,-0.1293018177909,-0.2425209539073,0.1293087443224,0.242516637786
1.445439770746,0.6675886046374,2.822032704815,0.6675886045794,2.822032704757,-0.1321904227292,-0.2431871749516,0.1321974466465,0.2431827265603
1.462177174457,0.7039568816666,2.836589954304,0.7039568816462,2.836589954299,-0.1350910814893,-0.2438186505236,0.1350982031405,0.2438140670476
1.479108388168,0.7405734607853,2.850632781363,0.7405734608631,2.850632781547,-0.1380030230791,-0.2444151006287,0.1380102427878,0.2444103792241
1.496235656094,0.7774260314195,2.864156443427,0.7774260313034,2.864156443373,-0.1409254671433,-0.2449762662441,0.1409327852084,0.2449714040383
1.513561248436,0.8145021592682,2.877156539962,0.8145021592963,2.877156540052,-0.1438576245197,-0.2455019095022,0.1438650412152,0.245496903594
1.531087461682,0.8517892996159,2.889629020062,0.85178929949,2.889629019929,-0.1467986982324,-0.2459918143133,0.1468062138066,0.2459866617738
1.548816618912,0.8892748067841,2.901570183153,0.8892748068891,2.901570183171,-0.1497478839712,-0.2464457864623,0.149755498647,0.2464404843351
1.566751070108,0.9269459483248,2.912976685354,0.9269459482467,2.912976685293,-0.152704371154,-0.2468636541271,0.1527120851284,0.2468581994287
1.584893192461,0.9647899150399,2.923845539691,0.96478991494,2.923845539688,-0.1556673434695,-0.247245267944,0.1556751569135,0.2472396576647
1.60324539069,1.002793834432,2.934174120504,1.002793834441,2.93417412044,-0.1586359798455,-0.247590501394,0.1586438929039,0.2475847324981
1.621810097359,1.040944782501,2.943960164475,1.040944782589,2.943960164822,-0.1616094551973,-0.2478992509275,0.1616174679885,0.2478933203537
1.6405897732,1.079229796917,2.95320177291,1.079229796739,2.953201772706,-0.164586941345,-0.2481714361879,0.164595053961,0.24816534085
1.659586907438,1.117635887617,2.961897410398,1.117635887627,2.961897410438,-0.1675676076235,-0.2484069999709,0.1675758201296,0.2484007367583
1.678804018123,1.156150052167,2.970045909092,1.156150052125,2.970045909003,-0.1705506220697,-0.2486059086074,0.1705589345047,0.2485994743857
1.698243652462,1.194759285644,2.977646464842,1.194759285644,2.977646464768,-0.1735351519391,-0.2487681517288,0.1735435643151,0.2487615433398
1.717908387158,1.233450595229,2.984698639254,1.233450595008,2.984698639126,-0.176520364799,-0.2488937424844,0.1765288771013,0.2488869567471
1.737800828749,1.272211011246,2.991202356926,1.272211011181,2.991202356845,-0.1795054292042,-0.2489827174032,0.1795140413918,0.2489757511143
1.757923613959,1.311027600994,2.997157905199,1.311027601076,2.997157905224,-0.182489515699,-0.2490351364364,0.1824982277038,0.2490279863704
1.778279410039,1.349887480224,3.00256593068,1.349887479985,3.002565930416,-0.1854717975475,-0.2490510827605,0.1854806092754,0.2490437456706
1.798870915129,1.388777824948,3.007427436475,1.388777825021,3.007427436542,-0.188451451527,-0.2490306626483,0.1884603628572,0.2490231352666
1.81970085861,1.427685886042,3.011743781512,1.427685885908,3.011743781405,-0.1914276590342,-0.2489740054808,0.1914366698196,0.248966284519
1.840772001469,1.466598997558,3.01551667286,1.466598997602,3.015516672944,-0.194399606486,-0.2488812632509,0.1944087165535,0.2488733454005
1.862087136663,1.505504592798,3.018748166209,1.505504592775,3.018748166031,-0.1973664866154,-0.2487526106669,0.197375695766,0.2487444925999
1.88364908949,1.544390211827,3.02144065644,1.544390211798,3.021440656386,-0.2003274987973,-0.2485882445202,0.2003368068061,0.2485799228893
1.905460717963,1.58324351593,3.023596876282,1.583243515913,3.023596876211,-0.203281850189,-0.2483883836654,0.2032912568056,0.2483798551046
1.927524913191,1.622052297489,3.025219888925,1.622052297492,3.02521988893,-0.2062287563466,-0.2481532685373,0.2062382612956,0.2481445296624
1.949844599758,1.660804490776,3.026313082317,1.66080449087,3.026313082359,-0.209167441975,-0.2478831608091,0.209177044956,0.2478742082178
1.972422736115,1.699488183022,3.026880163167,1.699488183304,3.026880163292,-0.2120971417133,-0.2475783430199,0.2121068424011,0.2475691732923
1.995262314969,1.738091624705,3.026925149515,1.738091624806,3.026925149613,-0.2150171008367,-0.2472391180883,0.2150268988822,0.2472297277874
2.018366363682,1.776603238596,3.026452363484,1.776603238578,3.0264523635,-0.2179265758654,-0.2468658088664,0.2179364708952,0.2468561945383
2.04173794467,1.815011630789,3.025466424572,1.815011630686,3.025466424365,-0.2208248353789,-0.2464587577078,0.2208348269963,0.2464489158821
2.065380155811,1.853305598366,3.023972239951,1.853305598248,3.023972239832,-0.2237111604844,-0.2460183258215,0.2237212482694,0.2460082530116
2.089296130854,1.891474139523,3.021974997944,1.891474139521,3.021974997941,-0.2265848455829,-0.2455448928734,0.226595029093,0.2455345855766
2.113489039837,1.929506462122,3.019480159303,1.929506462021,3.019480159074,-0.229445198967,-0.2450388564126,0.2294554777373,0.2450283111106
2.137962089502,1.967391989588,3.016493446009,1.96739198974,3.01649344614,-0.2322915431456,-0.2445006311134,0.2323019166895,0.2444898442725
2.162718523727,2.005120371919,3.0130208355,2.005120372085,3.013020835701,-0.2351232157489,-0.2439306484268,0.2351336835584,0.2439196164979
2.18776162395,2.042681490026,3.009068548505,2.042681489999,3.009068548545,-0.2379395697235,-0.2433293557543,0.2379501312698,0.2433180751734
2.213094709606,2.080065463379,3.004643040319,2.080065463296,3.004643040299,-0.2407399739053,-0.242697215879,0.2407506286394,0.2426856830671
2.238721138568,2.117262656669,2.999750991218,2.117262656574,2.999750991148,-0.243523813501,-0.2420347063286,0.2435345608539,0.242022917692
2.264644307593,2.154263685616,2.994399296184,2.154263685649,2.994399296199,-0.2462904904925,-0.2413423186878,0.2463013298761,0.2413302706182
2.290867652768,2.191059421704,2.98859505455,2.191059421629,2.988595054623,-0.2490394239553,-0.2406205579118,0.2490503547629,0.2406082467862
2.317394649968,2.227640997808,2.982345559797,2.227640997999,2.982345559864,-0.251770050474,-0.2398699416366,0.2517810720807,0.2398573638176
2.34422881532,2.263999812825,2.975658289599,2.26399981266,2.975658289509,-0.2544818244819,-0.2390909995207,0.2544929362453,0.2390781513565
2.371373705662,2.300127534256,2.968540894122,2.300127533981,2.968540893924,-0.2571742183978,-0.2382842724531,0.2571854196585,0.2382711502774
2.39883291902,2.336016103351,2.96100118656,2.336016103164,2.961001186366,-0.2598467230436,-0.2374503119184,0.2598580131258,0.2374369120504
2.426610095082,2.371657737414,2.953047131807,2.371657737172,2.95304713165,-0.2624988477844,-0.2365896792294,0.2625102259966,0.2365759979738
2.454708915685,2.407044932337,2.944686836214,2.407044932422,2.944686836277,-0.2651301207156,-0.2357029448468,0.2651415863512,0.2356889784936
2.483133105296,2.442170465523,2.93592853716,2.442170465618,2.935928537339,-0.267740088894,-0.234790687669,0.2677516412318,0.2347764324935
2.51188643151,2.477027396852,2.926780591967,2.477027396896,2.926780591972,-0.2703283183884,-0.2338534942823,0.2703399566933,0.2338389465452
2.540972705549,2.511609069343,2.917251466756,2.511609069314,2.917251466739,-0.2728943943105,-0.2328919582014,0.2729061178341,0.2328771141481
2.570395782769,2.545909111656,2.907349727563,2.545909111694,2.90734972769,-0.2754379210577,-0.2319066792831,0.2754497290388,0.2318915351439
2.600159563165,2.579921437334,2.897084028706,2.579921437185,2.897084028676,-0.2779585222234,-0.2308982629243,0.2779704138891,0.2308828149141
2.630267991895,2.613640245056,2.886463102989,2.613640244865,2.886463102869,-0.2804558406348,-0.229867319407,0.2804678152004,0.2298515637251
2.660725059799,2.647060017905,2.875495750882,2.647060017967,2.875495750967,-0.2829295382934,-0.2288144631524,0.2829415949636,0.228798395982
2.691534803927,2.680175523268,2.864190831375,2.68017552361,2.864190831485,-0.2853792964031,-0.2277403121109,0.2853914343725,0.2277239296191
2.722701308078,2.712981811561,2.852557251716,2.712981811618,2.852557251814,-0.2878048152814,-0.2266454870582,0.2878170337348,0.2266287853956
2.754228703338,2.745474213951,2.840603957859,2.745474213874,2.840603957759,-0.2902058141936,-0.2255306109587,0.290218112307,0.2255135862589
2.78612116863,2.777648340178,2.828339923677,2.777648340454,2.828339923778,-0.2925820311858,-0.2243963082047,0.2925944081268,0.2243789565841
2.818382931264,2.809500078309,2.815774143984,2.809500078285,2.81577414396,-0.2949332231504,-0.2232432041717,0.294945678079,0.2232255217288
2.851018267504,2.841025589693,2.802915623649,2.841025589732,2.802915623718,-0.2972591654033,-0.2220719244669,0.2972716974723,0.2220539072823
2.884031503127,2.872221307807,2.789773369001,2.872221307788,2.789773369038,-0.299559651653,-0.2208830943289,0.2995722600087,0.2208647384646
2.917427014001,2.903083933824,2.776356379627,2.90308393355,2.776356379547,-0.3018344936769,-0.2196773380954,0.3018471774597,0.2196586395943
2.951209226666,2.933610434285,2.762673639986,2.933610434394,2.762673640112,-0.3040835211913,-0.2184552786183,0.3040962795363,0.2184362335037
2.985382618918,2.963798036082,2.748734110539,2.963798036179,2.748734110567,-0.3063065814718,-0.2172175366584,0.3063194135091,0.2171981409336
3.019951720402,2.993644223985,2.734546720777,2.993644224079,2.734546720883,-0.3085035392318,-0.2159647304136,0.3085164440876,0.2159449800611
3.054921113216,3.023146734804,2.720120361056,3.023146734566,2.720120360918,-0.3106742761808,-0.2146974749697,0.3106872529773,0.214677365951
3.090295432514,3.052303553731,2.70546387512,3.05230355357,2.705463875106,-0.3128186907914,-0.2134163817787,0.3128317386481,0.2133959100334
3.126079367124,3.081112910209,2.690586053868,3.081112910036,2.690586053765,-0.3149366980398,-0.2121220582482,0.3149498160732,0.2121012196936
3.162277660168,3.109573270457,2.675495626491,3.109573270562,2.675495626523,-0.3170282288077,-0.2108151071192,0.3170414161325,0.2107938976494
3.198895109691,3.137683337592,2.660201257879,3.137683337423,2.660201258016,-0.3190932300577,-0.2094961263238,0.3191064857871,0.2094745418094
3.235936569296,3.165442040797,2.64471153819,3.165442040832,2.644711538213,-0.321131663909,-0.2081657082405,0.3211449871549,0.2081437445274
3.273406948788,3.192848533249,2.629034979227,3.192848533079,2.629034979127,-0.3231435075982,-0.2068244394646,0.3231568974722,0.2068020923739
3.311311214826,3.21990218509,2.613180008037,3.219902185076,2.613180008052,-0.3251287529511,-0.2054729003739,0.3251422085646,0.2054501657008
3.349654391578,3.246602580369,2.597154962792,3.246602580226,2.597154962709,-0.3270874062452,-0.2041116648505,0.3271009267101,0.2040885383636
3.388441561392,3.272949507225,2.580968085435,3.272949507375,2.580968085554,-0.3290194874129,-0.2027412997718,0.3290330718419,0.2027177772127
3.427677865465,3.298942956694,2.564627519701,3.298942956823,2.564627519857,-0.330925030096,-0.2013623648948,0.3309386776029,0.2013384419768
3.467368504525,3.324583113107,2.548141304216,3.324583113228,2.548141304283,-0.3328040808712,-0.1999754123708,0.3328177905717,0.1999510847785
3.507518739526,3.349870350811,2.531517370001,3.349870350449,2.531517369812,-0.3346566991034,-0.1985809865901,0.3346704701153,0.1985562499785
3.548133892336,3.374805225453,2.514763534955,3.374805225398,2.514763535008,-0.3364829562646,-0.1971796238,0.3364967877082,0.1971544737936
3.58921934645,3.399388471705,2.497887502119,3.399388471777,2.497887502101,-0.3382829358821,-0.1957718519957,0.3382968268804,0.195746284188
3.630780547701,3.423620994043,2.480896855026,3.423620994275,2.480896855144,-0.3400567328153,-0.1943581906106,0.3400706824949,0.1943322005626
3.672823004981,3.447503862718,2.463799054894,3.447503862818,2.463799054996,-0.3418044530273,-0.1929391503135,0.3418184605182,0.1929127335537
3.715352290972,3.471038306868,2.446601438077,3.471038306772,2.446601437956,-0.343526213092,-0.191515232856,0.3435402775283,0.1914883848789
3.758374042884,3.494225708062,2.429311212953,3.494225707913,2.429311212827,-0.3452221397336,-0.1900869308551,0.3452362602535,0.1900596471204
3.801893963206,3.517067594963,2.411935457716,3.517067594544,2.411935457548,-0.3468923694739,-0.1886547276433,0.3469065452205,0.1886270035753
3.845917820454,3.539565637323,2.394481118665,3.539565637535,2.394481118738,-0.3485370482213,-0.1872190971664,0.3485512783424,0.1871909281529
3.890451449943,3.561721641413,2.376955008835,3.561721641397,2.37695500881,-0.3501563309898,-0.185780503893,0.3501706146385,0.1857518852845
3.935500754558,3.583537541515,2.359363805019,3.583537541303,2.35936380506,-0.3517503812392,-0.1843394026096,0.351764717574,0.1843103297181
3.981071705535,3.605015395979,2.341714047517,3.605015395992,2.341714047478,-0.3533193706555,-0.1828962384176,0.3533337588409,0.1828667065159
4.027170343255,3.626157381031,2.324012138357,3.626157380996,2.324012138378,-0.3548634787086,-0.1814514466069,0.3548779179148,0.1814214509279
4.073802778041,3.646965784798,2.306264340593,3.646965784498,2.306264340414,-0.356382892235,-0.1800054526231,0.3563973816387,0.1799749883583
4.120975190973,3.667443001389,2.288476777248,3.667443001348,2.288476777209,-0.3578778050194,-0.1785586719959,0.3578923438035,0.1785277342948
4.168693834703,3.687591528277,2.270655432103,3.687591528452,2.270655432186,-0.3593484176926,-0.1771115104061,0.3593630050469,0.1770800943752
4.216965034286,3.707413955563,2.252806146781,3.707413955687,2.252806146873,-0.3607949368463,-0.1756643634784,0.3608095719673,0.17563246418
4.265795188016,3.726912967688,2.234934624061,3.726912967547,2.234934624045,-0.3622175753434,-0.1742176170359,0.3622322574349,0.1741852294875
4.315190768278,3.746091329134,2.217046423433,3.746091329431,2.217046423542,-0.3636165510851,-0.1727716467762,0.363631279358,0.1727387659492
4.365158322402,3.764951889278,2.199146965786,3.764951889167,2.199146965839,-0.3649920876149,-0.1713268186201,0.3650068612875,0.1712934394389
4.415704473533,3.783497569679,2.181241530628,3.783497569534,2.181241530529,-0.3663444130374,-0.1698834885205,0.3663592313355,0.1698496058615
4.46683592151,3.801731363631,2.163335258057,3.801731363066,2.163335257783,-0.3676737601045,-0.1684420026023,0.3676886222619,0.1684076112929
4.518559443749,3.81965632727,2.145433147676,3.819656327217,2.145433147697,-0.3689803654932,-0.167002697088,0.3689952707512,0.1669677919056
4.570881896149,3.837275580974,2.127540062384,3.837275581061,2.12754006241,-0.370264470068,-0.1655658985877,0.3702794176761,0.1655304742586
4.623810213993,3.85459229945,2.109660726393,3.854592299744,2.109660726462,-0.3715263180514,-0.1641319239451,0.3715413072671,0.1640959751436
4.677351412872,3.871609709079,2.091799727267,3.871609709017,2.091799727292,-0.3727661568906,-0.1627010803953,0.3727811869794,0.1626646017424
4.731512589615,3.888331083573,2.073961516937,3.888331083798,2.073961517084,-0.3739842369578,-0.1612736656382,0.3739993071939,0.1612366517009
4.786300923226,3.90475974065,2.056150413389,3.904759740562,2.056150413374,-0.3751808113459,-0.1598499679665,0.3751959210113,0.1598124132565
4.841723675841,3.920899036264,2.038370601029,3.920899036335,2.038370601043,-0.3763561354242,-0.1584302662875,0.3763712838098,0.1583921652604
4.897788193685,3.936752362202,2.020626132914,3.93675236229,2.020626132995,-0.3775104667167,-0.1570148302913,0.3775256531216,0.1569761773452
4.954501908048,3.952323142374,2.002920932381,3.952323142141,2.002920932286,-0.3786440646503,-0.155603920571,0.3786592883823,0.1555647100456
5.011872336273,3.96761482541,1.985258792855,3.96761482589,1.985258793035,-0.3797571899474,-0.1541977886023,0.3797724503228,0.1541580147781
5.069907082747,3.982630888709,1.967643382787,3.982630888631,1.967643382807,-0.3808501051067,-0.1527966771108,0.3808654014505,0.1527563342075
5.128613839914,3.997374827296,1.950078244139,3.997374827239,1.950078244125,-0.3819230734347,-0.1514008199543,0.3819384050805,0.1513599021302
5.18800038929,4.011850153214,1.932566795402,4.01185015335,1.932566795401,-0.3829763590779,-0.1500104423459,0.3829917253679,0.1499689436965
5.248074602498,4.026060394921,1.915112334246,4.026060394652,1.915112334127,-0.3840102270481,-0.1486257610429,0.3840256273334,0.1485836756
5.30884444231,4.040009089729,1.897718037933,4.040009089574,1.897718037915,-0.3850249425899,-0.1472469843785,0.3850403762301,0.147204306109
5.370317963703,4.053699784147,1.880386966365,4.053699784511,1.880386966495,-0.3860207712893,-0.1458743124807,0.386036237653,0.1458310352856
5.432503314924,4.067136031064,1.863122064049,4.067136030847,1.863122064019,-0.3869979788834,-0.1445079374129,0.3870134773476,0.1444640551261
5.495408738576,4.08032138329,1.845926160755,4.080321383405,1.845926160828,-0.3879568307209,-0.1431480432187,0.3879723606715,0.1431035496059
5.559042572704,4.093259395634,1.828801975426,4.093259395842,1.828801975606,-0.3888975920288,-0.1417948062085,0.3889131528603,0.1417496949661
5.623413251904,4.105953619696,1.811752117069,4.105953619769,1.811752117107,-0.3898205274857,-0.1404483950175,0.3898361186012,0.1404026597717
5.688529308438,4.118407601933,1.794779087084,4.118407601523,1.794779086978,-0.390725901102,-0.1391089707735,0.3907415219134,0.1390626050787
5.754399373372,4.130624880544,1.777885281194,4.130624880689,1.777885281233,-0.3916139759882,-0.1377766872364,0.3916296259159,0.1377296845746
5.821032177709,4.142608987294,1.761072992887,4.142608987539,1.761072992962,-0.3924850145836,-0.1364516910457,0.3925006930566,0.1364040448251
5.888436553556,4.15436343959,1.744344413521,4.154363439427,1.74434441345,-0.3933392779644,-0.1351341217227,0.3933549844201,0.1350858252764
5.95662143529,4.165891741468,1.727701635438,4.16589174164,1.727701635486,-0.3941770259889,-0.1338241118935,0.3941927598734,0.1337751584787
6.025595860744,4.177197383319,1.711146654993,4.177197383363,1.711146655009,-0.3949985173236,-0.1325217875135,0.3950142780914,0.1324721703102
6.095368972402,4.188283836602,1.694681373036,4.188283836241,1.694681372948,-0.3958040089906,-0.131227267888,0.3958197961043,0.1311769799978
6.165950018615,4.199154554241,1.678307598122,4.199154554442,1.678307598221,-0.3965937564512,-0.12994066591,0.3966095693821,0.1298897003549
6.237348354824,4.209812970183,1.66202704906,4.209812970063,1.662027049051,-0.3973680136082,-0.1286620882429,0.3973838518356,0.1286104379643
6.309573444802,4.220262494537,1.645841355674,4.220262494864,1.645841355783,-0.3981270323874,-0.1273916353658,0.3981428953989,0.1273392932232
6.382634861906,4.230506515025,1.629752062084,4.230506514784,1.629752061971,-0.3988710629132,-0.1261294018128,0.3988869502044,0.1260763605828
6.456542290347,4.240548393954,1.61376062834,4.240548393752,1.613760628242,-0.3996003532613,-0.1248754762895,0.399616264336,0.1248217286643
6.531305526475,4.250391468125,1.597868432787,4.250391468356,1.597868432798,-0.4003151494833,-0.1236299418392,0.4003310838532,0.1235754804256
6.606934480076,4.260039047008,1.582076773863,4.260039046761,1.582076773839,-0.4010156954672,-0.1223928759673,0.4010316526519,0.1223376932856
6.683439175686,4.269494412672,1.566386872832,4.269494412478,1.566386872769,-0.4017022329628,-0.1211643508442,0.4017182124899,0.1211084393268
6.76082975392,4.278760816376,1.550799874722,4.278760816104,1.550799874662,-0.4023750012885,-0.1199444333604,0.402391002693,0.1198877853507
6.839116472814,4.287841480176,1.535316851442,4.287841479971,1.535316851376,-0.4030342375099,-0.1187331853566,0.4030502603347,0.1186757931077
6.918309709189,4.296739594888,1.519938803222,4.296739594747,1.519938803181,-0.4036801762725,-0.1175306637197,0.4036962200681,0.1174725193932
6.998419960023,4.305458319526,1.504666660891,4.305458319387,1.504666660838,-0.4043130497741,-0.1163369205485,0.4043291140984,0.1162780162135
7.079457843841,4.314000779604,1.489501287452,4.314000779597,1.489501287414,-0.4049330876257,-0.1151520032623,0.4049491720439,0.1150923308937
7.161434102129,4.32237006858,1.474443480546,4.322370068868,1.474443480662,-0.4055405170068,-0.113975954775,0.4055566210916,0.1139155062524
7.24435960075,4.330569245141,1.459493973976,4.330569245291,1.459493974014,-0.4061355624312,-0.1128088136049,0.4061516857624,0.1127475807117
7.328245331389,4.338601333728,1.444653439818,4.338601333872,1.444653439852,-0.406718445812,-0.111650614024,0.4067345879765,0.1115885884458
7.413102413009,4.346469323012,1.429922489935,4.346469323201,1.429922489997,-0.4072893863355,-0.1105013861621,0.4073055469274,0.1104385594853
7.498942093325,4.354176167006,1.415301678289,4.354176167122,1.415301678367,-0.4078486005791,-0.1093611561727,0.4078647791992,0.1092975198837
7.585775750292,4.36172478467,1.400791502728,4.361724784445,1.400791502682,-0.4083963024876,-0.1082299463596,0.4084124987437,0.1081654918429
7.673614893618,4.369118055891,1.386392405838,4.369118055901,1.38639240581,-0.4089327030102,-0.1071077752345,0.4089489165167,0.1070424937718
7.762471166287,4.376358826148,1.372104777908,4.37635882645,1.372104777951,-0.4094580105465,-0.1059946577285,0.4094742409246,0.1059285404974
7.852356346101,4.383449904684,1.357928958204,4.383449904837,1.357928958256,-0.4099724307849,-0.1048906052813,0.4099886776624,0.1048236433537
7.943282347243,4.390394061354,1.343865236043,4.390394061659,1.343865236059,-0.4104761664187,-0.1037956259171,0.4104924294295,0.1037278102582
8.035261221856,4.397194030679,1.329913853238,4.39719403071,1.329913853298,-0.41096941753,-0.1027097244145,0.4109856963146,0.1026410458811
8.128305161641,4.403852509243,1.316075005487,4.403852509175,1.316075005467,-0.4114523813552,-0.1016329024117,0.4114686755604,0.1015633517511
8.222426499471,4.410372155395,1.302348843429,4.410372155212,1.302348843452,-0.4119252522617,-0.1005651584698,0.4119415615403,0.1004947263184
8.317637711027,4.416755590908,1.288735475026,4.416755590971,1.288735475028,-0.4123882219084,-0.09950648825165,0.4124045459194,0.09943516513352
8.413951416452,4.42300539966,1.275234966449,4.423005399472,1.275234966407,-0.4128414791262,-0.09845688457629,0.4128578175343,0.09838466090173
8.511380382024,4.429124128085,1.26184734385,4.429124127919,1.261847343766,-0.4132852099633,-0.0974163375479,0.4133015624392,0.09734320361212
8.609937521846,4.435114283599,1.248572594341,4.435114284126,1.248572594397,-0.4137195975411,-0.09638483462185,0.4137359637613,0.09631078060358
8.709635899561,4.440978339876,1.23541066869,4.440978339839,1.235410668641,-0.4141448225475,-0.09536236079979,0.414161202194,0.09528737675975
8.81048873008,4.446718728193,1.222361480583,4.446718728008,1.222361480471,-0.414561062432,-0.09434889856901,0.4145774551925,0.09427297444861
8.912509381338,4.452337845671,1.209424909914,4.452337845847,1.209424909932,-0.414968492173,-0.09334442814161,0.4149848977406,0.09326755376138
9.01571137606,4.45783805246,1.196600803367,4.457838052161,1.196600803307,-0.415367284016,-0.09234892749209,0.4153837020891,0.09227109255028
9.120108393559,4.463221669452,1.1838889752,4.463221669942,1.183888975312,-0.4157576072603,-0.09136237241127,0.4157740375425,0.09128356648236
9.225714271548,4.468490983453,1.171289209554,4.468490982934,1.171289209467,-0.4161396287376,-0.09038473667194,0.4161560709378,0.09030494920515
9.33254300797,4.473648241472,1.158801260441,4.473648241579,1.158801260482,-0.416513512281,-0.08941599202392,0.416529966113,0.08933521234172
9.440608762859,4.478695657018,1.146424854118,4.478695657328,1.146424854131,-0.4168794193063,-0.08845610836345,0.4168958844889,0.08837432566001
9.549925860214,4.483635405465,1.134159689341,4.483635405542,1.1341596894,-0.4172375083795,-0.08750505374981,0.4172539846364,0.08742225708951
9.660508789898,4.488469627169,1.122005439097,4.488469627217,1.12200543913,-0.4175879355036,-0.08656279452895,0.4176044225632,0.08647897284482
9.772372209558,4.493200427175,1.109961751399,4.493200427332,1.109961751425,-0.4179308540864,-0.0856292953854,0.4179473516818,0.08554443747754
9.88553094657,4.4978298738,1.098028250232,4.497829873515,1.098028250173,-0.4182664148066,-0.0847045194117,0.4182829226755,0.08461861394572
10.0,4.502360001299,1.086204536835,4.502360001062,1.086204536809,-0.4185947658559,-0.08378842819481,0.4186112837403,0.08370146370026
10.1157945426,4.506792808197,1.074490190609,4.506792808543,1.074490190675,-0.4189160527801,-0.08288098188494,0.4189325804266,0.08279294675369
10.23292992281,4.511130260784,1.062884770459,4.511130260802,1.062884770474,-0.4192304187989,-0.08198213928618,0.4192469559582,0.08189302177077
10.35142166679,4.515374288572,1.051387814838,4.515374288416,1.051387814812,-0.419538004378,-0.08109185785643,0.419554550805,0.08100164606846
10.47128548051,4.519526788809,1.039998843642,4.519526788396,1.039998843572,-0.4198389476436,-0.08021009384706,0.4198555030974,0.08011877575555
10.59253725177,4.523589624115,1.028717358434,4.523589624171,1.028717358462,-0.4201333841571,-0.07933680231272,0.4201499484007,0.07924436574243
10.71519305238,4.527564626247,1.017542843964,4.527564626066,1.017542843947,-0.4204214472583,-0.0784719372205,0.4204380200586,0.07837836985019
10.83926914021,4.531453592098,1.006474768302,4.531453591784,1.006474768268,-0.4207032676881,-0.07761545145808,0.420719848816,0.07752074081889
10.96478196143,4.535258286426,0.9955125839658,4.535258286399,0.9955125839407,-0.4209789738355,-0.07676729691154,0.4209955630654,0.07667143038522
11.09174815262,4.538980442952,0.9846557289537,4.53898044334,0.9846557290136,-0.4212486918329,-0.0759274245398,0.4212652889428,0.07583038935698
11.22018454302,4.542621764678,0.9739036274492,4.54262176466,0.9739036274525,-0.421512545579,-0.07509578442311,0.4215291503507,0.0749975676615
11.35010815672,4.546183920722,0.9632556899473,4.546183921018,0.9632556899987,-0.4217706564383,-0.07427232576916,0.4217872686569,0.07417291435188
11.48153621497,4.549668551738,0.952711314816,4.549668552187,0.9527113148506,-0.4220231437369,-0.07345699702444,0.4220397631908,0.07335637771811
11.6144861384,4.553077267003,0.9422698885563,4.553077267553,0.942269888617,-0.4222701244857,-0.07264974589301,0.4222867509667,0.07254790530599
11.7489755494,4.55641164692,0.931930786691,4.556411646642,0.9319307866475,-0.4225117136044,-0.07185051939649,0.4225283469075,0.07174744397703
11.88502227437,4.559673239569,0.9216933738093,4.559673239373,0.9216933737833,-0.422748023596,-0.07105926387517,0.4227646635193,0.07095493990961
12.02264434617,4.562863567219,0.9115570053628,4.562863567069,0.9115570053563,-0.4229791651415,-0.07027592512025,0.4229958114861,0.07017033873108
12.16186000646,4.565984120497,0.9015210270077,4.565984120701,0.9015210270135,-0.4232052465535,-0.06950044831841,0.4232218991233,0.06939358546242
12.30268770812,4.569036364626,0.8915847763404,4.569036364691,0.8915847763679,-0.4234263743458,-0.06873277818052,0.4234430329478,0.06862462464685
12.44514611771,4.572021734651,0.8817475825867,4.572021734655,0.881747582581,-0.4236426527841,-0.06797285891546,0.423659317228,0.06786340032369
12.58925411794,4.574941638744,0.8720087675795,4.574941638911,0.8720087676198,-0.4238541841849,-0.06722063429885,0.4238708542829,0.06710985609706
12.73503081017,4.577797458,0.8623676462273,4.577797458004,0.8623676462222,-0.4240610688883,-0.06647604770576,0.4240777444555,0.06636393516851
12.88249551693,4.580590545961,0.8528235269097,4.580590546219,0.8528235269365,-0.4242634052074,-0.0657390421377,0.4242800860613,0.06562558036411
13.03166778452,4.583322232732,0.8433757125769,4.583322232621,0.8433757125464,-0.4244612898011,-0.06500956030208,0.4244779757616,0.06489473421368
13.18256738556,4.585993818049,0.8340234999496,4.585993818005,0.8340234999521,-0.4246548170247,-0.06428754454783,0.4246715079141,0.06417133888669
13.33521432163,4.588606579945,0.8247661815143,4.588606579993,0.8247661815247,-0.4248440797257,-0.06357293701549,0.4248607753685,0.06345533634201
13.48962882592,4.591161769728,0.8156030448743,4.591161769727,0.81560304489,-0.4250291687696,-0.06286567958206,0.4250458689927,0.06274666827295
13.64583136589,4.593660613899,0.8065333736279,4.593660613916,0.8065333736129,-0.4252101732116,-0.06216571392759,0.425226877844,0.06204527617376
13.80384264603,4.596104315323,0.7975564477254,4.596104315341,0.7975564477375,-0.4253871803965,-0.06147298155631,0.4254038892691,0.06135110136074
13.96368361056,4.598494052722,0.7886715439122,4.598494052611,0.7886715439011,-0.4255602759047,-0.06078742383057,0.4255769888504,0.0606640850061
14.12537544623,4.600830981296,0.7798779359907,4.60083098092,0.7798779359634,-0.4257295436019,-0.06010898198513,0.4257462604557,0.05998416815236
14.28893958511,4.603116232495,0.7711748952113,4.603116232561,0.771174895197,-0.4258950656109,-0.05943759715615,0.4259117862094,0.05931129174117
14.45439770746,4.60535091624,0.762561690838,4.605350916656,0.762561690887,-0.4260569225099,-0.05877321042006,0.4260736466915,0.05864539665225
14.62177174457,4.607536119894,0.754037590326,4.607536119675,0.7540375903132,-0.426215193229,-0.05811576280547,0.4262319208338,0.05798642371523
14.79108388168,4.609672907222,0.7456018594221,4.609672907715,0.7456018594972,-0.4263699549482,-0.05746519529798,0.426386685818,0.0573343137145
14.96235656094,4.611762323587,0.7372537631854,4.611762323429,0.7372537631525,-0.4265212835694,-0.05682144891478,0.4265380175473,0.05668900746364
15.13561248436,4.613805390297,0.7289925654461,4.613805389838,0.7289925653797,-0.4266692531877,-0.05618446466228,0.4266859901184,0.05605044576318
15.31087461682,4.615803107359,0.7208175294487,4.615803107517,0.7208175294845,-0.4268139363376,-0.05555418358225,0.4268306760672,0.05541856944671
15.48816618913,4.617756458662,0.7127279187532,4.617756458656,0.7127279187593,-0.4269554044667,-0.05493054681687,0.4269721468425,0.05479331944567
15.66751070108,4.619666403338,0.7047229963171,4.619666403723,0.7047229963333,-0.4270937271287,-0.0543134955388,0.4271104719993,0.05417463671974
15.84893192461,4.621533883656,0.6968020257298,4.621533883478,0.6968020257011,-0.4272289727069,-0.05370297104091,0.427245719922,0.05356246234629
16.0324539069,4.623359820157,0.6889642708402,4.623359820237,0.6889642708596,-0.427361207958,-0.05309891470796,0.4273779573685,0.05295673749214
16.21810097359,4.625145117115,0.6812089965942,4.625145116557,0.6812089965376,-0.4274904985093,-0.05250126807629,0.4275072499669,0.05235740347316
16.405897732,4.626890656845,0.6735354685444,4.626890656999,0.6735354685306,-0.4276169083266,-0.0519099727966,0.4276336616842,0.05176440171712
16.59586907438,4.628597307329,0.665942953956,4.628597307319,0.6659429539364,-0.4277405004122,-0.05132497071422,0.4277572555233,0.05117767384378
16.78804018123,4.630265914628,0.658430720978,4.630265914958,0.6584307209837,-0.4278613360968,-0.05074620380506,0.4278780928159,0.05059716160097
16.98243652462,4.631897310479,0.6509980398716,4.631897310523,0.6509980398486,-0.4279794757357,-0.05017361426789,0.427996233918,0.05002280695671
17.17908387158,4.633492306613,0.6436441823522,4.633492306729,0.643644182353,-0.4280949781768,-0.04960714447189,0.4281117376781,0.04945455204686
17.37800828749,4.635051699092,0.6363684222996,4.635051699121,0.6363684223279,-0.4282079011555,-0.04904673700885,0.4282246618321,0.04889233922717
17.57923613959,4.636576266949,0.6291700357542,4.636576267302,0.6291700357949,-0.4283183011626,-0.04849233469199,0.4283350628714,0.04833611107214
17.78279410039,4.63806677409,0.6220483012268,4.638066774116,0.6220483012343,-0.4284262336138,-0.04794388057702,0.4284429962123,0.04778581039596
17.98870915129,4.639523966018,0.61500249943,4.639523966363,0.6150024994514,-0.4285317525414,-0.04740131794053,0.4285485158873,0.04724138023106
18.1970085861,4.640948574707,0.6080319140606,4.640948574741,0.6080319140533,-0.4286349110383,-0.04686459033902,0.4286516749895,0.04670276388685
18.40772001469,4.642341314786,0.6011358313325,4.642341314811,0.6011358313125,-0.4287357608996,-0.04633364157023,0.4287525253145,0.04616990491126
18.62087136663,4.643702887597,0.5943135406133,4.643702887445,0.5943135406021,-0.4288343529918,-0.04580841572086,0.4288511177286,0.04564274713826
18.8364908949,4.64503397844,0.5875643342459,4.645033978249,0.5875643342336,-0.4289307369924,-0.04528885715265,0.4289475019098,0.04512123467397
19.05460717963,4.64633525873,0.5808875077969,4.646335258263,0.5808875077637,-0.4290249615839,-0.0447749105183,0.4290417265403,0.04460531191254
19.27524913191,4.64760738378,0.5742823599637,4.647607383634,0.5742823599613,-0.4291170742433,-0.04426652075451,0.4291338390971,0.04409492352924
19.49844599758,4.648850997946,0.5677481931601,4.648850998101,0.56774819319,-0.4292071217112,-0.04376363312379,0.4292238863209,0.04359001452201
19.72422736115,4.650066730487,0.5612843132431,4.650066730355,0.5612843132343,-0.4292951496054,-0.04326619319468,0.429311913829,0.04309053019187
19.95262314969,4.651255196627,0.5548900295426,4.651255196269,0.5548900295067,-0.4293812025124,-0.04277414684024,0.4293979662078,0.04259641614129
20.18366363682,4.652416998037,0.5485646551318,4.652416998043,0.5485646551129,-0.4294653240277,-0.04228744025983,0.4294820870523,0.042107618296
20.4173794467,4.653552725518,0.5423075070588,4.653552725142,0.5423075070292,-0.4295475569977,-0.0418060199937,0.4295643192086,0.04162408291933
20.65380155811,4.654662954578,0.5361179060378,4.654662954466,0.53611790603,-0.4296279431065,-0.04132983290038,0.4296447043604,0.04114575658991
20.89296130854,4.655748251646,0.5299951770628,4.65574825128,0.5299951770337,-0.429706523445,-0.04085882620056,0.4297232835979,0.04067258624513
21.13489039837,4.656809166923,0.5239386487416,4.656809167331,0.5239386487758,-0.4297833378455,-0.04039294742637,0.4298000967527,0.04020451913074
21.37962089502,4.657846243034,0.5179476542492,4.657846243051,0.5179476542477,-0.429858425676,-0.03993214449266,0.4298751831924,0.03974150287178
21.62718523727,4.658860007331,0.5120215305544,4.658860007462,0.5120215305731,-0.4299318251248,-0.03947636563735,0.4299485811041,0.03928348541314
21.8776162395,4.659850978628,0.5061596191713,4.659850978069,0.5061596191377,-0.4300035738175,-0.03902555947781,0.4300203281128,0.03883041507574
22.13094709606,4.660819660583,0.5003612655092,4.660819660761,0.5003612655245,-0.4300737082021,-0.03857967496053,0.4300904606655,0.03838224050634
22.38721138568,4.661766551169,0.494625819821,4.661766551231,0.4946258198226,-0.4301422644176,-0.03813866143172,0.4301590149002,0.03793891074777
22.64644307593,4.662692133033,0.4889526363014,4.662692133081,0.4889526363037,-0.4302092774012,-0.03770246856864,0.430226025753,0.03750037517063
22.90867652768,4.663596881601,0.4833410739093,4.663596881292,0.4833410738888,-0.4302747816308,-0.03727104644117,0.4302915277006,0.03706658353449
23.17394649969,4.664481258976,0.4777904958081,4.664481259288,0.4777904958263,-0.4303388105585,-0.03684434546881,0.4303555541938,0.03663748594508
23.4422881532,4.665345720133,0.4723002699137,4.665345720103,0.4723002699211,-0.4304013971772,-0.03642231646051,0.4304181382244,0.03621303289387
23.71373705662,4.666190707895,0.4668697685043,4.666190708051,0.4668697685145,-0.430462573554,-0.0360049105855,0.4304793118579,0.03579317522909
23.9883291902,4.667016657485,0.4614983686034,4.667016657319,0.4614983685966,-0.4305223712455,-0.03559207940076,0.4305391066494,0.03537786418289
24.26610095082,4.667823991223,0.4561854515633,4.667823991595,0.4561854515904,-0.4305808208046,-0.03518377481979,0.4305975531504,0.0349670513404
24.54708915685,4.668613127172,0.4509304037689,4.668613127,0.4509304037396,-0.4306379525745,-0.0347799491638,0.4306546817022,0.03456068869045
24.83133105296,4.669384469179,0.4457326158326,4.669384469664,0.4457326158562,-0.4306937957664,-0.03438055510154,0.4307105215144,0.03415872856586
25.1188643151,4.67013841661,0.4405914834089,4.670138416867,0.4405914834224,-0.4307483793529,-0.03398554570951,0.430765101558,0.03376112370308
25.40972705549,4.670875357119,0.4355064065857,4.670875356908,0.4355064065815,-0.4308017313988,-0.03359487442566,0.4308184498954,0.0333678271963
25.70395782769,4.671595670363,0.4304767901893,4.671595670246,0.4304767901709,-0.4308538793986,-0.03320849507165,0.4308705940196,0.0329787925194
26.00159563165,4.672299728966,0.4255020438861,4.672299728589,0.4255020438689,-0.430904850363,-0.03282636186037,0.430921560939,0.03259397353348
26.30267991895,4.672987895392,0.4205815818802,4.672987895273,0.4205815818553,-0.4309546705268,-0.03244842937198,0.4309713768861,0.03221332446291
26.60725059799,4.673660526189,0.4157148232617,4.673660526133,0.415714823267,-0.4310033657365,-0.03207465257973,0.4310200677053,0.03183679992101
26.91534803927,4.674317968849,0.4109011917837,4.674317968849,0.4109011917851,-0.4310509611579,-0.03170498683339,0.4310676585602,0.03146435489352
27.22701308078,4.674960563591,0.4061401159536,4.674960563823,0.4061401159592,-0.4310974814372,-0.03133938786489,0.4311141740943,0.03109594474412
27.54228703338,4.675588643496,0.4014310290275,4.675588643513,0.401431029017,-0.4311429507101,-0.03097781178734,0.4311596384408,0.03073152521347
27.8612116863,4.676202532727,0.396773368895,4.676202533052,0.396773368924,-0.4311873924344,-0.03062021508652,0.431204075055,0.03037105241063
28.18382931265,4.676802550492,0.3921665783375,4.676802550348,0.3921665783354,-0.4312308297529,-0.03026655463931,0.4312475070768,0.03001448283138
28.51018267504,4.67738900734,0.3876101047498,4.677389007206,0.3876101047424,-0.4312732851481,-0.02991678769266,0.4312899569862,0.02966177333721
28.84031503127,4.677962208026,0.3831034003148,4.67796220738,0.3831034002691,-0.4313147807043,-0.02957087187586,0.4313314468641,0.02931288116751
29.17427014001,4.678522448348,0.37864592179,4.678522448461,0.3786459218006,-0.4313553378123,-0.02922876518475,0.4313719980987,0.02896776392384
29.51209226666,4.679070021294,0.3742371308861,4.679070021455,0.3742371308876,-0.4313949777337,-0.02889042600892,0.4314116319483,0.02862637959675
29.85382618918,4.679605210043,0.3698764937694,4.679605210368,0.3698764937801,-0.4314337209529,-0.02855581309442,0.431450368894,0.02828868652887
30.19951720402,4.680128293827,0.3655634814688,4.680128293827,0.3655634814652,-0.4314715877145,-0.0282248855741,0.4314882291771,0.02795464344485
30.54921113216,4.680639544215,0.361297569575,4.680639544147,0.3612975695602,-0.4315085976784,-0.02789760294442,0.4315252324542,0.02762420942831
30.90295432514,4.681139226322,0.3570782382814,4.681139226137,0.3570782382821,-0.4315447700284,-0.0275739250677,0.4315613979054,0.02729734392404
31.26079367124,4.68162760001,0.3529049724998,4.681627600513,0.3529049725307,-0.4315801235806,-0.0272538121815,0.4315967443431,0.02697400674721
31.62277660168,4.682104922189,0.3487772619291,4.682104922188,0.3487772619258,-0.4316146769929,-0.02693722490253,0.4316312904214,0.0266541580871
31.98895109691,4.68257143816,0.34469460047,4.68257143856,0.344694600494,-0.431648447964,-0.02662412418246,0.4316650538353,0.02633775846342
32.35936569296,4.68302739349,0.3406564870063,4.683027393434,0.3406564869968,-0.4316814543267,-0.02631447136687,0.4316980524135,0.0260247687844
32.73406948788,4.683473024806,0.3366624247348,4.683473024542,0.3366624247139,-0.4317137131961,-0.02600822814377,0.4317303032668,0.02571515029597
33.11311214826,4.68390856427,0.3327119214904,4.683908564379,0.3327119214921,-0.4317452413803,-0.02570535656885,0.4317618231992,0.02540886460651
33.49654391578,4.684334239412,0.3288044896056,4.684334239774,0.3288044896123,-0.4317760553621,-0.02540581905293,0.431792628689,0.0251058736744
33.88441561392,4.684750272392,0.3249396459269,4.684750272473,0.3249396459283,-0.4318061712295,-0.02510957836447,0.4318227358199,0.02480613981045
34.27677865465,4.685156880648,0.3211169117916,4.685156880488,0.3211169117934,-0.4318356047328,-0.02481659762696,0.4318521603374,0.02450962567521
34.67368504525,4.685554275889,0.3173358129109,4.685554276124,0.3173358129162,-0.43186437119,-0.02452684030945,0.4318809175547,0.02421629426952
35.07518739526,4.685942666377,0.3135958795217,4.685942666553,0.3135958795309,-0.4318924856943,-0.02424027023849,0.4319090225602,0.02392610894622
35.48133892336,4.686322254819,0.309896646205,4.686322254912,0.3098966462212,-0.4319199629189,-0.02395685158371,0.431936490022,0.02363903339587
35.8921934645,4.686693239828,0.3062376519165,4.686693239597,0.3062376519087,-0.4319468172488,-0.02367654885961,0.4319633343198,0.02335503164832
36.30780547701,4.687055815177,0.3026184399644,4.687055815097,0.3026184399759,-0.4319730627105,-0.02339932692443,0.431989569475,0.02307406807162
36.72823004981,4.687410170712,0.2990385579804,4.687410170522,0.2990385579705,-0.4319987130538,-0.023125150977,0.4320152092319,0.0227961073687
37.15352290972,4.687756491876,0.2954975578926,4.687756491707,0.2954975578835,-0.4320237817069,-0.02285398655494,0.4320402670128,0.02252111457561
37.58374042885,4.688094958971,0.2919949958268,4.688094958978,0.2919949958331,-0.4320482817053,-0.02258579952668,0.4320647558479,0.02224905505348
38.01893963206,4.68842575052,0.2885304322663,4.688425750789,0.2885304322833,-0.4320722260014,-0.02232055610332,0.4320886886832,0.02197989450012
38.45917820454,4.688749039782,0.2851034318318,4.688749039683,0.285103431839,-0.4320956271399,-0.02205822282208,0.4321120780577,0.02171359893358
38.90451449943,4.689064995371,0.2817135632857,4.689064995428,0.2817135632872,-0.4321184973146,-0.02179876654632,0.4321349361586,0.02145013469219
39.35500754558,4.689373783521,0.2783603995932,4.689373783525,0.2783603995891,-0.4321408485747,-0.02154215446964,0.432157275029,0.02118946843831
39.81071705535,4.689675564872,0.275043517756,4.689675565018,0.2750435177618,-0.4321626925267,-0.02128835410372,0.4321791062686,0.0209315671464
40.27170343255,4.689970499466,0.2717624989989,4.689970499357,0.2717624990016,-0.432184040794,-0.02103733329161,0.4322004414943,0.02067639811589
40.73802778041,4.690258741063,0.2685169284594,4.690258740867,0.2685169284559,-0.4322049044909,-0.02078906018442,0.4322212918133,0.02042392894819
41.20975190973,4.690540439946,0.2653063953094,4.690540439822,0.2653063953065,-0.4322252944799,-0.02054350325051,0.4322416680811,0.02017412755563
41.68693834703,4.690815745454,0.2621304928267,4.690815745058,0.2621304928067,-0.4322452216033,-0.02030063128045,0.4322615811326,0.01992696216612
42.16965034286,4.691084801111,0.2589888181064,4.691084800947,0.2589888181016,-0.432264696233,-0.02006041336486,0.4322810413323,0.01968240130134
42.65795188016,4.69134774825,0.2558809722482,4.691347748213,0.2558809722508,-0.4322837286032,-0.01982281890912,0.4323000589067,0.0194404137911
43.15190768278,4.691604725528,0.2528065602481,4.691604725518,0.2528065602425,-0.4323023287638,-0.01958781762426,0.432318643898,0.01920096876414
43.65158322402,4.691855867337,0.2497651909075,4.691855867197,0.2497651908978,-0.4323205064333,-0.0193553795203,0.4323368060165,0.01896403564159
44.15704473533,4.692101306058,0.2467564769206,4.692101305614,0.2467564769098,-0.4323382712044,-0.01912547491292,0.4323545548468,0.01872958414337
44.6683592151,4.692341169649,0.2437800346981,4.692341170178,0.2437800347226,-0.432355632321,-0.01889807440964,0.4323718996242,0.01849758427444
45.18559443749,4.69257558609,0.240835484536,4.692575585849,0.2408354845333,-0.432372599086,-0.01867314892233,0.432388849643,0.01826800633695
45.70881896149,4.692804676576,0.2379224503011,4.692804676255,0.2379224502911,-0.4323891802334,-0.01845066964392,0.4324054136283,0.01804082090742
46.23810213993,4.693028562433,0.2350405596744,4.693028562194,0.2350405596581,-0.4324053845638,-0.01823060806609,0.4324216003715,0.0178159988537
46.77351412872,4.693247361053,0.2321894439475,4.693247361163,0.2321894439597,-0.4324212205685,-0.01801293596401,0.4324374183548,0.01759351132007
47.31512589615,4.693461188138,0.2293687380791,4.693461188169,0.2293687380837,-0.4324366966358,-0.01779762540033,0.4324528759569,0.01737332973093
47.86300923226,4.693670156379,0.2265780806201,4.693670155758,0.2265780805957,-0.4324518209277,-0.01758464871982,0.4324679813298,0.01715542578546
48.41723675841,4.69387437386,0.2238171135886,4.693874373808,0.2238171135874,-0.4324666012315,-0.01737397853935,0.4324827422509,0.01693977144764
48.97788193685,4.694073950141,0.2210854826898,4.694073950325,0.2210854827037,-0.4324810455194,-0.01716558776439,0.4324971666822,0.0167263389622
49.54501908048,4.694268989169,0.2183828370093,4.694268989179,0.2183828370098,-0.4324951612944,-0.01695944956623,0.432511262116,0.01651510083233
50.11872336273,4.694459593716,0.215708829132,4.694459593978,0.2157088291377,-0.4325089559977,-0.0167555373903,0.4325250359828,0.01630602982753
50.69907082747,4.694645864599,0.2130631150946,4.694645865032,0.2130631151059,-0.4325224369363,-0.01655382495283,0.4325384955786,0.01609909898027
51.28613839914,4.694827899902,0.2104453543102,4.694827900406,0.2104453543246,-0.4325356112097,-0.01635428623496,0.4325516479916,0.01589428158008
51.8800038929,4.695005795015,0.2078552095389,4.69500579519,0.2078552095358,-0.4325484857134,-0.01615689548047,0.4325645001055,0.01569155117116
52.48074602498,4.695179644327,0.2052923469054,4.695179643834,0.2052923468939,-0.4325610672929,-0.01596162719672,0.4325770587541,0.01549088155314
53.0884444231,4.695349537695,0.2027564357567,4.695349537616,0.2027564357606,-0.4325733624181,-0.01576845614443,0.4325893303951,0.01529224677104
53.70317963703,4.695515566525,0.2002471488348,4.695515566727,0.2002471488391,-0.4325853777422,-0.01557735735013,0.4326013216694,0.01509562112708
54.32503314924,4.695677817221,0.1977641619862,4.695677817733,0.1977641619936,-0.4325971194978,-0.01538830608404,0.4326130387965,0.0149009791591
54.95408738576,4.695836376167,0.1953071543502,4.695836376429,0.1953071543584,-0.4326085939542,-0.01520127787486,0.4326244880329,0.01470829565473
55.59042572704,4.695991326465,0.1928758081719,4.69599132658,0.1928758081688,-0.4326198071169,-0.01501624849498,0.4326356753707,0.01451754563693
56.23413251904,4.696142749353,0.1904698088287,4.696142749698,0.1904698088429,-0.4326307648564,-0.01483319396258,0.4326466066667,0.01432870436572
56.88529308439,4.696290726426,0.1880888448792,4.696290726094,0.1880888448649,-0.432641473113,-0.01465209054533,0.4326572878472,0.01414174734166
57.54399373372,4.696435333364,0.1857326078071,4.696435333621,0.1857326078102,-0.4326519373176,-0.01447291474095,0.4326677243287,0.01395665028694
58.21032177709,4.696576647378,0.1834007922434,4.696576647188,0.1834007922402,-0.4326621630767,-0.01429564329385,0.4326779217029,0.01377338916109
58.88436553556,4.696714743396,0.181093095802,4.696714743403,0.1810930958081,-0.4326721558207,-0.01412025318273,0.4326878853853,0.01359194014894
59.5662143529,4.696849694101,0.1788092190552,4.696849694185,0.1788092190571,-0.4326819208062,-0.01394672161872,0.4326976206171,0.01341227965865
60.25595860744,4.696981570505,0.1765488654985,4.696981570123,0.1765488654923,-0.4326914631689,-0.01377502604236,0.432707132518,0.01323438431849
60.95368972402,4.697110441713,0.1743117415495,4.697110442297,0.1743117415653,-0.4327007879,-0.01360514412409,0.4327164260634,0.0130582309773
61.65950018615,4.697236376596,0.1720975565155,4.697236376657,0.1720975565227,-0.4327099000006,-0.01343705376093,0.4327255062375,0.01288379670082
62.37348354824,4.697359441625,0.1699060225379,4.697359441741,0.1699060225482,-0.432718804281,-0.01327073307291,0.4327343778339,0.01271105876833
63.09573444802,4.697479701453,0.1677368545592,4.697479701516,0.1677368545602,-0.4327275054134,-0.01310616040027,0.4327430455075,0.01253999466961
63.82634861906,4.697597218936,0.1655897702847,4.697597218991,0.1655897702837,-0.4327360079341,-0.01294331430039,0.4327515137767,0.0123705821018
64.56542290347,4.697712057366,0.1634644902356,4.697712057519,0.1634644902456,-0.4327443164473,-0.01278217355207,0.4327597872277,0.01220279897329
65.31305526475,4.697824276649,0.1613607375814,4.697824276718,0.1613607375828,-0.4327524352734,-0.01262271714247,0.4327678701622,0.01203662339101
66.06934480076,4.697933935528,0.159278238196,4.697933935567,0.1592782381959,-0.4327603686526,-0.01246492427164,0.4327757668014,0.01187203366459
66.83439175686,4.698041092435,0.1572167206353,4.698041092936,0.1572167206445,-0.4327681208231,-0.01230877435058,0.4327834813639,0.01170900830417
67.6082975392,4.698145804692,0.1551759160843,4.698145804792,0.1551759160844,-0.4327756959466,-0.01215424699723,0.4327910179917,0.01154752601641
68.39116472814,4.698248126615,0.153155558276,4.698248126262,0.1531555582782,-0.4327830979332,-0.01200132203037,0.4327983805743,0.01138756569847
69.1830970919,4.698348112556,0.151155383557,4.698348112426,0.1511553835561,-0.432790330721,-0.01184997947469,0.4328055730291,0.01122910644264
69.98419960023,4.69844581528,0.1491751307844,4.698445815256,0.1491751307854,-0.4327973981264,-0.01170019955259,0.4328125991508,0.01107212752814
70.79457843842,4.698541286264,0.147214541319,4.698541286198,0.1472145413271,-0.4328043038706,-0.01155196268384,0.432819462639,0.01091660842071
71.61434102129,4.698634575996,0.1452733590155,4.698634576448,0.1452733590261,-0.4328110516067,-0.01140524948506,0.4328261671242,0.01076252877186
72.4435960075,4.698725734542,0.1433513301805,4.698725734659,0.1433513301786,-0.4328176449715,-0.01126004076607,0.4328327162205,0.01060986841504
73.28245331389,4.698814809374,0.1414482035097,4.698814809524,0.1414482035115,-0.4328240873851,-0.0111163175255,0.4328391133243,0.01045860736145
74.13102413009,4.698901847312,0.1395637300861,4.698901847481,0.139563730087,-0.4328303822292,-0.01097406095031,0.4328453617934,0.01030872579912
74.98942093325,4.698986895096,0.137697663391,4.698986894785,0.1376976633829,-0.4328365328989,-0.01083325241696,0.4328514649983,0.01016020409391
75.85775750292,4.699069996383,0.135849759172,4.699069996495,0.135849759172,-0.4328425425262,-0.01069387348107,0.4328574260457,0.01001302277943
76.73614893618,4.699151196712,0.1340197755613,4.69915119649,0.1340197755598,-0.4328484144363,-0.01055590588667,0.4328632482353,0.009867162565469
77.62471166287,4.699230538028,0.1322074728885,4.699230537997,0.1322074728885,-0.4328541516436,-0.0104193315517,0.4328689345549,0.009722604324139
78.52356346101,4.699308062551,0.1304126137686,4.699308062579,0.1304126137693,-0.4328597572064,-0.01028413257496,0.4328744880359,0.00957932909615
79.43282347243,4.699383810867,0.1286349630125,4.699383811175,0.1286349630135,-0.4328652340517,-0.01015029122914,0.4328799115778,0.009437318083969
80.35261221856,4.699457824146,0.1268742876542,4.69945782386,0.1268742876488,-0.4328705851785,-0.01001778996296,0.4328852081512,0.009296552653474
81.28305161641,4.699530140311,0.1251303568349,4.699530140367,0.1251303568311,-0.4328758133051,-0.009886611392302,0.4328903804455,0.009157014325546
82.22426499471,4.699600798183,0.1234029418734,4.699600798054,0.1234029418698,-0.4328809212494,-0.009756738305714,0.432895431249,0.009018684780799
83.17637711027,4.699669834191,0.121691816152,4.69966983422,0.1216918161561,-0.4328859116268,-0.009628153655471,0.4329003631467,0.008881545850998
84.13951416452,4.699737287068,0.1199967552133,4.69973728689,0.1199967552077,-0.4328907872811,-0.009500840565371,0.4329051789517,0.008745579525974
85.11380382024,4.699803189896,0.1183175365358,4.699803189956,0.1183175365392,-0.4328955505524,-0.009374782313207,0.4329098809721,0.008610767937209
86.09937521846,4.699867579461,0.1166539397291,4.699867579341,0.1166539397257,-0.432900204138,-0.009249962346043,0.4329144718728,0.008477093371474
87.09635899561,4.69993048858,0.1150057463194,4.699930488393,0.1150057463187,-0.4329047503851,-0.009126364263443,0.4329189539677,0.00834453825514
88.1048873008,4.699991950783,0.1133727398586,4.699991951239,0.1133727398692,-0.4329091917218,-0.009003971826475,0.4329233296511,0.008213085162268
89.12509381338,4.700051999231,0.111754705824,4.700051999452,0.1117547058305,-0.4329135305575,-0.008882768949246,0.4329276012973,0.008082716806167
90.1571137606,4.70011066563,0.1101514316256,4.700110665661,0.1101514316294,-0.432917769182,-0.008762739700359,0.4329317711607,0.007953416040873
91.20108393559,4.700167980521,0.1085627065326,4.70016798022,0.1085627065298,-0.4329219097921,-0.008643868296486,0.4329358414015,0.007825165854523
92.25714271548,4.700223974117,0.1069883217082,4.700223973791,0.1069883217,-0.4329259545684,-0.008526139105782,0.4329398141631,0.007697949372465
93.3254300797,4.700278676317,0.1054280701523,4.700278676066,0.1054280701475,-0.4329299056762,-0.008409536643021,0.4329436915726,0.007571749852226
94.40608762859,4.70033211562,0.103881746675,4.700332115523,0.1038817466776,-0.4329337651652,-0.008294045567902,0.4329474756405,0.007446550681852
95.49925860215,4.70038432161,0.1023491479094,4.700384321234,0.1023491479019,-0.432937535198,-0.008179650686022,0.4329511684897,0.007322335380257
96.60508789898,4.7004353203,0.1008300721932,4.700435320302,0.10083007219,-0.4329412176212,-0.008066336939602,0.4329547719255,0.007199087588638
97.72372209558,4.700485139634,0.09932431966131,4.700485139419,0.09932431966143,-0.4329448144717,-0.007954089415027,0.4329582879431,0.007076791076837
98.8553094657,4.700533806209,0.09783169214997,4.700533805892,0.09783169214382,-0.4329483276743,-0.007842893335291,0.4329617184246,0.006955429736213
100.0,4.700581344458,0.0963519931538,4.700581344582,0.0963519931563,-0.4329517589665,-0.00773273405667,0.4329650650634,0.006834987576304
101.157945426,4.700627780783,0.09488502788453,4.700627780728,0.09488502788869,-0.4329551102788,-0.007623597073518,0.4329683297452,0.006715448728666
102.3292992281,4.700673139444,0.09343060317128,4.700673139704,0.09343060317616,-0.4329583833559,-0.007515468010552,0.4329715141688,0.006596797439754
103.5142166679,4.700717444498,0.09198852746175,4.700717444713,0.09198852746183,-0.4329615799346,-0.007408332622885,0.432974620024,0.00647901807041
104.7128548051,4.700760719803,0.09055861081178,4.700760719625,0.09055861080722,-0.4329647017445,-0.007302176795505,0.4329776489924,0.006362095095158
105.9253725177,4.70080298711,0.08914066481863,4.700802986924,0.08914066481565,-0.4329677503317,-0.007196986537971,0.4329806025706,0.006246013097095
107.1519305238,4.70084426937,0.08773450265587,4.70084426926,0.08773450265559,-0.432970727363,-0.007092747987311,0.4329834823752,0.006130756769946
108.3926914021,4.700884588266,0.08633993901104,4.700884588432,0.08633993901479,-0.4329736343987,-0.006989447403243,0.432986289915,0.006016310913585
109.6478196143,4.700923965878,0.08495679008468,4.700923965903,0.08495679008143,-0.4329764730457,-0.006887071168158,0.432989026744,0.005902660433491
110.9174815262,4.700962422765,0.08358487354022,4.700962422555,0.08358487354009,-0.43297924478,-0.006785605783313,0.4329916942844,0.005789790337142
112.2018454302,4.700999977975,0.08222400848409,4.700999978437,0.08222400849175,-0.4329819509485,-0.006685037867384,0.4329942938277,0.005677685732382
113.5010815672,4.701036653726,0.08087401550004,4.701036653803,0.08087401549988,-0.4329845931989,-0.006585354159155,0.4329968269652,0.005566331828914
114.8153621497,4.701072468269,0.07953471653804,4.701072468084,0.07953471653743,-0.4329871728228,-0.006486541509059,0.4329992949304,0.005455713931158
116.144861384,4.701107439746,0.07820593493686,4.701107439647,0.07820593493935,-0.4329896911103,-0.006388586880921,0.4330016989546,0.005345817438979
117.489755494,4.70114158757,0.07688749542374,4.701141587591,0.07688749542545,-0.4329921494775,-0.0062914773521,0.433004040393,0.005236627847317
118.8502227437,4.701174929687,0.07557922405425,4.701174929704,0.07557922405476,-0.4329945492135,-0.006195200108855,0.4330063204728,0.00512813074194
120.2264434617,4.701207483957,0.0742809482109,4.701207484264,0.07428094821226,-0.432996891608,-0.00609974244638,0.4330085404203,0.005020311798967
121.6186000646,4.701239267885,0.07299249657196,4.701239267992,0.07299249657201,-0.4329991779259,-0.006005091766381,0.4330107014355,0.004913156782292
123.0268770812,4.701270297262,0.07171369907042,4.701270297086,0.07171369906719,-0.4330014092821,-0.005911235573911,0.4330128045667,0.004806651540525
124.4514611771,4.701300589185,0.07044438692933,4.701300589022,0.07044438692833,-0.4330035869196,-0.005818161480555,0.4330148509891,0.004700782009258
125.8925411794,4.701330159599,0.06918439258201,4.701330159477,0.06918439258225,-0.4330057119826,-0.005725857197875,0.4330168417773,0.00459553420486
127.3503081017,4.701359023575,0.06793354967704,4.701359023879,0.06793354967854,-0.4330077855423,-0.005634310538203,0.4330187779313,0.004490894224989
128.8249551693,4.701387197793,0.06669169307026,4.701387197669,0.06669169307075,-0.4330098088252,-0.005543509413988,0.4330206606047,0.004386848247115
130.3166778452,4.701414696422,0.06545865876801,4.701414696301,0.06545865876563,-0.4330117828337,-0.005453441833506,0.4330224907254,0.004283382524995
131.8256738556,4.701441533606,0.06423428392317,4.701441533711,0.06423428392423,-0.4330137085745,-0.005364095900566,0.4330242692238,0.004180483387561
133.3521432163,4.701467724015,0.06301840682647,4.701467723862,0.0630184068279,-0.4330155871095,-0.005275459814044,0.4330259970838,0.004078137238068
134.8962882592,4.701493281481,0.06181086687623,4.701493281517,0.06181086687946,-0.4330174194301,-0.005187521865654,0.4330276752168,0.003976330551977
136.4583136589,4.701518219549,0.06061150454987,4.70151821968,0.06061150455293,-0.4330192065075,-0.005100270437666,0.4330293045124,0.003875049874293
138.0384264603,4.701542551214,0.05942016139395,4.701542551136,0.05942016139534,-0.4330209492687,-0.005013694002401,0.4330308858137,0.003774281818893
139.6368361056,4.701566289472,0.05823667999866,4.701566289998,0.05823667999947,-0.4330226486466,-0.00492778112022,0.4330324199683,0.003674013066125
141.2537544623,4.701589447878,0.0570609039909,4.701589447864,0.05706090398729,-0.4330243056318,-0.004842520439248,0.433033907879,0.003574230362132
142.8893958511,4.701612036427,0.05589267797002,4.701612036897,0.05589267797459,-0.4330259208927,-0.004757900690194,0.4330353501247,0.00347492051453
144.5439770746,4.701634069257,0.05473184756053,4.701634069317,0.05473184756073,-0.4330274954851,-0.004673910690937,0.4330367476693,0.003376070394675
146.2177174457,4.701655556957,0.05357825932665,4.701655557148,0.05357825932673,-0.4330290301433,-0.004590539339708,0.4330381011534,0.003277666932658
147.9108388168,4.701676511245,0.05243176078812,4.701676511197,0.05243176078617,-0.4330305257112,-0.004507775616542,0.4330394113248,0.003179697117238
149.6235656094,4.701696943325,0.05129220038427,4.701696943111,0.0512922003833,-0.4330319829906,-0.004425608580499,0.433040678887,0.003082147993242
151.3561248436,4.701716864165,0.05015942746462,4.701716863837,0.0501594274625,-0.4330334027667,-0.004344027369162,0.4330419045247,0.00298500666073
153.1087461682,4.701736282854,0.04903329225065,4.701736282861,0.0490332922515,-0.433034785657,-0.004263021195606,0.4330430887523,0.00288826027217
154.8816618913,4.701755211828,0.04791364586093,4.701755211545,0.04791364585742,-0.4330361325917,-0.004182579350796,0.4330442323948,0.002791896033054
156.6751070108,4.701773659454,0.04680034022876,4.701773659537,0.04680034022932,-0.4330374441316,-0.004102691196814,0.4330453359052,0.002695901197004
158.4893192461,4.701791636905,0.04569322814142,4.701791636572,0.04569322814015,-0.4330387211004,-0.004023346170501,0.433046399997,0.002600263067125
160.324539069,4.701809152121,0.04459216317459,4.701809152218,0.0445921631734,-0.4330399640286,-0.003944533778082,0.4330474250878,0.002504968992147
162.1810097359,4.701826216129,0.04349699971555,4.701826215879,0.04349699971322,-0.4330411737358,-0.003866243597436,0.4330484118815,0.002410006366508
164.05897732,4.701842836179,0.04240759289533,4.701842836288,0.04240759289774,-0.4330423506979,-0.003788465272493,0.4330493607362,0.002315362626553
165.9586907438,4.701859022346,0.04132379862989,4.701859022273,0.04132379863004,-0.4330434956554,-0.003711188517185,0.4330502722711,0.002221025252171
167.8804018123,4.701874783133,0.04024547354481,4.701874782766,0.04024547354439,-0.4330446092082,-0.003634403109052,0.4330511469627,0.002126981761462
169.8243652462,4.701890126301,0.03917247498891,4.701890126548,0.03917247499099,-0.433045691892,-0.003558098890838,0.4330519852198,0.00203321971179
171.7908387158,4.701905060522,0.03810466101104,4.701905060453,0.03810466101076,-0.4330467443305,-0.003482265768716,0.4330527875366,0.001939726697182
173.7800828749,4.701919593457,0.03704189032896,4.701919592967,0.03704189032766,-0.4330477670581,-0.003406893709853,0.433053554315,0.001846490346197
175.7923613959,4.701933732313,0.03598402232592,4.701933732172,0.03598402232555,-0.4330487605712,-0.003331972742459,0.4330542859156,0.001753498321509
177.8279410039,4.70194748494,0.03493091702748,4.701947485242,0.03493091702826,-0.4330497254293,-0.003257492954037,0.433054982759,0.001660738317472
179.8870915129,4.70196085929,0.03388243508234,4.701960859469,0.03388243508147,-0.4330506622047,-0.003183444490041,0.4330556452757,0.001568198058635
181.970085861,4.701973861767,0.03283843774239,4.701973861749,0.03283843774277,-0.4330515713311,-0.003109817552387,0.4330562737537,0.001475865298505
184.0772001469,4.701986499156,0.03179878684159,4.701986499359,0.03179878684181,-0.4330524532806,-0.003036602397919,0.4330568685164,0.001383727817041
186.2087136663,4.701998779178,0.03076334479527,4.701998779187,0.03076334479516,-0.4330533086147,-0.002963789338762,0.4330574299732,0.001291773420475
188.364908949,4.702010706914,0.02973197455225,4.702010706452,0.02973197455108,-0.4330541376555,-0.002891368738216,0.4330579582902,0.001199989938139
190.5460717963,4.702022289485,0.02870453960765,4.702022289066,0.02870453960633,-0.433054940916,-0.002819331012441,0.4330584538211,0.001108365222167
192.7524913191,4.702033532482,0.02768090396613,4.702033532766,0.02768090396817,-0.4330557187714,-0.002747666627368,0.433058916778,0.001016887145341
194.9844599758,4.702044442714,0.02666093213211,4.702044442648,0.02666093213456,-0.4330564717123,-0.002676366098286,0.4330593474845,0.0009255435993419
197.2422736115,4.702055025462,0.02564448908558,4.702055025485,0.02564448908648,-0.4330572000917,-0.002605419987904,0.4330597461228,0.0008343224934718
199.5262314969,4.702065286686,0.02463144027249,4.702065286389,0.02463144027041,-0.4330579043279,-0.002534818905941,0.4330601129364,0.000743211753087
201.8366363682,4.702075231095,0.02362165157765,4.702075231124,0.02362165157658,-0.4330585847271,-0.002464553506944,0.4330604480527,0.0006521993177915
204.173794467,4.702084864631,0.02261498931525,4.70208486431,0.02261498931457,-0.4330592417117,-0.002394614489931,0.4330607517109,0.0005612731397778
206.5380155811,4.702094191718,0.02161132021034,4.70209419148,0.02161132021195,-0.4330598755671,-0.002324992596936,0.4330610240092,0.0004704211830688
208.9296130854,4.702103218012,0.0206105113762,4.702103218052,0.02061051137478,-0.433060486695,-0.00225567861148,0.4330612651577,0.0003796314205591
211.3489039837,4.702111948209,0.01961243030241,4.702111948306,0.01961243030268,-0.433061075411,-0.002186663357746,0.4330614752759,0.0002888918336748
213.7962089502,4.702120386317,0.01861694483226,4.702120386413,0.01861694483147,-0.4330616419705,-0.002117937698886,0.4330616544182,0.0001981904102182
216.2718523727,4.702128537585,0.01762392315191,4.702128537715,0.01762392315395,-0.433062186745,-0.002049492536596,0.4330618027511,0.0001075151427808
218.776162395,4.702136406031,0.01663323376785,4.702136406166,0.01663323376781,-0.4330627099956,-0.001981318809238,0.4330619203253,1.685402748648e-05
221.3094709606,4.702143995541,0.01564474548922,4.702143995868,0.01564474548772,-0.4330632119733,-0.001913407490681,0.433062007177,-7.380493798876e-05
223.8721138568,4.702151310423,0.01465832741685,4.702151310562,0.01465832741816,-0.4330636929705,-0.001845749589784,0.4330620633784,-0.0001644737555594
226.4644307593,4.702158354856,0.01367384891716,4.702158354656,0.01367384891915,-0.4330641532702,-0.00177833614832,0.4330620889873,-0.0002551644289813
229.0867652768,4.702165131523,0.01269117961412,4.702165131683,0.01269117961624,-0.4330645930194,-0.001711158240506,0.4330620839203,-0.0003458889641092
231.7394649969,4.702171645179,0.01171018936379,4.702171645331,0.01171018936419,-0.4330650125583,-0.001644206971451,0.4330620482818,-0.0004366593724075
234.422881532,4.702177899084,0.01073074824412,4.702177899187,0.01073074824479,-0.4330654120916,-0.001577473476237,0.4330619820354,-0.0005274876707256
237.1373705662,4.702183895825,0.009752726532707,4.702183895971,0.009752726531654,-0.4330657917642,-0.001510948918348,0.4330618850788,-0.0006183858836256
239.883291902,4.702189639247,0.008775994692257,4.702189639327,0.008775994693046,-0.4330661518386,-0.001444624489002,0.4330617574221,-0.0007093660453283
242.6610095082,4.702195131975,0.007800423353251,4.702195132031,0.007800423352199,-0.4330664924672,-0.001378491405643,0.4330615989591,-0.0008004402005351
245.4708915685,4.702200377067,0.006825883296824,4.702200377276,0.006825883296636,-0.4330668138439,-0.001312540911004,0.4330614096192,-0.0008916204065323
248.3133105296,4.702205377742,0.005852245436948,4.702205377645,0.005852245436668,-0.4330671161796,-0.00124676427184,0.4330611893425,-0.0009829187347767
251.188643151,4.702210136552,0.004879380806441,4.702210136395,0.004879380806084,-0.4330673996255,-0.001181152777955,0.4330609380033,-0.001074347271913
254.0972705549,4.702214654838,0.003907160534125,4.70221465489,0.003907160534282,-0.433067664223,-0.001115697740404,0.4330606553594,-0.001165918121729
257.0395782769,4.702218936574,0.00293545583357,4.702218936452,0.002935455835271,-0.4330679102579,-0.001050390491488,0.4330603414067,-0.001257643407469
260.0159563165,4.702222983428,0.001964137983418,4.702222983029,0.001964137986222,-0.4330681378052,-0.0009852223826062,0.4330599959232,-0.001349535272048
263.0267991895,4.702226796679,0.0009930783123804,4.702226796727,0.0009930783125935,-0.4330683469057,-0.0009201847835702,0.4330596186462,-0.001441605880096
266.0725059799,4.70223037997,2.214817695286e-05,4.702230379817,2.214817640393e-05,-0.4330685378197,-0.0008552690814575,0.4330592095251,-0.001533867420958
269.1534803927,4.702233733812,-0.0009487810472518,4.70223373371,-0.0009487810470254,-0.4330687105207,-0.0007904666793195,0.4330587682152,-0.00162633210769
272.2701308078,4.702236861082,-0.001919837990096,4.702236860747,-0.001919837990527,-0.4330688652012,-0.0007257689952862,0.4330582945839,-0.001719012181201
275.4228703338,4.702239761798,-0.002891151295979,4.702239762408,-0.00289115129903,-0.4330690017926,-0.000661167461231,0.4330577882293,-0.001811919909388
278.612116863,4.702242439723,-0.003862849656346,4.702242439826,-0.003862849658419,-0.4330691205719,-0.0005966535214553,0.4330572490879,-0.001905067592358
281.8382931265,4.702244894385,-0.004835061800649,4.702244894808,-0.004835061803022,-0.4330692214283,-0.0005322186324189,0.4330566766999,-0.001998467559009
285.1018267504,4.702247128509,-0.005807916542675,4.702247128304,-0.005807916542381,-0.4330693045462,-0.0004678542603818,0.433056070893,-0.0020921321738
288.4031503127,4.702249142237,-0.006781542773664,4.702249142195,-0.006781542772477,-0.4330693698737,-0.000403551881305,0.4330554312503,-0.002186073834264
291.7427014001,4.702250937256,-0.007756069493779,4.702250937246,-0.007756069494527,-0.4330694175027,-0.0003393029792656,0.4330547574899,-0.002280304975315
295.1209226666,4.702252514325,-0.008731625825346,4.702252513873,-0.008731625824415,-0.4330694474406,-0.0002750990451593,0.4330540492369,-0.002374838069716
298.5382618918,4.702253873545,-0.009708341021219,4.702253873684,-0.009708341022066,-0.4330694596357,-0.0002109315764141,0.4330533060485,-0.002469685629004
301.9951720402,4.702255017112,-0.01068634450148,4.70225501691,-0.01068634450044,-0.4330694542305,-0.00014679207472,0.4330525276668,-0.002564860207848
305.4921113216,4.702255944097,-0.01166576584842,4.702255944207,-0.01166576584904,-0.4330694310807,-8.267204573202e-05,0.4330517135378,-0.002660374401896
309.0295432514,4.702256656212,-0.01264673484184,4.702256656135,-0.01264673484196,-0.4330693902864,-1.856299762354e-05,0.4330508633426,-0.002756240853059
312.6079367124,4.702257153141,-0.01362938146199,4.702257153163,-0.01362938146247,-0.4330693317624,4.554355982219e-05,0.4330499765668,-0.002852472248258
316.2277660168,4.702257435839,-0.01461383591901,4.702257435669,-0.01461383591834,-0.4330692555413,0.0001096561166581,0.4330490528041,-0.002949081323335
319.8895109692,4.702257503506,-0.01560022865636,4.702257503679,-0.01560022865685,-0.4330691614954,0.0001737831634041,0.4330480914778,-0.003046080862438
323.5936569296,4.702257357161,-0.01658869038496,4.702257356871,-0.01658869038465,-0.4330690496654,0.0002379331927491,0.4330470921689,-0.003143483702423
327.3406948788,4.702256995248,-0.01757935208068,4.702256995083,-0.01757935207828,-0.4330689198558,0.0003021147000711,0.4330460542117,-0.003241302731251
331.1311214826,4.702256419124,-0.01857234502438,4.702256419086,-0.01857234502278,-0.4330687721408,0.0003663361851106,0.433044977199,-0.003339550893621
334.9654391578,4.702255628121,-0.01956780080086,4.702255628019,-0.01956780079951,-0.4330686064085,0.0004306061527595,0.4330438605265,-0.003438241189269
338.8441561392,4.702254621462,-0.02056585132135,4.702254621179,-0.02056585131926,-0.4330684225385,0.00049493311413,0.4330427035699,-0.003537386675793
342.7677865465,4.702253397992,-0.0215666288406,4.702253398538,-0.02156662884435,-0.4330682203759,0.0005593255877334,0.4330415056587,-0.003637000470236
346.7368504525,4.702251959195,-0.02257026599177,4.702251958688,-0.02257026598869,-0.4330680000102,0.0006237921012665,0.4330402663548,-0.003737095753451
350.7518739526,4.702250301778,-0.02357689576082,4.702250301919,-0.02357689576218,-0.4330677610916,0.0006883411910103,0.4330389847683,-0.003837685765237
354.8133892336,4.702248426735,-0.02458665155939,4.702248426627,-0.02458665155809,-0.433067503666,0.0007529814052836,0.4330376603928,-0.003938783814352
358.921934645,4.702246331931,-0.02559966719277,4.702246331877,-0.02559966719284,-0.433067227492,0.0008177213032746,0.4330362924214,-0.004040403273049
363.0780547701,4.702244017044,-0.02661607691549,4.702244016638,-0.02661607691269,-0.433066932496,0.0008825694580964,0.4330348802021,-0.004142557584051
367.2823004981,4.702241480269,-0.02763601542181,4.702241480029,-0.02763601542066,-0.4330666184684,0.0009475344564888,0.4330334229332,-0.004245260258643
371.5352290972,4.702238719965,-0.02865961787652,4.702238720044,-0.02865961787764,-0.4330662852156,0.001012624900568,0.4330319198156,-0.004348524880165
375.8374042885,4.702235735477,-0.02968701993999,4.702235735857,-0.02968701994328,-0.4330659326357,0.00107784940936,0.4330303701273,-0.004452365106783
380.1893963206,4.702232525491,-0.03071835777316,4.702232524995,-0.03071835776825,-0.4330655605664,0.001143216619266,0.4330287730718,-0.004556794671443
384.5917820454,4.702229086929,-0.03175376804486,4.702229086935,-0.03175376804354,-0.4330651686839,0.001208735184644,0.4330271276764,-0.004661827382277
389.0451449943,4.702225419345,-0.03279338799008,4.702225419251,-0.03279338798956,-0.4330647569076,0.001274413781056,0.4330254331963,-0.004767477129699
393.5500754558,4.702221519983,-0.03383735538163,4.702221520177,-0.03383735538451,-0.4330643249444,0.00134026110392,0.4330236886587,-0.004873757882123
398.1071705535,4.702217387066,-0.03488580858044,4.702217387069,-0.03488580858111,-0.4330638725922,0.001406285871376,0.4330218931664,-0.004980683691908
402.7170343255,4.70221301815,-0.03593888653773,4.7022130182,-0.03593888653834,-0.4330633995883,0.00147249682459,0.4330200457447,-0.005088268695122
407.3802778041,4.702208410947,-0.03699672882078,4.702208411215,-0.03699672882406,-0.4330629056845,0.001538902729239,0.4330181454177,-0.005196527114325
412.0975190973,4.702203564148,-0.03805947563826,4.702203563902,-0.03805947563632,-0.4330623907237,0.001605512376964,0.4330161912829,-0.005305473261375
416.8693834704,4.702198473299,-0.03912726782405,4.702198473424,-0.03912726782625,-0.4330618542594,0.001672334584983,0.4330141821316,-0.005415121534507
421.6965034286,4.702193136568,-0.04020024690656,4.702193136822,-0.04020024690909,-0.4330612960874,0.001739378199581,0.4330121169794,-0.00552548642704
426.5795188016,4.702187551178,-0.04127855509408,4.702187551535,-0.04127855509816,-0.4330607159167,0.001806652095644,0.4330099947369,-0.005636582524839
431.5190768278,4.70218171477,-0.04236233530669,4.702181715137,-0.04236233531097,-0.4330601134956,0.001874165178447,0.4330078143357,-0.005748424509913
436.5158322402,4.702175623761,-0.04345173118206,4.702175623541,-0.04345173118022,-0.4330594884597,0.001941926384326,0.4330055745754,-0.005861027160473
441.5704473533,4.702169273611,-0.04454688709253,4.702169273817,-0.04454688709389,-0.4330588403575,0.002009944681565,0.4330032741492,-0.005974405352725
446.683592151,4.702162663222,-0.04564794821175,4.702162663166,-0.04564794821127,-0.4330581690544,0.002078229074005,0.4330009120473,-0.006088574068939
451.8559443749,4.702155787514,-0.04675506045718,4.702155787637,-0.04675506045775,-0.4330574740497,0.002146788598427,0.4329984868736,-0.006203548389346
457.0881896149,4.70214864347,-0.04786837057161,4.702148643658,-0.04786837057405,-0.4330567550331,0.002215632328775,0.4329959974011,-0.006319343502214
462.3810213993,4.702141226836,-0.04898802610938,4.702141227014,-0.04898802611125,-0.4330560115809,0.002284769375789,0.4329934422685,-0.006435974701437
467.7351412872,4.702133534865,-0.05011417548347,4.702133534894,-0.0501141754842,-0.4330552434083,0.002354208889415,0.4329908202315,-0.006553457392119
473.1512589615,4.702125561372,-0.05124696793161,4.702125561785,-0.05124696793615,-0.4330544499144,0.002423960057448,0.4329881297074,-0.006671807085612
478.6300923227,4.702117304699,-0.05238655362719,4.702117304342,-0.05238655362194,-0.4330536309154,0.002494032111291,0.4329853695077,-0.006791039413174
484.1723675841,4.702108758094,-0.0535330835853,4.70210875831,-0.05353308358874,-0.433052785759,0.002564434321344,0.432982537952,-0.006911170113508
489.7788193685,4.702099918504,-0.05468670978899,4.70209991852,-0.05468670978873,-0.4330519141335,0.002635176003676,0.4329796336766,-0.007032215048202
495.4501908048,4.702090781074,-0.05584758514235,4.702090781194,-0.05584758514436,-0.4330510155617,0.002706266517783,0.4329766551279,-0.007154190195297
501.1872336273,4.702081340246,-0.05701586350423,4.702081340354,-0.057015863506,-0.433050089502,0.002777715268531,0.432973600663,-0.007277111653019
506.9907082747,4.70207159168,-0.05819169973219,4.70207159192,-0.05819169973662,-0.4330491355251,0.002849531708562,0.4329704687253,-0.00740099564484
512.8613839914,4.702061530049,-0.05937524967634,4.702061529863,-0.05937524967322,-0.4330481531112,0.002921725338155,0.4329672576419,-0.007525858518101
518.800038929,4.702051149316,-0.06056667020202,4.702051149532,-0.0605666702049,-0.4330471416752,0.002994305706582,0.4329639656476,-0.007651716746432
524.8074602498,4.702040445752,-0.06176611925064,4.702040445605,-0.06176611924883,-0.4330461008448,0.003067282415349,0.4329605911625,-0.007778586936848
530.884444231,4.702029412162,-0.06297375578681,4.702029411824,-0.06297375578266,-0.4330450299286,0.003140665115825,0.4329571322598,-0.007906485822521
537.0317963703,4.702018042551,-0.06418973987645,4.702018042535,-0.06418973987628,-0.4330439283463,0.003214463513191,0.4329535870946,-0.008035430272209
543.2503314925,4.702006331576,-0.06541423270424,4.702006331654,-0.06541423270552,-0.4330427955775,0.003288687367635,0.4329499538529,-0.008165437291821
549.5408738576,4.701994273167,-0.06664739657862,4.701994272925,-0.06664739657422,-0.4330416310349,0.003363346494872,0.4329462306237,-0.008296524024436
555.9042572704,4.70198185997,-0.06788939493837,4.701981860171,-0.06788939494167,-0.4330404340135,0.003438450766404,0.4329424153473,-0.008428707750841
562.3413251904,4.701969086649,-0.06914039242852,4.701969086776,-0.06914039243075,-0.4330392039938,0.003514010113835,0.4329385061183,-0.008562005898212
568.8529308439,4.701955946027,-0.07040055486234,4.701955945684,-0.07040055485699,-0.4330379402873,0.003590034526931,0.4329345008298,-0.008696436035049
575.4399373372,4.701942430737,-0.07167004926798,4.701942430162,-0.07167004925777,-0.4330366421879,0.003666534056221,0.4329303973246,-0.008832015876394
582.1032177709,4.701928533217,-0.0729490439112,4.70192853303,-0.07294904390842,-0.4330353089716,0.003743518814349,0.4329261933936,-0.008968763286108
588.8436553556,4.701914247351,-0.07423770834419,4.701914247168,-0.07423770834132,-0.4330339400478,0.00382099897876,0.4329218869268,-0.009106696282352
595.662143529,4.701899564348,-0.07553621336103,4.701899564227,-0.07553621335889,-0.4330325345796,0.003898984789493,0.4329174755326,-0.00924583303173
602.5595860744,4.701884477409,-0.0768447310974,4.701884477453,-0.07684473109835,-0.4330310919133,0.003977486554562,0.4329129569664,-0.009386191860838
609.5368972402,4.701868978422,-0.0781634349978,4.70186897834,-0.07816343499617,-0.4330296112747,0.004056514648338,0.4329083288261,-0.00952779125191
616.5950018615,4.701853057959,-0.07949249983975,4.701853058173,-0.07949249984275,-0.4330280917685,0.004136079513011,0.4329035885506,-0.009670649845178
623.7348354824,4.701836709396,-0.08083210182537,4.701836709555,-0.08083210182857,-0.4330265327572,0.004216191663459,0.4328987337982,-0.00981478644954
630.9573444802,4.701819922585,-0.08218241849852,4.70181992256,-0.08218241849819,-0.4330249332792,0.004296861683086,0.4328937618632,-0.009960220031981
638.2634861906,4.701802689346,-0.08354362886022,4.701802689087,-0.08354362885522,-0.433023292554,0.004378100229937,0.4328886701807,-0.01010696973115
645.6542290347,4.701785000168,-0.08491591333853,4.701785000032,-0.08491591333543,-0.4330216096782,0.004459918035317,0.4328834560213,-0.01025505485306
653.1305526475,4.701766846121,-0.08629945384398,4.701766846057,-0.08629945384286,-0.4330198838025,0.004542325906799,0.4328781166673,-0.01040449487743
660.6934480076,4.701748216935,-0.08769443375939,4.701748217067,-0.08769443376183,-0.4330181139535,0.004625334727762,0.4328726492337,-0.01055530945588
668.3439175686,4.70172910346,-0.08910103801106,4.701729103489,-0.08910103801169,-0.4330162992614,0.004708955461348,0.4328670508945,-0.01070751841997
676.082975392,4.70170949547,-0.09051945305079,4.701709495243,-0.0905194530462,-0.433014438757,0.004793199149526,0.4328613186788,-0.01086114177856
683.9116472815,4.701689381378,-0.09194986687443,4.701689381477,-0.09194986687619,-0.4330125313458,0.004878076914224,0.4328554494442,-0.0110161997196
691.830970919,4.701668752354,-0.09339246912906,4.701668752358,-0.09339246912879,-0.4330105761869,0.004963599963138,0.4328494402541,-0.0111727126223
699.8419960023,4.701647596274,-0.09484745101763,4.701647596244,-0.09484745101696,-0.4330085721362,0.005049779584704,0.4328432878202,-0.01133070104534
707.9457843842,4.701625902108,-0.09631500541282,4.701625901988,-0.09631500541096,-0.4330065181502,0.005136627154314,0.432836988905,-0.01149018573985
716.1434102129,4.701603658546,-0.09779532685417,4.701603658418,-0.09779532685121,-0.4330044131593,0.005224154134201,0.4328305401939,-0.0116511876486
724.435960075,4.701580853162,-0.09928861155656,4.701580853305,-0.09928861155992,-0.4330022559912,0.005312372073973,0.4328239382175,-0.01181372790649
732.8245331389,4.701557475431,-0.1007950575018,4.701557475152,-0.100795057496,-0.4330000456485,0.005401292615658,0.4328171796279,-0.01197782785082
741.3102413009,4.701533511505,-0.1023148643509,4.701533511136,-0.1023148643429,-0.4329977808274,0.00549092748897,0.4328102607167,-0.01214350901045
749.8942093325,4.701508947775,-0.1038482335483,4.701508948127,-0.1038482335565,-0.4329954602464,0.005581288517035,0.4328031777413,-0.01231079311752
758.5775750292,4.701483774164,-0.1053953684229,4.701483773962,-0.1053953684186,-0.4329930829486,0.005672387621929,0.4327959272272,-0.01247970211888
767.3614893619,4.701457974501,-0.1069564739992,4.701457974621,-0.1069564740016,-0.4329906474161,0.005764236814438,0.4327885050801,-0.01265025815324
776.2471166287,4.70143153723,-0.1085317572675,4.701431537035,-0.1085317572635,-0.4329881525557,0.005856848208842,0.4327809075707,-0.01282248358245
785.2356346101,4.701404446615,-0.1101214270091,4.701404446776,-0.1101214270131,-0.4329855968886,0.005950234013385,0.4327731305233,-0.01299640097037
794.3282347243,4.701376689317,-0.1117256939765,4.701376689072,-0.1117256939705,-0.4329829791574,0.006044406540116,0.4327651699205,-0.01317203310348
803.5261221857,4.701348250274,-0.1133447708268,4.701348250084,-0.113344770822,-0.4329802979452,0.006139378201368,0.4327570215217,-0.01334940298248
812.8305161641,4.701319114614,-0.1149788721931,4.701319114587,-0.1149788721923,-0.4329775518524,0.006235161513549,0.4327486810381,-0.01352853383004
822.2426499471,4.701289265996,-0.1166282146751,4.701289265964,-0.1166282146737,-0.432974739344,0.006331769096802,0.4327401439786,-0.01370944908915
831.7637711027,4.701258689899,-0.1182930169468,4.701258689788,-0.1182930169441,-0.4329718590525,0.006429213680747,0.4327314059507,-0.01389217243509
841.3951416452,4.701227369772,-0.1199734996926,4.701227369453,-0.119973499684,-0.4329689094229,0.006527508101104,0.4327224623046,-0.01407672776734
851.1380382024,4.701195287569,-0.1216698856475,4.701195287705,-0.1216698856508,-0.4329658887623,0.006626665301871,0.4327133081809,-0.0142631392136
860.9937521846,4.701162428688,-0.1233823997548,4.701162428683,-0.1233823997548,-0.4329627956949,0.006726698343921,0.4327039389635,-0.01445143114765
870.9635899561,4.701128774269,-0.125111268997,4.701128774065,-0.1251112689912,-0.4329596284524,0.006827620395772,0.4326943495691,-0.01464162816886
881.0488730081,4.701094305855,-0.1268567225457,4.701094305879,-0.1268567225461,-0.4329563853032,0.006929444741761,0.4326845348743,-0.01483375511909
891.2509381338,4.701059006482,-0.1286189918251,4.701059006238,-0.1286189918182,-0.4329530646531,0.007032184785592,0.4326744898141,-0.01502783708936
901.571137606,4.70102285655,-0.1303983104286,4.701022856557,-0.1303983104286,-0.4329496646645,0.007135854045582,0.4326642090002,-0.01522389940938
912.0108393559,4.700985837378,-0.1321949142496,4.700985837548,-0.1321949142546,-0.4329461835845,0.007240466161982,0.4326536870464,-0.01542196766217
922.5714271548,4.700947929828,-0.1340090414736,4.700947929719,-0.1340090414707,-0.4329426196176,0.007346034896404,0.4326429184398,-0.01562206768233
933.254300797,4.700909111818,-0.1358409325396,4.700909112085,-0.1358409325473,-0.4329389706967,0.007452574129684,0.4326318973102,-0.01582422555081
944.060876286,4.700869364905,-0.1376908303614,4.700869364716,-0.1376908303558,-0.4329352350899,0.007560097874063,0.4326206180337,-0.01602846761987
954.9925860215,4.700828666855,-0.1395589801445,4.700828666938,-0.139558980147,-0.4329314107155,0.007668620262955,0.4326090745475,-0.01623482049107
966.0508789899,4.700786996032,-0.141445629548,4.700786996289,-0.1414456295555,-0.4329274955467,0.007778155559891,0.4325972607507,-0.01644331103314
977.2372209559,4.700744330833,-0.1433510287007,4.700744331076,-0.1433510287081,-0.4329234875591,0.007888718159332,0.4325851704511,-0.01665396638316
988.553094657,4.700700649402,-0.1452754302277,4.700700649082,-0.1452754302179,-0.432919384705,0.008000322588023,0.4325727973364,-0.01686681394869
1000.0,4.700655926872,-0.147219089198,4.700655926267,-0.1472190891787,-0.4329151846589,0.008112983502042,0.4325601347179,-0.01708188140088
1011.57945426,4.700610139747,-0.1491822632924,4.700610139838,-0.1491822632954,-0.4329108852212,0.008226715696002,0.432547175932,-0.01729919669309
1023.292992281,4.700563264791,-0.1511652128086,4.700563264386,-0.1511652127952,-0.4329064842159,0.008341534103207,0.4325339142353,-0.0175187880604
1035.142166679,4.70051527572,-0.1531682005871,4.700515275722,-0.1531682005866,-0.4329019791858,0.008457453791495,0.4325203424977,-0.01774068401027
1047.128548051,4.700466148679,-0.1551914922247,4.700466148811,-0.155191492229,-0.4328973678973,0.008574489974904,0.4325064537043,-0.01796491334618
1059.253725177,4.70041585674,-0.1572353559305,4.700415856989,-0.1572353559389,-0.4328926478329,0.008692658005566,0.4324922404464,-0.01819150514998
1071.519305238,4.700364373726,-0.1593000626882,4.700364373232,-0.1593000626712,-0.4328878165446,0.008811973382671,0.4324776952711,-0.01842048879971
1083.926914021,4.700311670911,-0.1613858861799,4.700311671167,-0.1613858861891,-0.4328828713486,0.008932451747961,0.4324628103744,-0.01865189395972
1096.478196143,4.700257722213,-0.163493103002,4.700257722238,-0.1634931030027,-0.4328778098048,0.009054108897657,0.4324475780775,-0.01888575060448
1109.174815262,4.700202497596,-0.1656219924758,4.700202497483,-0.1656219924719,-0.4328726291082,0.009176960771783,0.4324319902159,-0.01912208899566
1122.018454302,4.700145968544,-0.167772836873,4.700145968291,-0.1677728368639,-0.4328673265934,0.009301023466477,0.4324160386408,-0.01936093970702
1135.010815672,4.700088104749,-0.1699459213392,4.700088104334,-0.1699459213236,-0.4328618994299,0.009426313229633,0.4323997149116,-0.01960233361442
1148.153621497,4.700028875196,-0.1721415339703,4.700028875088,-0.1721415339661,-0.4328563447215,0.009552846464917,0.4323830103924,-0.01984630190339
1161.44861384,4.699968248968,-0.1743599658804,4.699968249052,-0.1743599658836,-0.4328506595807,0.009680639735369,0.4323659163237,-0.02009287607577
1174.89755494,4.699906193584,-0.1766015111811,4.699906193468,-0.1766015111759,-0.4328448409756,0.009809709762035,0.4323484236661,-0.02034208794601
1188.502227437,4.699842676077,-0.1788664670592,4.699842676361,-0.1788664670704,-0.4328388858292,0.009940073428056,0.4323305231965,-0.02059396964885
1202.264434617,4.699777663531,-0.1811551338401,4.699777662928,-0.1811551338165,-0.4328327910689,0.01007174778203,0.4323122055539,-0.02084855364522
1216.186000646,4.699711120036,-0.1834678149095,4.699711119882,-0.1834678149034,-0.432826553346,0.01020475003337,0.432293460957,-0.02110587271191
1230.268770812,4.699643011617,-0.1858048169462,4.699643011327,-0.1858048169345,-0.4328201694897,0.010339097565,0.4322742796535,-0.02136595996681
1244.514611771,4.699573300446,-0.1881664497356,4.699573300796,-0.1881664497497,-0.4328136359741,0.01047480792276,0.4322546513845,-0.02162884884616
1258.925411794,4.699501951965,-0.1905530264964,4.69950195174,-0.1905530264871,-0.4328069495741,0.01061189883333,0.4322345660364,-0.02189457314042
1273.503081017,4.699428926351,-0.19296486358,4.699428926482,-0.1929648635854,-0.4328001065793,0.01075038818711,0.4322140128523,-0.02216316695822
1288.249551693,4.699354185088,-0.1954022807772,4.699354185177,-0.1954022807809,-0.4327931033997,0.01089029405513,0.4321929810326,-0.02243466476004
1303.166778452,4.699277689298,-0.1978656012965,4.699277689117,-0.1978656012887,-0.4327859364114,0.01103163468743,0.4321714595783,-0.02270910135396
1318.256738556,4.699199397247,-0.2003551517027,4.699199397384,-0.2003551517084,-0.4327786017275,0.01117442850939,0.4321494370574,-0.02298651188697
1333.521432163,4.699119268721,-0.2028712621458,4.699119268616,-0.2028712621415,-0.4327710956008,0.01131869413407,0.4321269020038,-0.02326693186939
1348.962882592,4.699037260056,-0.2054142661946,4.699037259965,-0.2054142661904,-0.4327634139662,0.01146445035266,0.4321038424562,-0.02355039715404
1364.583136589,4.698953328513,-0.2079845010686,4.698953328098,-0.2079845010498,-0.4327555528437,0.01161171614699,0.4320802463564,-0.02383694396097
1380.384264603,4.698867428683,-0.2105823075295,4.698867428401,-0.2105823075168,-0.432747508007,0.01176051068306,0.4320561012145,-0.02412660886291
1396.368361056,4.698779515208,-0.213208030045,4.698779515475,-0.2132080300572,-0.4327392752348,0.01191085331988,0.4320313943556,-0.02441942880229
1412.537544623,4.698689542213,-0.2158620168138,4.698689542081,-0.2158620168079,-0.4327308502577,0.01206276361033,0.4320061128619,-0.02471544109179
1428.893958511,4.698597461076,-0.2185446197098,4.698597461422,-0.2185446197263,-0.4327222285538,0.0122162612977,0.4319802433649,-0.02501468340604
1445.439770746,4.698503222881,-0.221256194442,4.69850322302,-0.2212561944488,-0.4327134055736,0.01237136632404,0.4319537722653,-0.02531719379753
1462.177174457,4.698406778388,-0.2239971006034,4.698406778582,-0.2239971006124,-0.4327043767382,0.01252809883257,0.4319266857263,-0.02562301070006
1479.108388168,4.698308075262,-0.2267677015883,4.698308075566,-0.2267677016032,-0.4326951371836,0.01268647916245,0.4318989694138,-0.02593217291695
1496.235656094,4.698207062163,-0.2295683648373,4.698207062281,-0.2295683648432,-0.4326856821377,0.01284652786199,0.4318706088681,-0.02624471964655
1513.561248436,4.698103685152,-0.2323994617159,4.698103684783,-0.2323994616975,-0.4326760065889,0.01300826568132,0.4318415891681,-0.02656069046588
1531.087461682,4.697997888205,-0.2352613675855,4.697997888128,-0.2352613675816,-0.4326661053344,0.01317171357582,0.4318118949741,-0.02688012533629
1548.816618913,4.697889616761,-0.2381544620351,4.697889616851,-0.2381544620398,-0.4326559733059,0.01333689271845,0.4317815108483,-0.02720306462706
1566.751070108,4.697778812469,-0.2410791286699,4.697778812126,-0.2410791286518,-0.4326456050868,0.01350382448737,0.4317504207675,-0.02752954908866
1584.893192461,4.697665416181,-0.2440357553118,4.697665416339,-0.2440357553201,-0.4326349951873,0.01367253047651,0.4317186083922,-0.02785961987281
1603.24539069,4.697549368193,-0.2470247340686,4.697549368193,-0.2470247340686,-0.4326241380669,0.01384303249876,0.4316860570838,-0.02819331853733
1621.810097359,4.697430606565,-0.2500464612998,4.697430607029,-0.2500464613244,-0.4326130279802,0.01401535258342,0.4316527497449,-0.02853068703931
1640.5897732,4.69730906929,-0.2531013377855,4.697309069209,-0.253101337781,-0.4326016591757,0.01418951298492,0.4316186690118,-0.02887176775122
1659.586907438,4.697184690134,-0.2561897685594,4.697184689874,-0.256189768545,-0.4325900255136,0.01436553617278,0.4315837968682,-0.02921660343863
1678.804018123,4.697057403823,-0.2593121632427,4.697057403931,-0.2593121632489,-0.4325781209435,0.01454344484942,0.4315481151146,-0.02956523729488
1698.243652462,4.696927142438,-0.2624689359055,4.696927142695,-0.2624689359199,-0.4325659391721,0.01472326194178,0.4315116050319,-0.02991771292197
1717.908387158,4.696793837574,-0.2656605052442,4.696793837431,-0.2656605052361,-0.4325534738626,0.01490501061036,0.4314742475729,-0.03027407434713
1737.800828749,4.696657417008,-0.2688872944512,4.696657417018,-0.2688872944515,-0.4325407183276,0.01508871424099,0.4314360230508,-0.03063436600424
1757.923613959,4.696517809606,-0.2721497315515,4.696517809699,-0.2721497315569,-0.4325276659813,0.01527439646294,0.4313969115829,-0.03099863276844
1778.279410039,4.696374940613,-0.2754482491938,4.696374940742,-0.2754482492014,-0.4325143099057,0.01546208113619,0.4313568926517,-0.03136691992839
1798.870915129,4.696228733812,-0.2787832848328,4.696228733933,-0.2787832848401,-0.4325006430499,0.01565179236076,0.4313159452969,-0.03173927320295
1819.70085861,4.696079112033,-0.2821552808212,4.696079112047,-0.2821552808219,-0.4324866582768,0.01584355448088,0.4312740481546,-0.0321157387475
1840.772001469,4.69592599601,-0.2855646844049,4.695925995533,-0.2855646843756,-0.4324723482579,0.01603739208362,0.4312311793464,-0.03249636314896
1862.087136663,4.695769302422,-0.2890119476633,4.695769302716,-0.2890119476814,-0.4324577052934,0.01623332999456,0.4311873162914,-0.03288119341456
1883.64908949,4.695608950706,-0.292497527989,4.69560895079,-0.2924975279942,-0.4324427219395,0.01643139330358,0.4311424363257,-0.0332702770218
1905.460717963,4.695444853685,-0.2960218875772,4.695444853459,-0.2960218875629,-0.4324273901458,0.01663160733502,0.4310965158336,-0.03366366185556
1927.524913191,4.695276924929,-0.2995854939438,4.695276924738,-0.2995854939315,-0.4324117019329,0.01683399767566,0.4310495309167,-0.03406139626204
1949.844599758,4.695105074595,-0.3031888197307,4.69510507455,-0.3031888197278,-0.4323956490098,0.01703859016248,0.4310014570036,-0.03446352902157
1972.422736115,4.69492921212,-0.3068323429452,4.694929212009,-0.3068323429381,-0.4323792230223,0.01724541089479,0.43095226909,-0.03487010937033
1995.262314969,4.694749243157,-0.310516546826,4.694749243579,-0.3105165468541,-0.4323624152706,0.01745448622557,0.4309019414492,-0.03528118698003
2018.366363682,4.694565072816,-0.314241920126,4.694565072763,-0.3142419201223,-0.4323452170079,0.01766584277574,0.4308504479214,-0.03569681198393
2041.73794467,4.694376602317,-0.3180089569564,4.694376602109,-0.3180089569422,-0.4323276191334,0.01787950742416,0.4307977615986,-0.03611703495368
2065.380155811,4.694183732236,-0.3218181570754,4.694183732122,-0.3218181570673,-0.4323096124903,0.01809550732232,0.4307438551136,-0.03654190692578
2089.296130854,4.693986359429,-0.3256700257503,4.693986359173,-0.3256700257323,-0.4322911875833,0.01831386988504,0.4306887003496,-0.03697147937983
2113.489039837,4.693784378622,-0.3295650739347,4.693784378764,-0.3295650739448,-0.4322723347256,0.01853462279889,0.4306322685771,-0.03740580425219
2137.962089502,4.693577683458,-0.3335038184178,4.693577683172,-0.3335038183975,-0.4322530441349,0.01875779402891,0.430574530541,-0.03784493394613
2162.718523727,4.693366162318,-0.3374867815999,4.693366162413,-0.3374867816066,-0.4322333055496,0.01898341180436,0.4305154560683,-0.03828892129963
2187.76162395,4.693149704846,-0.3415144920334,4.693149705208,-0.3415144920599,-0.4322131088298,0.01921150464725,0.4304550146575,-0.03873781963942
2213.094709606,4.692928194489,-0.3455874839615,4.692928194315,-0.3455874839486,-0.4321924432699,0.01944210134473,0.4303931747844,-0.03919168272145
2238.721138568,4.692701512816,-0.3497062977028,4.692701512866,-0.3497062977065,-0.432171297998,0.01967523096871,0.4303299042892,-0.03965056476678
2264.644307593,4.692469540279,-0.3538714797874,4.692469540464,-0.3538714798012,-0.4321496620456,0.01991092288172,0.4302651704361,-0.04011452046934
2290.867652768,4.692232153411,-0.3580835828309,4.692232153374,-0.3580835828284,-0.4321275240898,0.02014920672757,0.4301989396464,-0.0405836049731
2317.394649969,4.691989225574,-0.3623431656635,4.69198922548,-0.3623431656561,-0.4321048725233,0.02039011243675,0.4301311775575,-0.04105787387867
2344.22881532,4.691740626897,-0.3666507934054,4.691740626939,-0.3666507934087,-0.4320816954485,0.02063367022835,0.430061849006,-0.04153738324297
2371.373705662,4.691486225852,-0.3710070376713,4.691486225901,-0.3710070376753,-0.4320579808232,0.0208799106194,0.429990918162,-0.04202218959339
2398.83291902,4.691225886982,-0.3754124764765,4.691225886391,-0.375412476429,-0.4320337162525,0.02112886441723,0.4299183483107,-0.04251234990792
2426.610095083,4.69095947029,-0.3798676942657,4.69095947054,-0.3798676942861,-0.432008888932,0.02138056271876,0.4298441017844,-0.04300792160885
2454.708915685,4.690686835541,-0.3843732823472,4.690686835694,-0.38437328236,-0.4319834860457,0.02163503693224,0.4297681403467,-0.04350896260168
2483.133105296,4.690407836984,-0.3889298385505,4.690407837153,-0.3889298385646,-0.4319574942794,0.02189231875568,0.4296904246968,-0.04401553122653
2511.88643151,4.690122326834,-0.3935379675966,4.690122326557,-0.3935379675733,-0.4319309001429,0.02215244019485,0.4296109147771,-0.04452768628916
2540.972705549,4.689830150807,-0.3981982808135,4.689830151038,-0.3981982808331,-0.4319036895586,0.02241543354453,0.4295295693532,-0.04504548701787
2570.395782769,4.689531155709,-0.402911396862,4.6895311557,-0.4029113968613,-0.4318758485623,0.02268133142654,0.4294463466964,-0.04556899313426
2600.159563165,4.689225180864,-0.4076779411033,4.689225180714,-0.4076779410902,-0.4318473625128,0.02295016675116,0.4293612037864,-0.04609826476996
2630.267991896,4.688912063226,-0.4124985461214,4.688912063027,-0.4124985461039,-0.431818216565,0.02322197274351,0.429274096768,-0.04663336251364
2660.725059799,4.688591635926,-0.4173738516921,4.68859163602,-0.4173738517005,-0.4317883955359,0.02349678293858,0.4291849808046,-0.04717434739499
2691.534803927,4.688263729276,-0.4223045049696,4.688263729413,-0.4223045049821,-0.4317578839982,0.02377463118853,0.4290938101581,-0.04772128089271
2722.701308078,4.687928167661,-0.4272911603015,4.687928167385,-0.4272911602763,-0.4317266659954,0.02405555164881,0.4290005378912,-0.04827422490043
2754.228703338,4.687584771643,-0.4323344795102,4.687584771548,-0.4323344795013,-0.4316947252352,0.02433957879059,0.4289051160465,-0.04883324174458
2786.12116863,4.68723335895,-0.4374351320851,4.687233359058,-0.4374351320954,-0.4316620451831,0.02462674740785,0.4288074957245,-0.04939839419179
2818.382931265,4.686873742194,-0.4425937950729,4.68687374201,-0.4425937950555,-0.431628608852,0.02491709260751,0.4287076268605,-0.04996974542177
2851.018267504,4.686505729312,-0.4478111532155,4.68650572912,-0.4478111531972,-0.4315943988448,0.02521064981329,0.4286054582517,-0.05054735902761
2884.031503127,4.686129123738,-0.4530878990678,4.686129123835,-0.4530878990771,-0.4315593973706,0.02550745476834,0.4285009375587,-0.0511312990133
2917.427014001,4.685743725393,-0.4584247331966,4.685743725247,-0.4584247331822,-0.4315235863374,0.0258075435423,0.4283940113818,-0.05172162979998
2951.209226667,4.685349327835,-0.4638223640118,4.68534932773,-0.4638223640014,-0.4314869470909,0.0261109525174,0.4282846249865,-0.05231841618977
2985.382618918,4.684945720888,-0.469281508124,4.684945721084,-0.4692815081437,-0.4314494606578,0.02641771840427,0.4281727225289,-0.05292172338908
3019.951720402,4.684532689156,-0.4748028903097,4.684532689397,-0.474802890334,-0.4314111076103,0.02672787823532,0.428058246905,-0.05353161698647
3054.921113216,4.684110013003,-0.4803872437192,4.684110012973,-0.4803872437162,-0.4313718681578,0.0270414693717,0.4279411398258,-0.05414816295754
3090.295432514,4.683677466243,-0.4860353097532,4.683677465657,-0.4860353096922,-0.4313317219355,0.02735852949136,0.4278213415905,-0.05477142763181
3126.079367124,4.683234816292,-0.4917478381812,4.683234816502,-0.4917478382033,-0.4312906480201,0.02767909659077,0.4276987910852,-0.05540147768637
3162.277660169,4.682781828967,-0.4975255877617,4.68278182913,-0.4975255877791,-0.4312486253734,0.02800320901444,0.4275734262057,-0.05603838019509
3198.895109692,4.68231826206,-0.5033693256879,4.682318261859,-0.5033693256662,-0.4312056322524,0.0283309054184,0.4274451832553,-0.05668220254522
3235.936569296,4.68184386713,-0.5092798278875,4.681843867062,-0.50927982788,-0.4311616463753,0.02866222478129,0.4273139970914,-0.05733301244901
3273.406948789,4.681358390729,-0.5152578792719,4.681358390775,-0.5152578792769,-0.4311166450375,0.02899720641267,0.4271798012223,-0.05799087794938
3311.311214826,4.680861574537,-0.5213042738777,4.680861574349,-0.5213042738565,-0.4310706051254,0.02933588995501,0.427042527803,-0.05865586741256
3349.654391578,4.680353151945,-0.5274198146116,4.68035315175,-0.5274198145894,-0.4310235028032,0.02967831536301,0.426902107306,-0.0593280494751
3388.441561392,4.679832851729,-0.533605313781,4.679832851971,-0.5336053138085,-0.4309753138547,0.03002452292705,0.4267584688414,-0.06000749307874
3427.677865465,4.679300395724,-0.5398615929613,4.679300395564,-0.5398615929427,-0.4309260134703,0.03037455325912,0.426611539926,-0.06069426742981
3467.368504525,4.678755498662,-0.5461894831025,4.678755498828,-0.5461894831217,-0.4308755762351,0.03072844729194,0.4264612464535,-0.06138844198469
3507.518739526,4.678197869666,-0.5525898248327,4.678197869821,-0.5525898248511,-0.4308239762685,0.03108624628885,0.4263075128115,-0.06209008645642
3548.133892336,4.677627210715,-0.5590634684148,4.677627210247,-0.5590634683588,-0.430771187086,0.03144799183413,0.4261502617261,-0.06279927078152
3589.21934645,4.677043215392,-0.5656112737266,4.677043215545,-0.565611273745,-0.4307171814865,0.03181372582423,0.425989414129,-0.06351606508863
3630.780547701,4.676445572272,-0.5722341108043,4.676445572424,-0.5722341108229,-0.4306619318664,0.03218349049046,0.4258248894491,-0.06424053972912
3672.823004981,4.675833960916,-0.5789328594983,4.675833961245,-0.5789328595392,-0.4306054098552,0.03255732837164,0.4256566052301,-0.0649727652076
3715.352290972,4.675208054163,-0.5857084098918,4.675208054316,-0.5857084099109,-0.4305475865284,0.03293528232911,0.4254844773207,-0.06571281219639
3758.374042885,4.67456751658,-0.5925616622522,4.674567516727,-0.5925616622709,-0.430488432269,0.03331739553539,0.4253084197163,-0.06646075149698
3801.893963206,4.67391200537,-0.5994935272888,4.67391200566,-0.5994935273261,-0.430427916854,0.03370371147978,0.425128344623,-0.06721665403472
3845.917820454,4.673241169095,-0.6065049261399,4.673241169436,-0.6065049261843,-0.4303660093405,0.03409427395822,0.4249441623233,-0.0679805908217
3890.451449943,4.672554649113,-0.6135967907068,4.672554649102,-0.6135967907053,-0.4303026782024,0.03448912708265,0.4247557812893,-0.06875263295789
3935.500754558,4.671852076384,-0.6207700633893,4.671852076197,-0.6207700633645,-0.4302378910399,0.03488831525623,0.4245631078729,-0.06953285156372
3981.071705535,4.671133073994,-0.6280256975675,4.67113307433,-0.6280256976128,-0.4301716148157,0.03529188319014,0.424366046518,-0.07032131779499
4027.170343255,4.670397258311,-0.6353646579223,4.670397258467,-0.6353646579434,-0.4301038159669,0.03569987591102,0.4241644998465,-0.07111810283857
4073.802778041,4.669644232771,-0.6427879197542,4.669644232929,-0.6427879197761,-0.430034459836,0.03611233871197,0.4239583680754,-0.07192327779499
4120.975190974,4.668873594202,-0.6502964700035,4.668873594235,-0.6502964700082,-0.4299635112597,0.03652931719832,0.4237475495737,-0.07273691374922
4168.693834704,4.668084929062,-0.6578913068993,4.668084929348,-0.6578913069396,-0.4298909342261,0.03695085725659,0.4235319405013,-0.07355908168795
4216.965034286,4.667277814022,-0.6655734402122,4.667277814174,-0.665573440234,-0.4298166919344,0.03737700505632,0.4233114348446,-0.07438985248157
4265.795188016,4.666451814916,-0.6733438912665,4.666451815106,-0.6733438912937,-0.4297407467036,0.03780780703869,0.4230859243025,-0.07522929683928
4315.190768278,4.665606489773,-0.6812036935566,4.665606489806,-0.6812036935615,-0.4296630602575,0.03824330993798,0.4228552985435,-0.07607748532879
4365.158322402,4.664741383386,-0.6891538921389,4.664741383394,-0.6891538921403,-0.4295835932308,0.03868356073437,0.4226194446955,-0.07693448825882
4415.704473533,4.663856030882,-0.6971955443222,4.663856030739,-0.697195544301,-0.4295023055037,0.03912860667901,0.4223782476512,-0.07780037570457
4466.83592151,4.662949956368,-0.7053297196579,4.662949956201,-0.7053297196325,-0.4294191560848,0.03957849527921,0.422131589928,-0.07867521745324
4518.559443749,4.662022672944,-0.7135575001262,4.662022672857,-0.7135575001128,-0.4293341031181,0.04003327429439,0.4218793516512,-0.07955908297009
4570.881896149,4.661073682151,-0.7218799802448,4.661073681974,-0.7218799802174,-0.4292471038406,0.04049299172706,0.4216214104878,-0.08045204135393
4623.810213993,4.660102472881,-0.7302982670897,4.660102472479,-0.7302982670266,-0.4291581144888,0.04095769580846,0.4213576415299,-0.08135416128119
4677.351412872,4.659108522182,-0.7388134806128,4.659108522197,-0.7388134806153,-0.429067090381,0.04142743500023,0.4210879173511,-0.08226551098113
4731.512589615,4.658091295777,-0.7474267539274,4.65809129578,-0.7474267539278,-0.4289739859739,0.04190225799393,0.4208121080376,-0.08318615820573
4786.300923227,4.657050245864,-0.7561392331667,4.657050245676,-0.7561392331361,-0.4288787546679,0.04238221368582,0.4205300809726,-0.08411617014983
4841.723675841,4.655984811078,-0.7649520776755,4.655984810808,-0.764952077631,-0.4287813488137,0.04286735117004,0.4202417008177,-0.08505561340689
4897.788193685,4.654894416722,-0.7738664602563,4.654894417021,-0.773866460306,-0.4286817197425,0.04335771973407,0.419946829519,-0.08600455392831
4954.501908048,4.65377847662,-0.7828835676944,4.653778476506,-0.7828835676751,-0.4285798179471,0.04385336886942,0.4196453264589,-0.08696305701216
5011.872336273,4.652636388434,-0.7920046002048,4.652636388483,-0.7920046002131,-0.4284755926606,0.04435434822097,0.4193370480203,-0.0879311871692
5069.907082747,4.65146753523,-0.8012307719028,4.651467535053,-0.8012307718723,-0.4283689920125,0.04486070759337,0.4190218477137,-0.08890900810123
5128.613839914,4.650271286218,-0.8105633111563,4.650271286187,-0.8105633111507,-0.4282599631074,0.04537249695011,0.4186995762319,-0.08989658266389
5188.00038929,4.649046996668,-0.8200034608141,4.649046996571,-0.820003460797,-0.4281484520296,0.04588976640476,0.4183700814295,-0.09089397281289
5248.074602498,4.647794004552,-0.8295524778537,4.647794004486,-0.8295524778421,-0.428034403547,0.04641256617929,0.4180332080097,-0.09190123948409
5308.84444231,4.646511632892,-0.8392116340274,4.646511632952,-0.8392116340381,-0.4279177613396,0.04694094661739,0.4176887977246,-0.09291844258153
5370.317963703,4.645199188832,-0.8489822159487,4.645199189091,-0.848982215996,-0.4277984679284,0.04747495816574,0.4173366892826,-0.09394564090083
5432.503314925,4.64385596297,-0.8588655252194,4.643855962723,-0.8588655251736,-0.4276764646278,0.04801465135711,0.4169767182791,-0.09498289205525
5495.408738577,4.642481228143,-0.8688628784654,4.642481227985,-0.8688628784358,-0.4275516914496,0.04856007678693,0.4166087170801,-0.09603025238773
5559.042572704,4.641074240643,-0.878975607813,4.641074240643,-0.8789756078131,-0.4274240872295,0.04911128511454,0.4162325149246,-0.09708777693058
5623.413251904,4.639634238434,-0.8892050608268,4.639634238425,-0.8892050608251,-0.4272935894805,0.04966832703284,0.4158479377591,-0.09815551930168
5688.529308439,4.638160442348,-0.899552601009,4.63816044236,-0.8995526010114,-0.4271601345195,0.05023125326873,0.4154548083408,-0.09923353166024
5754.399373372,4.636652052383,-0.910019607361,4.636652052535,-0.9100196073908,-0.4270236571448,0.05080011453048,0.4150529459028,-0.1003218645566
5821.032177709,4.635108251857,-0.9206074754704,4.63510825194,-0.920607475487,-0.4268840910371,0.051374961539,0.414642166525,-0.1014205669467
5888.436553556,4.633528203143,-0.9313176169715,4.633528203219,-0.9313176169867,-0.4267413683867,0.05195584496774,0.4142222827521,-0.1025296860248
5956.62143529,4.631911048545,-0.9421514600053,4.631911048945,-0.9421514600867,-0.4265954199945,0.05254281543724,0.4137931036741,-0.1036492671626
6025.595860744,4.63025591089,-0.9531104496429,4.630255910626,-0.9531104495886,-0.426446175348,0.05313592350685,0.4133544349819,-0.1047793538423
6095.368972402,4.62856189004,-0.9641960474853,4.628561890216,-0.9641960475221,-0.4262935623229,0.05373521961916,0.4129060786618,-0.1059199874941
6165.950018615,4.626828065899,-0.9754097325873,4.626828065814,-0.9754097325693,-0.426137507483,0.05434075411781,0.4124478332706,-0.1070712074782
6237.348354825,4.625053495984,-0.9867530012885,4.625053495674,-0.9867530012224,-0.4259779358811,0.05495257720261,0.4119794937278,-0.1082330509409
6309.573444802,4.623237213797,-0.9982273671863,4.623237213874,-0.9982273672031,-0.4258147709351,0.05557073889219,0.411500851183,-0.1094055526852
6382.634861906,4.621378232054,-1.009834362165,4.621378232031,-1.00983436216,-0.4256479347518,0.05619528904394,0.4110116933157,-0.1105887451521
6456.542290347,4.619475537786,-1.021575535692,4.619475537713,-1.021575535676,-0.4254773477037,0.05682627727636,0.4105118039161,-0.1117826582092
6531.305526475,4.617528093912,-1.033452455501,4.61752809411,-1.033452455545,-0.4253029286033,0.05746375296757,0.4100009630439,-0.112987319087
6606.934480076,4.615534838907,-1.045466707885,4.61553483892,-1.045466707888,-0.4251245947028,0.05810776523081,0.4094789470192,-0.1142027522697
6683.439175686,4.613494685372,-1.057619897746,4.613494685499,-1.057619897776,-0.4249422615945,0.05875836287529,0.4089455283203,-0.1154289793546
6760.82975392,4.611406519668,-1.069913648895,4.611406519956,-1.069913648962,-0.4247558432106,0.05941559437936,0.4084004755786,-0.1166660189356
6839.116472815,4.609269201266,-1.082349604285,4.609269201509,-1.082349604342,-0.4245652517976,0.06007950785915,0.4078435535503,-0.1179138864751
6918.30970919,4.607081562078,-1.094929426258,4.607081562068,-1.094929426255,-0.4243703978918,0.06075015103619,0.4072745230918,-0.119172594174
6998.419960023,4.6048424055,-1.107654796726,4.604842405551,-1.107654796738,-0.4241711902684,0.06142757120023,0.4066931411114,-0.1204421508299
7079.457843842,4.602550506789,-1.12052741768,4.602550506925,-1.120527417713,-0.4239675360165,0.06211181518884,0.4060991606439,-0.1217225617269
7161.434102129,4.600204610181,-1.133549010934,4.600204610479,-1.133549011008,-0.4237593403147,0.06280292932272,0.4054923306402,-0.123013828438
7244.35960075,4.597803431383,-1.146721319161,4.597803431345,-1.146721319152,-0.4235465067042,0.06350095941202,0.4048723962364,-0.1243159487645
7328.245331389,4.595345653044,-1.160046105243,4.59534565323,-1.16004610529,-0.4233289367167,0.0642059506668,0.4042390984069,-0.1256289164865
7413.10241301,4.592829927469,-1.173525153404,4.59282992738,-1.173525153381,-0.4231065301713,0.0649179477052,0.4035921742612,-0.1269527213037
7498.942093325,4.590254872057,-1.18716026854,4.590254872285,-1.187160268599,-0.4228791848041,0.06563699445994,0.4029313567044,-0.1282873485758
7585.775750292,4.587619073307,-1.200953277731,4.587619073354,-1.200953277743,-0.4226467966884,0.06636313420402,0.4022563748569,-0.1296327792945
7673.614893619,4.584921080611,-1.21490602915,4.584921080814,-1.214906029204,-0.4224092597164,0.06709640943065,0.4015669535804,-0.1309889897696
7762.471166287,4.582159410742,-1.229020393749,4.582159410852,-1.229020393779,-0.4221664660693,0.06783686188521,0.4008628139502,-0.1323559516107
7852.356346101,4.579332542144,-1.243298264296,4.579332542212,-1.243298264314,-0.421918305749,0.06858453244863,0.400143672837,-0.1337336314182
7943.282347243,4.576438917761,-1.257741556673,4.576438917537,-1.257741556611,-0.421664666901,0.06933946114431,0.3994092432443,-0.1351219907127
8035.261221857,4.573476940357,-1.272352209178,4.573476940425,-1.272352209197,-0.4214054354457,0.07010168703246,0.398659233994,-0.136520985646
8128.305161641,4.570444976089,-1.28713218409,4.570444976213,-1.287132184125,-0.4211404954751,0.07087124822758,0.3978933501405,-0.1379305669491
8222.426499471,4.567341349774,-1.302083466963,4.567341349737,-1.302083466952,-0.4208697288862,0.07164818178926,0.3971112926654,-0.1393506796329
8317.637711027,4.564164345476,-1.317208067414,4.564164345556,-1.317208067438,-0.420593015507,0.07243252369214,0.3963127586445,-0.1407812628432
8413.951416452,4.560912205451,-1.332508019466,4.560912205164,-1.332508019382,-0.4203102330759,0.07322430877026,0.3954974412788,-0.1422222496632
8511.380382024,4.557583127743,-1.34798538151,4.557583127899,-1.347985381557,-0.4200212570985,0.07402357063818,0.3946650298157,-0.1436735668715
8609.937521846,4.554175267738,-1.363642237454,4.554175267602,-1.363642237413,-0.4197259610737,0.07483034167455,0.393815209822,-0.1451351348198
8709.635899561,4.550686734364,-1.379480696311,4.550686734212,-1.379480696264,-0.4194242162295,0.07564465291851,0.3929476630011,-0.1466068671411
8810.488730081,4.547115589985,-1.395502892895,4.547115589861,-1.395502892857,-0.419115891603,0.07646653402399,0.3920620673393,-0.1480886705697
8912.509381338,4.543459849728,-1.411710988377,4.543459849908,-1.411710988432,-0.4188008540723,0.0772960132044,0.3911580972119,-0.1495804447419
9015.71137606,4.539717479718,-1.428107170538,4.539717479712,-1.428107170536,-0.4184789682916,0.07813311715794,0.3902354234035,-0.1510820819589
9120.10839356,4.535886394471,-1.444693653768,4.535886394854,-1.44469365389,-0.4181500965532,0.07897787097657,0.3892937130682,-0.1525934669177
9225.714271548,4.531964459834,-1.46147268083,4.531964459817,-1.461472680825,-0.4178140991647,0.07983029814977,0.3883326301744,-0.1541144766258
9332.54300797,4.527949485537,-1.478446521389,4.527949485162,-1.478446521267,-0.4174708338742,0.08069042038731,0.3873518350696,-0.1556449799652
9440.60876286,4.523839228045,-1.495617473798,4.523839228112,-1.49561747382,-0.4171201562489,0.08155825761911,0.3863509849407,-0.1571848375994
9549.925860215,4.519631389131,-1.512987865607,4.519631389151,-1.512987865614,-0.4167619196646,0.08243382792098,0.3853297339169,-0.1587339017372
9660.508789899,4.515323612021,-1.530560053264,4.51532361228,-1.530560053352,-0.4163959750773,0.08331714739475,0.3842877329788,-0.1602920158091
9772.372209559,4.510913482257,-1.548336423422,4.510913482514,-1.548336423511,-0.4160221712342,0.08420823013223,0.3832246302823,-0.1618590143064
9885.53094657,4.506398524028,-1.566319392759,4.506398524321,-1.56631939286,-0.4156403544732,0.08510708809556,0.3821400711089,-0.1634347224591
10000.0,4.501776200667,-1.584511409242,4.501776200754,-1.584511409272,-0.4152503689125,0.0860137310735,0.3810336981847,-0.1650189560622
10115.7945426,4.497043911414,-1.602914952167,4.497043911542,-1.602914952213,-0.4148520563022,0.08692816656733,0.3799051516948,-0.1666115211669
10232.92992281,4.492198989441,-1.621532532653,4.492198989666,-1.621532532734,-0.4144452559989,0.08785039969842,0.3787540694208,-0.1682122138157
10351.42166679,4.487238702719,-1.640366695196,4.487238702535,-1.640366695128,-0.4140298052086,0.08878043317073,0.3775800871326,-0.1698208198842
10471.28548051,4.482160248782,-1.659420017098,4.482160248209,-1.659420016886,-0.4136055386749,0.08971826711398,0.3763828384802,-0.171437114696
10592.53725177,4.476960754163,-1.678695109606,4.476960754005,-1.678695109547,-0.4131722888051,0.09066389901606,0.3751619552964,-0.1730608628114
10715.19305238,4.471637274285,-1.698194619296,4.471637274316,-1.698194619307,-0.4127298858461,0.09161732366584,0.3739170679538,-0.1746918178379
10839.26914021,4.466186789364,-1.717921228049,4.466186789826,-1.717921228227,-0.4122781577004,0.09257853301527,0.3726478054024,-0.1763297220892
10964.78196143,4.460606202593,-1.737877653911,4.460606202756,-1.737877653975,-0.4118169299623,0.09354751608609,0.3713537954194,-0.177974306333
11091.74815262,4.454892337492,-1.758066651686,4.454892337893,-1.758066651844,-0.4113460258842,0.09452425885845,0.3700346648053,-0.1796252895074
11220.18454302,4.449041938288,-1.778491014808,4.449041938423,-1.778491014862,-0.410865266634,0.09550874422401,0.3686900398531,-0.1812823785645
11350.10815672,4.443051664246,-1.7991535749,4.443051664132,-1.799153574854,-0.4103744710023,0.09650095181084,0.3673195463321,-0.182945268073
11481.53621497,4.436918089114,-1.820057203419,4.436918089025,-1.820057203383,-0.4098734555934,0.09750085791609,0.3659228099185,-0.1846136400318
11614.4861384,4.430637698921,-1.841204812749,4.430637698874,-1.841204812729,-0.4093620348749,0.09850843540475,0.3644994565099,-0.1862871636228
11748.9755494,4.424206888917,-1.862599357019,4.424206888425,-1.862599356812,-0.4088400211582,0.09952365358956,0.3630491124889,-0.1879654949337
11885.02227437,4.417621959889,-1.884243832756,4.417621959727,-1.884243832687,-0.4083072245355,0.1005464780969,0.3615714049604,-0.1896482766609
12022.64434617,4.410879118011,-1.90614128111,4.410879117933,-1.906141281077,-0.4077634531535,0.1015768708128,0.3600659623008,-0.1913351379682
12161.86000646,4.403974469152,-1.928294787856,4.403974469189,-1.928294787872,-0.4072085129907,0.1026147897045,0.3585324142764,-0.1930256941198
12302.68770812,4.396904018241,-1.950707485656,4.396904018148,-1.950707485615,-0.4066422081136,0.1036601887587,0.3569703926011,-0.1947195463376
12445.14611771,4.38966366413,-1.973382554508,4.389663664418,-1.973382554638,-0.4060643405337,0.1047130178166,0.3553795311515,-0.1964162814747
12589.25411794,4.382249198455,-1.996323224061,4.38224919864,-1.996323224145,-0.4054747104474,0.1057732225044,0.3537594665333,-0.1981154718737
12735.03081017,4.374656300507,-2.01953277431,4.374656300601,-2.019532774353,-0.4048731161249,0.106840744071,0.3521098383514,-0.1998166750627
12882.49551693,4.366880534529,-2.043014537518,4.366880534562,-2.043014537534,-0.4042593540396,0.1079155192859,0.3504302897044,-0.2015194335703
13031.66778452,4.358917346614,-2.066771900129,4.358917346835,-2.066771900234,-0.4036332189791,0.10899748033,0.3487204676744,-0.2032232747399
13182.56738556,4.350762060407,-2.090808304298,4.350762060574,-2.090808304379,-0.4029945040648,0.1100865546611,0.3469800237515,-0.2049277105043
13335.21432163,4.342409872662,-2.115127249527,4.342409872786,-2.115127249588,-0.4023430007775,0.1111826648772,0.3452086142761,-0.2066322371705
13489.62882592,4.33385585013,-2.13973229513,4.333855850204,-2.139732295167,-0.4016784991286,0.1122857286179,0.3434059010201,-0.2083363352851
13645.83136589,4.325094923981,-2.164627061713,4.325094923798,-2.164627061622,-0.4010007876247,0.1133956584076,0.3415715516043,-0.2100394694036
13803.84264603,4.316121886552,-2.18981523403,4.316121886376,-2.18981523394,-0.400309653472,0.1145123615623,0.3397052401331,-0.2117410879927
13963.68361056,4.306931386366,-2.215300563212,4.306931386207,-2.21530056313,-0.3996048826453,0.1156357400582,0.3378066477271,-0.2134406232736
14125.37544623,4.297517922647,-2.241086869042,4.297517922749,-2.241086869095,-0.3988862599384,0.1167656903927,0.3358754630521,-0.2151374910661
14288.93958511,4.287875840371,-2.267178042717,4.287875840509,-2.267178042789,-0.3981535690911,0.1179021034655,0.3339113829269,-0.2168310906853
14454.39770746,4.277999325031,-2.293578049809,4.277999324963,-2.293578049773,-0.3974065929213,0.1190448644598,0.3319141129469,-0.2185208048546
14621.77174457,4.267882396115,-2.320290932863,4.267882395852,-2.32029093272,-0.3966451133695,0.1201938526968,0.3298833680475,-0.2202059995849
14791.08388168,4.257518901297,-2.347320814688,4.257518901347,-2.347320814716,-0.3958689116433,0.1213489415175,0.3278188731628,-0.2218860241226
14962.35656095,4.246902511524,-2.374671902553,4.246902511645,-2.37467190262,-0.3950777684825,0.1225099982017,0.325720363996,-0.2235602109832
15135.61248436,4.236026712263,-2.402348490682,4.236026712447,-2.402348490786,-0.3942714641063,0.1236768837897,0.323587587537,-0.2252278758242
15310.87461682,4.224884796628,-2.430354964171,4.224884796669,-2.430354964194,-0.3934497783758,0.1248494529664,0.3214203027706,-0.2268883174548
15488.16618913,4.21346985882,-2.458695803579,4.213469859204,-2.458695803802,-0.3926124910322,0.1260275539708,0.3192182814568,-0.2285408179094
15667.51070108,4.201774786388,-2.487375589365,4.201774786399,-2.487375589372,-0.3917593818701,0.1272110284859,0.316981308866,-0.2301846425069
15848.93192461,4.18979224955,-2.516399005133,4.189792249672,-2.516399005206,-0.3908902306904,0.128399711456,0.3147091843461,-0.2318190398009
16032.4539069,4.17751469468,-2.545770843885,4.177514694692,-2.545770843892,-0.3900048176943,0.1295934310465,0.312401722256,-0.2334432418105
16218.10097359,4.164934333552,-2.57549601242,4.164934333462,-2.575496012364,-0.3891029235402,0.1307920084961,0.3100587526338,-0.2350564640786
16405.897732,4.152043133218,-2.605579536743,4.152043133729,-2.605579537064,-0.3881843295234,0.1319952580077,0.3076801219712,-0.2366579058258
16595.86907438,4.138832806206,-2.636026568422,4.138832806628,-2.63602656869,-0.3872488178515,0.1332029866743,0.3052656940712,-0.2382467501908
16788.04018123,4.125294797824,-2.666842389941,4.125294797923,-2.666842390005,-0.3862961717235,0.1344149943389,0.3028153507536,-0.2398221643776
16982.43652462,4.111420273949,-2.698032421136,4.111420273974,-2.698032421152,-0.3853261755299,0.1356310734961,0.3003289926632,-0.2413832999046
17179.08387158,4.09720010918,-2.729602226812,4.097200109138,-2.729602226784,-0.3843386151717,0.1368510092375,0.2978065401731,-0.2429292929585
17378.00828749,4.082624871923,-2.761557523392,4.08262487182,-2.761557523323,-0.3833332781836,0.1380745791315,0.2952479341363,-0.2444592646569
17579.23613959,4.067684809748,-2.79390418672,4.067684809592,-2.793904186613,-0.3823099539767,0.1393015531468,0.2926531367325,-0.2459723214191
17782.79410039,4.052369833429,-2.826648260195,4.052369833225,-2.826648260053,-0.3812684340664,0.1405316935732,0.2900221323026,-0.2474675553586
17988.70915129,4.03666950011,-2.859795963496,4.036669499629,-2.859795963155,-0.3802085123285,0.1417647549566,0.2873549282025,-0.2489440447311
18197.0085861,4.020572993808,-2.893353700831,4.020572993747,-2.893353700787,-0.3791299851299,0.1430004839903,0.2846515555591,-0.2504008543342
18407.72001469,4.004069108129,-2.927328072156,4.004069108038,-2.927328072088,-0.3780326517986,0.1442386195366,0.2819120702776,-0.2518370361664
18620.87136663,3.987146222807,-2.961725881605,3.98714622269,-2.961725881518,-0.3769163146565,0.1454788924902,0.2791365537127,-0.2532516298382
18836.4908949,3.969792281734,-2.996554148611,3.969792281845,-2.996554148695,-0.3757807793484,0.1467210257552,0.2763251135547,-0.2546436632138
19054.60717963,3.951994770186,-3.031820120335,3.951994770281,-3.031820120408,-0.3746258552633,0.1479647342663,0.2734778847727,-0.2560121531592
19275.24913191,3.93374068553,-3.06753128117,3.933740685845,-3.067531281416,-0.3734513555234,0.1492097248462,0.2705950302262,-0.2573561060365
19498.44599758,3.9150165117,-3.103695367222,3.915016511794,-3.103695367297,-0.3722570975286,0.1504556962861,0.2676767416724,-0.2586745186172
19724.22736115,3.895808186823,-3.140320377869,3.895808186917,-3.140320377944,-0.3710429030673,0.1517023392626,0.2647232404395,-0.259966378742
19952.62314969,3.876101071197,-3.177414590072,3.876101071294,-3.177414590151,-0.3698085986973,0.1529493363681,0.2617347782782,-0.2612306662079
20183.66363682,3.855879911708,-3.214986572608,3.855879911377,-3.214986572331,-0.3685540160429,0.1541963621164,0.2587116381322,-0.2624663536432
20417.3794467,3.83512880226,-3.253045199961,3.835128802167,-3.253045199882,-0.3672789919913,0.1554430829135,0.2556541348148,-0.2636724073524
20653.80155811,3.813831144201,-3.2915996695,3.813831144348,-3.291599669627,-0.3659833691946,0.1566891571646,0.2525626158764,-0.2648477884246
20892.96130854,3.791969599971,-3.33065951642,3.791969599931,-3.330659516385,-0.3646669962535,0.1579342352576,0.2494374622192,-0.2659914536597
21134.89039837,3.769526043925,-3.370234630013,3.76952604413,-3.370234630196,-0.3633297279926,0.1591779595937,0.2462790887495,-0.2671023566032
21379.62089502,3.746481510826,-3.410335272067,3.746481511071,-3.41033527229,-0.3619714259103,0.1604199647025,0.2430879451153,-0.2681794487533
21627.18523727,3.722816138127,-3.450972094232,3.722816137981,-3.450972094097,-0.36059195846,0.1616598772979,0.2398645162935,-0.2692216806919
21877.6162395,3.698509102503,-3.492156155035,3.698509102393,-3.492156154931,-0.3591912012525,0.1628973163066,0.2366093230882,-0.2702280031993
22130.94709606,3.673538554112,-3.533898940093,3.673538554054,-3.533898940038,-0.3577690375562,0.1641318930424,0.2333229227877,-0.2711973686344
22387.21138568,3.647881543273,-3.576212381041,3.647881542845,-3.576212380621,-0.3563253586287,0.1653632113196,0.2300059096641,-0.2721287322369
22646.44307593,3.621513938612,-3.619108872587,3.621513938245,-3.61910887222,-0.3548600638431,0.1665908674829,0.2266589152952,-0.2730210533138
22908.67652768,3.594410343393,-3.662601294545,3.594410343075,-3.662601294221,-0.3533730613163,0.1678144506827,0.2232826091642,-0.2738732968514
23173.94649969,3.566543998618,-3.706703028358,3.566543998366,-3.706703028097,-0.3518642679953,0.1690335429144,0.2198776988577,-0.274684434755
23442.2881532,3.537886682025,-3.75142797745,3.537886681841,-3.751427977254,-0.35033361016,0.1702477192654,0.2164449304772,-0.2754534474491
23713.73705662,3.508408595539,-3.796790584668,3.50840859522,-3.796790584322,-0.3487810236963,0.171456548072,0.2129850888473,-0.2761793253399
23988.3291902,3.47807824271,-3.842805848755,3.478078242463,-3.842805848482,-0.3472064543696,0.1726595910889,0.209498997668,-0.2768610703142
24266.10095083,3.44686229695,-3.889489341509,3.446862296966,-3.889489341527,-0.3456098582801,0.1738564037654,0.2059875197153,-0.2774976974184
24547.08915685,3.414725455594,-3.936857221008,3.414725455684,-3.936857221111,-0.3439912021105,0.1750465354372,0.2024515568511,-0.2780882364082
24831.33105296,3.381630282107,-3.984926244089,3.381630281877,-3.984926243818,-0.3423504635123,0.176229529605,0.1988920500501,-0.2786317334411
25118.8643151,3.347537031346,-4.033713773121,3.347537031392,-4.033713773176,-0.3406876312483,0.1774049241054,0.1953099792153,-0.2791272526004
25409.72705549,3.312403463936,-4.083237785132,3.312403463867,-4.083237785047,-0.3390027058493,0.1785722515669,0.1917063632207,-0.2795738778662
25703.95782769,3.276184636191,-4.133516868159,3.276184636203,-4.133516868175,-0.3372956995656,0.17973103952,0.1880822594725,-0.2799707145366
26001.59563165,3.238832676837,-4.184570219198,3.238832676742,-4.184570219075,-0.3355666369302,0.1808808108453,0.1844387637468,-0.2803168911712
26302.67991896,3.200296538478,-4.236417630207,3.20029653828,-4.236417629945,-0.3338155548974,0.1820210840187,0.1807770097085,-0.2806115612046
26607.25059799,3.160521727961,-4.289079468286,3.16052172785,-4.289079468135,-0.332042503191,0.1831513734885,0.1770981684697,-0.2808539047494
26915.34803927,3.11945001099,-4.342576645416,3.119450010795,-4.342576645145,-0.330247544622,0.1842711900582,0.1734034480495,-0.2810431303877
27227.01308078,3.077019087857,-4.396930574606,3.077019087751,-4.396930574455,-0.3284307552997,0.1853800412323,0.1696940926941,-0.281178476881
27542.28703338,3.033162239372,-4.452163112485,3.033162239177,-4.452163112198,-0.3265922249283,0.186477431631,0.1659713821596,-0.2812592149596
27861.2116863,2.987807937885,-4.508296482348,2.987807937954,-4.508296482452,-0.3247320569577,0.187562863345,0.1622366308376,-0.2812846489869
28183.82931265,2.940879424238,-4.5653531802,2.940879424221,-4.565353180174,-0.3228503690271,0.1886358364794,0.1584911869425,-0.2812541188748
28510.18267504,2.89229424016,-4.62335584927,2.892294240062,-4.623355849114,-0.3209472929366,0.1896958494507,0.1547364313771,-0.2811670015855
28840.31503127,2.841963719997,-4.682327129717,2.841963719988,-4.682327129702,-0.3190229749866,0.1907423995169,0.1509737766983,-0.2810227129395
29174.27014001,2.789792433363,-4.74228947138,2.789792433279,-4.742289471236,-0.3170775762041,0.1917749832678,0.1472046659388,-0.2808207093113
29512.09226667,2.735677573782,-4.803264901705,2.735677573637,-4.803264901451,-0.3151112723848,0.1927930970275,0.1434305712578,-0.2805604891452
29853.82618918,2.679508292539,-4.865274747286,2.679508292484,-4.865274747186,-0.3131242543804,0.1937962374273,0.1396529926238,-0.2802415946602
30199.51720402,2.62116496882,-4.928339292923,2.621164968853,-4.928339292984,-0.3111167281613,0.194783901867,0.1358734563091,-0.2798636133297
30549.21113216,2.560518413744,-4.992477371675,2.560518413722,-4.992477371632,-0.309088914955,0.1957555890437,0.1320935133389,-0.2794261793932
30902.95432514,2.497429002563,-5.057705872002,2.497429002334,-5.057705871538,-0.3070410513808,0.1967107995042,0.1283147378573,-0.278928975328
31260.79367124,2.431745728363,-5.124039143591,2.431745728223,-5.124039143296,-0.3049733893851,0.1976490360913,0.1245387253315,-0.2783717330961
31622.77660169,2.363305176814,-5.19148829288,2.36330517676,-5.191488292762,-0.3028861965148,0.1985698046301,0.1207670908241,-0.2777542356506
31988.95109692,2.291930411714,-5.260060335572,2.291930411743,-5.260060335638,-0.3007797558088,0.1994726143925,0.117001467029,-0.2770763180432
32359.36569296,2.217429772215,-5.329757190594,2.217429772071,-5.329757190249,-0.2986543658646,0.2003569786954,0.1132435023141,-0.2763378686328
32734.06948789,2.139595576775,-5.400574481221,2.139595576714,-5.400574481066,-0.2965103407579,0.2012224154243,0.1094948586379,-0.275538830098
33113.11214826,2.058202735509,-5.472500114672,2.058202735525,-5.472500114715,-0.2943480101135,0.2020684476787,0.1057572094622,-0.274679200523
33496.54391578,1.97300727013,-5.545512594007,1.973007270227,-5.545512594278,-0.29216771896,0.2028946042932,0.1020322375235,-0.2737590342115
33884.41561392,1.883744749992,-5.619579022902,1.883744750044,-5.619579023058,-0.289969827749,0.203700420491,0.09832163261029,-0.2727784425813
34276.77865465,1.790128651662,-5.694652741088,1.790128651577,-5.694652740817,-0.2877547120926,0.2044854383619,0.09462708919202,-0.271737594714
34673.68504526,1.691848662951,-5.770670537294,1.691848663034,-5.770670537577,-0.2855227627164,0.2052492075063,0.09095030407991,-0.2706367180238
35075.18739526,1.588568956117,-5.8475493636,1.588568956076,-5.847549363451,-0.2832743853982,0.2059912856923,0.08729297403869,-0.2694760988291
35481.33892336,1.479926466853,-5.925182461653,1.479926466873,-5.925182461732,-0.2810100005648,0.2067112392821,0.08365679325595,-0.2682560825089
35892.1934645,1.365529237647,-6.003434821184,1.365529237644,-6.003434821172,-0.2787300432635,0.2074086439437,0.08004345090391,-0.2669770739209
36307.80547701,1.244954896206,-6.082137851488,1.244954896253,-6.082137851717,-0.2764349628395,0.2080830851661,0.07645462858624,-0.2656395374456
36728.23004981,1.11774937224,-6.161083155525,1.117749372265,-6.161083155667,-0.2741252226879,0.2087341588398,0.07289199779366,-0.2642439970014
37153.52290972,0.9834259870429,-6.240015276114,0.983425986994,-6.240015275803,-0.2718012999784,0.2093614718316,0.06935721734178,-0.2627910359337
37583.74042885,0.8414650935078,-6.318623275354,0.8414650935001,-6.318623275296,-0.2694636852737,0.2099646424884,0.06585193077975,-0.261281296698
38018.93963206,0.6913144992772,-6.396531011749,0.6913144992615,-6.396531011603,-0.2671128822825,0.2105433012539,0.06237776383786,-0.2597154805689
38459.17820454,0.5323909703903,-6.473285970304,0.5323909704001,-6.473285970423,-0.2647494074265,0.2110970911517,0.05893632183883,-0.258094347064
38904.51449943,0.3640831968491,-6.548346529001,0.3640831968511,-6.548346529036,-0.2623737894625,0.2116256683168,0.05552918714335,-0.2564187133142
39355.00754558,0.1857566984131,-6.621067571338,0.1857566984002,-6.621067570876,-0.2599865690941,0.2121287025251,0.05215791661758,-0.2546894533181
39810.71705535,-0.003238734997353,-6.690684410515,-0.003238734997271,-6.690684410356,-0.2575882983921,0.2126058775719,0.04882403909527,-0.2529074969012
40271.70343255,-0.2035583415189,-6.756295105295,-0.2035583414997,-6.756295104658,-0.2551795405869,0.2130568919555,0.04552905295492,-0.2510738289338
40738.02778041,-0.4158475536811,-6.816841355416,-0.4158475536596,-6.816841355064,-0.2527608693063,0.2134814591086,0.04227442363445,-0.2491894879005
41209.75190974,-0.6407220128371,-6.871088424919,-0.640722012834,-6.871088424886,-0.2503328682313,0.213879307971,0.03906158128338,-0.2472555647735
41686.93834704,-0.8787412756504,-6.917604799593,-0.8787412755848,-6.917604799077,-0.2478961305622,0.2142501834048,0.03589191843788,-0.2452732015988
42169.65034286,-1.130374956287,-6.954742704755,-1.130374956251,-6.954742704538,-0.2454512583349,0.2145938464756,0.03276678774419,-0.2432435898333
42657.95188016,-1.395960028731,-6.980621148949,-1.395960028673,-6.980621148655,-0.2429988619963,0.2149100749485,0.02968749979788,-0.2411679688387
43151.90768278,-1.675648126082,-6.993113798318,-1.675648125896,-6.993113797541,-0.2405395597556,0.2151986635851,0.02665532102991,-0.2390476240604
43651.58322402,-1.969342004886,-6.989844798192,-1.96934200487,-6.989844798133,-0.2380739769232,0.2154594244156,0.0236714716839,-0.2368838851
44157.04473533,-2.276620990082,-6.968196544401,-2.276620989907,-6.968196543865,-0.2356027454426,0.2156921871735,0.02073712390827,-0.234678123893
44668.3592151,-2.596656286043,-6.925334275927,-2.596656285969,-6.92533427573,-0.2331265030457,0.2158967993775,0.01785339990922,-0.2324317524264
45185.5944375,-2.928118669768,-6.858253142711,-2.928118669645,-6.858253142423,-0.2306458928246,0.2160731267747,0.01502137025102,-0.230146220792
45708.81896149,-3.269083308852,-6.763853698344,-3.269083308875,-6.763853698392,-0.2281615623519,0.2162210533544,0.01224205222752,-0.2278230147138
46238.10213993,-3.616939312966,-6.639051419377,-3.616939312746,-6.639051418974,-0.225674163227,0.2163404817353,0.009516408382813,-0.2254636534309
46773.51412872,-3.968314887218,-6.480924229927,-3.968314887158,-6.48092422983,-0.2231843501943,0.2164313331328,0.006845345123551,-0.2230696870878
47315.12589615,-4.319032255274,-6.286898873282,-4.319032255171,-6.286898873132,-0.2206927806042,0.2164935476246,0.004229711476629,-0.2206426944071
47863.00923227,-4.664109035347,-6.054971816636,-4.664109035195,-6.054971816439,-0.2182001136525,0.2165270841847,0.001670297961927,-0.2181842800898
48417.23675841,-4.997823488998,-5.783953368344,-4.997823488794,-5.783953368107,-0.2157070096982,0.2165319207618,-0.0008321643986599,-0.2156960722427
48977.88193685,-5.313858738096,-5.4737153256,-5.313858738125,-5.47371532563,-0.2132141295633,0.2165080543153,-0.003277004940053,-0.2131797197498
49545.01908048,-5.605534601657,-5.125414187746,-5.605534601642,-5.125414187732,-0.2107221338326,0.2164555008201,-0.005663614076374,-0.2106368896071
50118.72336273,-5.866124721184,-4.741655919524,-5.86612472078,-4.741655919197,-0.2082316821658,0.2163742952536,-0.007991443886681,-0.2080692642414
50699.07082747,-6.089241945537,-4.326567037629,-6.089241944715,-4.326567037045,-0.2057434325631,0.2162644915012,-0.01026000855998,-0.2054785387605
51286.13839914,-6.269258971239,-3.885742695588,-6.269258970688,-3.885742695247,-0.2032580406958,0.216126162295,-0.01246888470289,-0.2028664182537
51880.0038929,-6.401717814039,-3.426056306865,-6.401717813804,-3.426056306739,-0.2007761592298,0.2159593991087,-0.01461771150789,-0.2002346150748
52480.74602498,-6.483675179959,-2.955335634182,-6.483675179296,-2.955335633879,-0.1982984371651,0.2157643120365,-0.01670619078523,-0.1975848461405
53088.4444231,-6.513934489325,-2.481933176456,-6.513934488613,-2.481933176185,-0.1958255190573,0.2155410295026,-0.01873408684587,-0.1949188301138
53703.17963703,-6.49312990271,-2.014238456744,-6.493129901956,-2.01423845651,-0.1933580444707,0.2152896981822,-0.02070122626464,-0.19223828483
54325.03314925,-6.423650458562,-1.560190945272,-6.423650458473,-1.560190945251,-0.1908966472664,0.2150104827047,-0.02260749749663,-0.1895449245747
54954.08738577,-6.309417983753,-1.126851659138,-6.309417983625,-1.126851659116,-0.188441954974,0.2147035654052,-0.02445285036639,-0.1868404574686
55590.42572704,-6.15555432059,-0.7200792474421,-6.155554320426,-0.7200792474229,-0.1859945881647,0.214369146036,-0.02623729542801,-0.1841265828826
56234.13251904,-5.967986630473,-0.3443363261628,-5.967986630276,-0.3443363261515,-0.1835551598408,0.2140074414531,-0.02796090319931,-0.1814049889039
56885.29308439,-5.753041994062,-0.002629527311964,-5.753041993502,-0.002629527311712,-0.1811242748505,0.2136186852887,-0.02962380327647,-0.1786773498691
57543.99373372,-5.517075404807,0.303432474533,-5.51707540486,0.3034324745359,-0.1787025292586,0.2132031275263,-0.03122618332116,-0.1759453238984
58210.32177709,-5.266162018457,0.5734913041416,-5.266162018477,0.5734913041438,-0.1762905098939,0.2127610342384,-0.03276828796062,-0.1732105506553
58884.36553556,-5.005869307365,0.8082349427812,-5.005869307356,0.8082349427797,-0.1738887937043,0.2122926870537,-0.03425041754601,-0.170474648974
59566.2143529,-4.741111143284,1.009169320376,-4.741111143526,1.009169320428,-0.1714979472823,0.2117983827776,-0.03567292683197,-0.1677392147136
60255.95860744,-4.476075788871,1.178391440633,-4.476075788814,1.178391440618,-0.1691185264083,0.2112784329932,-0.03703622356203,-0.1650058186946
60953.68972402,-4.21421397767,1.31838233414,-4.214213977823,1.318382334188,-0.1667510754769,0.2107331634697,-0.03834076693331,-0.1622760045898
61659.50018615,-3.958271217749,1.431830493882,-3.958271217641,1.431830493843,-0.1643961271557,0.2101629138145,-0.03958706602108,-0.1595512871141
62373.48354825,-3.710349095406,1.521490050391,-3.710349095503,1.521490050431,-0.1620542018618,0.2095680368492,-0.04077567807921,-0.156833150111
63095.73444802,-3.471982637938,1.590073301054,-3.471982638012,1.590073301088,-0.1597258074646,0.2089488982307,-0.04190720681652,-0.1541230449383
63826.34861906,-3.244223691476,1.64017428444,-3.24422369134,1.640174284371,-0.1574114388231,0.2083058758117,-0.04298230056134,-0.1514223887716
64565.42290347,-3.027723206767,1.674218616829,-3.027723206803,1.674218616848,-0.1551115774356,0.2076393591025,-0.04400165038774,-0.1487325631017
65313.05526475,-2.822807866379,1.69443437329,-2.822807866234,1.694434373203,-0.152826691206,0.2069497488415,-0.04496598821555,-0.146054912425
66069.34480076,-2.629548501519,1.702839028499,-2.629548501669,1.702839028596,-0.1505572340065,0.2062374562546,-0.04587608480209,-0.1433907428265
66834.39175687,-2.447819242,1.701238084819,-2.447819241986,1.70123808481,-0.1483036455488,0.2055029026814,-0.04673274777493,-0.1407413209423
67608.2975392,-2.277347324081,1.691231754424,-2.277347324191,1.691231754506,-0.1460663509947,0.2047465188093,-0.04753681954908,-0.138107872762
68391.16472815,-2.117754122773,1.67422683512,-2.117754122867,1.674226835194,-0.1438457608666,0.2039687442757,-0.04828917530191,-0.1354915828015
69183.0970919,-1.968588294708,1.651451598924,-1.968588294672,1.651451598894,-0.1416422707656,0.2031700269658,-0.04899072086216,-0.132893593182
69984.19960023,-1.829352073428,1.623972108809,-1.829352073494,1.623972108867,-0.139456261205,0.2023508224294,-0.049642390613,-0.1303150029035
70794.57843842,-1.699521767564,1.592708849298,-1.699521767519,1.592708849256,-0.1372880975501,0.2015115934141,-0.05024514541903,-0.1277568673043
71614.34102129,-1.578563448174,1.558452922476,-1.578563448034,1.558452922338,-0.1351381297939,0.2006528091261,-0.05079997048713,-0.1252201974514
72443.5960075,-1.465944718688,1.521881344672,-1.465944718718,1.521881344704,-0.1330066925168,0.1997749447187,-0.0513078732878,-0.122705959786
73282.4533139,-1.361143336436,1.483571174847,-1.36114333646,1.483571174873,-0.1308941048575,0.1988784807696,-0.051769881487,-0.1202150758612
74131.0241301,-1.263653338402,1.444012348687,-1.263653338345,1.444012348622,-0.1288006704086,0.19796390261,-0.05218704085563,-0.1177484220887
74989.42093325,-1.172989215844,1.403619192295,-1.172989215856,1.403619192309,-0.1267266772001,0.1970316997537,-0.05256041322571,-0.1153068296462
75857.75750292,-1.08868858138,1.362740650556,-1.088688581324,1.362740650485,-0.1246723977796,0.1960823654462,-0.05289107450438,-0.1128910845472
76736.14893619,-1.010313684444,1.321669301019,-1.010313684389,1.321669300947,-0.1226380891364,0.1951163959448,-0.0531801126472,-0.1105019276413
77624.71166287,-0.9374520645073,1.280649252544,-0.9374520644526,1.28064925247,-0.1206239928335,0.1941342900941,-0.05342862574409,-0.1081400548748
78523.56346101,-0.869716565166,1.23988302974,-0.8697165651633,1.239883029736,-0.1186303350356,0.1931365487154,-0.05363772009409,-0.1058061175231
79432.82347243,-0.8067448877172,1.199537551961,-0.8067448877122,1.199537551954,-0.1166573266376,0.1921236741313,-0.05380850835858,-0.1035007225783
80352.61221857,-0.7481988203976,1.159749307933,-0.7481988203877,1.159749307917,-0.1147051633416,0.1910961695872,-0.05394210773113,-0.1012244331516
81283.05161642,-0.6937632494588,1.120628823892,-0.6937632494882,1.120628823939,-0.1127740257836,0.1900545387311,-0.05403963817112,-0.09897776897889
82224.26499471,-0.6431450325709,1.082264514161,-0.6431450325587,1.08226451414,-0.1108640797506,0.1889992852266,-0.05410222072598,-0.09676120705935
83176.37711027,-0.5960717935319,1.044725991797,-0.5960717935537,1.044725991835,-0.1089754762485,0.1879309121009,-0.05413097583154,-0.09457518221514
84139.51416453,-0.5522906853253,1.008066914551,-0.5522906853117,1.008066914526,-0.1071083517917,0.1868499214498,-0.05412702176888,-0.09242008789234
85113.80382024,-0.5115671519638,0.9723274250583,-0.5115671519797,0.9723274250885,-0.1052628285001,0.1857568138037,-0.05409147308117,-0.09029627683887
86099.37521847,-0.4736837148011,0.9375362447279,-0.4736837147869,0.9375362446998,-0.1034390144157,0.1846520878586,-0.05402543915428,-0.08820406201319
87096.35899561,-0.4384387974582,0.9037124657133,-0.4384387974952,0.9037124657895,-0.1016370036262,0.1835362398624,-0.05393002275707,-0.08614371736448
88104.88730081,-0.4056456023241,0.8708670869411,-0.4056456023573,0.8708670870123,-0.09985687662337,0.1824097634067,-0.05380631876058,-0.0841154788472
89125.09381338,-0.3751310433011,0.8390043266391,-0.375131043287,0.8390043266075,-0.09809870046574,0.1812731488657,-0.05365541281583,-0.0821195452999
90157.1137606,-0.3467347399905,0.8081227454399,-0.3467347399969,0.8081227454548,-0.09636252904746,0.1801268830155,-0.05347838014586,-0.08015607944152
91201.0839356,-0.3203080744308,0.7782162069705,-0.3203080744172,0.7782162069375,-0.09464840345962,0.178971448826,-0.05327628445153,-0.07822520896871
92257.14271548,-0.2957133092974,0.7492746968118,-0.2957133093003,0.7492746968192,-0.09295635217344,0.1778073249195,-0.05305017678089,-0.0763270275244
93325.43007971,-0.2728227674597,0.7212850229039,-0.2728227674618,0.7212850229095,-0.09128639140228,0.1766349853633,-0.05280109455963,-0.07446159583344
94406.0876286,-0.2515180697895,0.6942314122336,-0.2515180697908,0.6942314122374,-0.0896385253759,0.1754548992984,-0.05253006063478,-0.07262894277895
95499.25860215,-0.2316894289773,0.6680960196092,-0.2316894289781,0.6680960196114,-0.08801274665482,0.174267530649,-0.05223808240342,-0.07082906652373
96605.08789899,-0.21323499622,0.64285936074,-0.2132349962327,0.6428593607783,-0.08640903644074,0.1730733378261,-0.05192615100035,-0.06906193563641
97723.72209559,-0.1960602577027,0.6185006807316,-0.1960602577025,0.6185006807311,-0.08482736492196,0.1718727735097,-0.05159524056865,-0.06732749025163
98855.3094657,-0.1800774774034,0.5949982664169,-0.1800774774134,0.5949982664499,-0.08326769154295,0.1706662842839,-0.05124630754502,-0.0656256431726
100000.0,-0.1652051835417,0.5723297120437,-0.1652051835312,0.5723297120075,-0.08172996541275,0.1694543105614,-0.05088029008879,-0.06395628108447
101157.945426,-0.1513676948535,0.5504721428306,-0.1513676948524,0.5504721428269,-0.08021412553865,0.1682372861624,-0.05049810746362,-0.06231926562762
102329.2992281,-0.1384946845076,0.5294024049357,-0.1384946845064,0.5294024049312,-0.07872010126158,0.1670156383179,-0.05010065960122,-0.06071443462552
103514.2166679,-0.1265207781036,0.509097224156,-0.1265207781023,0.5090972241507,-0.07724781251946,0.1657897873311,-0.04968882661524,-0.059141603171
104712.8548051,-0.1153851835692,0.4895333396393,-0.1153851835611,0.4895333396047,-0.07579717021654,0.1645601464718,-0.04926346843694,-0.05760056478728
105925.3725177,-0.1050313502194,0.4706876151061,-0.105031350218,0.4706876150996,-0.07436807653335,0.1633271217583,-0.04882542446663,-0.05609109253245
107151.9305238,-0.09540665477018,0.4525371316089,-0.09540665477427,0.4525371316282,-0.07296042530254,0.1620911118995,-0.04837551332136,-0.05461294014246
108392.6914021,-0.08646211200138,0.4350592636636,-0.08646211199989,0.4350592636561,-0.07157410232142,0.1608525081147,-0.04791453259209,-0.05316584311161
109647.8196143,-0.07815210812487,0.4182317415464,-0.07815210812338,0.4182317415385,-0.07020898566526,0.1596116939703,-0.04744325865039,-0.05174951975935
110917.4815262,-0.07043415510829,0.4020327020879,-0.07043415510272,0.4020327020562,-0.06886494606078,0.1583690453713,-0.04696244654387,-0.05036367232519
112201.8454302,-0.06326866402827,0.3864407288323,-0.06326866402663,0.3864407288223,-0.06754184717835,0.1571249303862,-0.04647282988249,-0.04900798798497
113501.0815672,-0.05661873610148,0.3714348838884,-0.05661873610323,0.3714348838998,-0.06623954598257,0.1558797092265,-0.04597512080952,-0.0476821398917
114815.3621497,-0.05044996979466,0.3569947322459,-0.05044996979319,0.3569947322356,-0.06495789305818,0.15463373419,-0.04547000999831,-0.04638578817768
116144.861384,-0.04473028275989,0.3431003595313,-0.04473028276375,0.3431003595609,-0.06369673288688,0.1533873495089,-0.04495816665589,-0.04511858090074
117489.755494,-0.03942974742675,0.3297323850531,-0.0394297474255,0.3297323850426,-0.06245590423763,0.1521408914889,-0.04444023864524,-0.04388015505011
118850.2227437,-0.03452043897922,0.3168719693442,-0.03452043898009,0.3168719693522,-0.06123524037983,0.1508946882466,-0.04391685251991,-0.04267013740336
120226.4434617,-0.02997629495068,0.304500818891,-0.02997629494964,0.3045008188804,-0.06003456948408,0.1496490599224,-0.04338861372779,-0.04148814549378
121618.6000646,-0.02577298524221,0.292601186709,-0.02577298524129,0.2926011866985,-0.05885371484942,0.1484043184941,-0.04285610672462,-0.04033378843169
123026.8770812,-0.02188779192466,0.2811558707932,-0.02188779192385,0.2811558707828,-0.05769249524093,0.1471607678848,-0.04231989519877,-0.03920666777942
124451.4611771,-0.01829949790693,0.2701482099624,-0.01829949790623,0.270148209952,-0.0565507251604,0.1459187039291,-0.04178052227844,-0.03810637835562
125892.5411794,-0.01498828383795,0.2595620778779,-0.01498828383911,0.2595620778979,-0.05542821512617,0.1446784143851,-0.04123851077372,-0.03703250902181
127350.3081017,-0.01193563256507,0.2493818756389,-0.01193563256528,0.2493818756433,-0.05432477197898,0.143440179039,-0.04069436346501,-0.03598464346175
128824.9551693,-0.009124240521984,0.2395925227066,-0.009124240522133,0.2395925227105,-0.05324019910004,0.1422042696066,-0.04014856335182,-0.03496236087769
130316.6778452,-0.006537935563881,0.2301794472547,-0.006537935563598,0.2301794472448,-0.05217429672336,0.1409709499042,-0.03960157399511,-0.0339652367251
131825.6738556,-0.004161600690185,0.2211285753009,-0.004161600690244,0.221128575304,-0.05112686215817,0.1397404758087,-0.03905383981462,-0.03299284336332
133352.1432163,-0.001981103232017,0.2124263194907,-0.001981103232043,0.2124263194935,-0.0500976900728,0.1385130954072,-0.03850578645332,-0.03204475072253
134896.2882592,1.677093110884e-05,0.2040595671122,1.677093110791e-05,0.2040595671027,-0.04908657271095,0.1372890489879,-0.03795782110915,-0.03112052690231
136458.3136589,0.001844378508657,0.1960156678601,0.001844378508785,0.1960156678737,-0.04809330012585,0.1360685691052,-0.03741033289859,-0.03021973875907
138038.4264603,0.003513275641008,0.1882824215254,0.003513275640838,0.1882824215163,-0.04711766045299,0.1348518807759,-0.0368636932654,-0.02934195249349
139636.8361056,0.00503427076156,0.1808480650653,0.005034270761604,0.1808480650668,-0.04615944006186,0.133639201363,-0.03631825631143,-0.02848673413915
141253.7544623,0.006417473804443,0.1737012601788,0.006417473804118,0.17370126017,-0.04521842384432,0.1324307408698,-0.03577435924665,-0.02765365011423
142889.3958511,0.007672341999769,0.1668310803539,0.007672341999822,0.166831080355,-0.04429439536556,0.1312267018665,-0.03523232274443,-0.02684226766511
144543.9770746,0.00880772252501,0.1602269983656,0.008807722525062,0.1602269983666,-0.04338713710907,0.1300272797116,-0.03469245138131,-0.02605215534657
146217.7174457,0.009831892243605,0.1538788735944,0.009831892243654,0.1538788735952,-0.0424964306416,0.1288326625674,-0.0341550340244,-0.02528288343174
147910.8388168,0.01075259473533,0.1477769396621,0.01075259473475,0.1477769396541,-0.04162205681709,0.1276430315497,-0.03362034425742,-0.02453402432494
149623.5656095,0.01157707482315,0.1419117921394,0.01157707482251,0.1419117921315,-0.0407637959446,0.1264585607981,-0.03308864078678,-0.02380515293298
151356.1248436,0.01231211078119,0.1362743765572,0.0123121107805,0.1362743765496,-0.03992142797737,0.1252794176312,-0.03256016787071,-0.02309584702914
153108.7461682,0.01296404436625,0.1308559765536,0.01296404436697,0.130855976561,-0.03909473266779,0.1241057626219,-0.03203515572707,-0.02240568757821
154881.6618913,0.01353880886487,0.1256482023475,0.01353880886562,0.1256482023545,-0.03828348973951,0.1229377497503,-0.0315138209601,-0.02173425905299
156675.1070108,0.01404195525613,0.120642979384,0.01404195525772,0.1206429793976,-0.03748747902544,0.1217755264692,-0.03099636696308,-0.02108114971335
158489.3192461,0.01447867665942,0.1158325373722,0.01447867666019,0.1158325373784,-0.03670648063518,0.1206192338894,-0.03048298434889,-0.02044595188492
160324.539069,0.01485383116081,0.1112093994642,0.01485383116073,0.1112093994636,-0.03594027507432,0.1194690068283,-0.02997385134271,-0.01982826219372
162181.0097359,0.01517196314043,0.1067663718424,0.01517196314033,0.1067663718418,-0.03518864339199,0.1183249739757,-0.0294691342009,-0.01922768180109
164058.97732,0.01543732321172,0.1024965335535,0.01543732321161,0.1024965335528,-0.03445136731175,0.1171872580237,-0.02896898761612,-0.01864381661336
165958.6907438,0.01565388685307,0.09839322660769,0.01565388685386,0.09839322661269,-0.0337282293453,0.1160559757627,-0.02847355510967,-0.01807627746777
167880.4018123,0.01582537183431,0.09445004643286,0.01582537183418,0.09445004643208,-0.03301901292118,0.1149312382479,-0.02798296943559,-0.01752468031204
169824.3652462,0.01595525450738,0.09066083252584,0.01595525450724,0.09066083252502,-0.03232350247568,0.1138131508561,-0.02749735295274,-0.01698864635025
171790.8387158,0.01604678505598,0.08701965951155,0.01604678505583,0.0870196595107,-0.03164148357758,0.1127018134796,-0.02701681802414,-0.01646780219382
173780.082875,0.01610300175135,0.08352082839267,0.01610300175307,0.08352082840157,-0.03097274301412,0.111597320605,-0.02654146738198,-0.0159617799795
175792.3613959,0.01612674431325,0.08015885817373,0.01612674431307,0.08015885817286,-0.03031706890513,0.1104997615101,-0.02607139451464,-0.01547021749018
177827.9410039,0.01612066638172,0.07692847761487,0.01612066638153,0.07692847761398,-0.02967425075566,0.1094092202598,-0.02560668399863,-0.01499275823286
179887.0915129,0.016087247232,0.0738246174533,0.01608724723181,0.07382461745241,-0.02904407957576,0.1083257759605,-0.02514741188535,-0.01452905154047
181970.085861,0.01602880271739,0.0708424027464,0.01602880271718,0.0708424027455,-0.02842634794096,0.1072495028199,-0.02469364603405,-0.01407875263316
184077.2001469,0.01594749552673,0.0679771455363,0.01594749552652,0.06797714553539,-0.02782085006994,0.1061804702834,-0.02424544645564,-0.01364152267879
186208.7136663,0.01584534479009,0.06522433776148,0.01584534478987,0.06522433776057,-0.02722738189341,0.1051187431574,-0.02380286564586,-0.01321702884009
188364.908949,0.01572423507698,0.06257964441842,0.01572423507676,0.06257964441752,-0.02664574111886,0.1040643817304,-0.02336594891042,-0.0128049443111
190546.0717963,0.01558592482683,0.06003889696711,0.0155859248266,0.06003889696621,-0.02607572729055,0.1030174418951,-0.02293473468227,-0.01240494834336
192752.4913191,0.01543205425219,0.05759808697117,0.01543205425195,0.05759808697027,-0.02551714184534,0.101977975267,-0.02250925483073,-0.0120167262625
194984.4599758,0.01526415273703,0.05525335997391,0.01526415273679,0.05525335997303,-0.02496978816455,0.1009460293038,-0.02208953496253,-0.01163996947579
197242.2736115,0.01508364577912,0.05300100958901,0.01508364577975,0.05300100959123,-0.02443347162039,0.09992164741638,-0.02167559471343,-0.01127437547049
199526.2314969,0.01489186149787,0.05083747183023,0.01489186149762,0.05083747182936,-0.02390799962656,0.0989048691138,-0.02126744803928,-0.01091964780803
201836.6363682,0.01469003672129,0.04875931960253,0.01469003672189,0.04875931960453,-0.02339318166333,0.09789573005368,-0.02086510347864,-0.01057549610043
204173.794467,0.01447932271821,0.04676325747391,0.01447932271795,0.04676325747307,-0.02288882933469,0.09689426224198,-0.02046856443997,-0.01024163599631
206538.0155811,0.01426079054416,0.04484611655816,0.01426079054389,0.04484611655733,-0.02239475638115,0.09590049405773,-0.02007782944338,-0.009917789141408
208929.6130854,0.01403543607986,0.04300484966144,0.0140354360796,0.04300484966063,-0.02191077872445,0.09491445042569,-0.0196928923863,-0.009603683149227
211348.9039837,0.01380418474047,0.04123652656991,0.0138041847402,0.04123652656912,-0.02143671448739,0.09393615289556,-0.01931374278162,-0.009299051556082
213796.2089502,0.01356789589878,0.03953832953176,0.01356789589852,0.03953832953098,-0.02097238401891,0.09296561975386,-0.01894036599524,-0.009003633774663
216271.8523727,0.0133273670331,0.03790754890908,0.01332736703283,0.03790754890832,-0.02051760991466,0.09200286612823,-0.01857274347454,-0.008717175042078
218776.162395,0.01308333761885,0.03634157899555,0.01308333761858,0.0363415789948,-0.02007221703478,0.09104790408995,-0.0182108529692,-0.008439426363459
221309.4709606,0.01283649277816,0.03483791399595,0.0128364927779,0.03483791399522,-0.01963603251936,0.09010074275459,-0.0178546687443,-0.008170144451518
223872.1138569,0.01258746670455,0.03339414416019,0.01258746670428,0.03339414415948,-0.01920888580077,0.08916138838085,-0.01750416178604,-0.007909091662267
226464.4307593,0.0123368458778,0.03200795206502,0.01233684587753,0.03200795206432,-0.0187906086138,0.08822984446749,-0.01715929999999,-0.007656035927387
229086.7652768,0.01208517207784,0.03067710904264,0.01208517207757,0.03067710904196,-0.01838103500379,0.08730611184825,-0.01682004840217,-0.007410750683548
231739.4649969,0.01183294521468,0.02939947174643,0.01183294521442,0.02939947174577,-0.01798000133181,0.0863901887851,-0.01648636930299,-0.007173014798821
234422.881532,0.01158062598412,0.02817297885036,0.01158062598386,0.02817297884972,-0.01758734627834,0.08548207105928,-0.01615822248428,-0.006942612496709
237137.3705662,0.01132863836035,0.02699564787701,0.01132863836009,0.02699564787638,-0.0172029108445,0.08458175206068,-0.01583556536946,-0.006719333277869
239883.291902,0.01107737193466,0.02586557215037,0.0110773719344,0.02586557214976,-0.01682653835175,0.08368922287505,-0.01551835318706,-0.006502971839945
242661.0095083,0.01082718410979,0.02478091786695,0.01082718411017,0.0247809178678,-0.01645807443842,0.08280447236464,-0.01520653912688,-0.006293327995244
245470.8915685,0.01057840216558,0.02373992128768,0.01057840216533,0.02373992128711,-0.01609736706051,0.08192748727583,-0.01490007449512,-0.006090206589172
248313.3105296,0.01033132518634,0.02274088602164,0.01033132518609,0.02274088602108,-0.01574426647635,0.08105825227232,-0.01459890884995,-0.005893417411884
251188.643151,0.01008622588374,0.02178218044343,0.01008622588349,0.02178218044289,-0.01539862524895,0.08019675006314,-0.01430299014888,-0.005702775116216
254097.2705549,0.009843352298795,0.02086223519141,0.009843352298548,0.02086223519089,-0.01506029823241,0.0793429614562,-0.01401226487687,-0.005518099129242
257039.5782769,0.009602929404074,0.01997954077191,0.00960292940383,0.0199795407714,-0.01472914256275,0.07849686543905,-0.01372667817414,-0.005339213565364
260015.9563165,0.009365160606243,0.01913264525821,0.009365160606003,0.01913264525772,-0.01440501764653,0.0776584392528,-0.01344617395745,-0.005165947138531
263026.7991896,0.009130229157843,0.01832015207892,0.009130229157606,0.01832015207845,-0.01408778514823,0.07682765846428,-0.01317069503604,-0.004998133074107
266072.5059799,0.008898299482573,0.01754071789236,0.008898299482859,0.01754071789293,-0.0137773089756,0.07600449703192,-0.01290018322159,-0.004835609020275
269153.4803927,0.008669518422773,0.01679305055107,0.008669518422543,0.01679305055063,-0.01347345526862,0.07518892739645,-0.01263457943762,-0.004678216961022
272270.1308078,0.008444016402336,0.01607590713298,0.00844401640211,0.01607590713255,-0.01317609237579,0.07438092050312,-0.01237382381264,-0.004525803125077
275422.8703338,0.008221908530676,0.01538809206747,0.008221908530453,0.01538809206705,-0.01288509084545,0.07358044591108,-0.01211785578365,-0.004378217900649
278612.116863,0.00800329563044,0.01472845532161,0.008003295630689,0.01472845532207,-0.0126003234028,0.0727874718301,-0.01186661418304,-0.004235315745927
281838.2931265,0.007788265208915,0.01409589066804,0.007788265208701,0.01409589066765,-0.01232166493629,0.07200196520766,-0.01162003732968,-0.004096955103309
285101.8267504,0.007576892363061,0.01348933400744,0.007576892362851,0.01348933400706,-0.0120489924708,0.07122389174625,-0.01137806310458,-0.003962998310087
288403.1503127,0.007369240638683,0.01290776177395,0.007369240638477,0.01290776177359,-0.01178218515514,0.07045321600383,-0.01114062903623,-0.00383331151473
291742.7014001,0.007165362830658,0.01235018939094,0.007165362830456,0.01235018939059,-0.01152112423749,0.06968990142914,-0.01090767237157,-0.003707764590085
295120.9226667,0.006965301737764,0.01181566979137,0.006965301737566,0.01181566979104,-0.01126569304503,0.06893391042067,-0.01067913014722,-0.003586231048914
298538.2618918,0.006769090870741,0.01130329199671,0.006769090870547,0.01130329199638,-0.01101577696215,0.06818520437987,-0.01045493925625,-0.00346858795999
301995.1720402,0.00657675511777,0.01081217975066,0.00657675511758,0.01081217975034,-0.01077126340838,0.06744374376277,-0.01023503651143,-0.003354715865136
305492.1113216,0.006388311369693,0.01034149020658,0.006388311369508,0.01034149020628,-0.01053204181518,0.06670948813019,-0.01001935870494,-0.003244498697123
309029.5432514,0.006203769107427,0.009890412665656,0.006203769107245,0.009890412665366,-0.01029800360326,0.0659823961962,-0.009807842664806,-0.003137823698735
312607.9367124,0.006023130953336,0.009458167365526,0.006023130953158,0.009458167365247,-0.01006904215904,0.06526242587534,-0.009600425308092,-0.003034581342813
316227.7660169,0.005846393189897,0.009044004314518,0.005846393189723,0.00904400431425,-0.009845052810598,0.06454953432826,-0.009397043691019,-0.002934665253385
319889.5109692,0.005673546246444,0.008647202172243,0.005673546246274,0.008647202171985,-0.009625932803694,0.063843678006,-0.009197635056133,-0.002837972127991
323593.6569297,0.005504575156709,0.008267067172812,0.005504575156544,0.008267067172564,-0.009411581277536,0.06314481269281,-0.009002136876616,-0.002744401661186
327340.6948789,0.005339459988477,0.007902932090081,0.005339459988315,0.007902932089842,-0.009201899240216,0.06245289354769,-0.008810486897871,-0.002653856469228
331131.1214826,0.005178176246782,0.007554155242709,0.005178176246927,0.007554155242921,-0.008996789543204,0.06176787514095,-0.008622623176005,-0.002566242015817
334965.4391579,0.005020695254529,0.007220119539685,0.005020695254375,0.007220119539464,-0.008796156859215,0.06108971151117,-0.008438484116804,-0.00248146654004
338844.1561392,0.004866984505636,0.006900231555347,0.004866984505487,0.006900231555135,-0.008599907652354,0.06041835616661,-0.008258008504737,-0.002399440983372
342767.7865465,0.004717008002116,0.006593920650273,0.00471700800197,0.006593920650069,-0.008407950157582,0.05975376215776,-0.008081135539783,-0.00232007892081
346736.8504526,0.004570726566639,0.006300638117406,0.004570726566497,0.00630063811721,-0.008220194353381,0.05909588209444,-0.007907804864449,-0.002243296491213
350751.8739526,0.004428098137437,0.006019856364359,0.004428098137299,0.006019856364171,-0.00803655193692,0.05844466818332,-0.007737956591732,-0.002169012329761
354813.3892336,0.004289078044809,0.005751068126331,0.004289078044674,0.005751068126151,-0.007856936299042,0.05780007226075,-0.007571531330545,-0.002097147501628
358921.934645,0.00415361927082,0.00549378570796,0.004153619270689,0.005493785707787,-0.007681262498861,0.05716204582444,-0.007408470209243,-0.002027625436906
363078.0547701,0.004021672692638,0.005247540255149,0.004021672692511,0.005247540254982,-0.007509447238596,0.05653054006408,-0.007248714897298,-0.001960371866887
367282.3004981,0.003893187311002,0.005011881053166,0.003893187310878,0.005011881053007,-0.007341408838522,0.0559055058908,-0.00709220762522,-0.001895314761656
371535.2290972,0.003768110464279,0.004786374851823,0.003768110464159,0.00478637485167,-0.007177067212145,0.05528689396562,-0.006938891202807,-0.001832384269023
375837.4042885,0.003646388029252,0.004570605215501,0.003646388029135,0.004570605215354,-0.00701634384056,0.054674654727,-0.006788709035825,-0.001771512654644
380189.3963206,0.003527964609079,0.004364171897657,0.003527964608965,0.004364171897517,-0.006859161748373,0.05406873841716,-0.00664160514113,-0.001712634243629
384591.7820454,0.003412783709405,0.004166690238695,0.003412783709295,0.00416669023856,-0.006705445478584,0.05346909510766,-0.006497524160382,-0.001655685363296
389045.1449943,0.003300787903193,0.003977790586115,0.003300787903085,0.003977790585985,-0.006555121067911,0.05287567472394,-0.00635641137237,-0.001600604287248
393550.0754558,0.003191918984936,0.00379711773583,0.003191918984832,0.003797117735706,-0.006408116022438,0.05228842706893,-0.006218212704037,-0.001547331180748
398107.1705535,0.00308611811477,0.003624330394741,0.003086118114669,0.003624330394622,-0.006264359293524,0.05170730184579,-0.00608287474025,-0.001495808047359
402717.0343255,0.002983325953211,0.003459100662438,0.002983325953113,0.003459100662324,-0.006123781253156,0.05113224867988,-0.00595034473242,-0.00144597867675
407380.2778041,0.002883482786829,0.003301113532507,0.002883482786733,0.003301113532398,-0.005986313670664,0.05056321713968,-0.005820570605974,-0.001397788593878
412097.5190974,0.002786528645574,0.003150066411711,0.002786528645482,0.003150066411606,-0.005851889688323,0.05000015675712,-0.005693500966796,-0.001351185009231
416869.3834704,0.002692403412038,0.003005668656786,0.002692403411949,0.003005668656686,-0.005720443798384,0.04944301704697,-0.005569085106641,-0.00130611677042
421696.5034286,0.002601046923204,0.002867641128451,0.002601046923118,0.002867641128355,-0.005591911819344,0.04889174752551,-0.005447273007618,-0.001262534314846
426579.5188016,0.002512399065051,0.002735715761211,0.002512399065104,0.002735715761268,-0.005466230873068,0.04834629772842,-0.005328015345764,-0.001220389623605
431519.0768278,0.002426399860421,0.002609635148972,0.002426399860472,0.002609635149027,-0.005343339361614,0.04780661722806,-0.005211263493781,-0.001179636176498
436515.8322402,0.00234298955047,0.002489152145718,0.002342989550519,0.00248915214577,-0.005223176945142,0.04727265564981,-0.005096969522948,-0.001140228908254
441570.4473533,0.002262108670143,0.002374029480601,0.00226210867019,0.00237402948065,-0.005105684518984,0.046744362688,-0.004985086204309,-0.001102124165767
446683.592151,0.002183698117909,0.002264039386764,0.002183698117954,0.002264039386811,-0.004990804191598,0.046221688121,-0.004875567009136,-0.001065279666486
451855.944375,0.002107699220078,0.002158963243653,0.002107699220122,0.002158963243697,-0.004878479262939,0.04570458182569,-0.004768366108705,-0.001029654457911
457088.1896149,0.002034053790073,0.002058591232335,0.002034053790114,0.002058591232377,-0.004768654202439,0.04519299379137,-0.004663438373474,-0.000995208878073
462381.0213993,0.001962704182821,0.001962722003075,0.001962704182861,0.001962722003115,-0.004661274627867,0.044686874133,-0.004560739371643,-0.000961904517124
467735.1412872,0.001893593344586,0.001871162354677,0.001893593344625,0.001871162354715,-0.004556287284208,0.04418617310388,-0.004460225367168,-0.0009297041799153
473151.2589615,0.001826664858512,0.001783726925679,0.001826664858549,0.001783726925715,-0.004453640022624,0.04369084110777,-0.004361853317262,-0.0008985718495614
478630.0923227,0.00176186298604,0.001700237896349,0.001761862986075,0.001700237896384,-0.004353281780053,0.04320082871047,-0.004265580869398,-0.0008684726520195
484172.3675841,0.001699132704502,0.001620524701612,0.001699132704536,0.001620524701644,-0.004255162558892,0.04271608665078,-0.004171366357858,-0.0008393728216097
489778.8193685,0.001638419740933,0.001544423753786,0.001638419741061,0.001544423753907,-0.004159233406544,0.04223656584865,-0.004079168799634,-0.0008112396674126
495450.1908048,0.001579670603046,0.001471778176328,0.001579670603078,0.001471778176358,-0.004065446397158,0.04176221742744,-0.003988947891341,-0.0007840415409158
501187.2336273,0.001522832605468,0.001402437545134,0.001522832605498,0.001402437545162,-0.003973754609209,0.04129299269883,-0.003900664002214,-0.0007577478037739
506990.7082747,0.001467853894862,0.001336257641629,0.001467853894891,0.001336257641656,-0.003884112109448,0.04082884319652,-0.003814278171502,-0.0007323287975152
512861.3839914,0.00141468347067,0.001273100212749,0.001414683470698,0.001273100212774,-0.003796473932254,0.04036972067255,-0.003729752101994,-0.0007077558132801
518800.038929,0.001363271203704,0.001212832740357,0.001363271203731,0.001212832740381,-0.003710796061236,0.03991557710791,-0.003647048154679,-0.0006840010627361
524807.4602498,0.001313567852075,0.001155328218928,0.0013135678521,0.00115532821895,-0.003627035411079,0.03946636472031,-0.003566129342891,-0.000661037649786
530884.444231,0.001265525074672,0.001100464941117,0.001265525074696,0.001100464941139,-0.003545149809342,0.03902203597152,-0.003486959326211,-0.0006388395430497
537031.7963703,0.001219095442347,0.001048126291027,0.001219095442371,0.001048126291047,-0.003465097978599,0.03858254357431,-0.003409502404149,-0.0006173815491354
543250.3314925,0.001174232446962,0.0009982005450458,0.001174232446985,0.0009982005450651,-0.003386839519055,0.03814784049905,-0.003333723509613,-0.0005966392866953
549540.8738577,0.001130890508386,0.0009505806797713,0.001130890508407,0.0009505806797896,-0.003310334891134,0.03771787997987,-0.00325958820219,-0.0005765891612003
555904.2572704,0.001089024979629,0.0009051641870269,0.00108902497965,0.0009051641870443,-0.003235545398498,0.03729261552055,-0.003187062661262,-0.0005572083404583
562341.3251904,0.001048592150156,0.0008618528955097,0.001048592150176,0.0008618528955262,-0.003162433171736,0.03687200089997,-0.003116113678961,-0.0005384747308764
568852.9308439,0.001009549247567,0.0008205527989248,0.001009549247586,0.0008205527989405,-0.003090961151032,0.03645599017735,-0.003046708653004,-0.000520366954306
575439.9373372,0.0009718544376908,0.0007811738905018,0.0009718544377093,0.0007811738905167,-0.00302109307114,0.03604453769705,-0.002978815579377,-0.0005028643257369
582103.2177709,0.0009354668232182,0.0007436300033462,0.0009354668232359,0.0007436300033603,-0.002952793444358,0.03563759809314,-0.002912403044948,-0.0004859468314585
588843.6553556,0.0009003464409893,0.0007078386569076,0.0009003464410063,0.000707838656921,-0.002886027546014,0.0352351262936,-0.002847440219948,-0.0004695951080486
595662.1435291,0.0008664542580369,0.0006737209089568,0.0008664542580532,0.0006737209089695,-0.002820761398094,0.03483707752438,-0.002783896850405,-0.0004537904218135
602559.5860744,0.000833752166397,0.0006412012130206,0.0008337521664127,0.0006412012130327,-0.002756961754857,0.03444340731298,-0.002721743250484,-0.0004385146489766
609536.8972402,0.0008022029768864,0.0006102072811581,0.0008022029769014,0.0006102072811696,-0.002694596087526,0.03405407149193,-0.002660950294784,-0.0004237502563643
616595.0018615,0.0007717704118312,0.000580669951797,0.0007717704118456,0.0005806699518079,-0.002633632570165,0.03366902620191,-0.002601489410582,-0.0004094802827423
623734.8354825,0.000742419096926,0.0005525230625764,0.0007424190969399,0.0005525230625867,-0.002574040064763,0.03328822789472,-0.002543332570044,-0.0003956883206314
630957.3444802,0.0007141145521339,0.0005257033277835,0.0007141145521472,0.0005257033277932,-0.002515788107975,0.0329116333359,-0.002486452282401,-0.0003823584987777
638263.4861906,0.0006868231819216,0.0005001502205715,0.0006868231819344,0.0005001502205808,-0.002458846896226,0.03253919960723,-0.002430821586125,-0.0003694754650106
645654.2290347,0.0006605122646999,0.0004758058595553,0.0006605122647121,0.0004758058595641,-0.002403187273207,0.03217088410889,-0.002376414041075,-0.0003570243697798
653130.5526475,0.0006351499416325,0.0004526148996577,0.0006351499416442,0.0004526148996661,-0.002348780716049,0.03180664456154,-0.00232320372065,-0.0003449908500771
660693.4480076,0.0006107052048965,0.0004305244272099,0.0006107052049077,0.0004305244272178,-0.002295599321948,0.03144643900811,-0.002271165203962,-0.0003333610138634
668343.9175687,0.0005871478853105,0.0004094838588877,0.0005871478853213,0.0004094838588952,-0.002243615796001,0.03109022581541,-0.002220273567992,-0.000322121425042
676082.975392,0.0005644486396291,0.000389444844755,0.0005644486396394,0.0003894448447621,-0.002192803437959,0.03073796367555,-0.002170504379799,-0.000311259088798
683911.6472815,0.0005425789372632,0.0003703611747781,0.0005425789372731,0.0003703611747849,-0.002143136130272,0.03038961160722,-0.002121833688731,-0.0003007614374627
691830.970919,0.0005215110467537,0.0003521886891844,0.0005215110467632,0.0003521886891908,-0.002094588325894,0.0300451289567,-0.002074238018679,-0.0002906163167811
699841.9960023,0.0005012180218514,0.0003348851921513,0.0005012180218605,0.0003348851921574,-0.002047135035969,0.02970447539884,-0.002027694360368,-0.0002808119725784
707945.7843842,0.0004816736873132,0.0003184103688948,0.0004816736873219,0.0003184103689006,-0.002000751818735,0.02936761093776,-0.001982180163682,-0.0002713370379087
716143.410213,0.0004628526245127,0.0003027257060634,0.0004628526245211,0.0003027257060689,-0.001955414767688,0.02903449590743,-0.001937673330049,-0.0002621805205355
724435.960075,0.000444730156788,0.0002877944151548,0.0004447301567961,0.00028779441516,-0.001911100500298,0.02870509097216,-0.001894152204866,-0.0002533317908252
732824.533139,0.0004272823346746,0.0002735813590457,0.0004272823346823,0.0002735813590507,-0.001867786147124,0.02837935712687,-0.001851595569985,-0.0002447805700297
741310.241301,0.0004104859209945,0.0002600529813919,0.0004104859210019,0.0002600529813966,-0.001825449340908,0.02805725569726,-0.001809982636256,-0.0002365169189194
749894.2093325,0.0003943183758589,0.0002471772388563,0.000394318375866,0.0002471772388607,-0.001784068206185,0.02773874833983,-0.001769293036132,-0.0002285312267914
758577.5750292,0.0003787578416034,0.0002349235360123,0.0003787578416101,0.0002349235360165,-0.001743621348306,0.02742379704185,-0.00172950681634,-0.0002208142007727
767361.4893619,0.0003637831277001,0.000223262662912,0.0003637831277066,0.000223262662916,-0.001704087843979,0.02711236412108,-0.001690604430623,-0.0002133568555419
776247.1166288,0.0003493736956693,0.0002121667351324,0.0003493736956755,0.0002121667351362,-0.001665447230551,0.02680441222551,-0.001652566732548,-0.0002061505032832
785235.6346101,0.0003355096439977,0.0002016091362602,0.0003355096440037,0.0002016091362638,-0.001627679496678,0.02649990433288,-0.00161537496839,-0.0001991867440316
794328.2347243,0.0003221716931162,0.0001915644627171,0.0003221716931219,0.0001915644627205,-0.001590765072626,0.02619880375019,-0.001579010770092,-0.0001924574562876
803526.1221857,0.0003093411704514,0.0001820084708459,0.0003093411704569,0.0001820084708492,-0.001554684820659,0.02590107411304,-0.001543456148304,-0.0001859547879236
812830.5161642,0.0002969999955426,0.0001729180261335,0.0002969999955478,0.0001729180261366,-0.001519420025811,0.02560667938489,-0.001508693485497,-0.0001796711473902
822242.6499471,0.0002851306652885,0.0001642710545618,0.0002851306652936,0.0001642710545647,-0.001484952387061,0.0253155838563,-0.001474705529162,-0.0001735991952149
831763.7711027,0.0002737162393182,0.0001560464959573,0.0002737162393231,0.00015604649596,-0.001451264008355,0.02502775214394,-0.001441475385087,-0.0001677318357506
841395.1416453,0.0002627403254825,0.0001482242592462,0.0002627403254871,0.0001482242592488,-0.001418337389698,0.02474314918967,-0.001408986510725,-0.0001620622091823
851138.0382024,0.0002521870655385,0.0001407851796318,0.000252187065543,0.0001407851796342,-0.001386155418912,0.02446174025943,-0.001377222708636,-0.0001565836838157
860993.7521847,0.0002420411209463,0.000133710977478,0.0002420411209505,0.0001337109774804,-0.001354701363232,0.02418349094213,-0.001346168120026,-0.0001512898485943
870963.5899562,0.0002322876589299,0.0001269842190236,0.000232287658934,0.0001269842190258,-0.001323958860846,0.02390836714842,-0.001315807218365,-0.0001461745058421
881048.8730081,0.0002229123386412,0.0001205882786447,0.0002229123386451,0.0001205882786468,-0.00129391191326,0.0236363351094,-0.001286124803093,-0.0001412316642772
891250.9381338,0.0002139012975931,0.0001145073027884,0.0002139012975969,0.0001145073027904,-0.001264544877282,0.02336736137531,-0.001257105993416,-0.000136455532218
901571.137606,0.0002052411382741,0.0001087261753995,0.0002052411382777,0.0001087261754014,-0.001235842457268,0.02310141281408,-0.001228736222185,-0.0001318405110144
912010.839356,0.0001969189149916,0.0001032304848351,0.000196918914995,0.0001032304848369,-0.001207789697806,0.02283845660988,-0.001201001229873,-0.0001273811887046
922571.4271548,0.0001889221209352,9.800649217337e-05,0.0001889221209385,9.800649217508e-05,-0.00118037197578,0.02257846026165,-0.001173887058631,-0.0001230723338363
933254.3007971,0.000181238675472,9.304110090059e-05,0.0001812386754752,9.304110090222e-05,-0.001153574993999,0.02232139158145,-0.001147380046434,-0.0001189088895604
944060.876286,0.0001738569116905,8.832182789338e-05,0.0001738569116935,8.832182789492e-05,-0.001127384773506,0.02206721869289,-0.00112146682132,-0.0001148859678391
954992.5860215,0.0001667655641666,8.383677564089e-05,0.0001667655641695,8.383677564235e-05,-0.00110178764665,0.02181591002945,-0.001096134295715,-0.0001109988438743
966050.8789899,0.0001599537569998,7.957460569872e-05,0.0001599537570026,7.95746057001e-05,-0.001076770250595,0.02156743433279,-0.001071369660846,-0.0001072429507297
977237.2209559,0.0001534109920701,7.55245132601e-05,0.0001534109920728,7.552451326142e-05,-0.001052319520437,0.02132176065096,-0.001047160381241,-0.0001036138741018
988553.094657,0.0001471271375572,7.167620285295e-05,0.0001471271375598,7.16762028542e-05,-0.001028422682923,0.02107885833664,-0.001023494189322,-0.0001001073472821
1000000.0,0.000141092416723,6.801986510408e-05,0.0001410924167254,6.801986510526e-05,-0.001005067249793,0.02083869704533,-0.001000359080077,-9.67192462594e-05
