frequency_hz,left_real,left_imag,right_real,right_imag,opneg_real,opneg_imag,oppos_real,oppos_imag
1.0,-0.3023504275795,2.119727013417,-0.3023504275795,2.119727013417,-0.0493177220464,-0.2069573066391,0.04932191453573,0.2069558700605
1.01157945426,-0.2793087562365,2.146474377158,-0.2793087562365,2.146474377158,-0.05152682269839,-0.2084732553261,0.05153109225352,0.2084717575372
1.023292992281,-0.2557430493629,2.172998959074,-0.2557430493629,2.172998959074,-0.05376448349047,-0.209970398891,0.05376883096696,0.209968838113
1.035142166679,-0.2316575459329,2.199289064438,-0.2316575459329,2.199289064438,-0.05603043629484,-0.2114481037931,0.05603486254077,0.2114464782134
1.047128548051,-0.2070567979037,2.225333075245,-0.2070567979037,2.225333075245,-0.05832439488642,-0.2129057381395,0.05832890074179,0.2129040459106
1.059253725177,-0.1819456688496,2.251119460285,-0.1819456688496,2.251119460285,-0.06064605490967,-0.2143426723463,0.06065064120581,0.2143409115865
1.071519305238,-0.1563293337195,2.276636783693,-0.1563293337195,2.276636783693,-0.06299509368097,-0.2157582797158,0.0629997612399,0.2157564485087
1.083926914021,-0.1302132775139,2.301873713876,-0.1302132775139,2.301873713876,-0.06537117009801,-0.2171519370242,0.06537591973184,0.2171500334188
1.096478196143,-0.1036032935748,2.326819033312,-0.1036032935748,2.326819033312,-0.06777392460894,-0.2185230251929,0.06777875711925,0.2185210472033
1.109174815262,-0.07650548224802,2.351461648105,-0.07650548224802,2.351461648105,-0.07020297913179,-0.2198709299649,0.07020789530899,0.2198688755704
1.122018454302,-0.04892624827332,2.375790596994,-0.04892624827332,2.375790596994,-0.07265793706804,-0.2211950425036,0.07266293769077,0.2211929096489
1.135010815672,-0.02087229901053,2.399795060394,-0.02087229901053,2.399795060394,-0.07513838323554,-0.2224947600381,0.07514346907003,0.2224925466328
1.148153621497,0.007649358722144,2.423464371641,0.007649358722144,2.423464371641,-0.07764388399593,-0.2237694866821,0.0776490557954,0.223767190601
1.16144861384,0.03663142189642,2.446788023993,0.03663142189642,2.446788023993,-0.0801739872487,-0.2250186338748,0.0801792457527,0.2250162529582
1.17489755494,0.06606629428026,2.46975568245,0.06606629428026,2.46975568245,-0.08272822255358,-0.2262416212908,0.08273356848742,0.2262391533441
1.188502227437,0.09594609066467,2.49235719233,0.09594609066467,2.49235719233,-0.085306101258,-0.2274378774279,0.08531153533211,0.2274353202219
1.202264434617,0.1262626407252,2.514582587833,0.1262626407252,2.514582587833,-0.08790711658899,-0.2286068402221,0.08791263949831,0.2286041914931
1.216186000646,0.1570074941165,2.536422103559,0.1570074941165,2.536422103559,-0.09053074394675,-0.2297479579139,0.09053635637012,0.2297452153639
1.230268770812,0.1881719249649,2.557866182079,0.1881719249649,2.557866182079,-0.09317644101912,-0.2308606895862,0.09318214361872,0.2308578508828
1.244514611771,0.219746937054,2.578905483627,0.219746937054,2.578905483627,-0.09584364802413,-0.2319445058932,0.09584944144483,0.23194156867
1.258925411794,0.2517232703555,2.599530896182,0.2517232703555,2.599530896182,-0.09853178808579,-0.2329988898026,0.09853767295465,0.2329958516594
1.273503081017,0.2840914063957,2.619733543068,0.2840914063957,2.619733543068,-0.1012402674288,-0.234023337161,0.1012462443544,0.2340201956638
1.288249551693,0.3168415752906,2.639504793487,0.3168415752906,2.639504793487,-0.103968475813,-0.2350173574984,0.103974545385,0.2350141101799
1.303166778452,0.349963762062,2.658836269599,0.349963762062,2.658836269599,-0.106715786802,-0.2359804745513,0.1067219495904,0.2359771189109
1.318256738556,0.3834477143581,2.677719856089,0.3834477143581,2.677719856089,-0.1094815582339,-0.2369122269941,0.1094878147889,0.2369087604983
1.333521432163,0.4172829502243,2.696147708233,0.4172829502243,2.696147708233,-0.112265132656,-0.2378121690469,0.112271483507,0.2378085891296
1.348962882592,0.4514587657264,2.714112260226,0.4514587657264,2.714112260226,-0.1150658377544,-0.2386798711302,0.1150722834097,0.2386761751929
1.364583136589,0.4859642435312,2.731606232823,0.4859642435312,2.731606232823,-0.1178829868566,-0.2395149204461,0.1178895278031,0.2395111058584
1.380384264603,0.5207882619641,2.748622640841,0.5207882619641,2.748622640841,-0.1207158794778,-0.2403169215517,0.1207225161802,0.2403129856515
1.396368361056,0.5559195035794,2.765154800896,0.5559195035794,2.765154800896,-0.1235638018323,-0.2410854969845,0.1235705347329,0.2410814370784
1.412537544623,0.5913464653495,2.781196338027,0.5913464653495,2.781196338027,-0.1264260274695,-0.2418202877597,0.1264328569876,0.2418161011234
1.428893958511,0.6270574673695,2.796741191858,0.6270574673695,2.796741191858,-0.1293018177659,-0.2425209538791,0.1293087442975,0.2425166377577
1.445439770746,0.6630406643089,2.811783624498,0.6630406643089,2.811783624498,-0.1321904227224,-0.2431871749477,0.1321974466397,0.2431827265563
1.462177174457,0.6992840548489,2.826318224811,0.6992840548489,2.826318224811,-0.1350910814873,-0.2438186505236,0.1350982031385,0.2438140670476
1.479108388168,0.7357754927159,2.840339914869,0.7357754927159,2.840339914869,-0.1380030230908,-0.2444151006437,0.1380102427995,0.2444103792392
1.496235656094,0.7725026975025,2.853843954995,0.7725026975025,2.853843954995,-0.1409254671313,-0.244976266242,0.1409327851964,0.2449714040362
1.513561248436,0.8094532662327,2.866825948216,0.8094532662327,2.866825948216,-0.1438576245245,-0.2455019095099,0.1438650412199,0.2454969036017
1.531087461682,0.8466146844039,2.879281844911,0.8466146844039,2.879281844911,-0.1467986982177,-0.2459918143041,0.1468062137918,0.2459866617646
1.548816618912,0.8839743380009,2.891207946557,0.8839743380009,2.891207946557,-0.1497478839813,-0.2464457864616,0.1497554986571,0.2464404843343
1.566751070108,0.9215195248668,2.90260090924,0.9215195248668,2.90260090924,-0.1527043711454,-0.2468636541232,0.1527120851198,0.2468581994248
1.584893192461,0.9592374675515,2.913457746181,0.9592374675515,2.913457746181,-0.1556673434602,-0.247245267946,0.1556751569043,0.2472396576667
1.60324539069,0.9971153247598,2.923775830537,0.9971153247598,2.923775830537,-0.1586359798448,-0.247590501388,0.1586438929032,0.247584732492
1.621810097359,1.0351402036,2.933552897887,1.0351402036,2.933552897887,-0.1616094552132,-0.2478992509574,0.1616174680044,0.2478933203836
1.6405897732,1.073299172703,2.942787045649,1.073299172703,2.942787045649,-0.1645869413242,-0.248171436173,0.1645950539401,0.2481653408352
1.659586907438,1.111579274062,2.951476736934,1.111579274062,2.951476736934,-0.1675676076253,-0.2484069999743,0.1675758201313,0.2484007367618
1.678804018123,1.149967535764,2.959620798722,1.149967535764,2.959620798722,-0.1705506220639,-0.2486059086002,0.1705589344989,0.2485994743784
1.698243652462,1.188450984364,2.96721842259,1.188450984364,2.96721842259,-0.1735351519375,-0.2487681517219,0.1735435643135,0.2487615433329
1.717908387158,1.22701665773,2.974269164366,1.22701665773,2.974269164366,-0.176520364776,-0.2488937424773,0.1765288770783,0.24888695674
1.737800828749,1.265651617742,2.980772942467,1.265651617742,2.980772942467,-0.1795054291965,-0.2489827173971,0.179514041384,0.2489757511082
1.757923613959,1.304342962078,2.986730037066,1.304342962078,2.986730037066,-0.182489515707,-0.249035136437,0.1824982277119,0.249027986371
1.778279410039,1.343077836614,2.992141086413,1.343077836614,2.992141086413,-0.1854717975201,-0.2490510827411,0.1854806092481,0.2490437456512
1.798870915129,1.381843448837,2.997007085954,1.381843448837,2.997007085954,-0.1884514515352,-0.249030662653,0.1884603628654,0.2490231352713
1.81970085861,1.420627078607,3.00132938405,1.420627078607,3.00132938405,-0.1914276590198,-0.2489740054736,0.1914366698052,0.2489662845118
1.840772001469,1.459416090756,3.005109678436,1.459416090756,3.005109678436,-0.1943996064916,-0.2488812632578,0.1944087165591,0.2488733454074
1.862087136663,1.498197947539,3.00835001303,1.498197947539,3.00835001303,-0.1973664866098,-0.2487526106509,0.1973756957603,0.2487444925839
1.88364908949,1.536960218595,3.011052771853,1.536960218595,3.011052771853,-0.2003274987936,-0.2485882445158,0.2003368068024,0.2485799228849
1.905460717963,1.575690594088,3.013220674674,1.575690594088,3.013220674674,-0.2032818501861,-0.2483883836591,0.2032912568027,0.2483798550984
1.927524913191,1.614376894943,3.014856771766,1.614376894943,3.014856771766,-0.206228756347,-0.2481532685378,0.206238261296,0.2481445296628
1.949844599758,1.653007083653,3.015964437082,1.653007083653,3.015964437082,-0.2091674419844,-0.2478831608113,0.2091770449654,0.2478742082199
1.972422736115,1.691569275219,3.016547362858,1.691569275219,3.016547362858,-0.2120971417415,-0.2475783430262,0.2121068424294,0.2475691732986
1.995262314969,1.730051746945,3.016609551744,1.730051746945,3.016609551744,-0.2150171008478,-0.2472391180955,0.2150268988933,0.2472297277946
2.018366363682,1.768442948868,3.016155310014,1.768442948868,3.016155310014,-0.2179265758641,-0.2468658088681,0.2179364708938,0.24685619454
2.04173794467,1.806731513391,3.015189240533,1.806731513391,3.015189240533,-0.2208248353658,-0.2464587576905,0.2208348269831,0.2464489158648
2.065380155811,1.844906263464,3.01371623375,1.844906263464,3.01371623375,-0.2237111604714,-0.2460183258126,0.2237212482564,0.2460082530027
2.089296130854,1.882956222642,3.011741459916,1.882956222642,3.011741459916,-0.2265848455827,-0.2455448928731,0.2265950290928,0.2455345855763
2.113489039837,1.920870623188,3.009270361037,1.920870623188,3.009270361037,-0.2294451989538,-0.2450388563932,0.2294554777241,0.2450283110912
2.137962089502,1.958638913271,3.006308641074,1.958638913271,3.006308641074,-0.2322915431618,-0.2445006311229,0.2323019167057,0.2444898442819
2.162718523727,1.996250765884,3.002862257097,1.996250765884,3.002862257097,-0.2351232157675,-0.2439306484425,0.235133683577,0.2439196165137
2.18776162395,2.033696084952,2.998937409869,2.033696084952,2.998937409869,-0.2379395697217,-0.2433293557585,0.237950131268,0.2433180751776
2.213094709606,2.070965012649,2.994540534496,2.070965012649,2.994540534496,-0.2407399738973,-0.2426972158785,0.2407506286314,0.2426856830666
2.238721138568,2.108047935297,2.989678290155,2.108047935297,2.989678290155,-0.2435238134911,-0.2420347063237,0.243534560844,0.2420229176871
2.264644307593,2.144935489784,2.984357550494,2.144935489784,2.984357550494,-0.2462904904958,-0.2413423186887,0.2463013298795,0.2413302706191
2.290867652768,2.181618567629,2.97858539279,2.181618567629,2.97858539279,-0.2490394239496,-0.2406205579198,0.2490503547573,0.2406082467942
2.317394649968,2.21808832205,2.972369088185,2.21808832205,2.972369088185,-0.2517700504926,-0.2398699416397,0.2517810720994,0.2398573638208
2.34422881532,2.25433617,2.965716091585,2.25433617,2.965716091585,-0.2544818244653,-0.2390909995149,0.2544929362288,0.2390781513508
2.371373705662,2.290353798204,2.958634030316,2.290353798204,2.958634030316,-0.2571742183695,-0.238284272439,0.2571854196301,0.2382711502634
2.39883291902,2.326133165514,2.95113069426,2.326133165514,2.95113069426,-0.2598467230235,-0.2374503119034,0.2598580131057,0.2374369120354
2.426610095082,2.36166650584,2.943214024555,2.36166650584,2.943214024555,-0.2624988477598,-0.2365896792186,0.262510225972,0.2365759979629
2.454708915685,2.396946331824,2.934892103746,2.396946331824,2.934892103746,-0.2651301207243,-0.2357029448514,0.2651415863599,0.2356889784982
2.483133105296,2.431965435682,2.926173144709,2.431965435682,2.926173144709,-0.2677400889055,-0.2347906876841,0.2677516412433,0.2347764325086
2.51188643151,2.466716892329,2.917065480141,2.466716892329,2.917065480141,-0.2703283183925,-0.2338534942821,0.2703399566974,0.2338389465449
2.540972705549,2.501194058886,2.907577551961,2.501194058886,2.907577551961,-0.2728943943076,-0.2328919582003,0.2729061178311,0.2328771141469
2.570395782769,2.535390577502,2.897717901396,2.535390577502,2.897717901396,-0.2754379210629,-0.2319066792942,0.2754497290441,0.231891535155
2.600159563165,2.56930037393,2.887495157323,2.56930037393,2.887495157323,-0.2779585222092,-0.2308982629236,0.2779704138749,0.2308828149134
2.630267991895,2.602917659121,2.876918027813,2.602917659121,2.876918027813,-0.2804558406155,-0.2298673193986,0.2804678151811,0.2298515637166
2.660725059799,2.63623692746,2.865995288361,2.63623692746,2.865995288361,-0.2829295383003,-0.2288144631593,0.2829415949705,0.2287983959889
2.691534803927,2.66925295649,2.854735772204,2.66925295649,2.854735772204,-0.2853792964361,-0.2277403121165,0.2853914344054,0.2277239296247
2.722701308078,2.701960805746,2.843148361395,2.701960805746,2.843148361395,-0.287804815288,-0.2266454870664,0.2878170337413,0.2266287854039
2.754228703338,2.734355816098,2.831241976377,2.734355816098,2.831241976377,-0.2902058141852,-0.2255306109505,0.2902181122985,0.2255135862508
2.78612116863,2.766433605911,2.819025566239,2.766433605911,2.819025566239,-0.2925820312125,-0.2243963082104,0.2925944081535,0.2243789565898
2.818382931264,2.798190069693,2.806508099717,2.798190069693,2.806508099717,-0.2949332231479,-0.2232432041697,0.2949456780765,0.2232255217269
2.851018267504,2.829621376693,2.793698556907,2.829621376693,2.793698556907,-0.2972591654078,-0.2220719244727,0.2972716974768,0.2220539072882
2.884031503127,2.860723966103,2.780605918543,2.860723966103,2.780605918543,-0.2995596516517,-0.2208830943325,0.2995722600074,0.2208647384682
2.917427014001,2.891494544544,2.767239159079,2.891494544544,2.767239159079,-0.3018344936506,-0.2196773380914,0.3018471774335,0.2196586395903
2.951209226666,2.921930084238,2.75360723831,2.921930084238,2.75360723831,-0.304083521203,-0.2184552786286,0.3040962795479,0.218436233514
2.985382618918,2.952027815241,2.739719091124,2.952027815241,2.739719091124,-0.306306581481,-0.2172175366599,0.3063194135183,0.217198140935
3.019951720402,2.98178522627,2.725583622683,2.98178522627,2.725583622683,-0.3085035392417,-0.2159647304222,0.3085164440974,0.2159449800697
3.054921113216,3.011200056708,2.711209698199,3.011200056708,2.711209698199,-0.3106742761573,-0.2146974749597,0.3106872529538,0.2146773659411
3.090295432514,3.040270294765,2.696606137635,3.040270294765,2.696606137635,-0.3128186907764,-0.2134163817793,0.3128317386331,0.213395910034
3.126079367124,3.068994171061,2.681781707036,3.068994171061,2.681781707036,-0.3149366980227,-0.2121220582407,0.3149498160561,0.2121012196862
3.162277660168,3.097370153269,2.666745111967,3.097370153269,2.666745111967,-0.3170282288177,-0.2108151071209,0.3170414161426,0.2107938976511
3.198895109691,3.125396944149,2.651504993228,3.125396944149,2.651504993228,-0.3190932300437,-0.2094961263384,0.319106485773,0.209474541824
3.235936569296,3.153073473831,2.636069917193,3.153073473831,2.636069917193,-0.3211316639125,-0.2081657082422,0.3211449871585,0.2081437445291
3.273406948788,3.180398893966,2.620448372539,3.180398893966,2.620448372539,-0.3231435075814,-0.2068244394573,0.3231568974554,0.2068020923666
3.311311214826,3.207372574283,2.60464876349,3.207372574283,2.60464876349,-0.3251287529499,-0.2054729003754,0.3251422085635,0.2054501657023
3.349654391578,3.233994096471,2.588679404985,3.233994096471,2.588679404985,-0.3270874062311,-0.2041116648443,0.327100926696,0.2040885383575
3.388441561392,3.260263247154,2.572548516989,3.260263247154,2.572548516989,-0.329019487428,-0.2027412997811,0.3290330718569,0.2027177772219
3.427677865465,3.286180013909,2.556264220587,3.286180013909,2.556264220587,-0.3309250301095,-0.2013623649078,0.3309386776164,0.2013384419898
3.467368504525,3.311744578191,2.539834532578,3.311744578191,2.539834532578,-0.332804080883,-0.1999754123757,0.3328177905835,0.1999510847834
3.507518739526,3.336957310188,2.523267362401,3.336957310188,2.523267362401,-0.3346566990682,-0.1985809865765,0.3346704700801,0.1985562499649
3.548133892336,3.361818762692,2.506570507412,3.361818762692,2.506570507412,-0.3364829562601,-0.1971796238054,0.3364967877037,0.1971544737991
3.58921934645,3.386329664847,2.489751648983,3.386329664847,2.489751648983,-0.3382829358885,-0.1957718519934,0.3382968268868,0.1957462841857
3.630780547701,3.410490916368,2.472818350654,3.410490916368,2.472818350654,-0.3400567328378,-0.1943581906191,0.3400706825174,0.1943322005712
3.672823004981,3.434303581803,2.455778053135,3.434303581803,2.455778053135,-0.3418044530375,-0.1929391503219,0.3418184605284,0.1929127335621
3.715352290972,3.457768884747,2.43863807294,3.457768884747,2.43863807294,-0.343526213082,-0.1915152328459,0.3435402775183,0.1914883848687
3.758374042884,3.480888200842,2.421405599453,3.480888200842,2.421405599453,-0.3452221397186,-0.190086930845,0.3452362602386,0.1900596471103
3.801893963206,3.503663051897,2.404087691577,3.503663051897,2.404087691577,-0.3468923694337,-0.1886547276319,0.3469065451803,0.1886270035639
3.845917820454,3.526095101945,2.386691277271,3.526095101945,2.386691277271,-0.3485370482415,-0.1872190971711,0.3485512783626,0.1871909281576
3.890451449943,3.54818614834,2.369223150673,3.54818614834,2.369223150673,-0.3501563309882,-0.1857805038909,0.3501706146369,0.1857518852823
3.935500754558,3.569938118783,2.35168997119,3.569938118783,2.35168997119,-0.35175038122,-0.1843394026153,0.3517647175549,0.1843103297238
3.981071705535,3.591353064249,2.334098261316,3.591353064249,2.334098261316,-0.3533193706563,-0.1828962384138,0.3533337588417,0.1828667065122
4.027170343255,3.612433152228,2.316454406258,3.612433152228,2.316454406258,-0.3548634787055,-0.1814514466092,0.3548779179118,0.1814214509302
4.073802778041,3.633180662597,2.298764651958,3.633180662597,2.298764651958,-0.3563828922058,-0.1800054526092,0.3563973816094,0.1799749883444
4.120975190973,3.653597981646,2.281035105721,3.653597981646,2.281035105721,-0.3578778050152,-0.1785586719927,0.3578923437993,0.1785277342916
4.168693834703,3.673687597486,2.263271735047,3.673687597486,2.263271735047,-0.3593484177096,-0.1771115104123,0.3593630050638,0.1770800943813
4.216965034286,3.693452090985,2.245480365938,3.693452090985,2.245480365938,-0.3607949368584,-0.1756643634858,0.3608095719795,0.1756324641874
4.265795188016,3.712894137407,2.227666686033,3.712894137407,2.227666686033,-0.3622175753302,-0.1742176170357,0.3622322574217,0.1741852294872
4.315190768278,3.732016492742,2.209836240436,3.732016492742,2.209836240436,-0.3636165511134,-0.1727716467838,0.3636312793863,0.1727387659568
4.365158322402,3.750821995216,2.191994435273,3.750821995216,2.191994435273,-0.364992087605,-0.171326818626,0.3650068612776,0.1712934394447
4.415704473533,3.769313557846,2.174146536183,3.769313557846,2.174146536183,-0.3663444130232,-0.1698834885126,0.3663592313214,0.1698496058536
4.46683592151,3.787494163244,2.15629766977,3.787494163244,2.15629766977,-0.3676737600503,-0.1684420025816,0.3676886222077,0.1684076112722
4.518559443749,3.805366858804,2.138452822949,3.805366858804,2.138452822949,-0.3689803654885,-0.1670026970904,0.3689952707465,0.166967791908
4.570881896149,3.822934753405,2.120616845063,3.822934753405,2.120616845063,-0.3702644700762,-0.1655658985894,0.3702794176843,0.1655304742603
4.623810213993,3.840201011884,2.102794448233,3.840201011884,2.102794448233,-0.371526318079,-0.1641319239491,0.3715413072947,0.1640959751476
4.677351412872,3.857168849574,2.084990207861,3.857168849574,2.084990207861,-0.372766156885,-0.162701080398,0.3727811869739,0.1626646017451
4.731512589615,3.873841530878,2.067208564465,3.873841530878,2.067208564465,-0.3739842369797,-0.16127366565,0.3739993072157,0.1612366517127
4.786300923226,3.890222361673,2.049453824283,3.890222361673,2.049453824283,-0.3751808113376,-0.1598499679657,0.3751959210031,0.1598124132558
4.841723675841,3.90631468831,2.031730161267,3.90631468831,2.031730161267,-0.3763561354308,-0.1584302662883,0.3763712838164,0.1583921652612
4.897788193685,3.922121891227,2.014041617748,3.922121891227,2.014041617748,-0.3775104667254,-0.1570148302981,0.3775256531303,0.156976177352
4.954501908048,3.937647383342,1.996392106569,3.937647383342,1.996392106569,-0.3786440646282,-0.1556039205639,0.3786592883602,0.1555647100386
5.011872336273,3.952894603821,1.978785411987,3.952894603821,1.978785411987,-0.3797571899929,-0.1541977886154,0.3797724503683,0.1541580147912
5.069907082747,3.967867016886,1.961225192049,3.967867016886,1.961225192049,-0.3808501050996,-0.1527966771132,0.3808654014434,0.15275633421
5.128613839914,3.982568108508,1.943714980103,3.982568108508,1.943714980103,-0.3819230734294,-0.1514008199535,0.3819384050752,0.1513599021294
5.18800038929,3.997001379406,1.92625818572,3.997001379406,1.92625818572,-0.3829763590904,-0.1500104423449,0.3829917253804,0.1499689436955
5.248074602498,4.011170346339,1.908858097883,4.011170346339,1.908858097883,-0.3840102270226,-0.1486257610337,0.3840256273079,0.1485836755908
5.30884444231,4.025078536803,1.891517886019,4.025078536803,1.891517886019,-0.3850249425754,-0.1472469843779,0.3850403762157,0.1472043061084
5.370317963703,4.038729486267,1.874240601991,4.038729486267,1.874240601991,-0.3860207713237,-0.1458743124902,0.3860362376873,0.1458310352951
5.432503314924,4.052126735202,1.857029182399,4.052126735202,1.857029182399,-0.3869979788633,-0.1445079374116,0.3870134773275,0.1444640551247
5.495408738576,4.065273827532,1.839886450338,4.065273827532,1.839886450338,-0.387956830732,-0.1431480432247,0.3879723606826,0.1431035496118
5.559042572704,4.078174306049,1.822815117547,4.078174306049,1.822815117547,-0.3888975920492,-0.1417948062238,0.3889131528806,0.1417496949814
5.623413251904,4.090831711526,1.805817786129,4.090831711526,1.805817786129,-0.3898205274927,-0.1404483950205,0.3898361186082,0.1404026597747
5.688529308438,4.103249579502,1.788896951372,4.103249579502,1.788896951372,-0.3907259010636,-0.1391089707663,0.390741521875,0.1390626050715
5.754399373372,4.115431438806,1.772055003212,4.115431438806,1.772055003212,-0.3916139760018,-0.1377766872391,0.3916296259294,0.1377296845773
5.821032177709,4.127380809006,1.755294228935,4.127380809006,1.755294228935,-0.3924850146067,-0.136451691051,0.3925006930797,0.1364040448304
5.888436553556,4.139101196807,1.7386168143,4.139101196807,1.7386168143,-0.3933392779489,-0.1351341217171,0.3933549844047,0.1350858252708
5.95662143529,4.150596096905,1.722024846828,4.150596096905,1.722024846828,-0.394177026005,-0.1338241118969,0.3941927598895,0.1337751584821
6.025595860744,4.161868987958,1.705520317451,4.161868987958,1.705520317451,-0.3949985173278,-0.1325217875147,0.3950142780956,0.1324721703114
6.095368972402,4.172923331157,1.689105122341,4.172923331157,1.689105122341,-0.3958040089567,-0.1312272678821,0.3958197960705,0.1311769799918
6.165950018615,4.183762570283,1.672781065905,4.183762570283,1.672781065905,-0.3965937564703,-0.1299406659179,0.3966095694012,0.1298897003628
6.237348354824,4.194390127126,1.6565498621,4.194390127126,1.6565498621,-0.3973680135971,-0.1286620882428,0.3973838518245,0.1286104379642
6.309573444802,4.204809403218,1.640413137231,4.204809403218,1.640413137231,-0.3981270324181,-0.1273916353739,0.3981428954296,0.1273392932314
6.382634861906,4.215023774359,1.624372431044,4.215023774359,1.624372431044,-0.3988710628903,-0.1261294018037,0.3988869501816,0.1260763605737
6.456542290347,4.225036594417,1.608429200578,4.225036594417,1.608429200578,-0.3996003532421,-0.1248754762816,0.3996162643168,0.1248217286564
6.531305526475,4.234851190018,1.592584820665,4.234851190018,1.592584820665,-0.4003151495046,-0.1236299418389,0.4003310838746,0.1235754804254
6.606934480076,4.244470859456,1.57684058634,4.244470859456,1.57684058634,-0.4010156954443,-0.1223928759664,0.4010316526291,0.1223376932848
6.683439175686,4.25389887646,1.56119771605,4.25389887646,1.56119771605,-0.4017022329446,-0.1211643508394,0.4017182124717,0.1211084393221
6.76082975392,4.263138481951,1.545657352106,4.263138481951,1.545657352106,-0.4023750012631,-0.1199444333563,0.4023910026677,0.1198877853466
6.839116472814,4.272192888681,1.5302205638,4.272192888681,1.5302205638,-0.4030342374906,-0.1187331853516,0.4030502603155,0.1186757931027
6.918309709189,4.281065277843,1.514888349017,4.281065277843,1.514888349017,-0.4036801762594,-0.1175306637166,0.403696220055,0.1174725193901
6.998419960023,4.289758799017,1.499661636318,4.289758799017,1.499661636318,-0.404313049761,-0.1163369205443,0.4043291140853,0.1162780162093
7.079457843841,4.298276568644,1.484541286742,4.298276568644,1.484541286742,-0.4049330876248,-0.1151520032589,0.404949172043,0.1150923308902
7.161434102129,4.306621671055,1.469528096187,4.306621671055,1.469528096187,-0.4055405170339,-0.1139759547842,0.4055566211188,0.1139155062617
7.24435960075,4.31479715529,1.454622796391,4.31479715529,1.454622796391,-0.4061355624452,-0.1128088136077,0.4061516857764,0.1127475807145
7.328245331389,4.322806037413,1.439826058204,4.322806037413,1.439826058204,-0.4067184458254,-0.1116506140265,0.40673458799,0.1115885884482
7.413102413009,4.330651297187,1.425138492067,4.330651297187,1.425138492067,-0.4072893863533,-0.1105013861669,0.4073055469451,0.1104385594901
7.498942093325,4.338335879735,1.410560650666,4.338335879735,1.410560650666,-0.4078486005901,-0.1093611561794,0.4078647792103,0.1092975198903
7.585775750292,4.345862695259,1.396093030636,4.345862695259,1.396093030636,-0.4083963024666,-0.1082299463565,0.4084124987227,0.1081654918397
7.673614893618,4.353234616001,1.381736073897,4.353234616001,1.381736073897,-0.408932703011,-0.1071077752318,0.4089489165175,0.1070424937692
7.762471166287,4.360454478541,1.367490169832,4.360454478541,1.367490169832,-0.4094580105745,-0.105994657731,0.4094742409526,0.1059285404999
7.852356346101,4.367525083358,1.353355656907,4.367525083358,1.353355656907,-0.4099724307993,-0.1048906052853,0.4099886776767,0.1048236433578
7.943282347243,4.374449192901,1.339332823897,4.374449192901,1.339332823897,-0.4104761664469,-0.1037956259171,0.4104924294577,0.1037278102582
8.035261221856,4.381229532928,1.325421912297,4.381229532928,1.325421912297,-0.410969417533,-0.1027097244198,0.4109856963177,0.1026410458865
8.128305161641,4.387868792702,1.311623117276,4.387868792702,1.311623117276,-0.4114523813488,-0.1016329024101,0.411468675554,0.1015633517495
8.222426499471,4.394369622576,1.297936589503,4.394369622576,1.297936589503,-0.4119252522449,-0.1005651584727,0.4119415615235,0.1004947263213
8.317637711027,4.400734637009,1.284362436647,4.400734637009,1.284362436647,-0.4123882219143,-0.09950648825159,0.4124045459252,0.09943516513346
8.413951416452,4.406966411446,1.270900724913,4.406966411446,1.270900724913,-0.4128414791088,-0.09845688457325,0.4128578175168,0.09838466089869
8.511380382024,4.413067485626,1.257551480568,4.413067485626,1.257551480568,-0.4132852099477,-0.09741633754086,0.4133015624236,0.09734320360508
8.609937521846,4.419040360015,1.244314691094,4.419040360015,1.244314691094,-0.4137195975898,-0.09638483462481,0.41373596381,0.09631078060652
8.709635899561,4.424887499127,1.231190307105,4.424887499127,1.231190307105,-0.4141448225439,-0.09536236079544,0.4141612021905,0.09528737675541
8.81048873008,4.430611328789,1.218178242938,4.430611328789,1.218178242938,-0.4145610624144,-0.09434889855947,0.414577455175,0.09427297443907
8.912509381338,4.436214239204,1.205278379085,4.436214239204,1.205278379085,-0.4149684921892,-0.09334442814255,0.4149848977568,0.09326755376232
9.01571137606,4.441698582284,1.192490562352,4.441698582284,1.192490562352,-0.4153672839883,-0.09234892748775,0.4153837020613,0.09227109254594
9.120108393559,4.447066674229,1.179814608056,4.447066674229,1.179814608056,-0.4157576073058,-0.09136237241971,0.415774037588,0.0912835664908
9.225714271548,4.452320792115,1.167250300387,4.452320792115,1.167250300387,-0.4161396286895,-0.09038473666592,0.4161560708897,0.09030494919914
9.33254300797,4.457463179813,1.154797394798,4.457463179813,1.154797394798,-0.4165135122911,-0.08941599202736,0.416529966123,0.08933521234515
9.440608762859,4.462496042318,1.142455617868,4.462496042318,1.142455617868,-0.4168794193349,-0.08845610836353,0.4168958845175,0.08837432566008
9.549925860214,4.467421548647,1.130224669448,4.467421548647,1.130224669448,-0.4172375083869,-0.08750505375491,0.4172539846438,0.08742225709461
9.660508789898,4.472241833552,1.118104223309,4.472241833552,1.118104223309,-0.4175879355081,-0.08656279453177,0.4176044225678,0.08647897284764
9.772372209558,4.476958995874,1.106093928535,4.476958995874,1.106093928535,-0.417930854101,-0.08562929538725,0.4179473516964,0.08554443747938
9.88553094657,4.481575097217,1.094193410049,4.481575097217,1.094193410049,-0.4182664147802,-0.08470451940728,0.4182829226491,0.08461861394131
10.0,4.486092166947,1.082402270371,4.486092166947,1.082402270371,-0.4185947658339,-0.0837884281932,0.4186112837183,0.08370146369866
10.1157945426,4.490512197815,1.070720089976,4.490512197815,1.070720089976,-0.4189160528123,-0.08288098188985,0.4189325804587,0.08279294675859
10.23292992281,4.494837148945,1.059146428741,4.494837148945,1.059146428741,-0.4192304188007,-0.08198213928752,0.4192469559599,0.0818930217721
10.35142166679,4.499068945295,1.047680826491,4.499068945295,1.047680826491,-0.4195380043635,-0.08109185785459,0.4195545507905,0.08100164606663
10.47128548051,4.503209478356,1.036322804366,4.503209478356,1.036322804366,-0.4198389476053,-0.0802100938421,0.4198555030591,0.0801187757506
10.59253725177,4.507260606137,1.025071865366,4.507260606137,1.025071865366,-0.4201333841624,-0.07933680231514,0.420149948406,0.07924436574484
10.71519305238,4.511224153643,1.013927495284,4.511224153643,1.013927495284,-0.4204214472416,-0.07847193721949,0.4204380200419,0.07837836984919
10.83926914021,4.515101913349,1.002889163721,4.515101913349,1.002889163721,-0.4207032676591,-0.07761545145608,0.420719848787,0.07752074081689
10.96478196143,4.5188956452,0.9919563245794,4.5188956452,0.9919563245794,-0.4209789738329,-0.07676729690932,0.4209955630628,0.076671430383
11.09174815262,4.522607077589,0.9811284173246,4.522607077589,0.9811284173246,-0.4212486918689,-0.07592742454406,0.4212652889788,0.07583038936122
11.22018454302,4.526237907626,0.9704048673623,4.526237907626,0.9704048673623,-0.4215125455774,-0.07509578442347,0.4215291503491,0.07499756766186
11.35010815672,4.529789801116,0.9597850868972,4.529789801116,0.9597850868973,-0.4217706564657,-0.07427232577296,0.4217872686843,0.07417291435567
11.48153621497,4.533264393073,0.9492684756123,4.533264393073,0.9492684756123,-0.4220231437784,-0.07345699702622,0.4220397632323,0.07335637771987
11.6144861384,4.53666328821,0.9388544216188,4.53666328821,0.9388544216188,-0.4222701245364,-0.0726497458969,0.4222867510175,0.07254790530986
11.7489755494,4.53998806147,0.9285423017864,4.53998806147,0.9285423017864,-0.4225117135787,-0.07185051939333,0.4225283468818,0.07174744397388
11.88502227437,4.543240258276,0.9183314824918,4.543240258276,0.9183314824918,-0.4227480235777,-0.07105926387337,0.4227646635011,0.07095493990782
12.02264434617,4.546421395536,0.9082213206142,4.546421395536,0.9082213206142,-0.4229791651276,-0.07027592512011,0.4229958114722,0.07017033873094
12.16186000646,4.549532959899,0.8982111633614,4.549532959899,0.8982111633614,-0.4232052465723,-0.06950044831834,0.4232218991421,0.06939358546235
12.30268770812,4.552576411539,0.888300349915,4.552576411539,0.888300349915,-0.4234263743518,-0.06873277818286,0.4234430329538,0.06862462464919
12.44514611771,4.555553181909,0.8784882110145,4.555553181909,0.8784882110145,-0.4236426527844,-0.06797285891492,0.4236593172283,0.06786340032315
12.58925411794,4.558464675246,0.8687740702108,4.558464675246,0.8687740702108,-0.4238541842003,-0.06722063430209,0.4238708542984,0.06710985610028
12.73503081017,4.561312268093,0.8591572438317,4.561312268093,0.8591572438317,-0.4240610688886,-0.06647604770528,0.4240777444559,0.06636393516803
12.88249551693,4.564097310812,0.8496370420182,4.564097310812,0.8496370420182,-0.4242634052312,-0.06573904213945,0.4242800860851,0.06562558036585
13.03166778452,4.566821128615,0.8402127691481,4.566821128615,0.8402127691481,-0.4244612897907,-0.06500956029957,0.4244779757512,0.06489473421117
13.18256738556,4.569485018531,0.8308837237183,4.569485018531,0.8308837237183,-0.4246548170207,-0.06428754454818,0.4246715079101,0.06417133888704
13.33521432163,4.572090254479,0.821649199694,4.572090254479,0.821649199694,-0.4248440797301,-0.06357293701631,0.424860775373,0.06345533634283
13.48962882592,4.57463808398,0.8125084862947,4.57463808398,0.8125084862947,-0.4250291687695,-0.06286567958351,0.4250458689927,0.0627466682744
13.64583136589,4.577129730189,0.803460868675,4.577129730189,0.803460868675,-0.4252101732131,-0.06216571392616,0.4252268778455,0.06204527617234
13.80384264603,4.579566392404,0.7945056284643,4.579566392404,0.7945056284643,-0.4253871803982,-0.06147298155738,0.4254038892708,0.06135110136181
13.96368361056,4.581949245824,0.78564204388,4.581949245824,0.78564204388,-0.4255602758944,-0.06078742382983,0.4255769888402,0.06066408500537
14.12537544623,4.584279442296,0.7768693903546,4.584279442296,0.7768693903546,-0.4257295435671,-0.06010898198358,0.4257462604209,0.05998416815082
14.28893958511,4.586558110839,0.7681869407264,4.586558110839,0.7681869407264,-0.425895065617,-0.05943759715467,0.4259117862155,0.05931129173968
14.45439770746,4.588786357362,0.7595939658366,4.588786357362,0.7595939658366,-0.4260569225483,-0.05877321042353,0.4260736467299,0.05864539665571
14.62177174457,4.590965265193,0.7510897345121,4.590965265193,0.7510897345121,-0.4262151932088,-0.05811576280483,0.4262319208136,0.0579864237146
14.79108388168,4.593095897342,0.7426735143096,4.593095897342,0.7426735143096,-0.4263699549938,-0.05746519530369,0.4263866858636,0.0573343137202
14.96235656094,4.595179293446,0.734344571467,4.595179293446,0.734344571467,-0.4265212835548,-0.05682144891214,0.4265380175327,0.056689007461
15.13561248436,4.597216473567,0.7261021715951,4.597216473567,0.7261021715951,-0.4266692531452,-0.05618446465725,0.4266859900759,0.05605044575816
15.31087461682,4.599208435383,0.7179455794978,4.599208435383,0.7179455794978,-0.4268139363523,-0.05555418358518,0.4268306760819,0.05541856944963
15.48816618913,4.601156158245,0.7098740599496,4.601156158245,0.7098740599496,-0.4269554044662,-0.05493054681745,0.426972146842,0.05479331944625
15.66751070108,4.60306059984,0.7018868775476,4.60306059984,0.7018868775476,-0.4270937271641,-0.05431349553941,0.4271104720347,0.05417463672035
15.84893192461,4.604922698209,0.6939832972377,4.604922698209,0.6939832972377,-0.4272289726904,-0.05370297103867,0.4272457199056,0.05356246234406
16.0324539069,4.606743372999,0.686162584451,4.606743372999,0.686162584451,-0.4273612079654,-0.05309891470957,0.4273779573758,0.05295673749375
16.21810097359,4.608523524157,0.6784240053334,4.608523524157,0.6784240053334,-0.4274904984578,-0.05250126807232,0.4275072499154,0.0523574034692
16.405897732,4.610264033685,0.6707668270784,4.610264033685,0.6707668270784,-0.4276169083408,-0.05190997279499,0.4276336616984,0.05176440171551
16.59586907438,4.611965764833,0.6631903181628,4.611965764833,0.6631903181628,-0.4277405004112,-0.05132497071244,0.4277572555223,0.05117767384199
16.78804018123,4.613629562595,0.6556937481752,4.613629562595,0.6556937481752,-0.4278613361273,-0.05074620380488,0.4278780928464,0.05059716160078
16.98243652462,4.615256255172,0.6482763886304,4.615256255172,0.6482763886304,-0.4279794757397,-0.05017361426568,0.427996233922,0.0500228069545
17.17908387158,4.616846652931,0.6409375126684,4.616846652931,0.6409375126684,-0.4280949781875,-0.04960714447171,0.4281117376887,0.04945455204668
17.37800828749,4.618401549113,0.6336763954168,4.618401549113,0.6336763954168,-0.4282079011581,-0.04904673701139,0.4282246618348,0.04889233922972
17.57923613959,4.619921721069,0.6264923141713,4.619921721069,0.6264923141713,-0.4283183011951,-0.04849233469502,0.428335062904,0.04833611107516
17.78279410039,4.621407929434,0.6193845486631,4.621407929434,0.6193845486631,-0.4284262336161,-0.04794388057765,0.4284429962146,0.0477858103966
17.98870915129,4.62286091885,0.612352380926,4.62286091885,0.612352380926,-0.4285317525732,-0.04740131794182,0.4285485159191,0.04724138023233
18.1970085861,4.624281417899,0.605395095771,4.624281417899,0.605395095771,-0.4286349110414,-0.04686459033827,0.4286516749926,0.0467027638861
18.40772001469,4.625670140075,0.5985119806508,4.625670140075,0.5985119806508,-0.4287357609019,-0.04633364156834,0.4287525253168,0.04616990490938
18.62087136663,4.627027784218,0.591702326093,4.627027784218,0.591702326093,-0.4288343529777,-0.04580841572012,0.4288511177146,0.04564274713753
18.8364908949,4.628355033954,0.5849654255391,4.628355033954,0.5849654255391,-0.4289307369748,-0.04528885715188,0.4289475018922,0.0451212346732
19.05460717963,4.62965255838,0.5783005756495,4.62965255838,0.5783005756495,-0.4290249615409,-0.04477491051612,0.4290417264972,0.04460531191038
19.27524913191,4.630921011745,0.5717070762712,4.630921011745,0.5717070762712,-0.4291170742298,-0.04426652075456,0.4291338390837,0.0440949235293
19.49844599758,4.632161035924,0.5651842308184,4.632161035924,0.5651842308184,-0.4292071217255,-0.04376363312626,0.4292238863352,0.04359001452447
19.72422736115,4.633373257788,0.5587313460999,4.633373257788,0.5587313460999,-0.4292951495932,-0.04326619319411,0.4293119138168,0.0430905301913
19.95262314969,4.634558291428,0.5523477325248,4.634558291428,0.5523477325248,-0.4293812024794,-0.04277414683758,0.4293979661747,0.04259641613865
20.18366363682,4.635716737301,0.5460327041676,4.635716737301,0.5460327041676,-0.4294653240283,-0.04228744025809,0.4294820870529,0.04210761829425
20.4173794467,4.636849183164,0.5397855789451,4.636849183164,0.5397855789451,-0.429547556963,-0.04180601999162,0.4295643191739,0.04162408291727
20.65380155811,4.637956204248,0.5336056785442,4.637956204248,0.5336056785442,-0.4296279430962,-0.04132983289985,0.4296447043501,0.04114575658939
20.89296130854,4.639038364178,0.5274923287659,4.639038364178,0.5274923287659,-0.4297065234112,-0.04085882619851,0.4297232835641,0.0406725862431
21.13489039837,4.640096213106,0.5214448591999,4.640096213106,0.5214448591999,-0.4297833378831,-0.04039294742883,0.4298000967904,0.04020451913319
21.37962089502,4.641130289896,0.5154626036622,4.641130289896,0.5154626036622,-0.4298584256776,-0.0399321444925,0.4298751831939,0.03974150287161
21.62718523727,4.642141122038,0.509544900071,4.642141122038,0.509544900071,-0.4299318251369,-0.03947636563886,0.4299485811162,0.03928348541465
21.8776162395,4.643129225536,0.503691090576,4.643129225536,0.503691090576,-0.430003573766,-0.03902555947562,0.4300203280613,0.03883041507358
22.13094709606,4.644095104813,0.4979005214947,4.644095104813,0.4979005214947,-0.4300737082184,-0.03857967496165,0.4300904606818,0.03838224050745
22.38721138568,4.645039254123,0.4921725436188,4.645039254123,0.4921725436188,-0.4301422644233,-0.03813866143177,0.4301590149059,0.03793891074782
22.64644307593,4.645962155668,0.4865065118928,4.645962155668,0.4865065118928,-0.4302092774057,-0.03770246856878,0.4302260257574,0.03750037517077
22.90867652768,4.646864283048,0.4809017858779,4.646864283048,0.4809017858779,-0.4302747816023,-0.03727104643976,0.4302915276721,0.03706658353309
23.17394649969,4.647746098344,0.4753577294322,4.647746098344,0.4753577294322,-0.4303388105873,-0.03684434547002,0.4303555542226,0.03663748594627
23.4422881532,4.648608053273,0.4698737109379,4.648608053273,0.4698737109379,-0.4304013971745,-0.03642231646124,0.4304181382217,0.03621303289461
23.71373705662,4.64945059086,0.4644491032817,4.64945059086,0.4644491032817,-0.4304625735684,-0.03600491058621,0.4304793118723,0.03579317522978
23.9883291902,4.65027414403,0.4590832839665,4.65027414403,0.4590832839665,-0.4305223712302,-0.03559207940038,0.4305391066341,0.03537786418251
24.26610095082,4.651079135239,0.4537756348964,4.651079135239,0.4537756348964,-0.4305808208389,-0.03518377482174,0.4305975531846,0.03496705134233
24.54708915685,4.651865979399,0.4485255427625,4.651865979399,0.4485255427625,-0.4306379525586,-0.03477994916134,0.4306546816863,0.03456068868801
24.83133105296,4.652635081459,0.4433323987914,4.652635081459,0.4433323987914,-0.430693795811,-0.03438055510302,0.4307105215591,0.03415872856732
25.1188643151,4.653386837542,0.4381955988468,4.653386837542,0.4381955988468,-0.4307483793767,-0.03398554571039,0.4307651015817,0.03376112370395
25.40972705549,4.654121634818,0.4331145434202,4.654121634818,0.4331145434202,-0.4308017313793,-0.03359487442556,0.430818449876,0.03336782719621
25.70395782769,4.654839852636,0.4280886376635,4.654839852636,0.4280886376635,-0.4308538793878,-0.03320849507011,0.4308705940087,0.03297879251788
26.00159563165,4.655541861622,0.423117291535,4.655541861622,0.423117291535,-0.4309048503283,-0.03282636185929,0.4309215609042,0.03259397353242
26.30267991895,4.656228024053,0.4181999194616,4.656228024053,0.4181999194616,-0.4309546705158,-0.03244842936984,0.4309713768751,0.03221332446078
26.60725059799,4.656898694725,0.4133359407918,4.656898694725,0.4133359407918,-0.4310033657313,-0.03207465258029,0.4310200677001,0.03183679992158
26.91534803927,4.657554220305,0.4085247793846,4.657554220305,0.4085247793846,-0.4310509611579,-0.03170498683352,0.4310676585602,0.03146435489365
27.22701308078,4.658194940198,0.4037658639325,4.658194940198,0.4037658639325,-0.4310974814586,-0.0313393878651,0.4311141741157,0.03109594474433
27.54228703338,4.658821185893,0.3990586277713,4.658821185893,0.3990586277713,-0.4311429507117,-0.03097781178635,0.4311596384424,0.03073152521247
27.8612116863,4.659433281571,0.3944025089396,4.659433281571,0.3944025089396,-0.4311873924644,-0.03062021508878,0.431204075085,0.03037105241288
28.18382931265,4.660031544209,0.3897969501306,4.660031544209,0.3897969501306,-0.4312308297395,-0.0302665546393,0.4312475070635,0.03001448283137
28.51018267504,4.6606162847,0.3852413988376,4.6606162847,0.3852413988376,-0.4312732851357,-0.02991678769214,0.4312899569738,0.02966177333669
28.84031503127,4.661187805908,0.3807353071516,4.661187805908,0.3807353071516,-0.4313147806447,-0.02957087187244,0.4313314468046,0.02931288116413
29.17427014001,4.661746404549,0.3762781318884,4.661746404549,0.3762781318884,-0.4313553378227,-0.02922876518558,0.4313719981091,0.02896776392467
29.51209226666,4.662292370778,0.371869334494,4.662292370778,0.371869334494,-0.4313949777486,-0.02889042600886,0.4314116319632,0.02862637959669
29.85382618918,4.662825987763,0.3675083810771,4.662825987763,0.3675083810771,-0.4314337209828,-0.02855581309502,0.431450368924,0.02828868652945
30.19951720402,4.663347533313,0.363194742447,4.663347533313,0.363194742447,-0.4314715877145,-0.02822488557377,0.4314882291772,0.02795464344451
30.54921113216,4.663857278942,0.358927894007,4.663857278942,0.358927894007,-0.4315085976722,-0.02789760294313,0.431525232448,0.02762420942703
30.90295432514,4.664355488677,0.3547073157236,4.664355488677,0.3547073157236,-0.4315447700115,-0.02757392506797,0.4315613978884,0.02729734392433
31.26079367124,4.664842422466,0.3505324922087,4.664842422466,0.3505324922087,-0.4315801236271,-0.02725381218378,0.4315967443896,0.02697400674946
31.62277660168,4.665318334467,0.346402912757,4.665318334467,0.346402912757,-0.4316146769927,-0.02693722490222,0.4316312904213,0.0266541580868
31.98895109691,4.66578347135,0.3423180710336,4.66578347135,0.3423180710336,-0.4316484480008,-0.02662412418424,0.4316650538721,0.02633775846517
32.35936569296,4.666238076196,0.3382774654002,4.666238076196,0.3382774654002,-0.4316814543215,-0.02631447136605,0.4316980524083,0.02602476878359
32.73406948788,4.666682386031,0.3342805986994,4.666682386031,0.3342805986994,-0.4317137131717,-0.02600822814212,0.4317303032425,0.02571515029433
33.11311214826,4.667116632661,0.330326978303,4.667116632661,0.330326978303,-0.4317452413903,-0.02570535656889,0.4317618232092,0.02540886460655
33.49654391578,4.667541042242,0.3264161159794,4.667541042242,0.3264161159794,-0.4317760553955,-0.02540581905317,0.4317926287225,0.02510587367462
33.88441561392,4.667955835858,0.3225475280313,4.667955835858,0.3225475280313,-0.431806171237,-0.02510957836451,0.4318227358274,0.02480613981048
34.27677865465,4.668361230871,0.3187207352224,4.668361230871,0.3187207352224,-0.4318356047181,-0.02481659762728,0.4318521603227,0.02450962567554
34.67368504525,4.668757438953,0.3149352626335,4.668757438953,0.3149352626335,-0.4318643712116,-0.02452684030971,0.4318809175763,0.02421629426976
35.07518739526,4.669144666654,0.311190639832,4.669144666654,0.311190639832,-0.4318924857105,-0.02424027023915,0.4319090225764,0.02392610894687
35.48133892336,4.669523116503,0.3074864006962,4.669523116503,0.3074864006962,-0.4319199629275,-0.02395685158511,0.4319364900305,0.02363903339727
35.8921934645,4.669892986302,0.303822083403,4.669892986302,0.303822083403,-0.4319468172276,-0.02367654885911,0.4319633342986,0.02335503164784
36.30780547701,4.670254469953,0.3001972305507,4.670254469953,0.3001972305507,-0.4319730627031,-0.02339932692556,0.4319895694677,0.02307406807275
36.72823004981,4.670607755994,0.2966113888639,4.670607755994,0.2966113888639,-0.4319987130363,-0.02312515097627,0.4320152092143,0.02279610736798
37.15352290972,4.670953029703,0.2930641094699,4.670953029703,0.2930641094699,-0.4320237816913,-0.02285398655426,0.4320402669973,0.02252111457494
37.58374042885,4.671290470857,0.2895549475845,4.671290470857,0.2895549475845,-0.432048281706,-0.02258579952725,0.4320647558485,0.02224905505405
38.01893963206,4.671620257368,0.286083462728,4.671620257368,0.286083462728,-0.4320722260261,-0.02232055610465,0.4320886887079,0.02197989450142
38.45917820454,4.671942561256,0.2826492185219,4.671942561256,0.2826492185219,-0.4320956271309,-0.02205822282283,0.4321120780486,0.02171359893434
38.90451449943,4.672257551768,0.2792517827294,4.672257551768,0.2792517827294,-0.4321184973199,-0.02179876654641,0.4321349361639,0.02145013469227
39.35500754558,4.672565393903,0.2758907272466,4.672565393903,0.2758907272466,-0.4321408485751,-0.02154215446926,0.4321572750294,0.02118946843792
39.81071705535,4.672866248207,0.2725656279856,4.672866248207,0.2725656279856,-0.4321626925402,-0.02128835410414,0.4321791062821,0.02093156714681
40.27170343255,4.673160273642,0.2692760649953,4.673160273642,0.2692760649953,-0.432184040784,-0.02103733329195,0.4322004414843,0.02067639811625
40.73802778041,4.673447624055,0.266021622235,4.673447624055,0.266021622235,-0.4322049044729,-0.02078906018426,0.4322212917953,0.02042392894805
41.20975190973,4.673728449257,0.2628018876573,4.673728449257,0.2628018876573,-0.4322252944685,-0.02054350325034,0.4322416680696,0.02017412755548
41.68693834703,4.67400289762,0.2596164532433,4.67400289762,0.2596164532433,-0.4322452215668,-0.02030063127893,0.432261581096,0.01992696216463
42.16965034286,4.674271113067,0.2564649148246,4.674271113067,0.2564649148246,-0.4322646962179,-0.02006041336455,0.4322810413172,0.01968240130105
42.65795188016,4.674533235882,0.253346872105,4.674533235882,0.253346872105,-0.4322837285997,-0.01982281890939,0.4323000589033,0.01944041379137
43.15190768278,4.67478940429,0.2502619286743,4.67478940429,0.2502619286743,-0.4323023287629,-0.01958781762376,0.4323186438971,0.01920096876364
43.65158322402,4.675039752205,0.2472096919123,4.675039752205,0.2472096919123,-0.4323205064204,-0.01935537951951,0.4323368060036,0.01896403564082
44.15704473533,4.67528441157,0.2441897730279,4.67528441157,0.2441897730279,-0.4323382711635,-0.01912547491228,0.4323545548059,0.01872958414276
44.6683592151,4.675523511385,0.2412017869375,4.675523511385,0.2412017869375,-0.4323556323698,-0.0188980744115,0.432371899673,0.01849758427625
45.18559443749,4.675757176209,0.2382453522676,4.675757176209,0.2382453522676,-0.4323725990639,-0.01867314892226,0.4323888496209,0.0182680063369
45.70881896149,4.675985529274,0.2353200913526,4.675985529274,0.2353200913526,-0.4323891802038,-0.01845066964323,0.4324054135987,0.01804082090676
46.23810213993,4.67620869099,0.2324256301959,4.67620869099,0.2324256301959,-0.4324053845417,-0.01823060806477,0.4324216003494,0.0178159988524
46.77351412872,4.676426778472,0.2295615984195,4.676426778472,0.2295615984195,-0.4324212205786,-0.01801293596505,0.432437418365,0.0175935113211
47.31512589615,4.676639906353,0.226727629164,4.676639906353,0.226727629164,-0.4324366966387,-0.01779762540073,0.4324528759597,0.01737332973133
47.86300923226,4.676848186811,0.2239233592024,4.676848186811,0.2239233592024,-0.4324518208705,-0.01758464871801,0.4324679812726,0.0171554257837
48.41723675841,4.677051729361,0.2211484287889,4.677051729361,0.2211484287889,-0.4324666012267,-0.01737397853928,0.4324827422461,0.01693977144757
48.97788193685,4.677250641652,0.2184024816853,4.677250641652,0.2184024816853,-0.4324810455365,-0.01716558776555,0.4324971666992,0.01672633896334
49.54501908048,4.677445027208,0.2156851650286,4.677445027208,0.2156851650286,-0.4324951612953,-0.01695944956627,0.4325112621169,0.01651510083236
50.11872336273,4.67763498929,0.212996129476,4.67763498929,0.212996129476,-0.4325089560219,-0.01675553739064,0.432525036007,0.01630602982785
50.69907082747,4.677820627867,0.210335029025,4.677820627867,0.210335029025,-0.4325224369761,-0.01655382495359,0.4325384956184,0.01609909898099
51.28613839914,4.678002040674,0.2077015210184,4.678002040674,0.2077015210184,-0.4325356112562,-0.01635428623597,0.432551648038,0.01589428158104
51.8800038929,4.678179322473,0.2050952660843,4.678179322473,0.2050952660843,-0.4325484857296,-0.01615689548006,0.4325645001216,0.01569155117074
52.48074602498,4.678352567388,0.2025159282154,4.678352567388,0.2025159282154,-0.4325610672475,-0.01596162719597,0.4325770587087,0.01549088155244
53.0884444231,4.678521866382,0.1999631745644,4.678521866382,0.1999631745644,-0.4325733624108,-0.01576845614484,0.4325893303879,0.01529224677146
53.70317963703,4.678687309327,0.1974366755775,4.678687309327,0.1974366755775,-0.4325853777609,-0.0155773573504,0.432601321688,0.01509562112733
54.32503314924,4.678848982484,0.1949361048143,4.678848982484,0.1949361048143,-0.432597119545,-0.01538830608442,0.4326130388437,0.01490097915942
54.95408738576,4.679006971341,0.1924611390553,4.679006971341,0.1924611390553,-0.4326085939783,-0.01520127787546,0.4326244880571,0.0147082956553
55.59042572704,4.679161359364,0.1900114581339,4.679161359364,0.1900114581339,-0.4326198071274,-0.01501624849463,0.4326356753812,0.01451754563656
56.23413251904,4.679312227767,0.1875867450163,4.679312227767,0.1875867450163,-0.4326307648882,-0.01483319396369,0.4326466066985,0.01432870436679
56.88529308439,4.679459656567,0.185186685686,4.679459656567,0.185186685686,-0.4326414730825,-0.01465209054421,0.4326572878167,0.01414174734058
57.54399373372,4.679603723328,0.182810969167,4.679603723328,0.182810969167,-0.4326519373413,-0.01447291474109,0.4326677243523,0.01395665028705
58.21032177709,4.679744502679,0.180459287421,4.679744502679,0.180459287421,-0.4326621630592,-0.01429564329367,0.4326779216854,0.01377338916093
58.88436553556,4.679882070938,0.1781313354478,4.679882070938,0.1781313354478,-0.4326721558213,-0.01412025318328,0.4326878853859,0.01359194014949
59.5662143529,4.680016499748,0.1758268110887,4.680016499748,0.1758268110887,-0.432681920814,-0.01394672161884,0.4326976206248,0.01341227965876
60.25595860744,4.680147859425,0.1735454150951,4.680147859425,0.1735454150951,-0.4326914631337,-0.01377502604199,0.4327071324829,0.01323438431816
60.95368972402,4.68027622077,0.1712868511118,4.68027622077,0.1712868511118,-0.4327007879538,-0.01360514412525,0.4327164261172,0.01305823097839
61.65950018615,4.680401649472,0.1690508255288,4.680401649472,0.1690508255288,-0.4327099000063,-0.01343705376156,0.4327255062432,0.01288379670145
62.37348354824,4.680524213792,0.1668370476179,4.680524213792,0.1668370476179,-0.4327188042916,-0.01327073307379,0.4327343778446,0.0127110587692
63.09573444802,4.680643977438,0.1646452293349,4.680643977438,0.1646452293349,-0.4327275054192,-0.01310616040034,0.4327430455134,0.01253999466967
63.82634861906,4.680761003157,0.1624750853882,4.680761003157,0.1624750853882,-0.4327360079391,-0.01294331430027,0.4327515137817,0.01237058210167
64.56542290347,4.680875354038,0.1603263332333,4.680875354038,0.1603263332333,-0.4327443164614,-0.01278217355292,0.4327597872418,0.01220279897412
65.31305526475,4.680987089445,0.1581986928831,4.680987089445,0.1581986928831,-0.4327524352798,-0.01262271714257,0.4327678701685,0.0120366233911
66.06934480076,4.681096268101,0.156091887059,4.681096268101,0.156091887059,-0.4327603686562,-0.01246492427162,0.4327757668049,0.01187203366456
66.83439175686,4.681202948621,0.1540056410856,4.681202948621,0.1540056410856,-0.4327681208693,-0.0123087743512,0.4327834814101,0.01170900830472
67.6082975392,4.681307186719,0.1519396828291,4.681307186719,0.1519396828291,-0.4327756959558,-0.0121542469972,0.4327910180009,0.01154752601636
68.39116472814,4.681409037273,0.1498937427065,4.681409037273,0.1498937427065,-0.4327830979007,-0.01200132203073,0.4327983805418,0.01138756569888
69.1830970919,4.681508555111,0.147867553645,4.681508555111,0.147867553645,-0.4327903307091,-0.01184997947467,0.4328055730171,0.01122910644263
69.98419960023,4.68160579196,0.1458608510531,4.68160579196,0.1458608510531,-0.4327973981242,-0.01170019955269,0.4328125991486,0.01107212752825
70.79457843842,4.68170079902,0.1438733727757,4.68170079902,0.1438733727757,-0.4328043038645,-0.01155196268462,0.4328194626329,0.01091660842149
71.61434102129,4.681793627238,0.1419048590829,4.681793627238,0.1419048590829,-0.4328110516482,-0.01140524948585,0.4328261671658,0.01076252877258
72.4435960075,4.681884325026,0.1399550526385,4.681884325026,0.1399550526385,-0.4328176449822,-0.01126004076584,0.4328327162312,0.01060986841479
73.28245331389,4.68197294083,0.1380236984777,4.68197294083,0.1380236984777,-0.4328240873989,-0.01111631752561,0.4328391133381,0.01045860736154
74.13102413009,4.68205952085,0.1361105439124,4.68205952085,0.1361105439124,-0.4328303822447,-0.01097406095032,0.4328453618089,0.01030872579911
74.98942093325,4.682144111095,0.1342153386097,4.682144111095,0.1342153386097,-0.4328365328702,-0.01083325241634,0.4328514649696,0.01016020409333
75.85775750292,4.682226756382,0.1323378344713,4.682226756382,0.1323378344713,-0.4328425425365,-0.01069387348102,0.432857426056,0.01001302277936
76.73614893618,4.68230750035,0.1304777856713,4.68230750035,0.1304777856713,-0.432848414416,-0.01055590588662,0.4328632482149,0.00986716256545
77.62471166287,4.682386385982,0.1286349485583,4.682386385982,0.1286349485583,-0.4328541516407,-0.01041933155171,0.432868934552,0.009722604324152
78.52356346101,4.682463454601,0.1268090816889,4.682463454601,0.1268090816889,-0.4328597572089,-0.01028413257501,0.4328744880385,0.009579329096203
79.43282347243,4.682538746906,0.1249999457569,4.682538746906,0.1249999457569,-0.43286523408,-0.01015029122912,0.4328799116061,0.009437318083909
80.35261221856,4.682612302729,0.1232073036092,4.682612302729,0.1232073036092,-0.4328705851522,-0.01001778996256,0.4328852081249,0.009296552653117
81.28305161641,4.68268416156,0.1214309201576,4.68268416156,0.1214309201576,-0.4328758133102,-0.009886611391931,0.4328903804506,0.009157014325166
82.22426499471,4.682754360516,0.1196705624036,4.682754360516,0.1196705624036,-0.4328809212375,-0.009756738305424,0.4328954312371,0.009018684780529
83.17637711027,4.682822936656,0.1179259993654,4.682822936656,0.1179259993654,-0.4328859116294,-0.009628153655831,0.4329003631493,0.008881545851354
84.13951416452,4.682889927755,0.1161970021216,4.682889927755,0.1161970021216,-0.4328907872647,-0.009500840564915,0.4329051789353,0.008745579525546
85.11380382024,4.682955367465,0.1144833436835,4.682955367465,0.1144833436835,-0.432895550558,-0.009374782313501,0.4329098809777,0.008610767937494
86.09937521846,4.683019291461,0.1127847990548,4.683019291461,0.1127847990548,-0.4329002041269,-0.009249962345769,0.4329144718617,0.00847709337122
87.09635899561,4.683081732848,0.1111011451496,4.683081732848,0.1111011451496,-0.4329047503678,-0.009126364263436,0.4329189539505,0.008344538255164
88.1048873008,4.6831427255,0.1094321608127,4.6831427255,0.1094321608127,-0.4329091917638,-0.009003971827316,0.432923329693,0.008213085163033
89.12509381338,4.683202300747,0.107777626724,4.683202300747,0.107777626724,-0.4329135305779,-0.008882768949775,0.4329276013177,0.008082716806658
90.1571137606,4.683260490961,0.1061373254666,4.683260490961,0.1061373254666,-0.4329177691848,-0.008762739700702,0.4329317711635,0.007953416041211
91.20108393559,4.68331732625,0.1045110413921,4.68331732625,0.1045110413921,-0.4329219097644,-0.008643868296319,0.4329358413738,0.007825165854408
92.25714271548,4.683372837017,0.1028985606855,4.683372837017,0.1028985606855,-0.4329259545383,-0.008526139105117,0.4329398141331,0.007697949371857
93.3254300797,4.683427052701,0.1012996713003,4.683427052701,0.1012996713003,-0.432929905653,-0.008409536642643,0.4329436915494,0.007571749851893
94.40608762859,4.683480001524,0.09971416291628,4.683480001524,0.09971416291628,-0.4329337651563,-0.008294045568168,0.4329474756316,0.007446550682135
95.49925860215,4.683531712292,0.09814182694641,4.683531712292,0.09814182694641,-0.4329375351634,-0.008179650685432,0.432951168455,0.007322335379735
96.60508789898,4.683582211851,0.09658245648946,4.683582211851,0.09658245648946,-0.4329412176215,-0.008066336939309,0.4329547719257,0.007199087588344
97.72372209558,4.683631526626,0.09503584632035,4.683631526626,0.09503584632035,-0.4329448144519,-0.007954089415093,0.4329582879233,0.007076791076943
98.8553094657,4.683679683657,0.09350179284659,4.683679683657,0.09350179284659,-0.4329483276451,-0.007842893334804,0.4329617183953,0.006955429735786
100.0,4.683726707535,0.09198009409348,4.683726707535,0.09198009409348,-0.4329517589779,-0.007732734056869,0.4329650650748,0.00683498757648
101.157945426,4.683772623228,0.09047054968031,4.683772623228,0.09047054968031,-0.4329551102738,-0.007623597073915,0.4329683297402,0.006715448729073
102.3292992281,4.683817455829,0.0889729607944,4.683817455829,0.0889729607944,-0.4329583833798,-0.007515468010942,0.4329715141927,0.006596797440093
103.5142166679,4.683861228269,0.08748713015503,4.683861228269,0.08748713015503,-0.4329615799545,-0.007408332622844,0.4329746200439,0.006479018070326
104.7128548051,4.68390396413,0.08601286202056,4.68390396413,0.08601286202056,-0.4329647017281,-0.007302176795124,0.432977648976,0.006362095094813
105.9253725177,4.683945685613,0.08454996211304,4.683945685613,0.08454996211304,-0.4329677503145,-0.007196986537737,0.4329806025534,0.006246013096899
107.1519305238,4.68398641508,0.08309823763926,4.68398641508,0.08309823763926,-0.4329707273529,-0.007092747987309,0.4329834823651,0.006130756769966
108.3926914021,4.684026174034,0.08165749724504,4.684026174034,0.08165749724504,-0.432973634414,-0.006989447403554,0.4329862899303,0.006016310913862
109.6478196143,4.684064983642,0.08022755099521,4.684064983642,0.08022755099521,-0.4329764730479,-0.006887071167854,0.4329890267462,0.005902660433182
110.9174815262,4.684102864485,0.07880821036877,4.684102864485,0.07880821036877,-0.4329792447606,-0.006785605783343,0.432991694265,0.005789790337216
112.2018454302,4.684139836309,0.07739928817866,4.684139836309,0.07739928817866,-0.4329819509911,-0.006685037868003,0.4329942938703,0.005677685732902
113.5010815672,4.684175919053,0.07600059861577,4.684175919053,0.07600059861577,-0.432984593206,-0.006585354159125,0.4329968269723,0.005566331828867
114.8153621497,4.684211131839,0.07461195719609,4.684211131839,0.07461195719609,-0.4329871728058,-0.006486541509036,0.4329992949134,0.005455713931175
116.144861384,4.684245492713,0.07323318071283,4.684245492713,0.07323318071283,-0.4329896911012,-0.006388586881168,0.4330016989455,0.005345817439248
117.489755494,4.684279020451,0.07186408725642,4.684279020451,0.07186408725642,-0.4329921494794,-0.006291477352253,0.4330040403949,0.005236627847466
118.8502227437,4.684311732512,0.07050449617012,4.684311732512,0.07050449617012,-0.4329945492151,-0.006195200108899,0.4330063204744,0.00512813074198
120.2264434617,4.684343646838,0.06915422803406,4.684343646838,0.06915422803406,-0.4329968916362,-0.006099742446457,0.4330085404485,0.005020311798974
121.6186000646,4.684374779813,0.06781310462951,4.684374779813,0.06781310462951,-0.4329991779357,-0.006005091766369,0.4330107014453,0.004913156782255
123.0268770812,4.684405147291,0.06648094890718,4.684405147291,0.06648094890718,-0.4330014092659,-0.005911235573639,0.4330128045506,0.004806651540294
124.4514611771,4.684434766394,0.06515758502225,4.684434766394,0.06515758502225,-0.4330035869045,-0.005818161480486,0.4330148509741,0.004700782009229
125.8925411794,4.684463652444,0.06384283823595,4.684463652444,0.06384283823595,-0.4330057119713,-0.005725857197914,0.433016841766,0.004595534204928
127.3503081017,4.684491820508,0.06253653493933,4.684491820508,0.06253653493933,-0.4330077855703,-0.005634310538301,0.4330187779594,0.004490894225013
128.8249551693,4.684519285654,0.06123850263318,4.684519285654,0.06123850263318,-0.4330098088139,-0.005543509414048,0.4330206605934,0.004386848247206
130.3166778452,4.684546062961,0.05994856987637,4.684546062961,0.05994856987637,-0.4330117828225,-0.005453441833301,0.4330224907143,0.004283382524821
131.8256738556,4.684572165984,0.0586665662876,4.684572165984,0.0586665662876,-0.4330137085841,-0.005364095900652,0.4330242692334,0.004180483387621
133.3521432163,4.684597608299,0.05739232250879,4.684597608299,0.05739232250879,-0.4330155870954,-0.005275459814193,0.4330259970697,0.004078137238256
134.8962882592,4.684622404268,0.05612567020421,4.684622404268,0.05612567020421,-0.4330174194334,-0.005187521865948,0.4330276752201,0.003976330552261
136.4583136589,4.684646566491,0.05486644201223,4.684646566491,0.05486644201223,-0.4330192065196,-0.005100270437935,0.4330293045244,0.003875049874528
138.0384264603,4.684670107347,0.05361447154432,4.684670107347,0.05361447154432,-0.4330209492615,-0.005013694002536,0.4330308858065,0.003774281819049
139.6368361056,4.684693040524,0.05236959335485,4.684693040524,0.05236959335485,-0.4330226486951,-0.004927781120246,0.4330324200168,0.003674013066011
141.2537544623,4.684715377195,0.05113164292808,4.684715377195,0.05113164292808,-0.4330243056306,-0.004842520438917,0.4330339078778,0.003574230361804
142.8893958511,4.684737129089,0.04990045663808,4.684737129089,0.04990045663808,-0.433025920936,-0.004757900690576,0.433035350168,0.003474920514784
144.5439770746,4.684758307981,0.04867587173793,4.684758307981,0.04867587173793,-0.4330274954906,-0.004673910690951,0.4330367476748,0.003376070394672
146.2177174457,4.684778925442,0.04745772635703,4.684778925442,0.04745772635703,-0.4330290301608,-0.004590539339702,0.433038101171,0.003277666932599
147.9108388168,4.684798991819,0.04624585945215,4.684798991819,0.04624585945215,-0.4330305257068,-0.004507775616366,0.4330394113204,0.003179697117075
149.6235656094,4.684818518285,0.04504011080187,4.684818518285,0.04504011080187,-0.4330319829708,-0.004425608580424,0.4330406788673,0.003082147993228
151.3561248436,4.684837515309,0.04384032097683,4.684837515309,0.04384032097683,-0.4330334027365,-0.004344027368986,0.4330419044945,0.002985006660649
153.1087461682,4.684855991889,0.0426463313228,4.684855991889,0.0426463313228,-0.4330347856576,-0.004263021195684,0.4330430887529,0.002888260272246
154.8816618913,4.684873958885,0.04145798395117,4.684873958885,0.04145798395117,-0.4330361325657,-0.004182579350487,0.4330442323688,0.002791896032828
156.6751070108,4.684891425434,0.040275121705,4.684891425434,0.040275121705,-0.4330374441392,-0.004102691196862,0.4330453359129,0.002695901197027
158.4893192461,4.684908400753,0.03909758813751,4.684908400753,0.03909758813751,-0.4330387210697,-0.004023346170397,0.4330463999663,0.002600263067122
160.324539069,4.684924893879,0.03792522749773,4.684924893879,0.03792522749773,-0.4330399640375,-0.003944533777968,0.4330474250967,0.002504968992004
162.1810097359,4.684940913672,0.03675788471941,4.684940913672,0.03675788471941,-0.4330411737128,-0.003866243597229,0.4330484118586,0.002410006366379
164.05897732,4.684956468312,0.03559540537385,4.684956468312,0.03559540537385,-0.4330423507079,-0.003788465272712,0.4330493607462,0.002315362626738
165.9586907438,4.684971566063,0.03443763567852,4.684971566063,0.03443763567852,-0.4330434956486,-0.003711188517201,0.4330502722644,0.00222102525221
167.8804018123,4.684986215279,0.03328442246191,4.684986215279,0.03328442246191,-0.4330446091744,-0.003634403109019,0.4330511469289,0.002126981761547
169.8243652462,4.68500042415,0.03213561314744,4.68500042415,0.03213561314744,-0.4330456919148,-0.003558098891027,0.4330519852426,0.002033219711899
171.7908387158,4.685014198912,0.03099105572957,4.685014198912,0.03099105572957,-0.4330467443242,-0.003482265768691,0.4330527875303,0.001939726697179
173.7800828749,4.685027547434,0.02985059875947,4.685027547434,0.02985059875947,-0.4330477670129,-0.003406893709734,0.4330535542698,0.001846490346241
175.7923613959,4.68504047717,0.02871409132358,4.68504047717,0.02871409132358,-0.4330487605582,-0.003331972742424,0.4330542859026,0.001753498321521
177.8279410039,4.685052994654,0.02758138302307,4.685052994654,0.02758138302307,-0.4330497254571,-0.003257492954111,0.4330549827868,0.001660738317444
179.8870915129,4.68506510652,0.02645232395283,4.68506510652,0.02645232395283,-0.4330506622212,-0.003183444489964,0.4330556452921,0.001568198058497
181.970085861,4.685076818999,0.02532676469087,4.685076818999,0.02532676469087,-0.4330515713294,-0.003109817552422,0.433056273752,0.001475865298547
184.0772001469,4.685088138681,0.02420455625596,4.685088138681,0.02420455625596,-0.4330524532992,-0.003036602397944,0.4330568685351,0.001383727816996
186.2087136663,4.685099071754,0.0230855501221,4.685099071754,0.0230855501221,-0.4330533086155,-0.002963789338752,0.433057429974,0.001291773420462
188.364908949,4.685109622728,0.02196959816408,4.685109622728,0.02196959816408,-0.4330541376129,-0.002891368738093,0.4330579582477,0.001199989938182
190.5460717963,4.68511979878,0.02085655266569,4.68511979878,0.02085655266569,-0.4330549408774,-0.002819331012303,0.4330584537826,0.001108365222182
192.7524913191,4.685129604901,0.01974626628811,4.685129604901,0.01974626628811,-0.4330557187975,-0.002747666627568,0.4330589168041,0.001016887145437
194.9844599758,4.68513904543,0.01863859204626,4.68513904543,0.01863859204626,-0.4330564717062,-0.002676366098508,0.4330593474785,0.0009255435995888
197.2422736115,4.685148126355,0.0175333832956,4.685148126355,0.0175333832956,-0.4330572000938,-0.002605419987988,0.433059746125,0.0008343224935468
199.5262314969,4.685156851994,0.01643049371878,4.685156851994,0.01643049371878,-0.4330579043006,-0.002534818905733,0.4330601129091,0.0007432117529919
201.8366363682,4.685165227295,0.01532977729828,4.685165227295,0.01532977729828,-0.4330585847298,-0.002464553506847,0.4330604480553,0.0006521993176835
204.173794467,4.68517325605,0.01423108829373,4.68517325605,0.01423108829373,-0.4330592416821,-0.002394614489848,0.4330607516814,0.0005612731398195
206.5380155811,4.685180942939,0.01313428123521,4.685180942939,0.01313428123521,-0.4330598755452,-0.002324992597068,0.4330610239874,0.000470421183294
208.9296130854,4.685188292507,0.01203921088399,4.685188292507,0.01203921088399,-0.4330604866987,-0.002255678611352,0.4330612651614,0.0003796314204154
211.3489039837,4.685195308148,0.01094573224777,4.685195308148,0.01094573224777,-0.4330610754201,-0.002186663357778,0.4330614752849,0.0002888918336678
213.7962089502,4.685201993124,0.009853700519953,4.685201993124,0.009853700519953,-0.4330616419793,-0.002117937698821,0.433061654427,0.0001981904101142
216.2718523727,4.685208351846,0.00876297109623,4.685208351846,0.008762971096231,-0.433062186757,-0.002049492536796,0.4330618027631,0.0001075151429269
218.776162395,4.685214387317,0.007673399525632,4.685214387317,0.007673399525632,-0.433062710008,-0.001981318809247,0.4330619203377,1.685402743865e-05
221.3094709606,4.685220102668,0.006584841518043,4.685220102668,0.006584841518043,-0.4330632120034,-0.001913407490576,0.4330620072071,-7.380493823147e-05
223.8721138568,4.685225500647,0.005497152916192,4.685225500647,0.005497152916192,-0.4330636929834,-0.001845749589919,0.4330620633913,-0.0001644737554842
226.4644307593,4.685230584643,0.004410189657812,4.685230584643,0.004410189657812,-0.4330641532518,-0.001778336148481,0.4330620889688,-0.0002551644287337
229.0867652768,4.68523535715,0.003323807786633,4.68523535715,0.003323807786633,-0.4330645930341,-0.001711158240719,0.4330620839349,-0.000345888963966
231.7394649969,4.685239820793,0.002237863412409,4.685239820793,0.002237863412409,-0.4330650125722,-0.001644206971506,0.4330620482958,-0.0004366593724193
234.422881532,4.685243978073,0.001152212707332,4.685243978073,0.001152212707332,-0.4330654121012,-0.001577473476312,0.4330619820449,-0.0005274876706978
237.1373705662,4.685247830598,6.671187062831e-05,4.685247830598,6.671187062836e-05,-0.4330657917777,-0.00151094891827,0.4330618850923,-0.0006183858837697
239.883291902,4.685251380873,-0.00101878287418,4.685251380873,-0.00101878287418,-0.433066151846,-0.001444624489086,0.4330617574295,-0.0007093660452814
242.6610095082,4.685254630513,-0.002104415317119,4.685254630513,-0.002104415317119,-0.4330664924723,-0.001378491405554,0.4330615989642,-0.0008004402006501
245.4708915685,4.68525758152,-0.00319032925708,4.68525758152,-0.00319032925708,-0.4330668138631,-0.001312540911017,0.4330614096384,-0.000891620406617
248.3133105296,4.685260235262,-0.004276668543021,4.685260235262,-0.004276668543021,-0.4330671161707,-0.0012467642718,0.4330611893336,-0.0009829187347712
251.188643151,4.685262593746,-0.005363577078028,4.685262593746,-0.005363577078028,-0.433067399611,-0.001181152777897,0.4330609379888,-0.001074347271895
254.0972705549,4.685264657071,-0.006451198843567,4.685264657071,-0.006451198843567,-0.4330676642278,-0.001115697740427,0.4330606553642,-0.001165918121731
257.0395782769,4.685266427252,-0.00753967792085,4.685266427252,-0.00753967792085,-0.4330679102467,-0.001050390491624,0.4330603413955,-0.001257643407273
260.0159563165,4.685267904905,-0.008629158507042,4.685267904905,-0.008629158507042,-0.4330681377684,-0.000985222382796,0.4330599958864,-0.001349535271659
263.0267991895,4.685269090775,-0.009719784935537,4.685269090775,-0.009719784935537,-0.4330683469101,-0.0009201847835982,0.4330596186506,-0.001441605880092
266.0725059799,4.685269985739,-0.01081170168981,4.685269985739,-0.01081170168981,-0.4330685378057,-0.0008552690813793,0.433059209511,-0.001533867420958
269.1534803927,4.685270589782,-0.01190505342639,4.685270589782,-0.01190505342639,-0.4330687105113,-0.0007904666793213,0.4330587682058,-0.001626332107636
272.2701308078,4.685270903785,-0.01299998500257,4.685270903785,-0.01299998500257,-0.4330688651704,-0.0007257689951822,0.4330582945531,-0.001719012181131
275.4228703338,4.685270927738,-0.01409664147836,4.685270927738,-0.01409664147836,-0.4330690018488,-0.0006611674610703,0.4330577882855,-0.00181191990987
278.612116863,4.685270661247,-0.01519516814867,4.685270661247,-0.01519516814867,-0.4330691205814,-0.0005966535212852,0.4330572490974,-0.001905067592583
281.8382931265,4.685270104559,-0.01629571055544,4.685270104559,-0.01629571055544,-0.4330692214673,-0.0005322186322883,0.4330566767388,-0.001998467559368
285.1018267504,4.685269257025,-0.01739841451294,4.685269257025,-0.01739841451294,-0.4330693045273,-0.0004678542603651,0.4330560708741,-0.002092132173706
288.4031503127,4.685268118891,-0.01850342612566,4.685268118891,-0.01850342612566,-0.4330693698699,-0.0004035518814051,0.4330554312464,-0.002186073834141
291.7427014001,4.685266689251,-0.01961089180427,4.685266689251,-0.01961089180427,-0.4330694175018,-0.0003393029791944,0.4330547574889,-0.002280304975381
295.1209226666,4.685264966811,-0.0207209582793,4.685264966811,-0.0207209582793,-0.433069447399,-0.0002750990451413,0.4330540491953,-0.002374838069479
298.5382618918,4.685262951428,-0.02183377263666,4.685262951428,-0.02183377263666,-0.4330694596485,-0.0002109315763688,0.4330533060613,-0.002469685629128
301.9951720402,4.685260641545,-0.02294948232253,4.685260641545,-0.02294948232253,-0.4330694542119,-0.0001467920747679,0.4330525276482,-0.002564860207683
305.4921113216,4.685258035983,-0.02406823517382,4.685258035983,-0.02406823517382,-0.4330694310907,-8.267204570172e-05,0.4330517135479,-0.00266037440199
309.0295432514,4.685255133431,-0.02519017942731,4.685255133431,-0.02519017942731,-0.4330693902793,-1.856299759267e-05,0.4330508633354,-0.002756240853044
312.6079367124,4.68525193244,-0.0263154637467,4.68525193244,-0.0263154637467,-0.4330693317645,4.554355986097e-05,0.4330499765688,-0.00285247224831
316.2277660168,4.685248431424,-0.02744423724038,4.685248431424,-0.02744423724038,-0.4330692555257,0.000109656116641,0.4330490527885,-0.002949081323216
319.8895109692,4.685244628404,-0.02857664947829,4.685244628404,-0.02857664947829,-0.4330691615114,0.0001737831634028,0.4330480914938,-0.003046080862543
323.5936569296,4.685240521004,-0.02971285051417,4.685240521004,-0.02971285051417,-0.4330690496386,0.0002379331928004,0.4330470921421,-0.003143483702294
327.3406948788,4.685236106964,-0.03085299090015,4.685236106964,-0.03085299090015,-0.4330689198406,0.0003021146998964,0.4330460541965,-0.003241302730973
331.1311214826,4.685231384902,-0.03199722173012,4.685231384902,-0.03199722173012,-0.4330687721373,0.0003663361849742,0.4330449771955,-0.003339550893461
334.9654391578,4.685226351756,-0.03314569462292,4.685226351756,-0.03314569462292,-0.4330686063992,0.0004306061526648,0.4330438605172,-0.003438241189109
338.8441561392,4.685221004577,-0.03429856176317,4.685221004577,-0.03429856176317,-0.4330684225124,0.0004949331140218,0.4330427035439,-0.003537386675502
342.7677865465,4.685215341031,-0.03545597592751,4.685215341031,-0.03545597592751,-0.4330682204262,0.0005593255879133,0.433041505709,-0.003637000470773
346.7368504525,4.685209357357,-0.03661809048147,4.685209357357,-0.03661809048147,-0.4330679999635,0.0006237921011393,0.4330402663081,-0.003737095752988
350.7518739526,4.685203051431,-0.03778505943558,4.685203051431,-0.03778505943557,-0.4330677611045,0.0006883411910913,0.4330389847812,-0.003837685765412
354.8133892336,4.685196419185,-0.03895703742496,4.685196419185,-0.03895703742496,-0.433067503656,0.0007529814051993,0.4330376603828,-0.003938783814194
358.921934645,4.685189457162,-0.04013417975946,4.685189457162,-0.04013417975946,-0.4330672274871,0.000817721303299,0.4330362924165,-0.004040403273036
363.0780547701,4.685182161744,-0.04131664243097,4.685182161744,-0.04131664243097,-0.4330669324586,0.0008825694579741,0.4330348801646,-0.004142557583647
367.2823004981,4.685174529411,-0.04250458214397,4.685174529411,-0.04250458214397,-0.4330666184463,0.0009475344564645,0.4330334229111,-0.004245260258451
371.5352290972,4.685166555453,-0.04369815631554,4.685166555453,-0.04369815631554,-0.433066285223,0.001012624900643,0.4330319198229,-0.004348524880298
375.8374042885,4.685158236277,-0.04489752312643,4.685158236277,-0.04489752312643,-0.4330659326707,0.00107784940953,0.4330303701622,-0.004452365107225
380.1893963206,4.685149566582,-0.04610284150732,4.685149566582,-0.04610284150732,-0.4330655605207,0.001143216618992,0.4330287730261,-0.004556794670808
384.5917820454,4.685140542945,-0.04731427120273,4.685140542945,-0.04731427120273,-0.4330651686845,0.00120873518452,0.433027127677,-0.004661827382157
389.0451449943,4.685131159977,-0.04853197275066,4.685131159977,-0.04853197275066,-0.4330647568989,0.001274413781044,0.4330254331876,-0.004767477129616
393.5500754558,4.685121412881,-0.04975610752236,4.685121412881,-0.04975610752236,-0.4330643249622,0.001340261104112,0.4330236886766,-0.00487375788246
398.1071705535,4.685111295912,-0.05098683773713,4.685111295912,-0.05098683773713,-0.4330638725926,0.001406285871435,0.4330218931667,-0.004980683691971
402.7170343255,4.685100804164,-0.05222432650318,4.685100804164,-0.05222432650318,-0.4330633995929,0.001472496824626,0.4330200457494,-0.005088268695198
407.3802778041,4.685089932034,-0.05346873781831,4.685089932034,-0.05346873781831,-0.4330629057092,0.001538902729435,0.4330181454424,-0.005196527114729
412.0975190973,4.685078673988,-0.05472023659703,4.685078673988,-0.05472023659703,-0.4330623907011,0.001605512376885,0.4330161912603,-0.005305473261102
416.8693834704,4.685067023783,-0.05597898869407,4.685067023783,-0.05597898869407,-0.4330618542709,0.001672334585134,0.4330141821431,-0.005415121534757
421.6965034286,4.685054974984,-0.05724516092035,4.685054974984,-0.05724516092035,-0.4330612961108,0.001739378199708,0.4330121170027,-0.005525486427371
426.5795188016,4.685042521465,-0.05851892108232,4.685042521465,-0.05851892108232,-0.4330607159496,0.001806652095868,0.4330099947698,-0.005636582525354
431.5190768278,4.685029657155,-0.05980043799045,4.685029657155,-0.05980043799045,-0.4330601135294,0.001874165178682,0.4330078143695,-0.005748424510451
436.5158322402,4.685016374239,-0.06108988146705,4.685016374239,-0.06108988146705,-0.4330594884395,0.001941926384253,0.4330055745552,-0.005861027160216
441.5704473533,4.685002665972,-0.0623874224002,4.685002665972,-0.0623874224002,-0.4330588403764,0.002009944681598,0.4330032741681,-0.005974405352932
446.683592151,4.684988525646,-0.06369323275953,4.684988525646,-0.06369323275953,-0.4330581690492,0.002078229073986,0.4330009120422,-0.006088574068872
451.8559443749,4.684973945316,-0.06500748558971,4.684973945316,-0.06500748558971,-0.433057474061,0.002146788598423,0.4329984868848,-0.006203548389448
457.0881896149,4.684958917321,-0.06633035506902,4.684958917321,-0.06633035506902,-0.4330567550504,0.002215632328912,0.4329959974184,-0.006319343502515
462.3810213993,4.684943433263,-0.06766201650406,4.684943433263,-0.06766201650406,-0.4330560115973,0.002284769375876,0.4329934422849,-0.006435974701682
467.7351412872,4.684927486045,-0.06900264639492,4.684927486045,-0.06900264639492,-0.433055243411,0.002354208889468,0.4329908202342,-0.006553457392198
473.1512589615,4.684911065778,-0.07035242238722,4.684911065778,-0.07035242238722,-0.4330544499524,0.002423960057665,0.4329881297454,-0.006671807086202
478.6300923227,4.68489416463,-0.07171152337842,4.68489416463,-0.07171152337842,-0.4330536308826,0.002494032110985,0.4329853694749,-0.006791039412541
484.1723675841,4.684876773758,-0.07308012949015,4.684876773758,-0.07308012949015,-0.4330527857789,0.002564434321551,0.4329825379719,-0.006911170113915
489.7788193685,4.6848588833,-0.07445842208451,4.6848588833,-0.07445842208451,-0.433051914135,0.002635176003643,0.432979633678,-0.007032215048184
495.4501908048,4.684840484672,-0.07584658384282,4.684840484672,-0.07584658384282,-0.4330510155728,0.002706266517906,0.432976655139,-0.007154190195534
501.1872336273,4.684821566982,-0.07724479871216,4.684821566982,-0.07724479871216,-0.433050089512,0.002777715268638,0.4329736006729,-0.007277111653229
506.9907082747,4.684802121117,-0.07865325201127,4.684802121117,-0.07865325201127,-0.4330491355473,0.002849531708842,0.4329704687475,-0.007400995645353
512.8613839914,4.684782135903,-0.0800721303797,4.684782135903,-0.0800721303797,-0.433048153094,0.002921725337969,0.4329672576248,-0.007525858517732
518.800038929,4.684761601419,-0.08150162187417,4.684761601419,-0.08150162187417,-0.4330471416951,0.002994305706728,0.4329639656675,-0.007651716746792
524.8074602498,4.684740506951,-0.08294191593993,4.684740506951,-0.08294191593993,-0.4330461008312,0.003067282415265,0.432960591149,-0.007778586936615
530.884444231,4.684718840728,-0.0843932034459,4.684718840728,-0.0843932034459,-0.4330450298975,0.003140665115633,0.4329571322287,-0.007906485821988
537.0317963703,4.684696591448,-0.08585567672764,4.684696591448,-0.08585567672764,-0.4330439283449,0.003214463513184,0.4329535870931,-0.008035430272186
543.2503314925,4.684673747254,-0.08732952960056,4.684673747254,-0.08732952960056,-0.4330427955847,0.003288687367708,0.4329499538601,-0.008165437291974
549.5408738576,4.684650295977,-0.08881495738753,4.684650295977,-0.08881495738753,-0.4330416310127,0.00336334649461,0.4329462306015,-0.00829652402392
555.9042572704,4.684626225389,-0.09031215695184,4.684626225389,-0.09031215695184,-0.433040434032,0.003438450766588,0.4329424153658,-0.008428707751237
562.3413251904,4.684601522687,-0.09182132670734,4.684601522687,-0.09182132670734,-0.4330392040055,0.003514010113963,0.43293850613,-0.008562005898478
568.8529308439,4.684576174479,-0.09334266665184,4.684576174479,-0.09334266665184,-0.4330379402557,0.003590034526649,0.4329345007982,-0.008696436034395
575.4399373372,4.684550167551,-0.09487637840456,4.684550167551,-0.09487637840456,-0.433036642135,0.00366653405564,0.4329303972716,-0.008832015875181
582.1032177709,4.684523488089,-0.096422665223,4.684523488089,-0.096422665223,-0.4330353089545,0.00374351881421,0.4329261933764,-0.008968763285763
588.8436553556,4.684496122182,-0.09798173202927,4.684496122182,-0.09798173202927,-0.433033940031,0.003820998978613,0.43292188691,-0.009106696282
595.662143529,4.68446805454,-0.09955378542111,4.68446805454,-0.09955378542111,-0.4330325345684,0.003898984789375,0.4329174755215,-0.009245833031475
602.5595860744,4.684439271295,-0.1011390337557,4.684439271295,-0.1011390337557,-0.4330310919173,0.003977486554621,0.4329129569704,-0.009386191860947
609.5368972402,4.68440975667,-0.102737687102,4.68440975667,-0.102737687102,-0.4330296112672,0.004056514648242,0.4329083288186,-0.00952779125172
616.5950018615,4.684379494506,-0.1043499573078,4.684379494506,-0.1043499573078,-0.4330280917882,0.004136079513142,0.4329035885703,-0.009670649845561
623.7348354824,4.684348469786,-0.105976058059,4.684348469786,-0.105976058059,-0.4330265327719,0.004216191663644,0.4328987338129,-0.009814786449914
630.9573444802,4.684316664791,-0.1076162048182,4.684316664791,-0.1076162048182,-0.4330249332769,0.004296861683073,0.432893761861,-0.009960220031938
638.2634861906,4.684284063441,-0.1092706149578,4.684284063441,-0.1092706149578,-0.4330232925301,0.004378100229659,0.4328886701568,-0.01010696973055
645.6542290347,4.684250648468,-0.1109395077232,4.684250648468,-0.1109395077232,-0.4330216096657,0.004459918035129,0.4328834560088,-0.0102550548527
653.1305526475,4.684216402179,-0.1126231042777,4.684216402179,-0.1126231042777,-0.4330198837965,0.004542325906743,0.4328781166614,-0.0104044948773
660.6934480076,4.68418130593,-0.1143216277173,4.68418130593,-0.1143216277173,-0.4330181139656,0.00462533472789,0.4328726492459,-0.01055530945618
668.3439175686,4.684145341401,-0.1160353031375,4.684145341401,-0.1160353031375,-0.4330162992641,0.004708955461384,0.4328670508972,-0.01070751842004
676.082975392,4.684108489556,-0.1177643576323,4.684108489556,-0.1177643576323,-0.4330144387361,0.004793199149274,0.4328613186579,-0.01086114177802
683.9116472815,4.684070730384,-0.1195090203204,4.684070730384,-0.1195090203204,-0.4330125313549,0.00487807691431,0.4328554494533,-0.01101619971982
691.830970919,4.68403204467,-0.1212695224206,4.68403204467,-0.1212695224206,-0.4330105761873,0.00496359996311,0.4328494402545,-0.01117271262228
699.8419960023,4.683992411182,-0.1230460972101,4.683992411182,-0.1230460972101,-0.4330085721335,0.005049779584666,0.4328432878175,-0.01133070104526
707.9457843842,4.683951808952,-0.124838980115,4.683951808952,-0.124838980115,-0.4330065181391,0.005136627154239,0.4328369888939,-0.01149018573961
716.1434102129,4.683910216758,-0.1266484087256,4.683910216758,-0.1266484087256,-0.4330044131475,0.005224154134031,0.4328305401821,-0.01165118764826
724.435960075,4.683867612089,-0.1284746228078,4.683867612089,-0.1284746228078,-0.4330022560044,0.005312372074167,0.4328239382306,-0.01181372790689
732.8245331389,4.683823972923,-0.1303178643743,4.683823972923,-0.1303178643743,-0.4330000456228,0.005401292615353,0.4328171796023,-0.01197782785013
741.3102413009,4.683779275668,-0.1321783776658,4.683779275668,-0.1321783776658,-0.4329977807935,0.005490927488545,0.4328102606828,-0.01214350900951
749.8942093325,4.683733496174,-0.1340564092106,4.683733496174,-0.1340564092106,-0.4329954602788,0.005581288517496,0.4328031777738,-0.01231079311849
758.5775750292,4.683686610997,-0.1359522078925,4.683686610997,-0.1359522078925,-0.4329930829301,0.005672387621706,0.4327959272087,-0.01247970211837
767.3614893619,4.683638594576,-0.1378660249034,4.683638594576,-0.1378660249034,-0.4329906474272,0.005764236814552,0.4327885050911,-0.01265025815353
776.2471166287,4.683589422027,-0.1397981138625,4.683589422027,-0.1397981138625,-0.4329881525376,0.005856848208648,0.4327809075527,-0.01282248358197
785.2356346101,4.683539066837,-0.1417487307722,4.683539066837,-0.1417487307722,-0.4329855969035,0.005950234013606,0.4327731305381,-0.01299640097083
794.3282347243,4.683487501863,-0.1437181340917,4.683487501863,-0.1437181340917,-0.4329829791349,0.006044406539786,0.432765169898,-0.01317203310278
803.5261221857,4.683434700603,-0.1457065848068,4.683434700603,-0.1457065848068,-0.4329802979277,0.0061393782011,0.4327570215042,-0.01334940298192
812.8305161641,4.683380634876,-0.1477143463927,4.683380634876,-0.1477143463927,-0.4329775518499,0.006235161513502,0.4327486810356,-0.01352853382995
822.2426499471,4.68332527481,-0.1497416848494,4.68332527481,-0.1497416848494,-0.4329747393411,0.006331769096707,0.4327401439757,-0.013709449089
831.7637711027,4.683268592405,-0.1517888688506,4.683268592405,-0.1517888688506,-0.4329718590423,0.006429213680604,0.4327314059405,-0.01389217243477
841.3951416452,4.683210557167,-0.1538561696381,4.683210557167,-0.1538561696381,-0.4329689093935,0.006527508100626,0.4327224622752,-0.01407672776635
851.1380382024,4.683151137635,-0.1559438611116,4.683151137635,-0.1559438611116,-0.4329658887748,0.006626665302038,0.4327133081933,-0.01426313921399
860.9937521846,4.683090303399,-0.1580522199275,4.683090303399,-0.1580522199275,-0.4329627956945,0.006726698343922,0.432703938963,-0.01445143114764
870.9635899561,4.683028021256,-0.1601815254092,4.683028021256,-0.1601815254092,-0.4329596284336,0.006827620395447,0.4326943495503,-0.0146416281682
881.0488730081,4.682964258002,-0.1623320596801,4.682964258002,-0.1623320596801,-0.4329563853055,0.006929444741776,0.4326845348765,-0.01483375511915
891.2509381338,4.682898980159,-0.164504107691,4.682898980159,-0.1645041076911,-0.4329530646306,0.007032184785212,0.4326744897916,-0.01502783708856
901.571137606,4.682832153189,-0.1666979572307,4.682832153189,-0.1666979572307,-0.4329496646651,0.007135854045568,0.4326642090008,-0.01522389940938
912.0108393559,4.682763741475,-0.1689138989669,4.682763741475,-0.1689138989669,-0.4329461836001,0.007240466162271,0.432653687062,-0.01542196766275
922.5714271548,4.682693708817,-0.1711522264979,4.682693708817,-0.1711522264979,-0.4329426196075,0.007346034896245,0.4326429184298,-0.01562206768198
933.254300797,4.68262201713,-0.1734132363491,4.68262201713,-0.1734132363491,-0.4329389707213,0.007452574130106,0.4326318973347,-0.0158242255517
944.060876286,4.682548628983,-0.1756972281043,4.682548628983,-0.1756972281043,-0.4329352350725,0.007560097873749,0.4326206180164,-0.01602846761922
954.9925860215,4.682473505786,-0.1780045043787,4.682473505786,-0.1780045043787,-0.4329314107231,0.007668620263094,0.4326090745551,-0.01623482049136
966.0508789899,4.682396606752,-0.1803353708213,4.682396606752,-0.1803353708213,-0.4329274955703,0.007778155560296,0.4325972607743,-0.01644331103402
977.2372209559,4.682317891427,-0.1826901362519,4.682317891427,-0.1826901362519,-0.4329234875815,0.007888718159736,0.4325851704735,-0.01665396638401
988.553094657,4.68223731839,-0.1850691126526,4.68223731839,-0.1850691126526,-0.4329193846755,0.00800032258748,0.4325727973069,-0.01686681394754
1000.0,4.682154843958,-0.1874726151584,4.682154843958,-0.1874726151584,-0.4329151846032,0.008112983500965,0.4325601346623,-0.01708188139865
1011.57945426,4.682070425221,-0.1899009622218,4.682070425221,-0.1899009622218,-0.4329108852296,0.00822671569617,0.4325471759404,-0.01729919669343
1023.292992281,4.681984016196,-0.1923544754988,4.681984016196,-0.1923544754988,-0.4329064841786,0.008341534102454,0.4325339141981,-0.01751878805885
1035.142166679,4.681895571626,-0.1948334800487,4.681895571626,-0.1948334800487,-0.432901979186,0.008457453791451,0.4325203424979,-0.01774068401024
1047.128548051,4.681805044916,-0.1973383042943,4.681805044916,-0.1973383042943,-0.4328973679094,0.008574489975142,0.4325064537164,-0.01796491334668
1059.253725177,4.681712387342,-0.199869280029,4.681712387342,-0.199869280029,-0.4328926478558,0.008692658006032,0.4324922404693,-0.01819150515095
1071.519305238,4.681617549301,-0.2024267425177,4.681617549301,-0.2024267425177,-0.4328878164991,0.008811973381725,0.4324776952256,-0.01842048879775
1083.926914021,4.681520481306,-0.2050110305839,4.681520481306,-0.2050110305839,-0.4328828713723,0.008932451748485,0.432462810398,-0.01865189396077
1096.478196143,4.681421131149,-0.2076224865316,4.681421131149,-0.2076224865316,-0.4328778098071,0.009054108897682,0.4324475780799,-0.01888575060456
1109.174815262,4.681319445663,-0.2102614562719,4.681319445663,-0.2102614562719,-0.4328726290978,0.009176960771565,0.4324319902055,-0.01912208899521
1122.018454302,4.681215371458,-0.2129282893976,4.681215371458,-0.2129282893976,-0.4328673265701,0.009301023465971,0.4324160386176,-0.01936093970597
1135.010815672,4.681108852851,-0.2156233391414,4.681108852851,-0.2156233391414,-0.4328618993917,0.009426313228746,0.4323997148734,-0.01960233361263
1148.153621497,4.680999833364,-0.2183469624932,4.680999833364,-0.2183469624932,-0.4328563447116,0.00955284646468,0.4323830103825,-0.01984630190292
1161.44861384,4.680888254934,-0.2210995202067,4.680888254934,-0.2210995202067,-0.4328506595884,0.009680639735559,0.4323659163315,-0.02009287607615
1174.89755494,4.68077405762,-0.2238813768374,4.68077405762,-0.2238813768374,-0.4328448409649,0.009809709761712,0.4323484236555,-0.02034208794543
1188.502227437,4.680657181618,-0.2266929008911,4.680657181618,-0.2266929008911,-0.4328388858553,0.009940073428694,0.4323305232225,-0.02059396965013
1202.264434617,4.680537563651,-0.2295344646919,4.680537563651,-0.2295344646919,-0.4328327910134,0.01007174778071,0.4323122054984,-0.02084855364252
1216.186000646,4.680415141281,-0.2324064446529,4.680415141281,-0.2324064446529,-0.4328265533318,0.01020475003302,0.4322934609428,-0.02110587271121
1230.268770812,4.680289848781,-0.2353092211179,4.680289848781,-0.2353092211179,-0.4328201694631,0.01033909756435,0.4322742796268,-0.02136595996548
1244.514611771,4.680161619151,-0.238243178514,4.680161619151,-0.238243178514,-0.4328136360064,0.01047480792354,0.4322546514167,-0.02162884884777
1258.925411794,4.680030384587,-0.2412087054283,4.680030384587,-0.2412087054283,-0.4328069495534,0.01061189883281,0.4322345660157,-0.02189457313935
1273.503081017,4.679896075426,-0.2442061946088,4.679896075426,-0.2442061946088,-0.4328001065914,0.01075038818741,0.4322140128643,-0.02216316695883
1288.249551693,4.679758619087,-0.2472360429597,4.679758619087,-0.2472360429597,-0.4327931034078,0.01089029405533,0.4321929810407,-0.02243466476046
1303.166778452,4.67961794335,-0.2502986517687,4.67961794335,-0.2502986517687,-0.4327859363947,0.01103163468699,0.4321714595617,-0.02270910135307
1318.256738556,4.679473972996,-0.2533944265859,4.679473972996,-0.2533944265859,-0.4327786017401,0.0111744285097,0.43214943707,-0.02298651188763
1333.521432163,4.679326631559,-0.2565237773706,4.679326631559,-0.2565237773706,-0.4327710955912,0.01131869413384,0.4321269019942,-0.02326693186888
1348.962882592,4.679175840259,-0.2596871184892,4.679175840259,-0.2596871184892,-0.4327634139579,0.01146445035242,0.4321038424479,-0.02355039715357
1364.583136589,4.679021518982,-0.262884868828,4.679021518982,-0.262884868828,-0.4327555528054,0.01161171614593,0.4320802463182,-0.02383694395882
1380.384264603,4.67886358547,-0.2661174518044,4.67886358547,-0.2661174518044,-0.4327475079811,0.01176051068235,0.4320561011887,-0.02412660886146
1396.368361056,4.67870195579,-0.2693852954498,4.67870195579,-0.2693852954498,-0.4327392752594,0.01191085332057,0.4320313943801,-0.02441942880368
1412.537544623,4.678536543263,-0.2726888324098,4.678536543263,-0.2726888324098,-0.4327308502456,0.01206276361,0.4320061128498,-0.02471544109111
1428.893958511,4.678367260718,-0.2760285001319,4.678367260718,-0.2760285001319,-0.4327222285856,0.01221626129863,0.4319802433967,-0.02501468340791
1445.439770746,4.678194016361,-0.2794047406847,4.678194016361,-0.2794047406847,-0.4327134055864,0.01237136632443,0.4319537722781,-0.0253171937983
1462.177174457,4.678016719593,-0.282818001162,4.678016719593,-0.282818001162,-0.432704376756,0.01252809883307,0.4319266857441,-0.0256230107011
1479.108388168,4.677835274581,-0.2862687333634,4.677835274581,-0.2862687333634,-0.4326951372116,0.01268647916329,0.4318989694418,-0.02593217291865
1496.235656094,4.677649585315,-0.2897573941555,4.677649585315,-0.2897573941555,-0.4326856821485,0.01284652786232,0.431870608879,-0.02624471964722
1513.561248436,4.677459552484,-0.293284445351,4.677459552484,-0.293284445351,-0.432676006555,0.01300826568028,0.4318415891343,-0.02656069046378
1531.087461682,4.677265074709,-0.2968503538439,4.677265074709,-0.2968503538439,-0.4326661053272,0.01317171357559,0.4318118949669,-0.02688012533584
1548.816618913,4.677066048991,-0.3004555917051,4.677066048991,-0.3004555917051,-0.4326559733142,0.01333689271871,0.4317815108566,-0.02720306462758
1566.751070108,4.67686236785,-0.3041006360637,4.67686236785,-0.3041006360637,-0.4326456050552,0.01350382448634,0.4317504207359,-0.02752954908661
1584.893192461,4.676653923861,-0.3077859694661,4.676653923861,-0.3077859694661,-0.4326349952018,0.01367253047698,0.4317186084067,-0.02785961987376
1603.24539069,4.676440604745,-0.3115120796214,4.676440604745,-0.3115120796214,-0.432624138067,0.01384303249876,0.4316860570839,-0.02819331853733
1621.810097359,4.676222297649,-0.3152794597535,4.676222297649,-0.3152794597535,-0.4326130280229,0.01401535258479,0.4316527497875,-0.02853068704212
1640.5897732,4.675998885508,-0.3190886084268,4.675998885508,-0.3190886084268,-0.4326016591682,0.01418951298467,0.4316186690044,-0.02887176775071
1659.586907438,4.675770248774,-0.3229400297289,4.675770248774,-0.3229400297289,-0.4325900254896,0.01436553617196,0.4315837968442,-0.02921660343699
1678.804018123,4.675536266364,-0.32683423341,4.675536266364,-0.32683423341,-0.4325781209534,0.01454344484977,0.4315481151246,-0.02956523729558
1698.243652462,4.675296812281,-0.3307717347167,4.675296812281,-0.3307717347167,-0.4325659391958,0.01472326194259,0.4315116050554,-0.02991771292361
1717.908387158,4.675051759119,-0.3347530547104,4.675051759119,-0.3347530547104,-0.4325534738494,0.0149050106099,0.4314742475598,-0.03027407434621
1737.800828749,4.674800975692,-0.3387787201717,4.674800975692,-0.3387787201717,-0.4325407183285,0.015088714241,0.4314360230517,-0.03063436600428
1757.923613959,4.674544328753,-0.3428492637997,4.674544328753,-0.3428492637997,-0.4325276659899,0.01527439646324,0.4313969115915,-0.03099863276906
1778.279410039,4.674281680625,-0.3469652241117,4.674281680625,-0.3469652241117,-0.4325143099176,0.01546208113662,0.4313568926636,-0.03136691992926
1798.870915129,4.674012890651,-0.3511271456253,4.674012890651,-0.3511271456253,-0.432500643061,0.01565179236118,0.431315945308,-0.03173927320378
1819.70085861,4.673737815636,-0.3553355789672,4.673737815636,-0.3553355789672,-0.4324866582781,0.0158435544809,0.431274048156,-0.03211573874758
1840.772001469,4.673456308484,-0.3595910808521,4.673456308484,-0.3595910808521,-0.4324723482139,0.01603739208197,0.4312311793025,-0.03249636314563
1862.087136663,4.673168218379,-0.3638942141704,4.673168218379,-0.3638942141704,-0.4324577053205,0.01623332999558,0.4311873163184,-0.03288119341662
1883.64908949,4.672873391721,-0.3682455481401,4.672873391721,-0.3682455481401,-0.4324427219473,0.01643139330386,0.4311424363334,-0.03327027702239
1905.460717963,4.672571669743,-0.3726456582026,4.672571669743,-0.3726456582026,-0.432427390125,0.01663160733422,0.4310965158129,-0.03366366185394
1927.524913191,4.672262892256,-0.3770951263979,4.672262892256,-0.3770951263979,-0.4324117019153,0.01683399767497,0.4310495308992,-0.03406139626065
1949.844599758,4.671946893218,-0.3815945410959,4.671946893218,-0.3815945410959,-0.4323956490057,0.01703859016232,0.4310014569995,-0.03446352902124
1972.422736115,4.671623503963,-0.3861444973382,4.671623503963,-0.3861444973382,-0.4323792230122,0.0172454108944,0.4309522690799,-0.03487010936952
1995.262314969,4.671292551323,-0.3907455967691,4.671292551323,-0.3907455967691,-0.4323624153094,0.01745448622715,0.4309019414879,-0.03528118698322
2018.366363682,4.670953857275,-0.3953984476926,4.670953857275,-0.3953984476926,-0.4323452170031,0.01766584277552,0.4308504479166,-0.03569681198351
2041.73794467,4.670607240883,-0.4001036653186,4.670607240883,-0.4001036653186,-0.4323276191142,0.01787950742336,0.4307977615795,-0.03611703495206
2065.380155811,4.670252517182,-0.404861871761,4.670252517182,-0.404861871761,-0.4323096124798,0.01809550732185,0.4307438551032,-0.03654190692486
2089.296130854,4.669889495032,-0.4096736959414,4.669889495032,-0.4096736959414,-0.4322911875597,0.01831386988402,0.4306887003261,-0.03697147937779
2113.489039837,4.669517980328,-0.4145397739523,4.669517980328,-0.4145397739523,-0.4322723347386,0.01853462279945,0.4306322685901,-0.03740580425333
2137.962089502,4.6691377736,-0.4194607489424,4.6691377736,-0.4194607489424,-0.4322530441085,0.01875779402777,0.4305745305147,-0.03784493394382
2162.718523727,4.66874867092,-0.4244372712865,4.66874867092,-0.4244372712865,-0.4322333055584,0.01898341180473,0.430515456077,-0.03828892130039
2187.76162395,4.668350464807,-0.4294699987663,4.668350464807,-0.4294699987663,-0.432213108863,0.01921150464874,0.4304550146907,-0.03873781964241
2213.094709606,4.667942939531,-0.4345595962301,4.667942939531,-0.4345595962301,-0.4321924432539,0.01944210134401,0.4303931747685,-0.03919168271999
2238.721138568,4.667525877356,-0.4397067362641,4.667525877356,-0.4397067362641,-0.4321712980027,0.01967523096892,0.4303299042938,-0.0396505647672
2264.644307593,4.667099054604,-0.4449120989266,4.667099054604,-0.4449120989266,-0.4321496620627,0.01991092288249,0.430265170453,-0.04011452047091
2290.867652768,4.666662241778,-0.4501763718596,4.666662241778,-0.4501763718596,-0.4321275240865,0.02014920672744,0.4301989396431,-0.0405836049728
2317.394649969,4.666215204461,-0.4555002504669,4.666215204461,-0.4555002504669,-0.4321048725147,0.02039011243634,0.4301311775489,-0.04105787387784
2344.22881532,4.665757701906,-0.4608844378856,4.665757701906,-0.4608844378856,-0.4320816954523,0.02063367022854,0.4300618490098,-0.04153738324335
2371.373705662,4.665289488685,-0.4663296452449,4.665289488685,-0.4663296452449,-0.4320579808278,0.02087991061963,0.4299909181665,-0.04202218959385
2398.83291902,4.664810312519,-0.471836591557,4.664810312519,-0.471836591557,-0.4320337161981,0.02112886441455,0.4299183482566,-0.04251234990254
2426.610095083,4.664319916423,-0.4774060040371,4.664319916423,-0.4774060040371,-0.4320088889551,0.02138056271991,0.4298441018074,-0.04300792161116
2454.708915685,4.663818035765,-0.4830386179128,4.663818035765,-0.4830386179128,-0.4319834860598,0.02163503693296,0.4297681403608,-0.04350896260312
2483.133105296,4.663304400917,-0.4887351767998,4.663304400917,-0.4887351767998,-0.431957494295,0.02189231875648,0.4296904247122,-0.04401553122812
2511.88643151,4.662778735574,-0.4944964326419,4.662778735574,-0.4944964326419,-0.4319309001173,0.02215244019354,0.4296109147517,-0.04452768628653
2540.972705549,4.662240755841,-0.5003231457221,4.662240755841,-0.5003231457221,-0.43190368958,0.02241543354563,0.4295295693744,-0.04504548702009
2570.395782769,4.66169017261,-0.5062160850278,4.66169017261,-0.5062160850278,-0.4318758485614,0.02268133142651,0.4294463466955,-0.04556899313417
2600.159563165,4.661126688606,-0.5121760280478,4.661126688606,-0.5121760280478,-0.4318473624989,0.02295016675043,0.4293612037726,-0.04609826476849
2630.267991896,4.660549999994,-0.5182037610611,4.660549999994,-0.5182037610611,-0.4318182165467,0.02322197274252,0.4292740967497,-0.04663336251166
2660.725059799,4.659959795959,-0.524300079207,4.659959795959,-0.524300079207,-0.4317883955446,0.02349678293905,0.4291849808132,-0.04717434739594
2691.534803927,4.659355758522,-0.5304657865889,4.659355758522,-0.5304657865889,-0.4317578840109,0.02377463118924,0.4290938101707,-0.04772128089413
2722.701308078,4.658737560589,-0.5367016961662,4.658737560589,-0.5367016961662,-0.4317266659699,0.02405555164739,0.4290005378659,-0.04827422489758
2754.228703338,4.658104868808,-0.5430086302039,4.658104868808,-0.5430086302039,-0.4316947252264,0.02433957879009,0.4289051160377,-0.04883324174358
2786.12116863,4.657457341607,-0.5493874201729,4.657457341607,-0.5493874201729,-0.431662045193,0.02462674740843,0.4288074957344,-0.04939839419295
2818.382931265,4.656794628487,-0.5558389067889,4.656794628487,-0.5558389067889,-0.4316286088351,0.02491709260653,0.4287076268437,-0.04996974541981
2851.018267504,4.656116371602,-0.5623639403271,4.656116371602,-0.5623639403271,-0.4315943988271,0.02521064981226,0.4286054582342,-0.05054735902554
2884.031503127,4.655422203777,-0.5689633805137,4.655422203777,-0.5689633805137,-0.4315593973795,0.02550745476887,0.4285009375675,-0.05113129901436
2917.427014001,4.654711749313,-0.575638096752,4.654711749313,-0.575638096752,-0.4315235863239,0.02580754354149,0.4283940113684,-0.05172162979836
2951.209226667,4.653984623521,-0.5823889681986,4.653984623521,-0.5823889681986,-0.4314869470812,0.02611095251682,0.4282846249769,-0.0523184161886
2985.382618918,4.653240432751,-0.5892168839004,4.653240432751,-0.5892168839004,-0.4314494606759,0.02641771840538,0.4281727225468,-0.0529217233913
3019.951720402,4.652478773153,-0.5961227427745,4.652478773153,-0.5961227427745,-0.4314111076325,0.02672787823669,0.4280582469271,-0.05353161698922
3054.921113216,4.651699232473,-0.6031074539746,4.651699232473,-0.6031074539746,-0.431371868155,0.02704146937153,0.4279411398231,-0.0541481629572
3090.295432514,4.650901387281,-0.610171936675,4.650901387281,-0.610171936675,-0.4313317218815,0.02735852948792,0.427821341537,-0.05477142762494
3126.079367124,4.6500848045,-0.6173171204072,4.6500848045,-0.6173171204072,-0.4312906480395,0.02767909659202,0.4276987911043,-0.05540147768885
3162.277660169,4.64924904065,-0.624543945106,4.64924904065,-0.624543945106,-0.4312486253884,0.02800320901542,0.4275734262206,-0.05603838019704
3198.895109692,4.648393641841,-0.631853361254,4.648393641841,-0.631853361254,-0.4312056322338,0.02833090541718,0.4274451832369,-0.05668220254277
3235.936569296,4.647518143008,-0.639246329928,4.647518143008,-0.639246329928,-0.431161646369,0.02866222478087,0.4273139970851,-0.05733301244816
3273.406948789,4.64662206738,-0.6467238228726,4.64662206738,-0.6467238228726,-0.4311166450418,0.02899720641294,0.4271798012265,-0.05799087794994
3311.311214826,4.645704927983,-0.6542868228594,4.645704927983,-0.6542868228594,-0.431070605108,0.02933588995381,0.4270425277857,-0.05865586741018
3349.654391578,4.644766224818,-0.6619363234506,4.644766224818,-0.6619363234506,-0.4310235027852,0.02967831536176,0.4269021072882,-0.05932804947261
3388.441561392,4.643805447102,-0.669673329469,4.643805447102,-0.669673329469,-0.4309753138769,0.0300245229286,0.4267584688634,-0.06000749308183
3427.677865465,4.642822069676,-0.6774988566421,4.642822069676,-0.6774988566421,-0.4309260134556,0.03037455325808,0.4266115399115,-0.06069426742772
3467.368504525,4.641815557005,-0.6854139323374,4.641815557005,-0.6854139323374,-0.4308755762503,0.03072844729302,0.4264612464685,-0.06138844198685
3507.518739526,4.640785359057,-0.6934195951309,4.640785359057,-0.6934195951309,-0.4308239762828,0.03108624628989,0.4263075128257,-0.06209008645848
3548.133892336,4.639730913012,-0.7015168952164,4.639730913012,-0.7015168952164,-0.430771187043,0.03144799183097,0.4261502616835,-0.06279927077523
3589.21934645,4.638651643179,-0.7097068945666,4.638651643179,-0.7097068945666,-0.4307171815005,0.03181372582527,0.4259894141429,-0.0635160650907
3630.780547701,4.637546958375,-0.717990666706,4.637546958375,-0.717990666706,-0.4306619318804,0.03218349049151,0.425824889463,-0.06424053973121
3672.823004981,4.636416254107,-0.7263692972094,4.636416254107,-0.7263692972094,-0.4306054098855,0.03255732837394,0.4256566052601,-0.06497276521219
3715.352290972,4.635258910695,-0.7348438835918,4.635258910695,-0.7348438835918,-0.4305475865425,0.03293528233019,0.4254844773346,-0.06571281219853
3758.374042885,4.634074293911,-0.7434155355844,4.634074293911,-0.7434155355844,-0.4304884322825,0.03331739553645,0.4253084197296,-0.06646075149908
3801.893963206,4.632861754096,-0.752085375175,4.632861754096,-0.752085375175,-0.4304279168807,0.03370371148187,0.4251283446493,-0.06721665403889
3845.917820454,4.631620625013,-0.7608545366053,4.631620625013,-0.7608545366053,-0.4303660093719,0.03409427396072,0.4249441623544,-0.06798059082668
3890.451449943,4.630350225213,-0.7697241667752,4.630350225213,-0.7697241667752,-0.4303026782015,0.03448912708256,0.4247557812883,-0.06875263295773
3935.500754558,4.629049855606,-0.7786954250335,4.629049855606,-0.7786954250335,-0.4302378910226,0.03488831525484,0.4245631078559,-0.06953285156094
3981.071705535,4.627718800806,-0.7877694835883,4.627718800806,-0.7877694835883,-0.4301716148467,0.03529188319268,0.4243660465486,-0.07032131780006
4027.170343255,4.626356328192,-0.7969475275482,4.626356328192,-0.7969475275482,-0.4301038159812,0.03569987591221,0.4241644998606,-0.07111810284094
4073.802778041,4.624961685696,-0.8062307547334,4.624961685696,-0.8062307547334,-0.4300344598506,0.0361123387132,0.4239583680898,-0.07192327779743
4120.975190974,4.623534104378,-0.8156203763192,4.623534104378,-0.8156203763192,-0.4299635112628,0.03652931719859,0.4237475495767,-0.07273691374974
4168.693834704,4.622072796436,-0.825117616694,4.622072796436,-0.825117616694,-0.4298909342525,0.03695085725886,0.4235319405273,-0.07355908169247
4216.965034286,4.620576953469,-0.8347237133572,4.620576953469,-0.8347237133572,-0.4298166919484,0.03737700505755,0.4233114348583,-0.074389852484
4265.795188016,4.619045747744,-0.8444399173384,4.619045747744,-0.8444399173384,-0.4297407467211,0.03780780704021,0.4230859243196,-0.07522929684232
4315.190768278,4.617478332692,-0.8542674935159,4.617478332692,-0.8542674935159,-0.4296630602606,0.03824330993825,0.4228552985466,-0.07607748532933
4365.158322402,4.615873838864,-0.8642077200828,4.615873838864,-0.8642077200828,-0.4295835932316,0.03868356073445,0.4226194446963,-0.07693448825897
4415.704473533,4.614231375906,-0.87426188912,4.614231375906,-0.87426188912,-0.4295023054906,0.03912860667782,0.4223782476383,-0.0778003757022
4466.83592151,4.612550032012,-0.8844313067191,4.612550032012,-0.8844313067191,-0.4294191560694,0.03957849527778,0.4221315899128,-0.07867521745041
4518.559443749,4.610828872846,-0.8947172930019,4.610828872846,-0.8947172930019,-0.4293341031101,0.04003327429363,0.4218793516433,-0.07955908296859
4570.881896149,4.609066940716,-0.9051211821849,4.609066940716,-0.9051211821849,-0.4292471038243,0.04049299172552,0.4216214104718,-0.08045204135087
4623.810213993,4.607263253715,-0.9156443226372,4.607263253715,-0.9156443226372,-0.4291581144518,0.04095769580492,0.4213576414935,-0.08135416127417
4677.351412872,4.605416806617,-0.9262880772885,4.605416806617,-0.9262880772885,-0.4290670903825,0.04142743500037,0.4210879173525,-0.0822655109814
4731.512589615,4.603526568485,-0.9370538233897,4.603526568485,-0.9370538233897,-0.4289739859741,0.04190225799395,0.4208121080379,-0.08318615820577
4786.300923227,4.601591483272,-0.9479429528715,4.601591483272,-0.9479429528715,-0.4288787546505,0.0423822136841,0.4205300809555,-0.08411617014642
4841.723675841,4.599610468149,-0.9589568722419,4.599610468149,-0.9589568722419,-0.4287813487888,0.04286735116755,0.4202417007933,-0.08505561340194
4897.788193685,4.597582413571,-0.9700970028435,4.597582413571,-0.9700970028435,-0.4286817197701,0.04335771973686,0.419946829546,-0.08600455393384
4954.501908048,4.595506182315,-0.9813647808989,4.595506182315,-0.9813647808989,-0.4285798179366,0.04385336886834,0.4196453264487,-0.08696305701002
5011.872336273,4.593380609757,-0.9927616578283,4.593380609757,-0.9927616578283,-0.4284755926651,0.04435434822143,0.4193370480246,-0.08793118717011
5069.907082747,4.591204499361,-1.00428909953,4.591204499361,-1.00428909953,-0.4283689919962,0.04486070759166,0.4190218476977,-0.08890900809784
5128.613839914,4.588976627176,-1.015948587602,4.588976627176,-1.015948587602,-0.4282599631044,0.04537249694979,0.418699576229,-0.08989658266326
5188.00038929,4.58669573828,-1.027741618841,4.58669573828,-1.027741618841,-0.4281484520207,0.04588976640381,0.4183700814208,-0.090893972811
5248.074602498,4.584360545223,-1.039669705153,4.584360545223,-1.039669705153,-0.4280344035409,0.04641256617864,0.4180332080038,-0.0919012394828
5308.84444231,4.581969728684,-1.051734373967,4.581969728684,-1.051734373967,-0.4279177613451,0.04694094661799,0.41768879773,-0.09291844258272
5370.317963703,4.579521936361,-1.06393716825,4.579521936361,-1.06393716825,-0.4277984679522,0.04747495816839,0.4173366893058,-0.09394564090607
5432.503314925,4.577015781084,-1.076279646351,4.577015781084,-1.076279646351,-0.427676464605,0.04801465135454,0.4169767182569,-0.09498289205018
5495.408738577,4.5744498419,-1.088763382528,4.5744498419,-1.088763382528,-0.427551691435,0.04856007678528,0.4166087170659,-0.09603025238446
5559.042572704,4.571822660884,-1.101389966482,4.571822660884,-1.101389966482,-0.4274240872295,0.04911128511454,0.4162325149246,-0.09708777693059
5623.413251904,4.569132742927,-1.114161003576,4.569132742927,-1.114161003576,-0.4272935894797,0.04966832703274,0.4158479377583,-0.09815551930149
5688.529308439,4.566378556479,-1.127078115314,4.566378556479,-1.127078115314,-0.4271601345207,0.05023125326887,0.4154548083418,-0.0992335316605
5754.399373372,4.563558528792,-1.14014293846,4.563558528792,-1.14014293846,-0.4270236571588,0.05080011453215,0.4150529459163,-0.1003218645599
5821.032177709,4.560671049101,-1.153357126113,4.560671049101,-1.153357126113,-0.4268840910448,0.05137496153993,0.4146421665324,-0.1014205669485
5888.436553556,4.557714464793,-1.166722347057,4.557714464793,-1.166722347057,-0.4267413683937,0.05195584496859,0.4142222827589,-0.1025296860264
5956.62143529,4.554687081044,-1.180240285958,4.554687081044,-1.180240285958,-0.4265954200313,0.05254281544179,0.4137931037098,-0.1036492671716
6025.595860744,4.551587159168,-1.193912643236,4.551587159168,-1.193912643236,-0.4264461753237,0.05313592350382,0.4133544349583,-0.1047793538363
6095.368972402,4.548412917421,-1.207741135588,4.548412917421,-1.207741135588,-0.4262935623391,0.05373521962121,0.4129060786775,-0.1059199874982
6165.950018615,4.545162526059,-1.221727494989,4.545162526059,-1.221727494989,-0.4261375074751,0.0543407541168,0.412447833263,-0.1070712074762
6237.348354825,4.541834110544,-1.23587346985,4.541834110544,-1.23587346985,-0.4259779358525,0.05495257719893,0.4119794937002,-0.1082330509337
6309.573444802,4.538425746537,-1.25018082399,4.538425746537,-1.25018082399,-0.4258147709423,0.05557073889312,0.4115008511899,-0.109405552687
6382.634861906,4.534935460794,-1.264651337182,4.534935460794,-1.264651337182,-0.4256479347497,0.05619528904365,0.4110116933136,-0.1105887451516
6456.542290347,4.531361228799,-1.279286804826,4.531361228799,-1.279286804826,-0.4254773476971,0.05682627727546,0.4105118039097,-0.1117826582074
6531.305526475,4.527700973608,-1.294089037934,4.527700973608,-1.294089037934,-0.4253029286215,0.05746375297004,0.4100009630614,-0.1129873190919
6606.934480076,4.523952563892,-1.309059862892,4.523952563892,-1.309059862892,-0.425124594704,0.05810776523097,0.4094789470203,-0.11420275227
6683.439175686,4.520113814168,-1.324201121851,4.520113814168,-1.324201121851,-0.4249422616062,0.05875836287691,0.4089455283316,-0.1154289793578
6760.82975392,4.516182481035,-1.339514671962,4.516182481035,-1.339514671962,-0.4247558432371,0.05941559438308,0.4084004756041,-0.1166660189429
6839.116472815,4.512156262566,-1.355002385507,4.512156262566,-1.355002385507,-0.42456525182,0.06007950786233,0.4078435535718,-0.1179138864813
6918.30970919,4.508032796916,-1.370666149807,4.508032796916,-1.370666149807,-0.4243703978909,0.06075015103607,0.4072745230909,-0.1191725941738
6998.419960023,4.503809660633,-1.386507867046,4.503809660633,-1.386507867046,-0.4241711902732,0.06142757120091,0.406693141116,-0.1204421508312
7079.457843842,4.499484366668,-1.402529453979,4.499484366668,-1.402529453979,-0.423967536029,0.06211181519068,0.4060991606559,-0.1217225617305
7161.434102129,4.495054361597,-1.418732841404,4.495054361597,-1.418732841404,-0.4237593403422,0.06280292932679,0.4054923306665,-0.123013828446
7244.35960075,4.490517025986,-1.435119974576,4.490517025986,-1.435119974576,-0.4235465067008,0.0635009594115,0.4048723962332,-0.1243159487635
7328.245331389,4.485869671007,-1.451692812481,4.485869671007,-1.451692812481,-0.4233289367338,0.06420595066941,0.4042390984233,-0.1256289164916
7413.10241301,4.48110953623,-1.468453327431,4.48110953623,-1.468453327431,-0.4231065301631,0.06491794770394,0.4035921742534,-0.1269527213013
7498.942093325,4.47623378809,-1.48540350488,4.47623378809,-1.48540350488,-0.4228791848252,0.06563699446321,0.4029313567245,-0.1282873485822
7585.775750292,4.471239518284,-1.502545343205,4.471239518284,-1.502545343205,-0.4226467966927,0.0663631342047,0.4022563748609,-0.1296327792958
7673.614893619,4.466123740401,-1.519880852901,4.466123740401,-1.519880852901,-0.4224092597352,0.06709640943363,0.4015669535982,-0.1309889897754
7762.471166287,4.460883389651,-1.537412056784,4.460883389651,-1.537412056784,-0.4221664660794,0.06783686188684,0.4008628139598,-0.1323559516139
7852.356346101,4.455515318143,-1.555140988685,4.455515318143,-1.555140988685,-0.4219183057554,0.06858453244966,0.400143672843,-0.1337336314202
7943.282347243,4.450016294716,-1.573069693677,4.450016294716,-1.573069693677,-0.4216646668803,0.06933946114092,0.3994092432247,-0.1351219907061
8035.261221857,4.444383000561,-1.591200226829,4.444383000561,-1.591200226829,-0.4214054354519,0.0701016870335,0.3986592339999,-0.1365209856481
8128.305161641,4.438612028417,-1.609534653189,4.438612028417,-1.609534653189,-0.4211404954865,0.0708712482295,0.3978933501513,-0.1379305669528
8222.426499471,4.43269987877,-1.628075046693,4.43269987877,-1.628075046693,-0.4208697288827,0.07164818178867,0.3971112926621,-0.1393506796318
8317.637711027,4.426642958398,-1.64682348989,4.426642958398,-1.64682348989,-0.4205930155144,0.07243252369342,0.3963127586515,-0.1407812628457
8413.951416452,4.420437575929,-1.665782072554,4.420437575929,-1.665782072554,-0.4203102330494,0.07322430876565,0.3954974412539,-0.1422222496543
8511.380382024,4.414079940939,-1.684952891572,4.414079940939,-1.684952891572,-0.4200212571129,0.07402357064071,0.3946650298292,-0.1436735668764
8609.937521846,4.407566158861,-1.704338049241,4.407566158861,-1.704338049241,-0.4197259610612,0.07483034167231,0.3938152098102,-0.1451351348154
8709.635899561,4.400892230612,-1.723939653323,4.400892230612,-1.723939653323,-0.4194242162155,0.07564465291598,0.3929476629879,-0.1466068671362
8810.488730081,4.394054046847,-1.743759815011,4.394054046847,-1.743759815011,-0.4191158915916,0.07646653402191,0.3920620673286,-0.1480886705657
8912.509381338,4.387047386909,-1.763800648667,4.387047386909,-1.763800648667,-0.4188008540889,0.07729601320745,0.3911580972273,-0.1495804447478
9015.71137606,4.379867913608,-1.784064269903,4.379867913608,-1.784064269903,-0.4184789682911,0.07813311715785,0.390235423403,-0.1510820819587
9120.10839356,4.372511171247,-1.804552794889,4.372511171247,-1.804552794889,-0.4181500965884,0.07897787098323,0.389293713101,-0.1525934669306
9225.714271548,4.364972582109,-1.825268339016,4.364972582109,-1.825268339016,-0.4178140991632,0.07983029814946,0.3883326301729,-0.1541144766252
9332.54300797,4.357247441392,-1.846213014881,4.357247441392,-1.846213014881,-0.4174708338396,0.08069042038063,0.3873518350375,-0.1556449799523
9440.60876286,4.349330915388,-1.867388931537,4.349330915388,-1.867388931537,-0.417120156255,0.08155825762032,0.3863509849464,-0.1571848376017
9549.925860215,4.341218035717,-1.888798192061,4.341218035717,-1.888798192061,-0.4167619196665,0.08243382792135,0.3853297339186,-0.1587339017379
9660.508789899,4.332903697022,-1.91044289251,4.332903697022,-1.91044289251,-0.4163959751012,0.08331714739955,0.3842877330009,-0.1602920158184
9772.372209559,4.324382651915,-1.932325119657,4.324382651915,-1.932325119657,-0.4160221712579,0.08420823013703,0.3832246303041,-0.1618590143156
9885.53094657,4.315649506757,-1.954446948998,4.315649506757,-1.954446948998,-0.4156403545002,0.08510708810109,0.3821400711338,-0.1634347224698
10000.0,4.306698718014,-1.976810442949,4.306698718014,-1.976810442949,-0.4152503689205,0.08601373107516,0.3810336981921,-0.1650189560654
10115.7945426,4.297524587519,-1.999417648493,4.297524587519,-1.999417648493,-0.4148520563141,0.08692816656982,0.3799051517056,-0.1666115211717
10232.92992281,4.28812125621,-2.022270594012,4.28812125621,-2.022270594012,-0.4144452560196,0.08785039970283,0.3787540694398,-0.1682122138242
10351.42166679,4.278482702172,-2.045371288031,4.278482702172,-2.045371288031,-0.4140298051917,0.08878043316709,0.3775800871172,-0.1698208198772
10471.28548051,4.268602733846,-2.068721715618,4.268602733846,-2.068721715618,-0.4136055386221,0.08971826710252,0.3763828384321,-0.1714371146741
10592.53725177,4.258474985427,-2.092323835709,4.258474985427,-2.092323835709,-0.4131722887906,0.09066389901288,0.3751619552833,-0.1730608628054
10715.19305238,4.248092911417,-2.116179577901,4.248092911417,-2.116179577901,-0.4127298858489,0.09161732366647,0.3739170679564,-0.1746918178391
10839.26914021,4.237449782399,-2.140290839749,4.237449782399,-2.140290839749,-0.4122781577431,0.09257853302486,0.372647805441,-0.1763297221075
10964.78196143,4.226538676956,-2.164659481997,4.226538676956,-2.164659481997,-0.4118169299773,0.0935475160895,0.3713537954329,-0.1779743063394
11091.74815262,4.215352478969,-2.189287326375,4.215352478969,-2.189287326375,-0.4113460259212,0.09452425886696,0.3700346648386,-0.1796252895236
11220.18454302,4.203883869894,-2.214176150724,4.203883869894,-2.214176150724,-0.4108652666465,0.09550874422691,0.3686900398643,-0.18128237857
11350.10815672,4.19212532317,-2.239327685029,4.19212532317,-2.239327685029,-0.4103744709917,0.09650095180836,0.3673195463226,-0.1829452680683
11481.53621497,4.180069097998,-2.264743606959,4.180069097998,-2.264743606959,-0.4098734555852,0.09750085791415,0.3659228099112,-0.1846136400281
11614.4861384,4.167707232924,-2.290425537135,4.167707232924,-2.290425537135,-0.4093620348705,0.0985084354037,0.364499456506,-0.1862871636208
11748.9755494,4.15503153903,-2.316375033958,4.15503153903,-2.316375033958,-0.4088400211128,0.09952365357851,0.3630491124485,-0.1879654949128
11885.02227437,4.142033594049,-2.342593588774,4.142033594049,-2.342593588774,-0.4083072245205,0.1005464780933,0.3615714049471,-0.1896482766539
12022.64434617,4.128704734038,-2.369082619429,4.128704734038,-2.369082619429,-0.4077634531463,0.101576870811,0.3600659622944,-0.1913351379648
12161.86000646,4.115036046887,-2.395843464615,4.115036046887,-2.395843464615,-0.4072085129941,0.1026147897054,0.3585324142794,-0.1930256941214
12302.68770812,4.101018365404,-2.422877377714,4.101018365404,-2.422877377714,-0.4066422081051,0.1036601887565,0.3569703925936,-0.1947195463335
12445.14611771,4.086642259294,-2.450185519753,4.086642259294,-2.450185519753,-0.4060643405603,0.1047130178235,0.3553795311748,-0.1964162814876
12589.25411794,4.07189802672,-2.477768951765,4.07189802672,-2.477768951765,-0.4054747104645,0.1057732225089,0.3537594665482,-0.1981154718821
12735.03081017,4.056775687676,-2.505628627915,4.056775687676,-2.505628627915,-0.4048731161336,0.1068407440733,0.352109838359,-0.199816675067
12882.49551693,4.041264974683,-2.533765386691,4.041264974683,-2.533765386691,-0.4042593540427,0.1079155192867,0.350430289707,-0.2015194335719
13031.66778452,4.025355325514,-2.562179942938,4.025355325514,-2.562179942938,-0.4036332189996,0.1089974803356,0.3487204676922,-0.2032232747502
13182.56738556,4.009035873277,-2.590872877861,4.009035873277,-2.590872877861,-0.4029945040803,0.1100865546654,0.3469800237649,-0.2049277105122
13335.21432163,3.992295438494,-2.61984462982,3.992295438494,-2.61984462982,-0.402343000789,0.1111826648804,0.3452086142859,-0.2066322371764
13489.62882592,3.97512252009,-2.649095484017,3.97512252009,-2.649095484017,-0.4016784991355,0.1122857286199,0.343405901026,-0.2083363352887
13645.83136589,3.957505285104,-2.678625560778,3.957505285104,-2.678625560778,-0.4010007876078,0.1133956584028,0.3415715515898,-0.2100394693948
13803.84264603,3.93943156123,-2.708434805226,3.93943156123,-2.708434805226,-0.4003096534557,0.1145123615576,0.3397052401193,-0.2117410879841
13963.68361056,3.920888825691,-2.738522973893,3.920888825691,-2.738522973893,-0.3996048826305,0.1156357400539,0.3378066477146,-0.2134406232657
14125.37544623,3.901864196089,-2.768889622065,3.901864196089,-2.768889622065,-0.3988862599478,0.1167656903955,0.33587546306,-0.2151374910712
14288.93958511,3.882344419578,-2.799534089239,3.882344419578,-2.799534089239,-0.3981535691038,0.1179021034693,0.3339113829376,-0.2168310906923
14454.39770746,3.862315863991,-2.83045548527,3.862315863991,-2.83045548527,-0.397406592915,0.1190448644579,0.3319141129416,-0.2185208048511
14621.77174457,3.841764506665,-2.861652674093,3.841764506665,-2.861652674093,-0.396645113345,0.1201938526894,0.3298833680271,-0.2202059995713
14791.08388168,3.820675924188,-2.893124257248,3.820675924188,-2.893124257248,-0.3958689116479,0.1213489415189,0.3278188731666,-0.2218860241252
14962.35656095,3.799035281801,-2.924868556235,3.799035281801,-2.924868556235,-0.3950777684938,0.1225099982052,0.3257203640053,-0.2235602109896
15135.61248436,3.776827322876,-2.956883593956,3.776827322876,-2.956883593956,-0.3942714641234,0.1236768837951,0.323587587551,-0.225227875834
15310.87461682,3.75403635707,-2.989167074053,3.75403635707,-2.989167074053,-0.3934497783797,0.1248494529676,0.3214203027738,-0.2268883174571
15488.16618913,3.730646251489,-3.021716361454,3.730646251489,-3.021716361454,-0.3926124910679,0.1260275539823,0.3192182814858,-0.2285408179302
15667.51070108,3.706640417489,-3.054528458246,3.706640417489,-3.054528458246,-0.3917593818712,0.1272110284862,0.3169813088669,-0.2301846425076
15848.93192461,3.682001801564,-3.087599981434,3.682001801564,-3.087599981434,-0.3908902307018,0.1283997114597,0.3147091843553,-0.2318190398077
16032.4539069,3.656712872787,-3.120927136483,3.656712872787,-3.120927136483,-0.3900048176954,0.1295934310469,0.3124017222569,-0.2334432418112
16218.10097359,3.630755613358,-3.154505691812,3.630755613358,-3.154505691812,-0.3891029235318,0.1307920084933,0.310058752627,-0.2350564640735
16405.897732,3.604111507428,-3.188330950197,3.604111507428,-3.188330950197,-0.3881843295712,0.131995258024,0.3076801220091,-0.236657905855
16595.86907438,3.576761529138,-3.222397717554,3.576761529138,-3.222397717554,-0.387248817891,0.1332029866879,0.3052656941023,-0.2382467502151
16788.04018123,3.548686134597,-3.25670027324,3.548686134597,-3.25670027324,-0.3862961717328,0.1344149943421,0.3028153507609,-0.2398221643833
16982.43652462,3.51986525023,-3.291232334944,3.51986525023,-3.291232334944,-0.3853261755323,0.1356310734969,0.300328992665,-0.2413832999061
17179.08387158,3.490278263461,-3.32598702331,3.490278263461,-3.32598702331,-0.3843386151678,0.1368510092361,0.29780654017,-0.242929292956
17378.00828749,3.459904013435,-3.36095682408,3.459904013435,-3.36095682408,-0.383333278174,0.138074579128,0.2952479341289,-0.2444592646508
17579.23613959,3.428720782321,-3.396133547955,3.428720782321,-3.396133547955,-0.382309953962,0.1393015531415,0.2926531367213,-0.2459723214096
17782.79410039,3.396706287234,-3.431508288104,3.396706287234,-3.431508288104,-0.3812684340472,0.1405316935661,0.2900221322881,-0.2474675553461
17988.70915129,3.363837672974,-3.467071375127,3.363837672974,-3.467071375127,-0.3802085122832,0.1417647549398,0.2873549281683,-0.2489440447015
18197.0085861,3.330091505816,-3.502812329586,3.330091505816,-3.502812329586,-0.3791299851241,0.1430004839881,0.2846515555548,-0.2504008543304
18407.72001469,3.295443767488,-3.53871981077,3.295443767488,-3.53871981077,-0.3780326517899,0.1442386195333,0.2819120702712,-0.2518370361606
18620.87136663,3.259869852178,-3.574781564431,3.259869852178,-3.574781564431,-0.3769163146455,0.1454788924859,0.2791365537045,-0.2532516298308
18836.4908949,3.223344562957,-3.610984365339,3.223344562957,-3.610984365339,-0.3757807793589,0.1467210257593,0.2763251135624,-0.254643663221
19054.60717963,3.185842111623,-3.647313958518,3.185842111623,-3.647313958518,-0.3746258552723,0.1479647342699,0.2734778847793,-0.2560121531654
19275.24913191,3.147336118441,-3.683754994929,3.147336118441,-3.683754994929,-0.3734513555533,0.1492097248581,0.2705950302479,-0.2573561060571
19498.44599758,3.107799615585,-3.720290965349,3.107799615585,-3.720290965349,-0.3722570975376,0.1504556962897,0.2676767416789,-0.2586745186235
19724.22736115,3.067205052937,-3.756904130557,3.067205052937,-3.756904130557,-0.3710429030762,0.1517023392662,0.2647232404459,-0.2599663787482
19952.62314969,3.025524305041,-3.793575445818,3.025524305041,-3.793575445818,-0.3698085987065,0.1529493363719,0.2617347782848,-0.2612306662144
20183.66363682,2.982728682652,-3.830284483121,2.982728682652,-3.830284483121,-0.3685540160112,0.1541963621032,0.25871163811,-0.2624663536206
20417.3794467,2.938788947663,-3.86700934925,2.938788947663,-3.86700934925,-0.3672789919824,0.1554430829097,0.2556541348086,-0.263672407346
20653.80155811,2.893675330381,-3.903726597637,2.893675330381,-3.903726597637,-0.3659833692087,0.1566891571706,0.2525626158861,-0.2648477884348
20892.96130854,2.847357552608,-3.94041113756,2.847357552608,-3.94041113756,-0.3646669962496,0.1579342352559,0.2494374622166,-0.2659914536569
21134.89039837,2.799804855462,-3.977036138757,2.799804855462,-3.977036138757,-0.3633297280123,0.1591779596023,0.2462790887628,-0.2671023566177
21379.62089502,2.750986030978,-4.013572929162,2.750986030978,-4.013572929162,-0.361971425934,0.160419964713,0.2430879451312,-0.2681794487708
21627.18523727,2.700869461875,-4.04999089077,2.700869461875,-4.04999089077,-0.3605919584458,0.1616598772915,0.2398645162842,-0.2692216806814
21877.6162395,2.649423166337,-4.086257348479,2.649423166337,-4.086257348479,-0.3591912012418,0.1628973163017,0.2366093230812,-0.2702280031913
22130.94709606,2.59661485018,-4.12233745393,2.59661485018,-4.12233745393,-0.3577690375506,0.1641318930399,0.2333229227841,-0.2711973686302
22387.21138568,2.542411968463,-4.158194066381,2.542411968463,-4.158194066381,-0.3563253585868,0.1653632113002,0.2300059096371,-0.272128732205
22646.44307593,2.486781794546,-4.193787626471,2.486781794546,-4.193787626471,-0.3548600638071,0.166590867466,0.2266589152722,-0.2730210532862
22908.67652768,2.429691499952,-4.229076026463,2.429691499952,-4.229076026463,-0.3533730612851,0.1678144506679,0.2232826091445,-0.2738732968272
23173.94649969,2.371108244255,-4.264014474477,2.371108244255,-4.264014474477,-0.3518642679705,0.1690335429024,0.2198776988422,-0.2746844347356
23442.2881532,2.310999278282,-4.298555356562,2.310999278282,-4.298555356562,-0.3503336101418,0.1702477192565,0.2164449304659,-0.2754534474348
23713.73705662,2.24933205904,-4.332648092381,2.24933205904,-4.332648092381,-0.3487810236645,0.1714565480564,0.2129850888279,-0.2761793253148
23988.3291902,2.186074379677,-4.366238988336,2.186074379677,-4.366238988336,-0.347206454345,0.1726595910767,0.2094989976532,-0.2768610702946
24266.10095083,2.121194515047,-4.399271087555,2.121194515047,-4.399271087555,-0.3456098582818,0.1738564037662,0.2059875197163,-0.2774976974197
24547.08915685,2.054661383714,-4.431684016228,2.054661383714,-4.431684016228,-0.3439912021195,0.1750465354418,0.2024515568564,-0.2780882364155
24831.33105296,1.986444729634,-4.463413830688,1.986444729634,-4.463413830688,-0.342350463489,0.176229529593,0.1988920500366,-0.2786317334221
25118.8643151,1.91651532269,-4.494392861489,1.91651532269,-4.494392861489,-0.3406876312529,0.1774049241078,0.195309979218,-0.2791272526042
25409.72705549,1.84484518144,-4.524549559284,1.84484518144,-4.524549559284,-0.3390027058422,0.1785722515632,0.1917063632168,-0.2795738778603
25703.95782769,1.771407819049,-4.553808342499,1.771407819049,-4.553808342499,-0.3372956995669,0.1797310395207,0.1880822594733,-0.2799707145376
26001.59563165,1.696178514186,-4.582089448773,1.696178514186,-4.582089448773,-0.3355666369204,0.18088081084,0.1844387637414,-0.2803168911629
26302.67991896,1.619134608641,-4.609308792115,1.619134608641,-4.609308792115,-0.3338155548768,0.1820210840074,0.1807770096973,-0.2806115611873
26607.25059799,1.540255833336,-4.63537782812,1.540255833336,-4.63537782812,-0.3320425031793,0.183151373482,0.1770981684635,-0.2808539047396
26915.34803927,1.45952466434,-4.660203429634,1.45952466434,-4.660203429634,-0.3302475446014,0.1842711900467,0.1734034480387,-0.2810431303701
27227.01308078,1.376926711017,-4.683687777405,1.376926711017,-4.683687777405,-0.3284307552884,0.1853800412259,0.1696940926882,-0.2811784768713
27542.28703338,1.292451136534,-4.705728265411,1.292451136534,-4.705728265411,-0.3265922249072,0.186477431619,0.1659713821489,-0.2812592149415
27861.2116863,1.206091113743,-4.726217429797,1.206091113743,-4.726217429797,-0.3247320569652,0.1875628633493,0.1622366308414,-0.2812846489934
28183.82931265,1.117844316261,-4.745042902025,1.117844316261,-4.745042902025,-0.3228503690253,0.1886358364783,0.1584911869416,-0.2812541188732
28510.18267504,1.027713446142,-4.762087392604,1.027713446142,-4.762087392604,-0.3209472929257,0.1896958494442,0.1547364313719,-0.281167001576
28840.31503127,0.9357067983494,-4.777228710579,0.9357067983494,-4.777228710579,-0.3190229749856,0.1907423995163,0.1509737766979,-0.2810227129386
29174.27014001,0.8418388621051,-4.79033982468,0.8418388621051,-4.79033982468,-0.3170775761945,0.191774983262,0.1472046659344,-0.2808207093028
29512.09226667,0.7461309583368,-4.801288972356,0.7461309583368,-4.801288972356,-0.3151112723682,0.1927930970173,0.1434305712502,-0.2805604891304
29853.82618918,0.6486119121637,-4.809939825259,0.6486119121637,-4.809939825259,-0.313124254374,0.1937962374233,0.1396529926209,-0.2802415946545
30199.51720402,0.5493187575903,-4.816151714709,0.5493187575903,-4.816151714709,-0.3111167281652,0.1947839018694,0.1358734563108,-0.2798636133332
30549.21113216,0.4482974720412,-4.819779930085,0.4482974720412,-4.819779930085,-0.3090889149523,0.195755589042,0.1320935133377,-0.2794261793908
30902.95432514,0.3456037359458,-4.820676096055,0.3456037359458,-4.820676096055,-0.3070410513527,0.1967107994861,0.1283147378455,-0.2789289753024
31260.79367124,0.2413037116075,-4.818688634864,0.2413037116075,-4.818688634864,-0.3049733893676,0.19764903608,0.1245387253244,-0.2783717330801
31622.77660169,0.1354748347498,-4.813663327369,0.1354748347498,-4.813663327369,-0.3028861965079,0.1985698046256,0.1207670908213,-0.2777542356444
31988.95109692,0.02820660966194,-4.805443977516,0.02820660966194,-4.805443977516,-0.3007797558126,0.199472614395,0.1170014670305,-0.2770763180467
32359.36569296,-0.08039860242356,-4.793873189966,-0.08039860242356,-4.793873189966,-0.2986543658453,0.2003569786824,0.1132435023068,-0.2763378686149
32734.06948789,-0.1902248141464,-4.778793270001,-0.1902248141464,-4.778793270001,-0.2965103407494,0.2012224154185,0.1094948586348,-0.2755388300901
33113.11214826,-0.301141676434,-4.76004724879,-0.301141676434,-4.76004724879,-0.2943480101158,0.2020684476803,0.1057572094631,-0.2746792005251
33496.54391578,-0.4130037930796,-4.737480044741,-0.4130037930796,-4.737480044741,-0.2921677189743,0.2028946043031,0.1020322375285,-0.2737590342249
33884.41561392,-0.525650104208,-4.710939762694,-0.525650104208,-4.710939762694,-0.289969827757,0.2037004204966,0.09832163261302,-0.2727784425889
34276.77865465,-0.6389033590908,-4.680279130402,-0.6389033590908,-4.680279130402,-0.2877547120789,0.2044854383522,0.09462708918752,-0.271737594701
34673.68504526,-0.7525697015203,-4.645357078157,-0.7525697015203,-4.645357078157,-0.2855227627303,0.2052492075164,0.09095030408436,-0.270636718037
35075.18739526,-0.8664383913269,-4.606040449853,-0.8664383913269,-4.606040449853,-0.2832743853909,0.2059912856871,0.08729297403646,-0.2694760988223
35481.33892336,-0.9802816888968,-4.56220584624,-0.9802816888968,-4.56220584624,-0.2810100005686,0.2067112392848,0.08365679325707,-0.2682560825125
35892.1934645,-1.093854928076,-4.513741580608,-1.093854928076,-4.513741580608,-0.2787300432629,0.2074086439433,0.08004345090375,-0.2669770739204
36307.80547701,-1.206896805862,-4.460549738574,-1.206896805862,-4.460549738574,-0.2764349628499,0.2080830851739,0.07645462858911,-0.2656395374556
36728.23004981,-1.319129913857,-4.402548312471,-1.319129913857,-4.402548312471,-0.2741252226942,0.2087341588446,0.07289199779534,-0.2642439970075
37153.52290972,-1.430261538256,-4.339673390987,-1.430261538256,-4.339673390987,-0.2718012999648,0.2093614718212,0.06935721733833,-0.2627910359206
37583.74042885,-1.539984749687,-4.271881365225,-1.539984749687,-4.271881365225,-0.2694636852712,0.2099646424865,0.06585193077915,-0.2612812966956
38018.93963206,-1.647979802472,-4.199151115357,-1.647979802472,-4.199151115357,-0.2671128822764,0.2105433012491,0.06237776383644,-0.259715480563
38459.17820454,-1.753915858615,-4.121486136372,-1.753915858615,-4.121486136372,-0.2647494074314,0.2110970911556,0.05893632183991,-0.2580943470687
38904.51449943,-1.857453042447,-4.03891654844,-1.857453042447,-4.03891654844,-0.2623737894639,0.2116256683179,0.05552918714365,-0.2564187133156
39355.00754558,-1.958244829403,-3.951500946217,-1.958244829403,-3.951500946217,-0.259986569076,0.2121287025103,0.05215791661395,-0.2546894533004
39810.71705535,-2.055940757911,-3.85932802408,-2.055940757911,-3.85932802408,-0.257588298386,0.2126058775669,0.04882403909411,-0.2529074968952
40271.70343255,-2.150189449845,-3.762517926855,-2.150189449845,-3.762517926855,-0.2551795405628,0.2130568919354,0.04552905295063,-0.2510738289101
40738.02778041,-2.240641908601,-3.661223263515,-2.240641908601,-3.661223263515,-0.2527608692932,0.2134814590976,0.04227442363226,-0.2491894878876
41209.75190974,-2.326955056611,-3.555629731302,-2.326955056611,-3.555629731302,-0.2503328682301,0.21387930797,0.03906158128319,-0.2472555647723
41686.93834704,-2.40879546301,-3.445956301809,-2.40879546301,-3.445956301809,-0.2478961305437,0.2142501833888,0.03589191843521,-0.2452732015805
42169.65034286,-2.485843198328,-3.332454921987,-2.485843198328,-3.332454921987,-0.2454512583272,0.2145938464689,0.03276678774317,-0.2432435898257
42657.95188016,-2.557795746366,-3.215409698058,-2.557795746366,-3.215409698058,-0.242998861986,0.2149100749395,0.02968749979663,-0.2411679688286
43151.90768278,-2.624371895713,-3.09513554132,-2.624371895713,-3.09513554132,-0.2405395597289,0.2151986635612,0.02665532102695,-0.2390476240338
43651.58322402,-2.685315523416,-2.971976263592,-2.685315523416,-2.971976263592,-0.2380739769212,0.2154594244137,0.0236714716837,-0.236883885098
44157.04473533,-2.740399183397,-2.846302130284,-2.740399183397,-2.846302130284,-0.2356027454245,0.2156921871569,0.02073712390668,-0.234678123875
44668.3592151,-2.789427412018,-2.718506894674,-2.789427412018,-2.718506894674,-0.2331265030391,0.2158967993713,0.01785339990871,-0.2324317524198
45185.5944375,-2.832239661894,-2.589004349258,-2.832239661894,-2.589004349258,-0.2306458928149,0.2160731267656,0.01502137025039,-0.2301462207823
45708.81896149,-2.868712785138,-2.458224450727,-2.868712785138,-2.458224450727,-0.2281615623535,0.216221053356,0.0122420522276,-0.2278230147154
46238.10213993,-2.898762997081,-2.326609089515,-2.898762997081,-2.326609089515,-0.2256741632133,0.2163404817222,0.009516408382237,-0.2254636534172
46773.51412872,-2.922347259785,-2.194607584237,-2.922347259785,-2.194607584237,-0.223184350191,0.2164313331295,0.006845345123448,-0.2230696870844
47315.12589615,-2.939464044166,-2.062671995723,-2.939464044166,-2.062671995723,-0.2206927805989,0.2164935476195,0.004229711476528,-0.2206426944018
47863.00923227,-2.950153447048,-1.931252361899,-2.950153447048,-1.931252361899,-0.2182001136454,0.2165270841777,0.001670297961873,-0.2181842800827
48417.23675841,-2.954496653323,-1.800791955269,-2.954496653323,-1.800791955269,-0.2157070096894,0.216531920753,-0.0008321643986254,-0.2156960722338
48977.88193685,-2.952614758243,-1.671722668364,-2.952614758243,-1.671722668364,-0.2132141295644,0.2165080543165,-0.003277004940071,-0.213179719751
49545.01908048,-2.944666978618,-1.54446062537,-2.944666978618,-1.54446062537,-0.2107221338321,0.2164555008195,-0.00566361407636,-0.2106368896066
50118.72336273,-2.930848303608,-1.419402112944,-2.930848303608,-1.419402112944,-0.2082316821515,0.2163742952387,-0.007991443886131,-0.2080692642271
50699.07082747,-2.911386644931,-1.296919908869,-2.911386644931,-1.296919908869,-0.2057434325353,0.216264491472,-0.0102600085586,-0.2054785387328
51286.13839914,-2.886539564536,-1.177360076865,-2.886539564536,-1.177360076865,-0.203258040678,0.216126162276,-0.01246888470179,-0.2028664182359
51880.0038929,-2.856590662475,-1.061039277789,-2.856590662475,-1.061039277789,-0.2007761592224,0.2159593991008,-0.01461771150735,-0.2002346150674
52480.74602498,-2.821845717799,-0.9482426328603,-2.821845717799,-0.9482426328603,-0.1982984371448,0.2157643120144,-0.01670619078352,-0.1975848461203
53088.4444231,-2.782628671892,-0.8392221549267,-2.782628671892,-0.8392221549267,-0.1958255190359,0.215541029479,-0.01873408684382,-0.1949188300925
53703.17963703,-2.739277547912,-0.7341957496987,-2.739277547912,-0.7341957496987,-0.1933580444482,0.2152896981572,-0.02070122626224,-0.1922382848077
54325.03314925,-2.692140392733,-0.6333467718991,-2.692140392733,-0.6333467718991,-0.1908966472638,0.2150104827018,-0.02260749749631,-0.1895449245721
54954.08738577,-2.641571319831,-0.5368241076334,-2.641571319831,-0.5368241076334,-0.1884419549701,0.2147035654008,-0.0244528503659,-0.1868404574648
55590.42572704,-2.58792672863,-0.444742743923,-2.58792672863,-0.444742743923,-0.1859945881598,0.2143691460303,-0.02623729542731,-0.1841265828776
56234.13251904,-2.531561754725,-0.3571847747302,-2.531561754725,-0.3571847747302,-0.1835551598347,0.214007441446,-0.02796090319839,-0.1814049888979
56885.29308439,-2.472827004347,-0.2742007886499,-2.472827004347,-0.2742007886499,-0.1811242748328,0.2136186852679,-0.02962380327359,-0.1786773498517
57543.99373372,-2.412065608362,-0.1958115776813,-2.412065608362,-0.1958115776813,-0.1787025292604,0.2132031275284,-0.03122618332146,-0.1759453239001
58210.32177709,-2.349610620556,-0.1220101051832,-2.349610620556,-0.1220101051832,-0.1762905098946,0.2127610342392,-0.03276828796075,-0.173210550656
58884.36553556,-2.285782776215,-0.05276367174131,-2.285782776215,-0.05276367174131,-0.1738887937039,0.2122926870533,-0.03425041754595,-0.1704746489737
59566.2143529,-2.220888612218,0.01198378069377,-2.220888612218,0.01198378069377,-0.171497947291,0.2117983827884,-0.03567292683379,-0.1677392147221
60255.95860744,-2.155218945491,0.07230928169138,-2.155218945491,0.07230928169138,-0.1691185264061,0.2112784329905,-0.03703622356156,-0.1650058186925
60953.68972402,-2.089047696304,0.1283084130706,-2.089047696304,0.1283084130706,-0.1667510754829,0.2107331634774,-0.03834076693471,-0.1622760045957
61659.50018615,-2.022631036883,0.1800929024127,-2.022631036883,0.1800929024127,-0.1643961271513,0.2101629138088,-0.03958706602,-0.1595512871098
62373.48354825,-1.956206843225,0.2277882682772,-1.956206843225,0.2277882682772,-0.162054201866,0.2095680368547,-0.04077567808028,-0.1568331501151
63095.73444802,-1.889994420645,0.2715315495485,-1.889994420645,0.2715315495485,-0.159725807468,0.2089488982351,-0.04190720681741,-0.1541230449415
63826.34861906,-1.824194475427,0.3114691452187,-1.824194475427,0.3114691452187,-0.1574114388164,0.208305875803,-0.04298230055954,-0.1514223887653
64565.42290347,-1.758989301534,0.3477547847929,-1.758989301534,0.3477547847929,-0.1551115774375,0.2076393591049,-0.04400165038825,-0.1487325631035
65313.05526475,-1.694543152069,0.3805476440231,-1.694543152069,0.3805476440231,-0.1528266911982,0.2069497488309,-0.04496598821324,-0.1460549124175
66069.34480076,-1.631002765891,0.4100106154922,-1.631002765891,0.4100106154922,-0.1505572340151,0.2062374562664,-0.04587608480471,-0.1433907428347
66834.39175687,-1.568498020541,0.4363087391237,-1.568498020541,0.4363087391237,-0.1483036455479,0.2055029026802,-0.04673274777467,-0.1407413209416
67608.2975392,-1.507142686336,0.4596077941471,-1.507142686336,0.4596077941471,-0.1460663510017,0.2047465188192,-0.04753681955139,-0.1381078727687
68391.16472815,-1.447035255518,0.4800730501497,-1.447035255518,0.4800730501497,-0.1438457608729,0.2039687442847,-0.04828917530405,-0.1354915828075
69183.0970919,-1.388259825871,0.4978681728896,-1.388259825871,0.4978681728896,-0.141642270763,0.2031700269621,-0.04899072086127,-0.1328935931796
69984.19960023,-1.330887018786,0.5131542781878,-1.330887018786,0.5131542781878,-0.1394562612101,0.2023508224368,-0.0496423906148,-0.1303150029082
70794.57843842,-1.274974914851,0.526089125592,-1.274974914851,0.526089125592,-0.1372880975465,0.2015115934088,-0.05024514541771,-0.127756867301
71614.34102129,-1.220569992384,0.5368264425953,-1.220569992384,0.5368264425953,-0.135138129782,0.2006528091083,-0.05079997048263,-0.1252201974403
72443.5960075,-1.167708056659,0.5455153693768,-1.167708056659,0.5455153693768,-0.1330066925195,0.1997749447228,-0.05130787328887,-0.1227059597885
73282.4533139,-1.1164151493,0.5523000135685,-1.1164151493,0.5523000135685,-0.1308941048597,0.198878480773,-0.05176988148788,-0.1202150758632
74131.0241301,-1.066708430602,0.5573191050052,-1.066708430602,0.5573191050052,-0.1288006704028,0.1979639026011,-0.05218704085329,-0.1177484220834
74989.42093325,-1.018597027078,0.5607057395805,-1.018597027078,0.5607057395805,-0.1267266772013,0.1970316997556,-0.05256041322624,-0.1153068296474
75857.75750292,-0.9720828403638,0.5625872026657,-0.9720828403638,0.5625872026657,-0.1246723977732,0.196082365436,-0.05289107450164,-0.1128910845414
76736.14893619,-0.92716131361,0.563084862374,-0.92716131361,0.563084862374,-0.1226380891297,0.1951163959341,-0.05318011264427,-0.1105019276352
77624.71166287,-0.8838221531726,0.5623141237445,-0.8838221531726,0.5623141237445,-0.1206239928264,0.1941342900828,-0.05342862574097,-0.1081400548685
78523.56346101,-0.8420500043425,0.5603844354156,-0.8420500043425,0.5603844354156,-0.1186303350353,0.1931365487148,-0.05363772009392,-0.1058061175228
79432.82347243,-0.8018250806758,0.5573993411815,-0.8018250806758,0.5573993411815,-0.1166573266369,0.1921236741301,-0.05380850835824,-0.1035007225776
80352.61221857,-0.7631237473045,0.5534565692686,-0.7631237473045,0.5534565692686,-0.1147051633401,0.1910961695846,-0.05394210773042,-0.1012244331503
81283.05161642,-0.7259190587855,0.5486481528868,-0.7259190587855,0.5486481528868,-0.1127740257884,0.1900545387391,-0.0540396381734,-0.09897776898307
82224.26499471,-0.6901812534428,0.543060576709,-0.6901812534428,0.543060576709,-0.1108640797485,0.188999285223,-0.05410222072495,-0.09676120705751
83176.37711027,-0.6558782050128,0.5367749435293,-0.6558782050128,0.5367749435293,-0.1089754762525,0.1879309121077,-0.05413097583352,-0.0945751822186
84139.51416453,-0.622975834087,0.5298671571128,-0.622975834087,0.5298671571128,-0.1071083517891,0.1868499214452,-0.05412702176754,-0.09242008789006
85113.80382024,-0.5914384812179,0.5224081169804,-0.5914384812179,0.5224081169804,-0.1052628285034,0.1857568138095,-0.05409147308285,-0.09029627684167
86099.37521847,-0.5612292438848,0.5144639217559,-0.5612292438848,0.5144639217559,-0.1034390144126,0.184652087853,-0.05402543915266,-0.08820406201055
87096.35899561,-0.5323102795828,0.506096078044,-0.5323102795828,0.506096078044,-0.1016370036348,0.1835362398779,-0.05393002276162,-0.08614371737174
88104.88730081,-0.5046430772948,0.4973617122754,-0.5046430772948,0.4973617122754,-0.09985687663154,0.1824097634216,-0.05380631876498,-0.08411547885408
89125.09381338,-0.4781886995736,0.488313783352,-0.4781886995736,0.488313783352,-0.09809870046206,0.1812731488589,-0.05365541281381,-0.08211954529682
90157.1137606,-0.4529079974698,0.4790012941987,-0.4529079974698,0.4790012941987,-0.09636252904924,0.1801268830188,-0.05347838014685,-0.080156079443
91201.0839356,-0.4287618003826,0.4694695007546,-0.4287618003826,0.4694695007546,-0.09464840345561,0.1789714488185,-0.05327628444928,-0.0782252089654
92257.14271548,-0.4057110829508,0.4597601171046,-0.4057110829508,0.4597601171046,-0.09295635217436,0.1778073249213,-0.05305017678141,-0.07632702752516
93325.43007971,-0.3837171107592,0.4499115156283,-0.3837171107592,0.4499115156283,-0.09128639140298,0.1766349853646,-0.05280109456004,-0.07446159583401
94406.0876286,-0.362741567071,0.4399589217012,-0.362741567071,0.4399589217012,-0.08963852537639,0.1754548992994,-0.05253006063507,-0.07262894277935
95499.25860215,-0.3427466618526,0.4299346018344,-0.3427466618526,0.4299346018344,-0.08801274665511,0.1742675306496,-0.05223808240359,-0.07082906652397
96605.08789899,-0.3236952250771,0.4198680451496,-0.3236952250771,0.4198680451496,-0.08640903644589,0.1730733378365,-0.05192615100345,-0.06906193564053
97723.72209559,-0.305550785674,0.4097861377129,-0.305550785674,0.4097861377129,-0.08482736492189,0.1718727735095,-0.05159524056861,-0.06732749025158
98855.3094657,-0.2882776375713,0.399713329526,-0.2882776375713,0.399713329526,-0.08326769154758,0.1706662842934,-0.05124630754787,-0.06562564317625
100000.0,-0.2718408941306,0.3896717940572,-0.2718408941306,0.3896717940572,-0.08172996540758,0.1694543105507,-0.05088029008557,-0.06395628108042
101157.945426,-0.2562065321866,0.3796815802705,-0.2562065321866,0.3796815802705,-0.08021412553811,0.1682372861613,-0.05049810746328,-0.0623192656272
102329.2992281,-0.2413414267793,0.369760757198,-0.2413414267793,0.369760757198,-0.0787201012609,0.1670156383165,-0.05010065960079,-0.06071443462499
103514.2166679,-0.2272133776336,0.3599255511131,-0.2272133776336,0.3599255511131,-0.07724781251866,0.1657897873294,-0.04968882661473,-0.05914160317038
104712.8548051,-0.2137911282671,0.3501904754738,-0.2137911282671,0.3501904754738,-0.07579717021118,0.1645601464601,-0.04926346843346,-0.05760056478321
105925.3725177,-0.2010443786267,0.3405684537684,-0.2010443786267,0.3405684537684,-0.07436807653232,0.163327121756,-0.04882542446595,-0.05609109253167
107151.9305238,-0.1889437919756,0.3310709354975,-0.1889437919756,0.3310709354975,-0.07296042530566,0.1620911119064,-0.04837551332343,-0.05461294014479
108392.6914021,-0.1774609967752,0.3217080054832,-0.1774609967752,0.3217080054832,-0.07157410232018,0.1608525081119,-0.04791453259126,-0.05316584311069
109647.8196143,-0.1665685841627,0.3124884867674,-0.1665685841627,0.3124884867674,-0.07020898566393,0.1596116939673,-0.04744325864949,-0.05174951975837
110917.4815262,-0.1562401016287,0.3034200373279,-0.1562401016287,0.3034200373279,-0.06886494605534,0.1583690453588,-0.04696244654016,-0.05036367232122
112201.8454302,-0.1464500433918,0.2945092409034,-0.1464500433918,0.2945092409034,-0.0675418471766,0.1571249303821,-0.04647282988129,-0.0490079879837
113501.0815672,-0.1371738379193,0.2857616920741,-0.1371738379193,0.2857616920741,-0.06623954598462,0.1558797092313,-0.04597512081094,-0.04768213989318
114815.3621497,-0.1283878331,0.2771820761212,-0.1283878331,0.2771820761212,-0.0649578930563,0.1546337341855,-0.04547000999699,-0.04638578817633
116144.861384,-0.1200692793288,0.2687742435755,-0.1200692793288,0.2687742435755,-0.06369673289239,0.1533873495221,-0.04495816665977,-0.04511858090464
117489.755494,-0.1121963109096,0.2605412799864,-0.1121963109096,0.2605412799864,-0.06245590423564,0.1521408914841,-0.04444023864382,-0.04388015504871
118850.2227437,-0.1047479260663,0.2524855710427,-0.1047479260663,0.2524855710427,-0.06123524038138,0.1508946882504,-0.04391685252102,-0.04267013740443
120226.4434617,-0.09770396582967,0.2446088633159,-0.09770396582967,0.2446088633159,-0.06003456948201,0.1496490599172,-0.04338861372629,-0.04148814549235
121618.6000646,-0.09104509202402,0.2369123208687,-0.09104509202402,0.2369123208687,-0.0588537148473,0.1484043184888,-0.04285610672308,-0.04033378843024
123026.8770812,-0.08475276458552,0.2293965779529,-0.08475276458552,0.2293965779529,-0.05769249523879,0.1471607678793,-0.04231989519719,-0.03920666777796
124451.4611771,-0.07880921837543,0.2220617880279,-0.07880921837543,0.2220617880279,-0.05655072515823,0.1459187039235,-0.04178052227683,-0.03810637835415
125892.5411794,-0.07319743967754,0.2149076693062,-0.07319743967754,0.2149076693062,-0.05542821513045,0.1446784143962,-0.0412385107769,-0.03703250902467
127350.3081017,-0.06790114250746,0.207933547037,-0.06790114250746,0.207933547037,-0.05432477197994,0.1434401790415,-0.04069436346572,-0.03598464346238
128824.9551693,-0.06290474485972,0.201138392724,-0.06290474485972,0.201138392724,-0.05324019910091,0.142204269609,-0.04014856335247,-0.03496236087826
130316.6778452,-0.05819334501339,0.1945208604622,-0.05819334501339,0.1945208604622,-0.0521742967211,0.1409709498981,-0.0396015739934,-0.03396523672363
131825.6738556,-0.0537526979832,0.188079320575,-0.0537526979832,0.188079320575,-0.05112686215889,0.1397404758107,-0.03905383981517,-0.03299284336379
133352.1432163,-0.04956919220045,0.1818118907203,-0.04956919220045,0.1818118907203,-0.05009769007345,0.138513095409,-0.03850578645382,-0.03204475072294
134896.2882592,-0.04562982649883,0.1757164646256,-0.04562982649883,0.1757164646256,-0.04908657270867,0.1372890489816,-0.03795782110738,-0.03112052690086
136458.3136589,-0.04192218745471,0.1697907386075,-0.04192218745471,0.1697907386075,-0.04809330012918,0.1360685691146,-0.03741033290118,-0.03021973876116
138038.4264603,-0.03843442714236,0.1640322360175,-0.03843442714236,0.1640322360175,-0.0471176604507,0.1348518807693,-0.03686369326361,-0.02934195249206
139636.8361056,-0.03515524134841,0.1584383297512,-0.03515524134841,0.1584383297512,-0.04615944006226,0.1336392013642,-0.03631825631175,-0.0284867341394
141253.7544623,-0.03207384826457,0.1530062629507,-0.03207384826457,0.1530062629507,-0.04521842384203,0.1324307408631,-0.03577435924484,-0.02765365011283
142889.3958511,-0.02917996770187,0.1477331680209,-0.02917996770187,0.1477331680209,-0.04429439536586,0.1312267018674,-0.03523232274468,-0.0268422676653
144543.9770746,-0.02646380084906,0.1426160840739,-0.02646380084906,0.1426160840739,-0.04338713710932,0.1300272797124,-0.03469245138152,-0.02605215534673
146217.7174457,-0.02391601057683,0.1376519729105,-0.02391601057683,0.1376519729105,-0.04249643064182,0.128832662568,-0.03415503402457,-0.02528288343187
147910.8388168,-0.02152770232077,0.1328377336386,-0.02152770232077,0.1328377336386,-0.04162205681483,0.1276430315427,-0.0336203442556,-0.02453402432361
149623.5656095,-0.01929040553365,0.1281702160248,-0.01929040553365,0.1281702160248,-0.04076379594235,0.1264585607911,-0.03308864078496,-0.02380515293166
151356.1248436,-0.01719605571858,0.1236462326684,-0.01719605571858,0.1236462326684,-0.03992142797513,0.1252794176241,-0.03256016786889,-0.02309584702785
153108.7461682,-0.01523697705554,0.1192625700878,-0.01523697705554,0.1192625700878,-0.03909473266998,0.1241057626289,-0.03203515572887,-0.02240568757947
154881.6618913,-0.01340586559275,0.1150159987591,-0.01340586559275,0.1150159987591,-0.03828348974162,0.1229377497571,-0.03151382096184,-0.02173425905419
156675.1070108,-0.01169577303618,0.1109032822793,-0.01169577303618,0.1109032822793,-0.03748747902968,0.1217755264829,-0.03099636696658,-0.02108114971573
158489.3192461,-0.01010009109858,0.1069211855904,-0.01010009109858,0.1069211855904,-0.03670648063715,0.1206192338959,-0.03048298435053,-0.02044595188602
160324.539069,-0.008612536414332,0.103066482429,-0.008612536414332,0.103066482429,-0.03594027507412,0.1194690068276,-0.02997385134254,-0.01982826219361
162181.0097359,-0.007227136022209,0.09933596202199,-0.007227136022209,0.09933596202199,-0.03518864339177,0.118324973975,-0.02946913420071,-0.01922768180097
164058.97732,-0.005938213385058,0.09572643509108,-0.005938213385058,0.09572643509108,-0.03445136731151,0.1171872580229,-0.02896898761592,-0.01864381661323
165958.6907438,-0.004740374948853,0.0922347392186,-0.004740374948853,0.0922347392186,-0.03372822934701,0.1160559757686,-0.02847355511111,-0.01807627746869
167880.4018123,-0.003628497229259,0.08885774362508,-0.003628497229259,0.08885774362508,-0.03301901292091,0.1149312382469,-0.02798296943535,-0.01752468031189
169824.3652462,-0.002597714403281,0.08559235340242,-0.002597714403281,0.08559235340242,-0.03232350247539,0.1138131508551,-0.02749735295249,-0.01698864635009
171790.8387158,-0.001643406406497,0.08243551324802,-0.001643406406497,0.08243551324802,-0.03164148357727,0.1127018134785,-0.02701681802388,-0.01646780219366
173780.082875,-0.0007611875127442,0.07938421073817,-0.0007611875127442,0.07938421073817,-0.03097274301742,0.1115973206169,-0.02654146738481,-0.0159617799812
175792.3613959,5.310461866198e-05,0.07643547917728,5.310461866198e-05,0.07643547917728,-0.03031706890479,0.1104997615089,-0.02607139451436,-0.01547021749001
177827.9410039,0.0008034194329363,0.07358640005982,0.0008034194329363,0.07358640005982,-0.02967425075532,0.1094092202585,-0.02560668399833,-0.01499275823269
179887.0915129,0.001493503529829,0.07083410517544,0.001493503529829,0.07083410517544,-0.02904407957541,0.1083257759592,-0.02514741188505,-0.01452905154029
181970.085861,0.002126910285874,0.06817577838726,0.002126910285874,0.06817577838726,-0.0284263479406,0.1072495028185,-0.02469364603373,-0.01407875263298
184077.2001469,0.002707009061399,0.06560865711185,0.002707009061399,0.06560865711185,-0.02782085006957,0.106180470282,-0.02424544645532,-0.01364152267861
186208.7136663,0.003236994007269,0.06313003352666,0.003236994007269,0.06313003352666,-0.02722738189303,0.1051187431559,-0.02380286564553,-0.0132170288399
188364.908949,0.003719892485747,0.06073725552862,0.003719892485747,0.06073725552862,-0.02664574111848,0.1040643817289,-0.02336594891009,-0.01280494431091
190546.0717963,0.004158573119154,0.05842772746649,0.004158573119154,0.05842772746649,-0.02607572729016,0.1030174418935,-0.02293473468193,-0.01240494834317
192752.4913191,0.004555753483953,0.05619891066568,0.004555753483953,0.05619891066568,-0.02551714184494,0.1019779752654,-0.02250925483038,-0.01201672626231
194984.4599758,0.004914007451446,0.05404832376991,0.004914007451446,0.05404832376991,-0.02496978816415,0.1009460293022,-0.02208953496218,-0.0116399694756
197242.2736115,0.005235772206332,0.0519735429099,0.005235772206332,0.0519735429099,-0.02443347162141,0.09992164742057,-0.02167559471434,-0.01127437547096
199526.2314969,0.005523354941255,0.04997220172158,0.005523354941255,0.04997220172158,-0.02390799962615,0.09890486911212,-0.02126744803892,-0.01091964780784
201836.6363682,0.005778939245033,0.04804199122692,0.005778939245033,0.04804199122692,-0.02339318166429,0.09789573005769,-0.02086510347949,-0.01057549610087
204173.794467,0.006004591200375,0.04618065958971,0.006004591200375,0.04618065958971,-0.02288882933427,0.09689426224024,-0.0204685644396,-0.01024163599612
206538.0155811,0.006202265195702,0.04438601176258,0.006202265195702,0.04438601176258,-0.02239475638073,0.09590049405597,-0.02007782944301,-0.009917789141225
208929.6130854,0.006373809470749,0.04265590903327,0.006373809470749,0.04265590903327,-0.02191077872403,0.09491445042389,-0.01969289238593,-0.009603683149046
211348.9039837,0.006520971400056,0.04098826848479,0.006520971400056,0.04098826848479,-0.02143671448697,0.09393615289375,-0.01931374278125,-0.009299051555903
213796.2089502,0.00664540253013,0.03938106237697,0.00664540253013,0.03938106237697,-0.0209723840185,0.09296561975203,-0.01894036599486,-0.009003633774485
216271.8523727,0.006748663378734,0.03783231745987,0.006748663378734,0.03783231745987,-0.02051760991424,0.09200286612638,-0.01857274347416,-0.008717175041902
218776.162395,0.006832228007828,0.03634011422673,0.006832228007828,0.03634011422673,-0.02007221703437,0.09104790408808,-0.01821085296882,-0.008439426363286
221309.4709606,0.006897488377662,0.03490258611581,0.006897488377662,0.03490258611581,-0.01963603251895,0.0901007427527,-0.01785466874393,-0.008170144451346
223872.1138569,0.006945758493906,0.03351791866698,0.006945758493906,0.03351791866698,-0.01920888580036,0.08916138837895,-0.01750416178567,-0.007909091662098
226464.4307593,0.006978278357969,0.03218434863864,0.006978278357969,0.03218434863864,-0.01879060861339,0.08822984446557,-0.01715929999962,-0.007656035927221
229086.7652768,0.006996217724537,0.03090016309438,0.006996217724537,0.03090016309438,-0.01838103500338,0.08730611184632,-0.0168200484018,-0.007410750683384
231739.4649969,0.007000679679967,0.02966369846165,0.007000679679967,0.02966369846165,-0.01798000133141,0.08639018878316,-0.01648636930262,-0.00717301479866
234422.881532,0.006992704047633,0.02847333956834,0.006992704047633,0.02847333956834,-0.01758734627794,0.08548207105733,-0.01615822248392,-0.006942612496551
237137.3705662,0.006973270628426,0.02732751866202,0.006973270628426,0.02732751866202,-0.0172029108441,0.08458175205872,-0.01583556536909,-0.006719333277713
239883.291902,0.006943302282972,0.02622471441648,0.006943302282972,0.02622471441648,-0.01682653835135,0.08368922287308,-0.01551835318669,-0.006502971839792
242661.0095083,0.006903667863407,0.02516345092922,0.006903667863407,0.02516345092922,-0.01645807443899,0.0828044723675,-0.01520653912741,-0.006293327995462
245470.8915685,0.006855185004363,0.02414229671065,0.006855185004363,0.02414229671065,-0.01609736706012,0.08192748727386,-0.01490007449476,-0.006090206589025
248313.3105296,0.006798622774656,0.02315986367272,0.006798622774656,0.02315986367272,-0.01574426647596,0.08105825227034,-0.0145989088496,-0.00589341741174
251188.643151,0.006734704200279,0.02221480611596,0.006734704200279,0.02221480611596,-0.01539862524857,0.08019675006115,-0.01430299014852,-0.005702775116075
254097.2705549,0.006664108663102,0.02130581971912,0.006664108663102,0.02130581971912,-0.01506029823203,0.07934296145421,-0.01401226487652,-0.005518099129104
257039.5782769,0.0065874741822,0.02043164053241,0.0065874741822,0.02043164053241,-0.01472914256237,0.07849686543706,-0.01372667817379,-0.005339213565228
260015.9563165,0.006505399581262,0.01959104397853,0.006505399581262,0.01959104397853,-0.01440501764616,0.0776584392508,-0.0134461739571,-0.005165947138398
263026.7991896,0.006418446550005,0.0187828438608,0.006418446550005,0.0187828438608,-0.01408778514786,0.07682765846229,-0.0131706950357,-0.004998133073978
266072.5059799,0.006327141603722,0.0180058913808,0.006327141603722,0.0180058913808,-0.01377730897604,0.07600449703437,-0.01290018322201,-0.004835609020431
269153.4803927,0.006231977945575,0.01725907416724,0.006231977945575,0.01725907416724,-0.01347345526826,0.07518892739445,-0.01263457943729,-0.004678216960898
272270.1308078,0.006133417235385,0.01654131531839,0.006133417235385,0.01654131531839,-0.01317609237544,0.07438092050113,-0.01237382381231,-0.004525803124956
275422.8703338,0.006031891272558,0.0158515724554,0.006031891272558,0.0158515724554,-0.0128850908451,0.07358044590909,-0.01211785578332,-0.004378217900531
278612.116863,0.005927803593918,0.01518883679163,0.005927803593918,0.01518883679163,-0.0126003234032,0.07278747183236,-0.01186661418341,-0.004235315746059
281838.2931265,0.005821530992479,0.01455213221616,0.005821530992479,0.01455213221616,-0.01232166493596,0.07200196520568,-0.01162003732936,-0.004096955103196
285101.8267504,0.005713424960468,0.01394051439314,0.005713424960468,0.01394051439314,-0.01204899247046,0.07122389174427,-0.01137806310426,-0.003962998309977
288403.1503127,0.005603813060356,0.01335306987714,0.005603813060356,0.01335306987714,-0.01178218515481,0.07045321600186,-0.01114062903592,-0.003833311514622
291742.7014001,0.005493000227266,0.01278891524548,0.005493000227266,0.01278891524548,-0.01152112423716,0.06968990142718,-0.01090767237127,-0.00370776458998
295120.9226667,0.005381270006846,0.01224719624658,0.005381270006846,0.01224719624658,-0.01126569304471,0.06893391041871,-0.01067913014692,-0.003586231048812
298538.2618918,0.005268885730474,0.01172708696662,0.005268885730474,0.01172708696662,-0.01101577696183,0.06818520437792,-0.01045493925595,-0.003468587959891
301995.1720402,0.005156091631996,0.01122778901302,0.005156091631996,0.01122778901302,-0.01077126340807,0.06744374376083,-0.01023503651113,-0.003354715865039
305492.1113216,0.005043113908505,0.01074853071562,0.005043113908505,0.01074853071562,-0.01053204181488,0.06670948812825,-0.01001935870464,-0.003244498697029
309029.5432514,0.004930161727992,0.01028856634501,0.004930161727992,0.01028856634501,-0.01029800360296,0.06598239619427,-0.009807842664518,-0.003137823698643
312607.9367124,0.004817428185786,0.009847175349802,0.004817428185786,0.009847175349802,-0.01006904215874,0.06526242587342,-0.009600425307809,-0.003034581342723
316227.7660169,0.004705091213738,0.009423661609982,0.004705091213738,0.009423661609982,-0.009845052810306,0.06454953432635,-0.00939704369074,-0.002934665253297
319889.5109692,0.004593314443041,0.009017352708923,0.004593314443041,0.009017352708923,-0.009625932803407,0.06384367800409,-0.009197635055859,-0.002837972127906
323593.6569297,0.004482248023923,0.008627599222116,0.004482248023923,0.008627599222116,-0.009411581277253,0.06314481269091,-0.009002136876345,-0.002744401661104
327340.6948789,0.004372029403823,0.008253774023583,0.004372029403823,0.008253774023583,-0.009201899239938,0.0624528935458,-0.008810486897604,-0.002653856469148
331131.1214826,0.004262784066129,0.007895271609765,0.004262784066129,0.007895271609765,-0.008996789543456,0.06176787514268,-0.008622623176247,-0.002566242015889
334965.4391579,0.004154626231715,0.007551507439908,0.004154626231715,0.007551507439908,-0.008796156858946,0.0610897115093,-0.008438484116546,-0.002481466539964
338844.1561392,0.004047659525127,0.007221917292628,0.004047659525127,0.007221917292628,-0.008599907652089,0.06041835616475,-0.008258008504483,-0.002399440983298
342767.7865465,0.003941977606351,0.006905956640663,0.003941977606351,0.006905956640663,-0.008407950157322,0.05975376215592,-0.008081135539533,-0.002320078920738
346736.8504526,0.003837664771088,0.006603100040087,0.003837664771088,0.006603100040087,-0.008220194353125,0.05909588209261,-0.007907804864204,-0.002243296491143
350751.8739526,0.003734796520066,0.006312840536545,0.003734796520066,0.006312840536545,-0.008036551936669,0.0584446681815,-0.00773795659149,-0.002169012329694
354813.3892336,0.003633440099273,0.006034689087182,0.003633440099273,0.006034689087182,-0.007856936298795,0.05780007225893,-0.007571531330307,-0.002097147501562
358921.934645,0.003533655012852,0.005768173997147,0.003533655012852,0.005768173997147,-0.007681262498619,0.05716204582264,-0.007408470209009,-0.002027625436842
363078.0547701,0.003435493509207,0.005512840372538,0.003435493509207,0.005512840372538,-0.007509447238358,0.05653054006229,-0.007248714897068,-0.001960371866824
367282.3004981,0.003339001042454,0.005268249587056,0.003339001042454,0.005268249587056,-0.007341408838289,0.05590550588902,-0.007092207624995,-0.001895314761595
371535.2290972,0.003244216709801,0.005033978763892,0.003244216709801,0.005033978763892,-0.007177067211915,0.05528689396385,-0.006938891202585,-0.001832384268964
375837.4042885,0.003151173666453,0.004809620271461,0.003151173666453,0.004809620271461,-0.007016343840334,0.05467465472524,-0.006788709035607,-0.001771512654587
380189.3963206,0.00305989951876,0.004594781233241,0.00305989951876,0.004594781233241,-0.006859161748151,0.05406873841542,-0.006641605140916,-0.001712634243574
384591.7820454,0.002970416696916,0.004389083051331,0.002970416696916,0.004389083051331,-0.006705445478367,0.05346909510593,-0.006497524160171,-0.001655685363242
389045.1449943,0.002882742808095,0.004192160943249,0.002882742808095,0.004192160943249,-0.006555121067698,0.05287567472222,-0.006356411372164,-0.001600604287196
393550.0754558,0.002796890971032,0.004003663491458,0.002796890971032,0.004003663491458,-0.006408116022228,0.05228842706722,-0.006218212703834,-0.001547331180698
398107.1705535,0.002712870132751,0.00382325220622,0.002712870132751,0.00382325220622,-0.006264359293318,0.0517073018441,-0.00608287474005,-0.00149580804731
402717.0343255,0.002630685368597,0.00365060110023,0.002630685368597,0.00365060110023,-0.006123781252955,0.0511322486782,-0.005950344732224,-0.001445978676702
407380.2778041,0.002550338166031,0.003485396275933,0.002550338166031,0.003485396275933,-0.005986313670467,0.05056321713801,-0.005820570605781,-0.001397788593832
412097.5190974,0.00247182669328,0.003327335524294,0.00247182669328,0.003327335524294,-0.005851889688129,0.05000015675547,-0.005693500966607,-0.001351185009186
416869.3834704,0.002395146053325,0.003176127935154,0.002395146053325,0.003176127935154,-0.005720443798194,0.04944301704533,-0.005569085106456,-0.001306116770377
421696.5034286,0.002320288524041,0.003031493519189,0.002320288524041,0.003031493519189,-0.005591911819158,0.04889174752388,-0.005447273007436,-0.001262534314804
426579.5188016,0.002247243785267,0.002893162840589,0.002247243785267,0.002893162840589,-0.005466230873183,0.04834629772944,-0.005328015345877,-0.001220389623631
431519.0768278,0.002175999132663,0.002760876659853,0.002175999132663,0.002760876659853,-0.005343339361727,0.04780661722906,-0.00521126349389,-0.001179636176523
436515.8322402,0.002106539680791,0.002634385588702,0.002106539680791,0.002634385588702,-0.005223176945251,0.0472726556508,-0.005096969523054,-0.001140228908278
441570.4473533,0.002038848553583,0.002513449753537,0.002038848553583,0.002513449753537,-0.00510568451909,0.04674436268897,-0.004985086204413,-0.00110212416579
446683.592151,0.001972907064547,0.002397838469486,0.001972907064547,0.002397838469486,-0.004990804191701,0.04622168812196,-0.004875567009237,-0.001065279666508
451855.944375,0.001908694886462,0.00228732992409,0.001908694886462,0.00228732992409,-0.00487847926304,0.04570458182663,-0.004768366108804,-0.001029654457932
457088.1896149,0.001846190211256,0.002181710870562,0.001846190211256,0.002181710870562,-0.004768654202536,0.0451929937923,-0.00466343837357,-0.0009952088780934
462381.0213993,0.00178536990046,0.002080776330107,0.00178536990046,0.002080776330107,-0.004661274627962,0.04468687413391,-0.004560739371736,-0.0009619045171436
467735.1412872,0.001726209626735,0.001984329303054,0.001726209626735,0.001984329303054,-0.004556287284301,0.04418617310477,-0.004460225367259,-0.0009297041799342
473151.2589615,0.001668684006892,0.001892180489052,0.001668684006892,0.001892180489052,-0.004453640022714,0.04369084110866,-0.004361853317351,-0.0008985718495796
478630.0923227,0.001612766726791,0.001804148015528,0.001612766726791,0.001804148015528,-0.004353281780141,0.04320082871134,-0.004265580869484,-0.000868472652037
484172.3675841,0.001558430658542,0.001720057174679,0.001558430658542,0.001720057174679,-0.004255162558977,0.04271608665164,-0.004171366357942,-0.0008393728216265
489778.8193685,0.001505647970361,0.001639740168166,0.001505647970361,0.001639740168166,-0.00415923340687,0.04223656585197,-0.004079168799953,-0.0008112396674762
495450.1908048,0.001454390229446,0.001563035860216,0.001454390229446,0.001563035860216,-0.004065446397239,0.04176221742827,-0.00398894789142,-0.0007840415409314
501187.2336273,0.001404628498212,0.00148978953774,0.001404628498212,0.00148978953774,-0.003973754609288,0.04129299269965,-0.003900664002291,-0.000757747803789
506990.7082747,0.001356333424206,0.001419852678676,0.001356333424206,0.001419852678676,-0.003884112109525,0.04082884319733,-0.003814278171577,-0.0007323287975297
512861.3839914,0.001309475324026,0.001353082726955,0.001309475324026,0.001353082726955,-0.003796473932329,0.04036972067334,-0.003729752102067,-0.0007077558132941
518800.038929,0.001264024261527,0.001289342874852,0.001264024261527,0.001289342874852,-0.003710796061309,0.03991557710869,-0.003647048154751,-0.0006840010627495
524807.4602498,0.001219950120625,0.00122850185231,0.001219950120625,0.00122850185231,-0.00362703541115,0.03946636472108,-0.00356612934296,-0.0006610376497989
530884.444231,0.001177222672941,0.001170433722869,0.001177222672941,0.001170433722869,-0.003545149809411,0.03902203597228,-0.003486959326278,-0.0006388395430621
537031.7963703,0.001135811640561,0.001115017686103,0.001135811640561,0.001115017686103,-0.003465097978666,0.03858254357506,-0.003409502404215,-0.0006173815491474
543250.3314925,0.001095686754171,0.001062137886555,0.001095686754171,0.001062137886555,-0.003386839519121,0.03814784049979,-0.003333723509678,-0.0005966392867068
549540.8738577,0.001056817806784,0.001011683228748,0.001056817806784,0.001011683228748,-0.003310334891198,0.0377178799806,-0.003259588202253,-0.0005765891612114
555904.2572704,0.001019174703325,0.0009635471983694,0.001019174703325,0.0009635471983694,-0.00323554539856,0.03729261552127,-0.003187062661323,-0.000557208340469
562341.3251904,0.0009827275062464,0.0009176276892505,0.0009827275062464,0.0009176276892505,-0.003162433171796,0.03687200090067,-0.00311611367902,-0.0005384747308867
568852.9308439,0.0009474464774395,0.0008738268360537,0.0009474464774395,0.0008738268360537,-0.003090961151091,0.03645599017805,-0.003046708653062,-0.0005203669543159
575439.9373372,0.0009133021165807,0.0008320508526379,0.0009133021165807,0.0008320508526379,-0.003021093071197,0.03604453769773,-0.002978815579434,-0.0005028643257465
582103.2177709,0.0008802651961525,0.0007922098756135,0.0008802651961525,0.0007922098756135,-0.002952793444414,0.03563759809381,-0.002912403045003,-0.0004859468314677
588843.6553556,0.0008483067933032,0.0007542178134234,0.0008483067933032,0.0007542178134234,-0.002886027546068,0.03523512629427,-0.002847440220002,-0.0004695951080575
595662.1435291,0.0008173983187577,0.0007179922004007,0.0008173983187577,0.0007179922004007,-0.002820761398147,0.03483707752504,-0.002783896850458,-0.000453790421822
602559.5860744,0.0007875115428617,0.0006834540557932,0.0007875115428617,0.0006834540557932,-0.002756961754909,0.03444340731363,-0.002721743250535,-0.0004385146489848
609536.8972402,0.0007586186190289,0.0006505277476908,0.0007586186190289,0.0006505277476908,-0.002694596087577,0.03405407149257,-0.002660950294834,-0.0004237502563722
616595.0018615,0.0007306921046569,0.0006191408616124,0.0007306921046569,0.0006191408616124,-0.002633632570214,0.03366902620254,-0.002601489410631,-0.0004094802827499
623734.8354825,0.0007037049797489,0.0005892240737414,0.0007037049797489,0.0005892240737414,-0.002574040064811,0.03328822789535,-0.002543332570091,-0.0003956883206388
630957.3444802,0.0006776306632385,0.0005607110284272,0.0006776306632385,0.0005607110284272,-0.002515788108022,0.03291163333651,-0.002486452282447,-0.0003823584987849
638263.4861906,0.0006524430273505,0.0005335382201823,0.0006524430273505,0.0005335382201823,-0.002458846896272,0.03253919960783,-0.00243082158617,-0.0003694754650175
645654.2290347,0.0006281164099455,0.0005076448797945,0.0006281164099455,0.0005076448797945,-0.002403187273252,0.03217088410949,-0.002376414041119,-0.0003570243697864
653130.5526475,0.000604625625068,0.0004829728644597,0.000604625625068,0.0004829728644597,-0.002348780716092,0.03180664456213,-0.002323203720693,-0.0003449908500835
660693.4480076,0.0005819459718284,0.0004594665519657,0.0005819459718284,0.0004594665519657,-0.00229559932199,0.03144643900869,-0.002271165204003,-0.0003333610138696
668343.9175687,0.0005600532416045,0.0004370727385281,0.0005600532416045,0.0004370727385281,-0.002243615796042,0.03109022581598,-0.002220273568033,-0.0003221214250479
676082.975392,0.0005389237238876,0.0004157405405797,0.0005389237238876,0.0004157405405797,-0.002192803437999,0.03073796367612,-0.002170504379839,-0.0003112590888037
683911.6472815,0.0005185342106139,0.000395421299889,0.0005185342106139,0.000395421299889,-0.002143136130311,0.03038961160777,-0.00212183368877,-0.0003007614374682
691830.970919,0.0004988619993212,0.0003760684924076,0.0004988619993212,0.0003760684924076,-0.002094588325933,0.03004512895725,-0.002074238018717,-0.0002906163167864
699841.9960023,0.0004798848950557,0.0003576376403446,0.0004798848950557,0.0003576376403446,-0.002047135036007,0.02970447539938,-0.002027694360405,-0.0002808119725836
707945.7843842,0.0004615812111676,0.0003400862275544,0.0004615812111676,0.0003400862275544,-0.002000751818771,0.02936761093829,-0.001982180163718,-0.0002713370379136
716143.410213,0.000443929769135,0.0003233736181603,0.000443929769135,0.0003233736181603,-0.001955414767723,0.02903449590796,-0.001937673330084,-0.0002621805205402
724435.960075,0.0004269098973851,0.0003074609781404,0.0004269098973851,0.0003074609781404,-0.001911100500333,0.02870509097268,-0.0018941522049,-0.0002533317908298
732824.533139,0.0004105014292886,0.0002923111999816,0.0004105014292886,0.0002923111999816,-0.001867786147157,0.02837935712738,-0.001851595570018,-0.0002447805700341
741310.241301,0.0003946847003399,0.0002778888301679,0.0003946847003399,0.0002778888301679,-0.001825449340941,0.02805725569776,-0.001809982636289,-0.0002365169189236
749894.2093325,0.0003794405446116,0.0002641599994709,0.0003794405446116,0.0002641599994709,-0.001784068206217,0.02773874834033,-0.001769293036164,-0.0002285312267955
758577.5750292,0.0003647502905359,0.0002510923558981,0.0003647502905359,0.0002510923558981,-0.001743621348338,0.02742379704234,-0.001729506816372,-0.0002208142007767
767361.4893619,0.0003505957560868,0.0002386550002982,0.0003505957560868,0.0002386550002982,-0.001704087844009,0.02711236412156,-0.001690604430653,-0.0002133568555457
776247.1166288,0.0003369592434139,0.0002268184244424,0.0003369592434139,0.0002268184244424,-0.001665447230581,0.02680441222599,-0.001652566732577,-0.0002061505032869
785235.6346101,0.0003238235329667,0.0002155544515476,0.0003238235329667,0.0002155544515476,-0.001627679496707,0.02649990433335,-0.001615374968419,-0.0001991867440352
794328.2347243,0.0003111718771842,0.0002048361791527,0.0003111718771842,0.0002048361791527,-0.001590765072654,0.02619880375066,-0.00157901077012,-0.000192457456291
803526.1221857,0.0002989879937918,0.0001946379242696,0.0002989879937918,0.0001946379242696,-0.001554684820687,0.0259010741135,-0.001543456148331,-0.0001859547879269
812830.5161642,0.0002872560587216,0.0001849351706915,0.0002872560587216,0.0001849351706915,-0.001519420025838,0.02560667938535,-0.001508693485524,-0.0001796711473934
822242.6499471,0.0002759606987415,0.0001757045184538,0.0002759606987415,0.0001757045184538,-0.001484952387088,0.02531558385675,-0.001474705529188,-0.000173599195218
831763.7711027,0.0002650869838101,0.00016692363532,0.0002650869838101,0.00016692363532,-0.00145126400838,0.02502775214439,-0.001441475385113,-0.0001677318357535
841395.1416453,0.0002546204191765,0.0001585712102045,0.0002546204191765,0.0001585712102045,-0.001418337389724,0.02474314919011,-0.00140898651075,-0.0001620622091852
851138.0382024,0.0002445469373127,0.0001506269085504,0.0002445469373127,0.0001506269085504,-0.001386155418936,0.02446174025986,-0.00137722270866,-0.0001565836838185
860993.7521847,0.000234852889622,0.0001430713294483,0.000234852889622,0.0001430713294483,-0.001354701363256,0.02418349094256,-0.00134616812005,-0.000151289848597
870963.5899562,0.0002255250380874,0.0001358859646245,0.0002255250380874,0.0001358859646245,-0.00132395886087,0.02390836714884,-0.001315807218389,-0.0001461745058447
881048.8730081,0.0002165505467218,0.0001290531590135,0.0002165505467218,0.0001290531590135,-0.001293911913283,0.02363633510982,-0.001286124803116,-0.0001412316642797
891250.9381338,0.0002079169729969,0.0001225560730446,0.0002079169729969,0.0001225560730446,-0.001264544877304,0.02336736137572,-0.001257105993438,-0.0001364555322204
901571.137606,0.000199612259181,0.0001163786464597,0.000199612259181,0.0001163786464597,-0.00123584245729,0.02310141281448,-0.001228736222207,-0.0001318405110168
912010.839356,0.0001916247236479,0.0001105055636631,0.0001916247236479,0.0001105055636631,-0.001207789697827,0.02283845661028,-0.001201001229894,-0.0001273811887069
922571.4271548,0.0001839430521611,0.000104922220506,0.0001839430521611,0.000104922220506,-0.001180371975801,0.02257846026205,-0.001173887058652,-0.0001230723338385
933254.3007971,0.0001765562891573,9.961469249193e-05,0.0001765562891573,9.961469249193e-05,-0.001153574994019,0.02232139158184,-0.001147380046454,-0.0001189088895625
944060.876286,0.0001694538290597,9.456970432112e-05,0.0001694538290597,9.456970432112e-05,-0.001127384773526,0.02206721869327,-0.00112146682134,-0.0001148859678411
954992.5860215,0.0001626254076076,8.977460071647e-05,0.0001626254076076,8.977460071647e-05,-0.001101787646669,0.02181591002983,-0.001096134295734,-0.0001109988438762
966050.8789899,0.0001560610932567,8.52173185245e-05,0.0001560610932567,8.52173185245e-05,-0.001076770250614,0.02156743433316,-0.001071369660864,-0.0001072429507316
977237.2209559,0.0001497512786176,8.088635997523e-05,0.0001497512786176,8.088635997523e-05,-0.001052319520455,0.02132176065133,-0.001047160381259,-0.0001036138741036
988553.094657,0.0001436866719796,7.677076711014e-05,0.0001436866719796,7.677076711014e-05,-0.001028422682941,0.02107885833701,-0.001023494189339,-0.0001001073472838
1000000.0,0.0001378582889307,7.286009731913e-05,0.0001378582889307,7.286009731913e-05,-0.00100506724981,0.02083869704569,-0.001000359080094,-9.671924626108e-05
