frequency_hz,left_real,left_imag,right_real,right_imag,opneg_real,opneg_imag,oppos_real,oppos_imag
1.0,-0.3031806353286,2.111017842998,-0.3031806353286,2.111017842998,-0.04931772204499,-0.206957306629,0.04932191453432,0.2069558700504
1.01157945426,-0.2802405889629,2.13769954588,-0.2802405889629,2.13769954588,-0.0515268226931,-0.2084732553264,0.05153109224823,0.2084717575375
1.023292992281,-0.2567775704535,2.164159589583,-0.2567775704535,2.164159589583,-0.05376448348758,-0.209970398885,0.05376883096407,0.209968838107
1.035142166679,-0.2327957991517,2.190386296886,-0.2327957991517,2.190386296886,-0.05603043629291,-0.2114481037965,0.05603486253883,0.2114464782167
1.047128548051,-0.2082998067197,2.216368066571,-0.2082998067197,2.216368066571,-0.05832439489146,-0.2129057381405,0.05832890074682,0.2129040459117
1.059253725177,-0.1832944364679,2.242093384348,-0.1832944364679,2.242093384348,-0.06064605491566,-0.2143426723517,0.06065064121179,0.2143409115919
1.071519305238,-0.1577848425666,2.267550830647,-0.1577848425666,2.267550830647,-0.06299509367323,-0.2157582797073,0.06299976123215,0.2157564485003
1.083926914021,-0.1317764887296,2.2927290906,-0.1317764887296,2.2927290906,-0.06537117009222,-0.2171519370149,0.06537591972605,0.2171500334095
1.096478196143,-0.1052751469746,2.317616962762,-0.1052751469746,2.317616962762,-0.06777392460887,-0.218523025201,0.06777875711918,0.2185210472114
1.109174815262,-0.07828689577205,2.342203368512,-0.07828689577205,2.342203368512,-0.07020297912991,-0.2198709299561,0.0702078953071,0.2198688755617
1.122018454302,-0.05081811779887,2.366477362773,-0.05081811779887,2.366477362773,-0.07265793706926,-0.2211950425069,0.07266293769199,0.2211929096521
1.135010815672,-0.02287549787179,2.390428140822,-0.02287549787179,2.390428140822,-0.07513838323337,-0.2224947600446,0.07514346906786,0.2224925466392
1.148153621497,0.00553398017725,2.414045050885,0.00553398017725,2.414045050885,-0.07764388399081,-0.2237694866739,0.07764905579027,0.2237671905928
1.16144861384,0.03440303655446,2.437317601446,0.03440303655446,2.437317601446,-0.0801739872567,-0.2250186338881,0.0801792457607,0.2250162529715
1.17489755494,0.06372409848803,2.460235470934,0.06372409848803,2.460235470934,-0.08272822254597,-0.2262416212846,0.08273356847982,0.2262391533378
1.188502227437,0.09348930506534,2.482788519473,0.09348930506534,2.482788519473,-0.08530610125818,-0.2274378774289,0.08531153533229,0.2274353202229
1.202264434617,0.1236905102032,2.504966794452,0.1236905102032,2.504966794452,-0.08790711659224,-0.2286068402211,0.08791263950156,0.2286041914921
1.216186000646,0.1543192882785,2.526760543669,0.1543192882785,2.526760543669,-0.09053074394227,-0.2297479578987,0.09053635636564,0.2297452153486
1.230268770812,0.1853669385765,2.548160223003,0.1853669385765,2.548160223003,-0.09317644101017,-0.2308606895859,0.09318214360977,0.2308578508824
1.244514611771,0.2168244906413,2.569156504848,0.2168244906413,2.569156504848,-0.0958436480263,-0.2319445059031,0.095849441447,0.2319415686799
1.258925411794,0.2486827101329,2.589740288954,0.2486827101329,2.589740288954,-0.09853178808731,-0.2329988898012,0.09853767295616,0.232995851658
1.273503081017,0.2809321049319,2.609902710626,0.2809321049319,2.609902710626,-0.1012402674369,-0.2340233371618,0.1012462443625,0.2340201956646
1.288249551693,0.3135629316453,2.629635150039,0.3135629316453,2.629635150039,-0.103968475817,-0.235017357506,0.103974545389,0.2350141101876
1.303166778452,0.3465652024548,2.648929239892,0.3465652024548,2.648929239892,-0.106715786803,-0.2359804745574,0.1067219495915,0.235977118917
1.318256738556,0.3799286923491,2.667776875013,0.3799286923491,2.667776875013,-0.1094815582324,-0.2369122269914,0.1094878147874,0.2369087604956
1.333521432163,0.413642947003,2.686170220329,0.413642947003,2.686170220329,-0.1122651326473,-0.2378121690339,0.1122714834983,0.2378085891166
1.348962882592,0.4476972905139,2.70410171929,0.4476972905139,2.70410171929,-0.1150658377386,-0.2386798711218,0.115072283394,0.2386761751845
1.364583136589,0.4820808340889,2.721564100936,0.4820808340889,2.721564100936,-0.1178829868448,-0.2395149204304,0.1178895277914,0.2395111058427
1.380384264603,0.5167824845723,2.738550388445,0.5167824845723,2.738550388445,-0.1207158794789,-0.2403169215597,0.1207225161813,0.2403129856595
1.396368361056,0.5517909534821,2.75505390522,0.5517909534821,2.75505390522,-0.1235638018399,-0.2410854969946,0.1235705347404,0.2410814370885
1.412537544623,0.587094766786,2.771068282949,0.587094766786,2.771068282949,-0.1264260274518,-0.2418202877478,0.1264328569699,0.2418161011115
1.428893958511,0.6226822747907,2.786587468391,0.6226822747907,2.786587468391,-0.1293018177823,-0.2425209538973,0.1293087443138,0.2425166377759
1.445439770746,0.6585416611922,2.801605727867,0.6585416611922,2.801605727867,-0.1321904227312,-0.24318717495,0.1321974466485,0.2431827265587
1.462177174457,0.6946609549435,2.816117655831,0.6946609549435,2.816117655831,-0.1350910814921,-0.2438186505283,0.1350982031433,0.2438140670523
1.479108388168,0.7310280399916,2.830118178167,0.7310280399916,2.830118178167,-0.1380030230876,-0.2444151006377,0.1380102427963,0.2444103792332
1.496235656094,0.7676306665517,2.843602559196,0.7676306665517,2.843602559196,-0.1409254671494,-0.2449762662569,0.1409327852146,0.2449714040511
1.513561248436,0.8044564617696,2.856566403884,0.8044564617696,2.856566403884,-0.1438576245304,-0.2455019095125,0.1438650412259,0.2454969036043
1.531087461682,0.841492942268,2.869005665377,0.841492942268,2.869005665377,-0.1467986982318,-0.2459918143182,0.146806213806,0.2459866617787
1.548816618912,0.8787275244959,2.880916645872,0.8787275244959,2.880916645872,-0.1497478839724,-0.2464457864643,0.1497554986482,0.2464404843371
1.566751070108,0.91614753781,2.892296002422,0.91614753781,2.892296002422,-0.1527043711417,-0.246863654114,0.1527120851161,0.2468581994156
1.584893192461,0.9537402355408,2.903140748228,0.9537402355408,2.903140748228,-0.1556673434675,-0.247245267943,0.1556751569115,0.2472396576638
1.60324539069,0.9914928072177,2.913448255287,0.9914928072177,2.913448255287,-0.1586359798362,-0.2475905013924,0.1586438928946,0.2475847324965
1.621810097359,1.029392391588,2.923216257239,1.029392391588,2.923216257239,-0.1616094552014,-0.2478992509338,0.1616174679926,0.24789332036
1.6405897732,1.067426088385,2.93244285017,1.067426088385,2.93244285017,-0.1645869413419,-0.2481714361885,0.1645950539579,0.2481653408506
1.659586907438,1.105580970197,2.941126492431,1.105580970197,2.941126492431,-0.1675676076199,-0.2484069999638,0.167575820126,0.2484007367513
1.678804018123,1.143844096789,2.949266008342,1.143844096789,2.949266008342,-0.1705506220668,-0.2486059086072,0.1705589345018,0.2485994743854
1.698243652462,1.18220252549,2.95686058402,1.18220252549,2.95686058402,-0.1735351519413,-0.2487681517294,0.1735435643173,0.2487615433403
1.717908387158,1.220643325284,2.96390976999,1.220643325284,2.96390976999,-0.1765203647964,-0.2488937424846,0.1765288770988,0.2488869567474
1.737800828749,1.259153588266,2.970413478096,1.259153588266,2.970413478096,-0.1795054291902,-0.2489827173913,0.1795140413778,0.2489757511024
1.757923613959,1.29772044334,2.976371981801,1.29772044334,2.976371981801,-0.1824895156927,-0.2490351364267,0.1824982276975,0.2490279863607
1.778279410039,1.336331066904,2.981785911507,1.336331066904,2.981785911507,-0.185471797522,-0.2490510827341,0.18548060925,0.2490437456442
1.798870915129,1.374972696184,2.986656253712,1.374972696184,2.986656253712,-0.1884514515238,-0.2490306626373,0.188460362854,0.2490231352556
1.81970085861,1.413632641471,2.990984347813,1.413632641471,2.990984347813,-0.1914276590125,-0.248974005468,0.191436669798,0.2489662845062
1.840772001469,1.452298297276,2.99477188113,1.452298297276,2.99477188113,-0.1943996064937,-0.2488812632567,0.1944087165612,0.2488733454063
1.862087136663,1.490957155158,2.998020886905,1.490957155158,2.998020886905,-0.1973664866159,-0.2487526106724,0.1973756957665,0.2487444926053
1.88364908949,1.529596814037,3.000733736986,1.529596814037,3.000733736986,-0.2003274988004,-0.2485882445247,0.2003368068091,0.2485799228938
1.905460717963,1.568204992686,3.002913139069,1.568204992686,3.002913139069,-0.2032818501777,-0.2483883836508,0.2032912567944,0.24837985509
1.927524913191,1.606769540802,3.00456213073,1.606769540802,3.00456213073,-0.2062287563466,-0.2481532685364,0.2062382612956,0.2481445296614
1.949844599758,1.645278448651,3.005684071826,1.645278448651,3.005684071826,-0.2091674419837,-0.2478831608174,0.2091770449646,0.2478742082261
1.972422736115,1.683719858926,3.006282640107,1.683719858926,3.006282640107,-0.2120971417386,-0.2475783430384,0.2121068424265,0.2475691733108
1.995262314969,1.722082076116,3.006361822783,1.722082076116,3.006361822783,-0.2150171008353,-0.2472391180855,0.2150268988808,0.2472297277846
2.018366363682,1.760353577188,3.005925911009,1.760353577188,3.005925911009,-0.2179265758675,-0.2468658088682,0.2179364708973,0.2468561945401
2.04173794467,1.798523020446,3.004979490795,1.798523020446,3.004979490795,-0.2208248353725,-0.2464587577022,0.2208348269898,0.2464489158765
2.065380155811,1.836579254693,3.003527435323,1.836579254693,3.003527435323,-0.2237111604776,-0.2460183258184,0.2237212482626,0.2460082530085
2.089296130854,1.874511328722,3.001574897454,1.874511328722,3.001574897454,-0.2265848455941,-0.2455448928822,0.2265950291042,0.2455345855854
2.113489039837,1.912308499216,2.999127300768,1.912308499216,2.999127300768,-0.229445198953,-0.2450388564053,0.2294554777233,0.2450283111034
2.137962089502,1.949960238818,2.996190330362,1.949960238818,2.996190330362,-0.232291543168,-0.244500631129,0.2323019167119,0.2444898442881
2.162718523727,1.987456243728,2.992769923959,1.987456243728,2.992769923959,-0.2351232157745,-0.243930648443,0.235133683584,0.2439196165141
2.18776162395,2.024786440855,2.988872262522,2.024786440855,2.988872262522,-0.2379395697342,-0.2433293557621,0.2379501312806,0.2433180751812
2.213094709606,2.061940994409,2.984503760468,2.061940994409,2.984503760468,-0.2407399738944,-0.2426972158728,0.2407506286284,0.2426856830609
2.238721138568,2.098910312782,2.979671056442,2.098910312782,2.979671056442,-0.243523813498,-0.2420347063227,0.2435345608509,0.2420229176862
2.264644307593,2.135685053404,2.974381002485,2.135685053404,2.974381002485,-0.2462904904927,-0.2413423186896,0.2463013298764,0.24133027062
2.290867652768,2.172256128523,2.968640654067,2.172256128523,2.968640654067,-0.2490394239533,-0.2406205579107,0.249050354761,0.2406082467851
2.317394649968,2.20861471065,2.962457260498,2.20861471065,2.962457260498,-0.2517700504923,-0.2398699416468,0.251781072099,0.2398573638279
2.34422881532,2.244752236019,2.955838253682,2.244752236019,2.955838253682,-0.2544818244718,-0.2390909995195,0.2544929362352,0.2390781513553
2.371373705662,2.28066040933,2.948791238141,2.28066040933,2.948791238141,-0.2571742183671,-0.2382842724374,0.2571854196278,0.2382711502617
2.39883291902,2.316331207304,2.941323980755,2.316331207304,2.941323980755,-0.2598467230271,-0.2374503119106,0.2598580131093,0.2374369120426
2.426610095082,2.351756880645,2.933444398823,2.351756880645,2.933444398823,-0.2624988477723,-0.2365896792246,0.2625102259846,0.236575997969
2.454708915685,2.386929957847,2.925160551081,2.386929957847,2.925160551081,-0.2651301207204,-0.2357029448531,0.265141586356,0.2356889784999
2.483133105296,2.421843246961,2.916480626279,2.421843246961,2.916480626279,-0.267740088895,-0.2347906876688,0.2677516412328,0.2347764324934
2.51188643151,2.456489837605,2.907412933291,2.456489837605,2.907412933291,-0.2703283183908,-0.2338534942831,0.2703399566957,0.233838946546
2.540972705549,2.490863100923,2.897965889093,2.490863100923,2.897965889093,-0.272894394325,-0.2328919582111,0.2729061178486,0.2328771141578
2.570395782769,2.524956691787,2.888148009812,2.524956691787,2.888148009812,-0.2754379210531,-0.2319066792787,0.2754497290343,0.2318915351395
2.600159563165,2.558764549263,2.877967900371,2.558764549263,2.877967900371,-0.2779585222083,-0.230898262917,0.277970413874,0.2308828149068
2.630267991895,2.592280895992,2.867434243611,2.592280895992,2.867434243611,-0.2804558406433,-0.2298673194144,0.280467815209,0.2298515637325
2.660725059799,2.62550023643,2.856555788978,2.62550023643,2.856555788978,-0.2829295382668,-0.2288144631348,0.2829415949371,0.2287983959644
2.691534803927,2.658417359963,2.84534134605,2.658417359963,2.84534134605,-0.2853792964065,-0.227740312107,0.2853914343759,0.2277239296152
2.722701308078,2.691027335503,2.833799770941,2.691027335503,2.833799770941,-0.28780481529,-0.2266454870631,0.2878170337433,0.2266287854005
2.754228703338,2.72332551227,2.821939958874,2.72332551227,2.821939958874,-0.29020581419,-0.2255306109541,0.2902181123033,0.2255135862544
2.78612116863,2.755307517051,2.80977083364,2.755307517051,2.80977083364,-0.2925820312059,-0.2243963082138,0.2925944081469,0.2243789565932
2.818382931264,2.786969252183,2.797301338811,2.786969252183,2.797301338811,-0.2949332231414,-0.2232432041676,0.29494567807,0.2232255217248
2.851018267504,2.818306893882,2.784540429494,2.818306893882,2.784540429494,-0.2972591654251,-0.2220719244767,0.2972716974941,0.2220539072922
2.884031503127,2.849316886947,2.77149706101,2.849316886947,2.77149706101,-0.2995596516593,-0.2208830943346,0.299572260015,0.2208647384703
2.917427014001,2.879995943997,2.7581801829,2.879995943997,2.7581801829,-0.3018344936622,-0.2196773380894,0.3018471774451,0.2196586395883
2.951209226666,2.91034104167,2.744598729982,2.91034104167,2.744598729982,-0.3040835211929,-0.2184552786224,0.3040962795379,0.2184362335077
2.985382618918,2.94034941494,2.730761612637,2.94034941494,2.730761612637,-0.3063065814948,-0.2172175366688,0.3063194135321,0.217198140944
3.019951720402,2.970018555136,2.716677710657,2.970018555136,2.716677710657,-0.3085035392307,-0.2159647304136,0.3085164440864,0.2159449800612
3.054921113216,2.999346205574,2.702355865601,2.999346205574,2.702355865601,-0.3106742761782,-0.2146974749685,0.3106872529748,0.2146773659499
3.090295432514,3.028330355949,2.687804872385,3.028330355949,2.687804872385,-0.3128186908035,-0.2134163817848,0.3128317386601,0.2133959100396
3.126079367124,3.056969238567,2.673033473158,3.056969238567,2.673033473158,-0.3149366980341,-0.2121220582457,0.3149498160675,0.2121012196911
3.162277660168,3.085261322336,2.658050349453,3.085261322336,2.658050349453,-0.3170282288043,-0.2108151071173,0.3170414161291,0.2107938976476
3.198895109691,3.113205311138,2.642864118498,3.113205311138,2.642864118498,-0.3190932300562,-0.2094961263249,0.3191064857855,0.2094745418104
3.235936569296,3.140800133863,2.627483323226,3.140800133863,2.627483323226,-0.3211316638935,-0.2081657082329,0.3211449871395,0.2081437445198
3.273406948788,3.168044942957,2.611916429324,3.168044942957,2.611916429324,-0.3231435076077,-0.2068244394718,0.3231568974817,0.2068020923811
3.311311214826,3.194939105502,2.596171817233,3.194939105502,2.596171817233,-0.3251287529512,-0.2054729003723,0.3251422085648,0.2054501656992
3.349654391578,3.221482202548,2.58025778007,3.221482202548,2.58025778007,-0.3270874062443,-0.2041116648492,0.3271009267092,0.2040885383624
3.388441561392,3.247674017716,2.564182514781,3.247674017716,2.564182514781,-0.3290194874084,-0.2027412997684,0.3290330718373,0.2027177772093
3.427677865465,3.27351453696,2.547954121091,3.27351453696,2.547954121091,-0.3309250301197,-0.2013623649064,0.3309386776266,0.2013384419884
3.467368504525,3.299003937619,2.531580593577,3.299003937619,2.531580593577,-0.332804080893,-0.1999754123809,0.3328177905936,0.1999510847887
3.507518739526,3.324142586627,2.5150698203,3.324142586627,2.5150698203,-0.3346566990848,-0.1985809865849,0.3346704700967,0.1985562499733
3.548133892336,3.348931032533,2.498429577399,3.348931032533,2.498429577399,-0.3364829562743,-0.1971796238036,0.3364967877178,0.1971544737973
3.58921934645,3.373369999765,2.48166752577,3.373369999765,2.48166752577,-0.338282935876,-0.195771851996,0.3382968268743,0.1957462841882
3.630780547701,3.397460383832,2.46479120838,3.397460383832,2.46479120838,-0.3400567328406,-0.1943581906174,0.3400706825202,0.1943322005695
3.672823004981,3.421203243579,2.447808046064,3.421203243579,2.447808046064,-0.3418044530657,-0.1929391503273,0.3418184605566,0.1929127335675
3.715352290972,3.44459979611,2.430725335332,3.44459979611,2.430725335332,-0.3435262130716,-0.1915152328474,0.3435402775079,0.1914883848703
3.758374042884,3.467651412213,2.413550246609,3.467651412213,2.413550246609,-0.3452221397244,-0.1900869308528,0.3452362602444,0.1900596471181
3.801893963206,3.490359606738,2.39628981964,3.490359606738,2.39628981964,-0.3468923694608,-0.188654727641,0.3469065452074,0.188627003573
3.845917820454,3.51272603612,2.37895096363,3.51272603612,2.37895096363,-0.3485370482184,-0.1872190971664,0.3485512783395,0.187190928153
3.890451449943,3.53475249223,2.361540455165,3.53475249223,2.361540455165,-0.3501563310003,-0.1857805039004,0.350170614649,0.1857518852918
3.935500754558,3.556440894125,2.344064935119,3.556440894125,2.344064935119,-0.3517503812325,-0.1843394026103,0.3517647175673,0.1843103297188
3.981071705535,3.577793285117,2.326530909087,3.577793285117,2.326530909087,-0.3533193706439,-0.1828962384122,0.3533337588293,0.1828667065106
4.027170343255,3.598811825548,2.308944745158,3.598811825548,2.308944745158,-0.3548634787201,-0.181451446612,0.3548779179263,0.181421450933
4.073802778041,3.619498785899,2.291312672398,3.619498785899,2.291312672398,-0.3563828921911,-0.1800054526048,0.3563973815947,0.17997498834
4.120975190973,3.639856545074,2.273640782256,3.639856545074,2.273640782256,-0.3578778050221,-0.1785586719941,0.3578923438062,0.178527734293
4.168693834703,3.659887581587,2.255935026069,3.659887581587,2.255935026069,-0.3593484177065,-0.1771115104109,0.3593630050608,0.1770800943799
4.216965034286,3.679594467844,2.238201214534,3.679594467844,2.238201214534,-0.3607949368608,-0.1756643634816,0.3608095719819,0.1756324641832
4.265795188016,3.698979869361,2.220445020102,3.698979869361,2.220445020102,-0.362217575299,-0.1742176170216,0.3622322573905,0.1741852294732
4.315190768278,3.718046533348,2.202671973409,3.718046533348,2.202671973409,-0.3636165510644,-0.1727716467658,0.3636312793373,0.1727387659388
4.365158322402,3.736797289047,2.184887466461,3.736797289047,2.184887466461,-0.3649920876066,-0.1713268186197,0.3650068612792,0.1712934394385
4.415704473533,3.755235038633,2.167096750765,3.755235038633,2.167096750765,-0.3663444130367,-0.1698834885206,0.3663592313348,0.1698496058616
4.46683592151,3.773362755411,2.149304939365,3.773362755411,2.149304939365,-0.3676737600875,-0.168442002596,0.3676886222448,0.1684076112866
4.518559443749,3.791183476286,2.131517005957,3.791183476286,2.131517005957,-0.368980365515,-0.1670026970972,0.368995270773,0.1669677919148
4.570881896149,3.808700300143,2.113737787311,3.808700300143,2.113737787311,-0.3702644700717,-0.1655658985885,0.3702794176798,0.1655304742595
4.623810213993,3.825916381931,2.095971983308,3.825916381931,2.095971983308,-0.371526318058,-0.1641319239479,0.3715413072736,0.1640959751463
4.677351412872,3.842834927015,2.078224157336,3.842834927015,2.078224157336,-0.372766156897,-0.1627010803975,0.3727811869859,0.1626646017446
4.731512589615,3.859459188141,2.060498738092,3.859459188141,2.060498738092,-0.3739842369614,-0.1612736656411,0.3739993071974,0.1612366517038
4.786300923226,3.875792461703,2.042800020873,3.875792461703,2.042800020873,-0.3751808113252,-0.1598499679585,0.3751959209907,0.1598124132485
4.841723675841,3.891838083134,2.025132168666,3.891838083134,2.025132168666,-0.3763561354315,-0.1584302662871,0.3763712838171,0.15839216526
4.897788193685,3.907599421721,2.007499213007,3.907599421721,2.007499213007,-0.3775104667,-0.1570148302851,0.377525653105,0.156976177339
4.954501908048,3.92307988073,1.989905057188,3.92307988073,1.989905057188,-0.3786440646423,-0.15560392057,0.3786592883743,0.1555647100446
5.011872336273,3.938282886831,1.972353474771,3.938282886831,1.972353474771,-0.3797571899453,-0.1541977886023,0.3797724503207,0.1541580147781
5.069907082747,3.9532118959,1.954848115321,3.9532118959,1.954848115321,-0.3808501051251,-0.1527966771163,0.3808654014689,0.152756334213
5.128613839914,3.967870380513,1.937392502242,3.967870380513,1.937392502242,-0.3819230734201,-0.1514008199511,0.3819384050658,0.151359902127
5.18800038929,3.982261832048,1.919990036756,3.982261832048,1.919990036756,-0.3829763590814,-0.1500104423458,0.3829917253714,0.1499689436964
5.248074602498,3.99638975621,1.902643999272,3.99638975621,1.902643999272,-0.3840102270308,-0.1486257610383,0.3840256273161,0.1485836755954
5.30884444231,4.010257668934,1.885357550823,4.010257668934,1.885357550823,-0.3850249425522,-0.1472469843681,0.3850403761925,0.1472043060986
5.370317963703,4.023869095767,1.868133735939,4.023869095767,1.868133735939,-0.3860207713109,-0.1458743124872,0.3860362376745,0.1458310352921
5.432503314924,4.037227565843,1.850975483316,4.037227565843,1.850975483316,-0.3869979788548,-0.1445079374039,0.387013477319,0.144464055117
5.495408738576,4.050336612219,1.833885609048,4.050336612219,1.833885609048,-0.3879568307203,-0.1431480432204,0.3879723606709,0.1431035496076
5.559042572704,4.06319976679,1.816866817687,4.06319976679,1.816866817687,-0.3888975920164,-0.1417948062062,0.3889131528478,0.1417496949638
5.623413251904,4.075820560396,1.799921705316,4.075820560396,1.799921705316,-0.3898205275025,-0.1404483950223,0.389836118618,0.1404026597764
5.688529308438,4.088202516956,1.78305276032,4.088202516956,1.78305276032,-0.3907259010943,-0.1391089707729,0.3907415219057,0.1390626050782
5.754399373372,4.100349154318,1.76626236662,4.100349154318,1.76626236662,-0.3916139760051,-0.1377766872408,0.3916296259328,0.137729684579
5.821032177709,4.112263982235,1.749552805958,4.112263982235,1.749552805958,-0.3924850146128,-0.1364516910539,0.3925006930857,0.1364040448333
5.888436553556,4.123950496604,1.732926258526,4.123950496604,1.732926258526,-0.393339277967,-0.1351341217228,0.3933549844227,0.1350858252765
5.95662143529,4.135412180858,1.716384806384,4.135412180858,1.716384806384,-0.3941770259749,-0.1338241118909,0.3941927598594,0.1337751584761
6.025595860744,4.146652504739,1.699930435955,4.146652504739,1.699930435955,-0.3949985173361,-0.1325217875173,0.3950142781038,0.1324721703139
6.095368972402,4.15767491786,1.683565038275,4.15767491786,1.683565038275,-0.3958040089778,-0.131227267883,0.3958197960916,0.1311769799927
6.165950018615,4.168482853313,1.667290413268,4.168482853313,1.667290413268,-0.3965937564452,-0.1299406659094,0.3966095693761,0.1298897003542
6.237348354824,4.17907972437,1.651108271088,4.17907972437,1.651108271088,-0.3973680136297,-0.1286620882485,0.3973838518571,0.1286104379699
6.309573444802,4.189468919915,1.63502023328,4.189468919915,1.63502023328,-0.3981270323784,-0.1273916353628,0.3981428953898,0.1273392932203
6.382634861906,4.199653808216,1.619027836639,4.199653808216,1.619027836639,-0.3988710628893,-0.1261294018079,0.3988869501805,0.1260763605779
6.456542290347,4.209637731541,1.603132534017,4.209637731541,1.603132534017,-0.3996003532391,-0.1248754762852,0.3996162643138,0.12482172866
6.531305526475,4.219424007117,1.587335697121,4.219424007117,1.587335697121,-0.4003151495078,-0.1236299418445,0.4003310838778,0.123575480431
6.606934480076,4.229015923421,1.571638617731,4.229015923421,1.571638617731,-0.4010156954604,-0.1223928759664,0.4010316526452,0.1223376932848
6.683439175686,4.238416744025,1.556042511469,4.238416744025,1.556042511469,-0.4017022329418,-0.1211643508399,0.4017182124688,0.1211084393226
6.76082975392,4.247629701312,1.540548517991,4.247629701312,1.540548517991,-0.4023750013098,-0.1199444333658,0.4023910027143,0.1198877853562
6.839116472814,4.256657996919,1.525157703678,4.256657996919,1.525157703678,-0.4030342375061,-0.1187331853547,0.403050260331,0.1186757931058
6.918309709189,4.265504803905,1.509871064393,4.265504803905,1.509871064393,-0.4036801762846,-0.1175306637229,0.4036962200803,0.1174725193965
6.998419960023,4.274173261573,1.494689526224,4.274173261573,1.494689526224,-0.4043130497466,-0.1163369205425,0.4043291140709,0.1162780162075
7.079457843841,4.282666478484,1.479613948555,4.282666478484,1.479613948555,-0.4049330876467,-0.1151520032641,0.404949172065,0.1150923308954
7.161434102129,4.290987528434,1.464645125008,4.290987528434,1.464645125008,-0.405540517034,-0.1139759547795,0.4055566211188,0.1139155062569
7.24435960075,4.299139452339,1.449783786039,4.299139452339,1.449783786039,-0.406135562448,-0.1128088136085,0.4061516857793,0.1127475807153
7.328245331389,4.307125256853,1.435030600651,4.307125256853,1.435030600651,-0.4067184458064,-0.1116506140214,0.4067345879709,0.1115885884431
7.413102413009,4.314947913305,1.420386178062,4.314947913305,1.420386178062,-0.4072893863201,-0.1105013861566,0.407305546912,0.1104385594798
7.498942093325,4.322610358756,1.4058510699,4.322610358756,1.4058510699,-0.4078486006081,-0.1093611561768,0.4078647792282,0.1092975198877
7.585775750292,4.330115493494,1.391425771454,4.330115493494,1.391425771454,-0.4083963024738,-0.1082299463569,0.4084124987299,0.1081654918401
7.673614893618,4.337466181922,1.377110723753,4.337466181922,1.377110723753,-0.408932703002,-0.1071077752324,0.4089489165086,0.1070424937697
7.762471166287,4.344665252721,1.362906315456,4.344665252721,1.362906315456,-0.4094580105843,-0.1059946577348,0.4094742409624,0.1059285405037
7.852356346101,4.351715497275,1.348812884134,4.351715497275,1.348812884134,-0.4099724307807,-0.1048906052799,0.4099886776581,0.1048236433523
7.943282347243,4.358619670943,1.33483071839,4.358619670943,1.33483071839,-0.4104761664487,-0.1037956259209,0.4104924294595,0.1037278102619
8.035261221856,4.3653804908,1.320960058876,4.3653804908,1.320960058876,-0.4109694175377,-0.1027097244171,0.4109856963223,0.1026410458837
8.128305161641,4.372000638534,1.307201100762,4.372000638534,1.307201100762,-0.4114523813685,-0.1016329024139,0.4114686755737,0.1015633517534
8.222426499471,4.378482756196,1.29355399416,4.378482756196,1.29355399416,-0.4119252522396,-0.1005651584666,0.4119415615183,0.1004947263152
8.317637711027,4.384829451252,1.280018847005,4.384829451252,1.280018847005,-0.4123882219073,-0.09950648825096,0.4124045459182,0.09943516513283
8.413951416452,4.39104329187,1.266595725355,4.39104329187,1.266595725355,-0.412841479146,-0.0984568845793,0.412857817554,0.09838466090473
8.511380382024,4.397126809465,1.253284655514,4.397126809465,1.253284655514,-0.4132852099913,-0.09741633755345,0.4133015624672,0.09734320361767
8.609937521846,4.403082496629,1.240085624896,4.403082496629,1.240085624896,-0.413719597548,-0.09638483462285,0.4137359637682,0.09631078060458
8.709635899561,4.408912812854,1.22699858491,4.408912812854,1.22699858491,-0.414144822529,-0.09536236079661,0.4141612021756,0.09528737675658
8.81048873008,4.414620175769,1.214023450078,4.414620175769,1.214023450078,-0.4145610624341,-0.09434889856962,0.4145774551946,0.09427297444921
8.912509381338,4.420206967964,1.201160101056,4.420206967964,1.201160101056,-0.4149684921906,-0.09334442814473,0.4149848977582,0.0932675537645
9.01571137606,4.425675535549,1.18840838552,4.425675535549,1.18840838552,-0.4153672840178,-0.09234892749242,0.4153837020909,0.0922710925506
9.120108393559,4.431028186439,1.175768119045,4.431028186439,1.175768119045,-0.4157576072664,-0.09136237241231,0.4157740375486,0.09128356648341
9.225714271548,4.436267193654,1.163239087019,4.436267193654,1.163239087019,-0.4161396287252,-0.09038473667021,0.4161560709253,0.09030494920342
9.33254300797,4.441394791558,1.150821044996,4.441394791558,1.150821044996,-0.4165135122676,-0.08941599202025,0.4165299660996,0.08933521233804
9.440608762859,4.446413180765,1.138513720896,4.446413180765,1.138513720896,-0.4168794193091,-0.08845610836369,0.4168958844917,0.08837432566024
9.549925860214,4.451324523373,1.126316815052,4.451324523373,1.126316815052,-0.4172375083576,-0.08750505374767,0.4172539846146,0.08742225708737
9.660508789898,4.456130948424,1.114230002494,4.456130948424,1.114230002494,-0.4175879355223,-0.08656279453224,0.4176044225819,0.08647897284811
9.772372209558,4.460834547435,1.102252932998,4.460834547435,1.102252932998,-0.4179308540906,-0.08562929538809,0.417947351686,0.08554443748023
9.88553094657,4.465437377284,1.090385232648,4.465437377284,1.090385232648,-0.4182664147954,-0.08470451940875,0.4182829226643,0.08461861394277
10.0,4.469941460463,1.078626504979,4.469941460463,1.078626504979,-0.418594765834,-0.08378842819308,0.4186112837185,0.08370146369853
10.1157945426,4.474348784072,1.06697633158,4.474348784072,1.06697633158,-0.4189160527692,-0.0828809818839,0.4189325804156,0.08279294675266
10.23292992281,4.47866130273,1.055434273685,4.47866130273,1.055434273685,-0.4192304187968,-0.08198213928464,0.419246955956,0.08189302176922
10.35142166679,4.482880934678,1.043999872217,4.482880934678,1.043999872217,-0.4195380043762,-0.08109185785691,0.4195545508032,0.08100164606895
10.47128548051,4.48700956579,1.032672649448,4.48700956579,1.032672649448,-0.4198389475995,-0.08021009384109,0.4198555030533,0.08011877574959
10.59253725177,4.491049049362,1.021452109818,4.491049049362,1.021452109818,-0.4201333841663,-0.07933680231389,0.4201499484099,0.0792443657436
10.71519305238,4.495001204612,1.010337740392,4.495001204612,1.010337740392,-0.4204214472376,-0.07847193721815,0.4204380200379,0.07837836984785
10.83926914021,4.498867819131,0.9993290121378,4.498867819131,0.9993290121378,-0.4207032676587,-0.07761545145481,0.4207198487866,0.07752074081562
10.96478196143,4.502650647662,0.9884253803792,4.502650647662,0.9884253803792,-0.4209789738383,-0.07676729691217,0.4209955630682,0.07667143038584
11.09174815262,4.506351413225,0.9776262858416,4.506351413225,0.9776262858416,-0.4212486918481,-0.07592742454231,0.4212652889581,0.07583038935948
11.22018454302,4.509971808834,0.9669311555562,4.509971808834,0.9669311555562,-0.4215125455753,-0.07509578442331,0.421529150347,0.07499756766171
11.35010815672,4.513513494938,0.9563394030951,4.513513494938,0.9563394030951,-0.4217706564777,-0.07427232577389,0.4217872686963,0.07417291435659
11.48153621497,4.516978101119,0.9458504295524,4.516978101119,0.9458504295524,-0.4220231437348,-0.07345699702357,0.4220397631888,0.07335637771723
11.6144861384,4.520367229123,0.9354636247263,4.520367229123,0.9354636247263,-0.4222701245241,-0.07264974589822,0.4222867510052,0.07254790531119
11.7489755494,4.523682448208,0.9251783668136,4.523682448208,0.9251783668136,-0.4225117135794,-0.07185051939233,0.4225283468825,0.07174744397288
11.88502227437,4.526925299498,0.9149940238565,4.526925299498,0.9149940238565,-0.4227480235899,-0.0710592638757,0.4227646635133,0.07095493991015
12.02264434617,4.530097295315,0.9049099541377,4.530097295315,0.9049099541377,-0.422979165131,-0.07027592511911,0.4229958114756,0.07017033872994
12.16186000646,4.53319991797,0.8949255065171,4.53319991797,0.8949255065171,-0.4232052465434,-0.06950044831636,0.4232218991133,0.06939358546038
12.30268770812,4.536234624139,0.88504002173,4.536234624139,0.88504002173,-0.4234263743347,-0.06873277817915,0.4234430329367,0.06862462464548
12.44514611771,4.539202840739,0.8752528321537,4.539202840739,0.8752528321537,-0.4236426527863,-0.06797285891589,0.4236593172301,0.06786340032412
12.58925411794,4.542105967706,0.8655632627766,4.542105967706,0.8655632627766,-0.4238541842059,-0.06722063430168,0.423870854304,0.06710985609987
12.73503081017,4.544945377595,0.8559706315991,4.544945377595,0.8559706315991,-0.4240610688821,-0.06647604770554,0.4240777444493,0.06636393516829
12.88249551693,4.5477224173,0.846474250358,4.5477224173,0.846474250358,-0.4242634052371,-0.0657390421419,0.424280086091,0.0656255803683
13.03166778452,4.55043840764,0.8370734249322,4.55043840764,0.8370734249322,-0.4244612897814,-0.06500956029906,0.4244779757419,0.06489473421067
13.18256738556,4.553094642436,0.8277674555113,4.553094642436,0.8277674555113,-0.4246548170186,-0.06428754454737,0.424671507908,0.06417133888623
13.33521432163,4.55569239154,0.8185556376052,4.55569239154,0.8185556376052,-0.4248440797221,-0.06357293701468,0.4248607753649,0.0634553363412
13.48962882592,4.558232898848,0.8094372620012,4.558232898848,0.8094372620012,-0.4250291687404,-0.06286567957858,0.4250458689635,0.06274666826948
13.64583136589,4.560717384803,0.8004116156001,4.560717384803,0.8004116156001,-0.4252101732244,-0.06216571392811,0.4252268778568,0.06204527617428
13.80384264603,4.56314704412,0.7914779813837,4.56314704412,0.7914779813837,-0.4253871804067,-0.06147298155813,0.4254038892793,0.06135110136256
13.96368361056,4.565523048835,0.7826356392222,4.565523048835,0.7826356392222,-0.4255602758792,-0.06078742382773,0.4255769888249,0.06066408500327
14.12537544623,4.56784654842,0.7738838662345,4.56784654842,0.7738838662345,-0.4257295435955,-0.06010898198534,0.4257462604493,0.05998416815256
14.28893958511,4.570118667223,0.7652219366834,4.570118667223,0.7652219366834,-0.4258950656253,-0.05943759715786,0.4259117862237,0.05931129174288
14.45439770746,4.572340508579,0.756649122942,4.572340508579,0.756649122942,-0.4260569225299,-0.05877321042215,0.4260736467115,0.05864539665434
14.62177174457,4.574513153315,0.7481646955137,4.574513153315,0.7481646955137,-0.4262151932162,-0.0581157628036,0.426231920821,0.05798642371337
14.79108388168,4.576637660122,0.7397679233647,4.576637660122,0.7397679233647,-0.4263699549628,-0.05746519529901,0.4263866858326,0.05733431371553
14.96235656094,4.578715067257,0.7314580744507,4.578715067257,0.7314580744507,-0.4265212835724,-0.05682144891462,0.4265380175503,0.05668900746347
15.13561248436,4.580746390224,0.7232344156397,4.580746390224,0.7232344156397,-0.4266692531481,-0.05618446465815,0.4266859900788,0.05605044575907
15.31087461682,4.582732624816,0.7150962133638,4.582732624816,0.7150962133638,-0.4268139363696,-0.05555418358566,0.4268306760992,0.05541856945011
15.48816618913,4.584674746934,0.7070427338475,4.584674746934,0.7070427338475,-0.4269554044697,-0.05493054681728,0.4269721468455,0.05479331944608
15.66751070108,4.586573711871,0.6990732431955,4.586573711871,0.6990732431955,-0.4270937271598,-0.0543134955414,0.4271104720304,0.05417463672233
15.84893192461,4.58843045519,0.6911870077516,4.58843045519,0.6911870077516,-0.4272289727055,-0.05370297104026,0.4272457199206,0.05356246234564
16.0324539069,4.590245893067,0.6833832943469,4.590245893067,0.6833832943469,-0.4273612079514,-0.05309891470698,0.4273779573618,0.05295673749117
16.21810097359,4.592020923986,0.6756613706914,4.592020923986,0.6756613706914,-0.4274904984718,-0.05250126807298,0.4275072499294,0.05235740346986
16.405897732,4.593756426107,0.6680205052343,4.593756426107,0.6680205052343,-0.4276169083196,-0.05190997279608,0.4276336616771,0.0517644017166
16.59586907438,4.595453261639,0.6604599679051,4.595453261639,0.6604599679051,-0.427740500426,-0.05132497071486,0.4277572555372,0.05117767384441
16.78804018123,4.597112271518,0.6529790295647,4.597112271518,0.6529790295647,-0.4278613360993,-0.05074620380493,0.4278780928184,0.05059716160084
16.98243652462,4.598734283262,0.6455769632101,4.598734283262,0.6455769632101,-0.4279794757488,-0.05017361426931,0.427996233931,0.05002280695813
17.17908387158,4.600320103761,0.6382530431652,4.600320103761,0.6382530431652,-0.4280949782078,-0.04960714447488,0.428111737709,0.04945455204984
17.37800828749,4.601870523622,0.6310065458138,4.601870523622,0.6310065458138,-0.4282079011319,-0.04904673700695,0.4282246618085,0.04889233922529
17.57923613959,4.603386319109,0.623836749935,4.603386319109,0.623836749935,-0.4283183011722,-0.04849233469277,0.4283350628811,0.04833611107292
17.78279410039,4.604868248125,0.6167429363647,4.604868248125,0.6167429363647,-0.4284262335968,-0.04794388057486,0.4284429961953,0.04778581039381
17.98870915129,4.606317053226,0.609724388445,4.606317053226,0.609724388445,-0.4285317525636,-0.04740131794295,0.4285485159095,0.04724138023346
18.1970085861,4.607733460825,0.6027803920995,4.607733460825,0.6027803920995,-0.4286349110416,-0.04686459033929,0.4286516749928,0.04670276388712
18.40772001469,4.609118182577,0.5959102360477,4.609118182577,0.5959102360477,-0.4287357609328,-0.04633364157267,0.4287525253476,0.0461699049137
18.62087136663,4.610471914583,0.589113211848,4.610471914583,0.589113211848,-0.428834352993,-0.04580841572094,0.4288511177299,0.04564274713835
18.8364908949,4.611795339297,0.5823886142127,4.611795339297,0.5823886142127,-0.4289307370032,-0.04528885715367,0.4289475019206,0.04512123467498
19.05460717963,4.613089123377,0.5757357408267,4.613089123377,0.5757357408267,-0.4290249615641,-0.04477491051672,0.4290417265205,0.04460531191097
19.27524913191,4.614353919315,0.5691538926467,4.614353919315,0.5691538926467,-0.4291170742419,-0.04426652075425,0.4291338390958,0.04409492352898
19.49844599758,4.615590367055,0.5626423741325,4.615590367055,0.5626423741325,-0.4292071217136,-0.04376363312468,0.4292238863233,0.0435900145229
19.72422736115,4.616799092371,0.5562004931783,4.616799092371,0.5562004931783,-0.4292951496108,-0.04326619319499,0.4293119138344,0.04309053019217
19.95262314969,4.617980706596,0.5498275611063,4.617980706596,0.5498275611063,-0.4293812024889,-0.04277414683834,0.4293979661842,0.04259641613941
20.18366363682,4.619135808765,0.543522893,4.619135808765,0.543522893,-0.4294653240214,-0.04228744025893,0.429482087046,0.04210761829509
20.4173794467,4.620264985338,0.5372858077187,4.620264985338,0.5372858077187,-0.4295475569687,-0.04180601999182,0.4295643191797,0.04162408291746
20.65380155811,4.621368809362,0.5311156278698,4.621368809362,0.5311156278698,-0.4296279430955,-0.04132983289994,0.4296447043494,0.04114575658947
20.89296130854,4.622447843428,0.5250116801679,4.622447843428,0.5250116801679,-0.4297065234403,-0.04085882620041,0.4297232835932,0.04067258624498
21.13489039837,4.623502635043,0.5189732949843,4.623502635043,0.5189732949843,-0.4297833378809,-0.04039294742901,0.4298000967881,0.04020451913337
21.37962089502,4.624533722819,0.5129998070639,4.624533722819,0.5129998070639,-0.4298584257041,-0.03993214449443,0.4298751832205,0.03974150287353
21.62718523727,4.625541631299,0.5070905550038,4.625541631299,0.5070905550038,-0.4299318251208,-0.03947636563711,0.4299485811001,0.03928348541291
21.8776162395,4.626526876599,0.5012448818693,4.626526876599,0.5012448818693,-0.4300035737849,-0.03902555947558,0.4300203280802,0.03883041507353
22.13094709606,4.627489960135,0.4954621346043,4.627489960135,0.4954621346043,-0.4300737082068,-0.03857967496063,0.4300904606702,0.03838224050644
22.38721138568,4.628431376159,0.4897416648027,4.628431376159,0.4897416648027,-0.4301422644484,-0.03813866143337,0.430159014931,0.0379389107494
22.64644307593,4.629351604126,0.484082827981,4.629351604126,0.484082827981,-0.4302092774096,-0.03770246856876,0.4302260257614,0.03750037517075
22.90867652768,4.630251117299,0.4784849844427,4.630251117299,0.4784849844427,-0.4302747816236,-0.03727104644101,0.4302915276933,0.03706658353433
23.17394649969,4.63113037538,0.4729474985841,4.63113037538,0.4729474985841,-0.430338810568,-0.03684434546972,0.4303555542034,0.03663748594598
23.4422881532,4.631989830134,0.4674697394429,4.631989830134,0.4674697394429,-0.4304013971832,-0.03642231646096,0.4304181382304,0.03621303289432
23.71373705662,4.632829922069,0.4620510804219,4.632829922069,0.4620510804219,-0.4304625735595,-0.03600491058588,0.4304793118634,0.03579317522947
23.9883291902,4.633651083617,0.45669089956,4.633651083617,0.45669089956,-0.4305223712291,-0.03559207940014,0.430539106633,0.03537786418227
24.26610095082,4.634453735537,0.4513885792382,4.634453735537,0.4513885792382,-0.4305808208275,-0.03518377482118,0.4305975531733,0.03496705134178
24.54708915685,4.635238292253,0.4461435066583,4.635238292253,0.4461435066583,-0.4306379525861,-0.03477994916404,0.4306546817138,0.03456068869069
24.83133105296,4.636005156083,0.4409550733452,4.636005156083,0.4409550733452,-0.4306937957914,-0.0343805551029,0.4307105215394,0.03415872856721
25.1188643151,4.636754723659,0.4358226756822,4.636754723659,0.4358226756822,-0.4307483793785,-0.03398554571087,0.4307651015835,0.03376112370443
25.40972705549,4.637487380142,0.4307457144499,4.637487380142,0.4307457144499,-0.4308017313895,-0.03359487442488,0.4308184498862,0.03336782719553
25.70395782769,4.638203503737,0.4257235951807,4.638203503737,0.4257235951807,-0.43085387939,-0.03320849507166,0.430870594011,0.03297879251942
26.00159563165,4.638903464247,0.4207557280444,4.638903464247,0.4207557280444,-0.4309048503299,-0.03282636185868,0.4309215609059,0.03259397353181
26.30267991895,4.639587622966,0.4158415278308,4.639587622966,0.4158415278308,-0.4309546705317,-0.03244842937229,0.430971376891,0.03221332446322
26.60725059799,4.640256333123,0.4109804139766,4.640256333123,0.4109804139766,-0.431003365727,-0.03207465257915,0.4310200676958,0.03183679992044
26.91534803927,4.64090994113,0.4061718106717,4.64090994113,0.4061718106717,-0.4310509611695,-0.03170498683417,0.4310676585717,0.03146435489429
27.22701308078,4.641548784573,0.4014151466656,4.641548784573,0.4014151466656,-0.4310974814456,-0.03133938786486,0.4311141741026,0.0310959447441
27.54228703338,4.642173195085,0.396709855497,4.642173195085,0.396709855497,-0.4311429507373,-0.03097781178871,0.431159638468,0.03073152521482
27.8612116863,4.64278349443,0.3920553751674,4.64278349443,0.3920553751674,-0.431187392456,-0.0306202150876,0.4312040750765,0.0303710524117
28.18382931265,4.643380000085,0.3874511485613,4.643380000085,0.3874511485613,-0.431230829757,-0.03026655463957,0.4312475070809,0.03001448283163
28.51018267504,4.643963020771,0.3828966230897,4.643963020771,0.3828966230897,-0.4312732851224,-0.02991678769129,0.4312899569605,0.02966177333585
28.84031503127,4.644532859861,0.3783912509177,4.644532859861,0.3783912509177,-0.4313147806742,-0.02957087187477,0.4313314468341,0.02931288116643
29.17427014001,4.645089811722,0.3739344886845,4.645089811722,0.3739344886845,-0.4313553378315,-0.02922876518579,0.4313719981179,0.02896776392486
29.51209226666,4.645634166197,0.3695257978255,4.645634166197,0.3695257978255,-0.4313949777239,-0.02889042600832,0.4314116319385,0.02862637959616
29.85382618918,4.646166206303,0.3651646443389,4.646166206303,0.3651646443389,-0.4314337209755,-0.0285558130957,0.4314503689166,0.02828868653014
30.19951720402,4.64668620809,0.3608504988081,4.64668620809,0.3608504988081,-0.4314715876883,-0.02822488557274,0.4314882291509,0.0279546434435
30.54921113216,4.647194443221,0.3565828365266,4.647194443221,0.3565828365266,-0.4315085976797,-0.02789760294455,0.4315252324555,0.02762420942844
30.90295432514,4.647691173669,0.3523611371034,4.647691173669,0.3523611371034,-0.431544769987,-0.02757392506588,0.431561397864,0.02729734392225
31.26079367124,4.648176659719,0.3481848850098,4.648176659719,0.3481848850098,-0.4315801236084,-0.02725381218304,0.4315967443708,0.02697400674874
31.62277660168,4.648651154663,0.3440535691825,4.648651154663,0.3440535691825,-0.431614677007,-0.02693722490315,0.4316312904356,0.02665415808772
31.98895109691,4.649114903287,0.3399666828811,4.649114903287,0.3399666828811,-0.4316484479691,-0.02662412418257,0.4316650538404,0.02633775846352
32.35936569296,4.649568149875,0.3359237242163,4.649568149875,0.3359237242163,-0.4316814543436,-0.02631447136758,0.4316980524304,0.0260247687851
32.73406948788,4.650011129084,0.3319241955037,4.650011129084,0.3319241955037,-0.4317137131935,-0.02600822814425,0.4317303032642,0.02571515029644
33.11311214826,4.650444072307,0.3279676036609,4.650444072307,0.3279676036609,-0.4317452413837,-0.02570535656886,0.4317618232026,0.02540886460651
33.49654391578,4.650867205345,0.3240534600173,4.650867205345,0.3240534600173,-0.4317760553629,-0.02540581905285,0.4317926286899,0.02510587367432
33.88441561392,4.651280749056,0.3201812803317,4.651280749056,0.3201812803317,-0.4318061712214,-0.02510957836412,0.4318227358118,0.0248061398101
34.27677865465,4.651684920006,0.3163505848022,4.651684920006,0.3163505848022,-0.4318356047496,-0.0248165976275,0.4318521603542,0.02450962567573
34.67368504525,4.652079927858,0.3125608978724,4.652079927858,0.3125608978724,-0.4318643711933,-0.02452684030968,0.431880917558,0.02421629426974
35.07518739526,4.652465980096,0.3088117484865,4.652465980096,0.3088117484865,-0.4318924856901,-0.02424027023854,0.431909022556,0.02392610894627
35.48133892336,4.652843278592,0.3051026698536,4.652843278592,0.3051026698536,-0.4319199629489,-0.02395685158497,0.431936490052,0.02363903339711
35.8921934645,4.653212019432,0.3014331993997,4.653212019432,0.3014331993997,-0.4319468172316,-0.02367654885884,0.4319633343027,0.02335503164757
36.30780547701,4.653572396819,0.2978028789725,4.653572396819,0.2978028789725,-0.4319730627135,-0.02339932692475,0.431989569478,0.02307406807193
36.72823004981,4.653924598275,0.2942112545157,4.653924598275,0.2942112545157,-0.4319987130358,-0.0231251509766,0.4320152092138,0.02279610736831
37.15352290972,4.654268808812,0.2906578762879,4.654268808812,0.2906578762879,-0.4320237816912,-0.02285398655449,0.4320402669971,0.02252111457518
37.58374042885,4.654605207486,0.2871422986261,4.654605207486,0.2871422986261,-0.432048281702,-0.0225857995262,0.4320647558445,0.02224905505301
38.01893963206,4.654933971842,0.2836640801691,4.654933971842,0.2836640801691,-0.4320722260308,-0.02232055610446,0.4320886887127,0.02197989450123
38.45917820454,4.655255273099,0.2802227835378,4.655255273099,0.2802227835378,-0.4320956271322,-0.0220582228219,0.4321120780499,0.0217135989334
38.90451449943,4.655569280046,0.2768179755294,4.655569280046,0.2768179755294,-0.4321184973123,-0.02179876654609,0.4321349361563,0.02145013469196
39.35500754558,4.655876157223,0.2734492269843,4.655876157223,0.2734492269843,-0.4321408485583,-0.02154215446922,0.4321572750126,0.0211894684379
39.81071705535,4.656176065001,0.2701161127439,4.656176065001,0.2701161127439,-0.4321626925442,-0.02128835410455,0.4321791062862,0.02093156714721
40.27170343255,4.656469161293,0.2668182117154,4.656469161293,0.2668182117154,-0.4321840407883,-0.02103733329141,0.4322004414886,0.0206763981157
40.73802778041,4.65675559973,0.2635551067342,4.65675559973,0.2635551067342,-0.4322049044817,-0.02078906018451,0.4322212918041,0.0204239289483
41.20975190973,4.657035529462,0.2603263845206,4.657035529462,0.2603263845206,-0.4322252944693,-0.0205435032504,0.4322416680705,0.02017412755553
41.68693834703,4.657309098775,0.2571316358334,4.657309098775,0.2571316358334,-0.4322452215828,-0.02030063127944,0.432261581112,0.01992696216513
42.16965034286,4.657576450805,0.2539704552093,4.657576450805,0.2539704552093,-0.4322646962422,-0.02006041336545,0.4322810413415,0.01968240130193
42.65795188016,4.657837725246,0.2508424410146,4.657837725246,0.2508424410146,-0.4322837286128,-0.01982281890962,0.4323000589164,0.01944041379159
43.15190768278,4.658093060327,0.2477471955019,4.658093060327,0.2477471955019,-0.4323023287868,-0.01958781762487,0.4323186439211,0.01920096876473
43.65158322402,4.65834258879,0.2446843245968,4.65834258879,0.2446843245968,-0.4323205064093,-0.01935537951946,0.4323368059926,0.01896403564078
44.15704473533,4.658586443409,0.241653438103,4.658586443409,0.241653438103,-0.4323382711887,-0.01912547491258,0.4323545548311,0.01872958414304
44.6683592151,4.658824751065,0.2386541493937,4.658824751065,0.2386541493937,-0.4323556323453,-0.01889807441049,0.4323718996485,0.01849758427527
45.18559443749,4.659057637709,0.2356860756106,4.659057637709,0.2356860756106,-0.4323725990712,-0.01867314892193,0.4323888496282,0.01826800633657
45.70881896149,4.659285225156,0.2327488374806,4.659285225156,0.2327488374806,-0.4323891802313,-0.01845066964393,0.4324054136262,0.01804082090743
46.23810213993,4.659507633058,0.2298420593628,4.659507633058,0.2298420593628,-0.4324053845447,-0.01823060806535,0.4324216003525,0.01781599885297
46.77351412872,4.659724979231,0.2269653692303,4.659724979231,0.2269653692303,-0.4324212206144,-0.01801293596547,0.4324374184007,0.01759351132149
47.31512589615,4.659937376448,0.2241183984927,4.659937376448,0.2241183984927,-0.4324366966282,-0.01779762540026,0.4324528759493,0.01737332973087
47.86300923226,4.660144938218,0.221300782211,4.660144938218,0.221300782211,-0.4324518208938,-0.01758464871902,0.4324679812959,0.01715542578469
48.41723675841,4.660347772301,0.2185121587764,4.660347772301,0.2185121587764,-0.4324666012362,-0.01737397853935,0.4324827422556,0.01693977144763
48.97788193685,4.660545986487,0.2157521701359,4.660545986487,0.2157521701359,-0.4324810455324,-0.01716558776493,0.4324971666951,0.01672633896273
49.54501908048,4.660739684018,0.2130204615421,4.660739684018,0.2130204615421,-0.4324951612856,-0.01695944956578,0.4325112621072,0.01651510083189
50.11872336273,4.660928967997,0.2103166817178,4.660928967997,0.2103166817178,-0.4325089560337,-0.01675553739131,0.4325250360189,0.0163060298285
50.69907082747,4.661113937084,0.2076404826363,4.661113937084,0.2076404826363,-0.4325224369484,-0.01655382495316,0.4325384955907,0.01609909898059
51.28613839914,4.661294689631,0.2049915196506,4.661294689631,0.2049915196506,-0.4325356112179,-0.01635428623525,0.4325516479997,0.01589428158035
51.8800038929,4.66147132019,0.2023694513219,4.66147132019,0.2023694513219,-0.4325484857222,-0.01615689548051,0.4325645001142,0.0156915511712
52.48074602498,4.661643922286,0.1997739394928,4.661643922286,0.1997739394928,-0.432561067289,-0.01596162719666,0.4325770587502,0.01549088155308
53.0884444231,4.661812585466,0.1972046491378,4.661812585466,0.1972046491378,-0.4325733624194,-0.01576845614446,0.4325893303965,0.01529224677107
53.70317963703,4.661977400525,0.1946612485265,4.661977400525,0.1946612485265,-0.4325853777715,-0.01557735735069,0.4326013216986,0.01509562112761
54.32503314924,4.662138452462,0.1921434089186,4.662138452462,0.1921434089186,-0.4325971195059,-0.01538830608415,0.4326130388046,0.01490097915919
54.95408738576,4.662295827883,0.1896508048117,4.662295827883,0.1896508048117,-0.4326085939724,-0.01520127787531,0.4326244880511,0.01470829565517
55.59042572704,4.662449608782,0.1871831136726,4.662449608782,0.1871831136726,-0.4326198071306,-0.01501624849527,0.4326356753845,0.0145175456372
56.23413251904,4.662599876387,0.1847400160402,4.662599876387,0.1847400160402,-0.4326307649079,-0.01483319396377,0.4326466067182,0.01432870436685
56.88529308439,4.662746710124,0.1823211954668,4.662746710124,0.1823211954668,-0.4326414731005,-0.01465209054498,0.4326572878347,0.01414174734133
57.54399373372,4.662890186829,0.179926338433,4.662890186829,0.179926338433,-0.4326519373012,-0.0144729147405,0.4326677243123,0.01395665028651
58.21032177709,4.663030382702,0.1775551343988,4.663030382702,0.1775551343988,-0.4326621630788,-0.01429564329374,0.432677921705,0.01377338916097
58.88436553556,4.663167371434,0.1752072757058,4.663167371434,0.1752072757058,-0.4326721558038,-0.01412025318237,0.4326878853684,0.0135919401486
59.5662143529,4.663301226155,0.1728824575915,4.663301226155,0.1728824575915,-0.4326819208288,-0.01394672161924,0.4326976206397,0.01341227965915
60.25595860744,4.663432015926,0.1705803780564,4.663432015926,0.1705803780564,-0.4326914631617,-0.01377502604235,0.4327071325108,0.01323438431849
60.95368972402,4.663559810954,0.1683007379956,4.663559810954,0.1683007379956,-0.4327007879492,-0.01360514412517,0.4327164261125,0.01305823097831
61.65950018615,4.663684677993,0.1660432410123,4.663684677993,0.1660432410123,-0.4327099000492,-0.01343705376201,0.4327255062861,0.01288379670184
62.37348354824,4.663806682835,0.1638075934699,4.663806682835,0.1638075934699,-0.4327188042612,-0.01327073307238,0.4327343778142,0.01271105876782
63.09573444802,4.663925891427,0.1615935044866,4.663925891427,0.1615935044866,-0.4327275054298,-0.01310616040059,0.432743045524,0.01253999466991
63.82634861906,4.66404236446,0.1594006857411,4.66404236446,0.1594006857411,-0.4327360079411,-0.01294331430055,0.4327515137838,0.01237058210195
64.56542290347,4.664156165301,0.1572288516798,4.664156165301,0.1572288516798,-0.4327443164587,-0.01278217355231,0.4327597872391,0.01220279897351
65.31305526475,4.66426735294,0.1550777192678,4.66426735294,0.1550777192678,-0.4327524352681,-0.01262271714243,0.4327678701569,0.01203662339098
66.06934480076,4.664375986108,0.1529470080851,4.664375986108,0.1529470080851,-0.4327603686588,-0.01246492427181,0.4327757668076,0.01187203366475
66.83439175686,4.664482122489,0.1508364402665,4.664482122489,0.1508364402665,-0.4327681208503,-0.01230877435103,0.4327834813911,0.01170900830459
67.6082975392,4.664585818477,0.1487457404648,4.664585818477,0.1487457404648,-0.4327756959687,-0.01215424699765,0.4327910180138,0.01154752601679
68.39116472814,4.664687127843,0.1466746357769,4.664687127843,0.1466746357769,-0.432783097923,-0.01200132203035,0.4327983805641,0.01138756569847
69.1830970919,4.664786105034,0.14462285581,4.664786105034,0.14462285581,-0.4327903307099,-0.01184997947451,0.4328055730179,0.01122910644248
69.98419960023,4.6648828022,0.1425901325614,4.6648828022,0.1425901325614,-0.4327973981381,-0.01170019955273,0.4328125991625,0.01107212752826
70.79457843842,4.664977269496,0.1405762004,4.664977269496,0.1405762004,-0.4328043038554,-0.01155196268349,0.4328194626238,0.01091660842038
71.61434102129,4.665069558376,0.1385807961226,4.665069558376,0.1385807961226,-0.432811051654,-0.01140524948597,0.4328261671715,0.01076252877269
72.4435960075,4.66515971617,0.1366036587781,4.66515971617,0.1366036587781,-0.4328176449666,-0.01126004076599,0.4328327162155,0.01060986841496
73.28245331389,4.66524779156,0.1346445297774,4.66524779156,0.1346445297774,-0.4328240873741,-0.01111631752511,0.4328391133133,0.01045860736108
74.13102413009,4.665333830514,0.1327031527617,4.665333830514,0.1327031527617,-0.432830382228,-0.01097406095027,0.4328453617922,0.01030872579908
74.98942093325,4.665417878764,0.1307792736347,4.665417878764,0.1307792736347,-0.4328365328796,-0.01083325241653,0.432851464979,0.01016020409351
75.85775750292,4.665499980197,0.1288726404876,4.665499980197,0.1288726404876,-0.4328425425303,-0.01069387348122,0.4328574260499,0.01001302277957
76.73614893618,4.665580179052,0.1269830036276,4.665580179052,0.1269830036276,-0.4328484144352,-0.01055590588655,0.4328632482342,0.00986716256535
77.62471166287,4.66565851695,0.1251101154756,4.66565851695,0.1251101154756,-0.4328541516268,-0.0104193315515,0.4328689345381,0.009722604323963
78.52356346101,4.665735035912,0.1232537306008,4.665735035912,0.1232537306008,-0.4328597571946,-0.0102841325748,0.4328744880241,0.009579329096015
79.43282347243,4.665809775652,0.12141360564,4.665809775652,0.12141360564,-0.4328652340338,-0.01015029122873,0.4328799115599,0.009437318083591
80.35261221856,4.665882777146,0.1195894993409,4.665882777146,0.1195894993409,-0.4328705851759,-0.01001778996284,0.4328852081486,0.009296552653355
81.28305161641,4.665954077469,0.1177811724177,4.665954077469,0.1177811724177,-0.4328758133091,-0.009886611392338,0.4328903804495,0.009157014325576
82.22426499471,4.666023714997,0.1159883876404,4.666023714997,0.1159883876404,-0.4328809212606,-0.009756738305794,0.4328954312602,0.00901868478086
83.17637711027,4.666091725883,0.114210909724,4.666091725883,0.114210909724,-0.4328859116694,-0.009628153656168,0.4329003631894,0.008881545851622
84.13951416452,4.666158147069,0.1124485053745,4.666158147069,0.1124485053745,-0.4328907872655,-0.009500840565052,0.432905178936,0.008745579525681
85.11380382024,4.666223012769,0.1107009431717,4.666223012769,0.1107009431717,-0.4328955505426,-0.009374782313106,0.4329098809623,0.008610767937125
86.09937521846,4.66628635857,0.1089679936357,4.66628635857,0.1089679936357,-0.4329002041391,-0.00924996234596,0.4329144718739,0.008477093371389
87.09635899561,4.666348216273,0.10724942909,4.666348216273,0.10724942909,-0.4329047503584,-0.009126364263108,0.432918953941,0.008344538254853
88.1048873008,4.666408620179,0.1055450237654,4.666408620179,0.1055450237654,-0.432909191752,-0.009003971826933,0.4329233296813,0.00821308516267
89.12509381338,4.666467600835,0.1038545536353,4.666467600835,0.1038545536353,-0.4329135305394,-0.008882768949144,0.4329276012792,0.008082716806098
90.1571137606,4.666525191597,0.1021777965309,4.666525191597,0.1021777965309,-0.4329177692157,-0.008762739700909,0.4329317711944,0.00795341604136
91.20108393559,4.666581420464,0.1005145319458,4.666581420464,0.1005145319458,-0.4329219097944,-0.008643868296631,0.4329358414039,0.007825165854663
92.25714271548,4.666636318271,0.09886454117062,4.666636318271,0.09886454117062,-0.4329259545674,-0.008526139105725,0.4329398141621,0.00769794937241
93.3254300797,4.666689913803,0.09722760717075,4.666689913803,0.09722760717075,-0.4329299056505,-0.008409536642607,0.4329436915469,0.007571749851863
94.40608762859,4.666742235986,0.09560351460118,4.666742235986,0.09560351460118,-0.4329337651871,-0.008294045568319,0.4329474756624,0.007446550682226
95.49925860215,4.666793311995,0.09399204974367,4.666793311995,0.09399204974367,-0.4329375351721,-0.008179650685545,0.4329511684637,0.007322335379831
96.60508789898,4.666843168902,0.09239300051097,4.666843168902,0.09239300051097,-0.432941217605,-0.008066336939341,0.4329547719093,0.007199087588409
97.72372209558,4.666891833422,0.09080615641724,4.666891833422,0.09080615641724,-0.4329448144652,-0.007954089415028,0.4329582879367,0.007076791076851
98.8553094657,4.666939331376,0.08923130853901,4.666939331376,0.08923130853901,-0.4329483276627,-0.007842893335197,0.4329617184129,0.006955429736143
100.0,4.666985687163,0.08766824947983,4.666985687163,0.08766824947983,-0.4329517589882,-0.007732734057043,0.4329650650851,0.006834987576633
101.157945426,4.667030925679,0.08611677338089,4.667030925679,0.08611677338089,-0.4329551102917,-0.007623597073748,0.4329683297582,0.00671544872887
102.3292992281,4.667075070968,0.08457667587105,4.667075070968,0.08457667587105,-0.4329583833563,-0.007515468010558,0.4329715141693,0.006596797439759
103.5142166679,4.667118146779,0.08304775404301,4.667118146779,0.08304775404301,-0.4329615799501,-0.007408332623097,0.4329746200396,0.006479018070588
104.7128548051,4.667160175487,0.08152980642392,4.667160175487,0.08152980642392,-0.4329647017258,-0.007302176795298,0.4329776489737,0.006362095094992
105.9253725177,4.667201179196,0.08002263295383,4.667201179196,0.08002263295383,-0.4329677503227,-0.007196986537887,0.4329806025616,0.006246013097031
107.1519305238,4.667241179479,0.07852603496448,4.667241179479,0.07852603496448,-0.4329707273423,-0.007092747987025,0.4329834823545,0.006130756769706
108.3926914021,4.66728019793,0.07703981516134,4.66728019793,0.07703981516134,-0.4329736343997,-0.00698944740319,0.432986289916,0.006016310913529
109.6478196143,4.667318255365,0.07556377758543,4.667318255365,0.07556377758543,-0.4329764730487,-0.006887071168261,0.432989026747,0.005902660433587
110.9174815262,4.667355371552,0.07409772758142,4.667355371552,0.07409772758142,-0.432979244757,-0.006785605783132,0.4329916942614,0.005789790337014
112.2018454302,4.667391565769,0.0726414717892,4.667391565769,0.0726414717892,-0.4329819509578,-0.006685037867481,0.4329942938369,0.005677685732458
113.5010815672,4.667426858729,0.07119481813498,4.667426858729,0.07119481813498,-0.4329845932274,-0.006585354159518,0.4329968269936,0.00556633182921
114.8153621497,4.667461267397,0.06975757574826,4.667461267397,0.06975757574826,-0.4329871728057,-0.006486541508913,0.4329992949133,0.005455713931052
116.144861384,4.667494810467,0.06832955499996,4.667494810467,0.06832955499996,-0.4329896911023,-0.00638858688086,0.4330016989465,0.005345817438938
117.489755494,4.667527506177,0.06691056745529,4.667527506177,0.06691056745529,-0.4329921494953,-0.00629147735232,0.4330040404108,0.005236627847494
118.8502227437,4.667559370966,0.06550042583349,4.667559370966,0.06550042583349,-0.4329945492053,-0.006195200108837,0.4330063204646,0.005128130741942
120.2264434617,4.66759042302,0.06409894402257,4.66759042302,0.06409894402257,-0.4329968916251,-0.00609974244656,0.4330085404374,0.005020311799104
121.6186000646,4.667620678193,0.06270593701108,4.667620678193,0.06270593701108,-0.4329991779404,-0.006005091766404,0.43301070145,0.004913156782279
123.0268770812,4.667650151654,0.06132122088021,4.667650151654,0.06132122088021,-0.4330014092829,-0.005911235573923,0.4330128045676,0.004806651540536
124.4514611771,4.6676788598,0.05994461280796,4.6676788598,0.05994461280796,-0.4330035869077,-0.005818161480371,0.4330148509772,0.004700782009105
125.8925411794,4.667706817813,0.05857593101047,4.667706817813,0.05857593101047,-0.4330057119659,-0.005725857197755,0.4330168417606,0.004595534204784
127.3503081017,4.66773404021,0.05721499473067,4.66773404021,0.05721499473067,-0.4330077855564,-0.005634310538384,0.4330187779455,0.004490894225133
128.8249551693,4.667760541947,0.05586162422318,4.667760541947,0.05586162422318,-0.4330098088274,-0.005543509414127,0.4330206606069,0.004386848247248
130.3166778452,4.667786337056,0.05451564071984,4.667786337056,0.05451564071984,-0.4330117828502,-0.005453441833725,0.433022490742,0.00428338252517
131.8256738556,4.667811438113,0.05317686639906,4.667811438113,0.05317686639906,-0.4330137085697,-0.005364095900474,0.433024269219,0.004180483387482
133.3521432163,4.667835859512,0.05184512439702,4.667835859512,0.05184512439702,-0.4330155871079,-0.005275459814141,0.4330259970822,0.004078137238169
134.8962882592,4.667859613661,0.05052023874623,4.667859613661,0.05052023874623,-0.4330174194109,-0.005187521865523,0.4330276751976,0.003976330551899
136.4583136589,4.667882713707,0.04920203437969,4.667882713707,0.04920203437969,-0.433019206502,-0.005100270437705,0.4330293045068,0.003875049874348
138.0384264603,4.667905171369,0.04789033708844,4.667905171369,0.04789033708844,-0.4330209492797,-0.005013694002475,0.4330308858247,0.003774281818936
139.6368361056,4.667926998302,0.04658497351164,4.667926998302,0.04658497351164,-0.433022648645,-0.004927781120148,0.4330324199666,0.003674013066058
141.2537544623,4.667948207198,0.04528577112148,4.667948207198,0.04528577112148,-0.433024305603,-0.004842520438934,0.4330339078502,0.003574230361902
142.8893958511,4.667968808244,0.04399255817287,4.667968808244,0.04399255817287,-0.4330259209343,-0.004757900690402,0.4330353501663,0.003474920514615
144.5439770746,4.667988812401,0.04270516370932,4.667988812401,0.04270516370932,-0.4330274954993,-0.004673910691059,0.4330367476835,0.003376070394754
146.2177174457,4.668008230321,0.04142341752929,4.668008230321,0.04142341752929,-0.4330290301371,-0.004590539339698,0.4330381011472,0.003277666932667
147.9108388168,4.668027073168,0.04014715017115,4.668027073168,0.04014715017115,-0.4330305257422,-0.004507775616754,0.4330394113558,0.003179697117355
149.6235656094,4.66804534935,0.03887619286855,4.66804534935,0.03887619286855,-0.4330319829611,-0.004425608580231,0.4330406788575,0.003082147993065
151.3561248436,4.668063070527,0.03761037756903,4.668063070527,0.03761037756903,-0.4330334027493,-0.004344027369043,0.4330419045073,0.002985006660665
153.1087461682,4.668080243979,0.03634953686218,4.668080243979,0.03634953686218,-0.4330347856635,-0.004263021195656,0.4330430887588,0.002888260272199
154.8816618913,4.668096880246,0.03509350400707,4.668096880246,0.03509350400707,-0.4330361325701,-0.0041825793506,0.4330442323733,0.002791896032928
156.6751070108,4.668112987677,0.03384211287517,4.668112987677,0.03384211287517,-0.4330374441398,-0.004102691196816,0.4330453359135,0.002695901196979
158.4893192461,4.668128575166,0.03259519794785,4.668128575166,0.03259519794785,-0.4330387211009,-0.004023346170553,0.4330463999976,0.002600263067175
160.324539069,4.668143649969,0.03135259427974,4.668143649969,0.03135259427974,-0.4330399640372,-0.003944533778139,0.4330474250964,0.002504968992176
162.1810097359,4.668158221534,0.03011413749849,4.668158221534,0.03011413749849,-0.4330411737427,-0.003866243597422,0.4330484118884,0.002410006366471
164.05897732,4.668172295768,0.0288796637552,4.668172295768,0.0288796637552,-0.4330423506903,-0.00378846527253,0.4330493607286,0.002315362626615
165.9586907438,4.668185881869,0.02764900973671,4.668185881869,0.02764900973671,-0.4330434956651,-0.003711188517191,0.4330502722809,0.002221025252143
167.8804018123,4.668198986323,0.02642201261259,4.668198986323,0.02642201261259,-0.4330446092079,-0.003634403109078,0.4330511469624,0.002126981761489
169.8243652462,4.668211615911,0.02519851003273,4.668211615911,0.02519851003273,-0.4330456918936,-0.003558098890907,0.4330519852214,0.002033219711854
171.7908387158,4.668223777437,0.0239783401008,4.668223777437,0.0239783401008,-0.4330467443067,-0.003482265768565,0.4330527875128,0.001939726697115
173.7800828749,4.668235477465,0.02276134135206,4.668235477465,0.02276134135206,-0.4330477670156,-0.003406893709637,0.4330535542725,0.001846490346134
175.7923613959,4.668246722041,0.02154735273572,4.668246722041,0.02154735273572,-0.4330487605484,-0.003331972742342,0.4330542858928,0.001753498321476
177.8279410039,4.668257517248,0.02033621359096,4.668257517248,0.02033621359096,-0.4330497254431,-0.003257492954097,0.4330549827729,0.001660738317481
179.8870915129,4.668267868661,0.01912776362552,4.668267868661,0.01912776362552,-0.4330506621976,-0.003183444490055,0.4330556452686,0.001568198058675
181.970085861,4.668277781896,0.01792184289835,4.668277781896,0.01792184289835,-0.4330515713206,-0.003109817552288,0.4330562737432,0.001475865298446
184.0772001469,4.668287262339,0.01671829179456,4.668287262339,0.01671829179456,-0.4330524533064,-0.003036602398067,0.4330568685423,0.001383727817091
186.2087136663,4.66829631488,0.01551695100719,4.66829631488,0.01551695100719,-0.4330533086099,-0.00296378933874,0.4330574299684,0.001291773420472
188.364908949,4.668304944182,0.01431766151346,4.668304944182,0.01431766151346,-0.433054137672,-0.002891368738281,0.4330579583067,0.00119998993814
190.5460717963,4.668313154416,0.01312026455853,4.668313154416,0.01312026455853,-0.433054940895,-0.002819331012359,0.4330584538001,0.001108365222168
192.7524913191,4.668320950625,0.01192460163228,4.668320950625,0.01192460163228,-0.4330557187687,-0.002747666627332,0.4330589167753,0.001016887145316
194.9844599758,4.668328336815,0.0107305144468,4.668328336815,0.0107305144468,-0.433056471694,-0.002676366098195,0.4330593474662,0.0009255435993246
197.2422736115,4.668335317327,0.009537844917933,4.668335317327,0.009537844917933,-0.4330572001094,-0.002605419988026,0.4330597461406,0.0008343224935207
199.5262314969,4.668341894921,0.008346435142598,4.668341894921,0.008346435142598,-0.4330579043142,-0.00253481890586,0.4330601129227,0.0007432117530634
201.8366363682,4.668348073514,0.007156127382518,4.668348073514,0.007156127382518,-0.4330585847214,-0.002464553506891,0.433060448047,0.0006521993177616
204.173794467,4.668353856267,0.005966764036487,4.668353856267,0.005966764036487,-0.4330592416814,-0.002394614489868,0.4330607516806,0.0005612731398431
206.5380155811,4.668359246133,0.004778187626588,4.668359246133,0.004778187626588,-0.4330598755321,-0.002324992596746,0.4330610239742,0.0004704211830292
208.9296130854,4.668364246953,0.003590240773039,4.668364246953,0.003590240773039,-0.4330604867008,-0.002255678611482,0.4330612651635,0.0003796314205365
211.3489039837,4.668368860179,0.002402766175534,4.668368860179,0.002402766175534,-0.4330610754004,-0.0021866633577,0.4330614752652,0.0002888918336756
213.7962089502,4.668373088699,0.001215606591437,4.668373088699,0.001215606591437,-0.4330616419841,-0.002117937698916,0.4330616544318,0.0001981904101879
216.2718523727,4.668376934652,2.860481615091e-05,4.668376934652,2.86048161509e-05,-0.433062186743,-0.002049492536562,0.433061802749,0.0001075151427554
218.776162395,4.66838040025,-0.001158396336929,4.66838040025,-0.001158396336929,-0.4330627099819,-0.001981318809187,0.4330619203117,1.68540274972e-05
221.3094709606,4.668383487233,-0.002345554060886,4.668383487233,-0.002345554060886,-0.4330632119694,-0.001913407490666,0.4330620071731,-7.380493798512e-05
223.8721138568,4.668386197417,-0.003533025570195,4.668386197417,-0.003533025570195,-0.4330636929882,-0.001845749589819,0.4330620633961,-0.0001644737556067
226.4644307593,4.668388531871,-0.004720968126875,4.668388531871,-0.004720968126875,-0.4330641532595,-0.001778336148313,0.4330620889766,-0.0002551644289378
229.0867652768,4.668390491742,-0.005909539054994,4.668390491742,-0.005909539054994,-0.433064593019,-0.00171115824046,0.4330620839198,-0.0003458889641534
231.7394649969,4.668392078799,-0.007098895770622,4.668392078799,-0.007098895770622,-0.4330650125676,-0.001644206971452,0.4330620482911,-0.0004366593724508
234.422881532,4.668393293524,-0.00828919579194,4.668393293524,-0.00828919579194,-0.4330654120944,-0.001577473476259,0.4330619820382,-0.000527487670718
237.1373705662,4.668394136203,-0.009480596766579,4.668394136203,-0.009480596766579,-0.4330657917784,-0.001510948918357,0.433061885093,-0.0006183858836867
239.883291902,4.668394607746,-0.01067325649199,4.668394607746,-0.01067325649199,-0.4330661518636,-0.001444624489036,0.4330617574472,-0.0007093660454193
242.6610095082,4.668394707502,-0.01186733293113,4.668394707502,-0.01186733293113,-0.4330664924578,-0.001378491405587,0.4330615989498,-0.0008004402005446
245.4708915685,4.668394436811,-0.01306298424417,4.668394436811,-0.01306298424417,-0.4330668138609,-0.001312540910996,0.4330614096362,-0.0008916204066269
248.3133105296,4.668393794631,-0.01426036879483,4.668393794631,-0.01426036879483,-0.4330671161602,-0.001246764271827,0.4330611893231,-0.0009829187346893
251.188643151,4.668392781912,-0.01545964518743,4.668392781912,-0.01545964518743,-0.4330673996356,-0.001181152777929,0.4330609380134,-0.00107434727199
254.0972705549,4.668391396131,-0.01666097226482,4.668391396131,-0.01666097226482,-0.4330676642536,-0.001115697740407,0.43306065539,-0.001165918121887
257.0395782769,4.66838963812,-0.01786450915877,4.66838963812,-0.01786450915877,-0.4330679102996,-0.001050390491532,0.4330603414483,-0.001257643407647
260.0159563165,4.66838750551,-0.0190704152824,4.66838750551,-0.0190704152824,-0.4330681377711,-0.0009852223825889,0.4330599958892,-0.001349535271881
263.0267991895,4.668384998467,-0.02027885037765,4.668384998467,-0.02027885037765,-0.4330683469091,-0.0009201847835476,0.4330596186496,-0.001441605880138
266.0725059799,4.668382115593,-0.02148997451567,4.668382115593,-0.02148997451567,-0.4330685378182,-0.0008552690814793,0.4330592095235,-0.001533867420927
269.1534803927,4.668378854474,-0.02270394812202,4.668378854474,-0.02270394812202,-0.4330687105177,-0.0007904666793469,0.4330587682123,-0.001626332107646
272.2701308078,4.668375214137,-0.02392093200878,4.668375214137,-0.02392093200878,-0.4330688651693,-0.0007257689953266,0.433058294552,-0.001719012180981
275.4228703338,4.668371192314,-0.02514108738332,4.668371192314,-0.02514108738332,-0.433069001824,-0.0006611674611931,0.4330577882607,-0.001811919909605
278.612116863,4.668366787084,-0.02636457587671,4.668366787084,-0.02636457587671,-0.4330691205738,-0.0005966535215208,0.4330572490897,-0.001905067592303
281.8382931265,4.668361995778,-0.02759155955934,4.668361995778,-0.02759155955934,-0.433069221451,-0.000532218632404,0.4330566767225,-0.001998467559157
285.1018267504,4.668356816069,-0.02882220096931,4.668356816069,-0.02882220096931,-0.4330693045291,-0.0004678542603806,0.4330560708759,-0.002092132173701
288.4031503127,4.668351245426,-0.03005666313018,4.668351245426,-0.03005666313018,-0.4330693698722,-0.0004035518813026,0.4330554312487,-0.002186073834257
291.7427014001,4.668345280838,-0.03129510957053,4.668345280838,-0.03129510957053,-0.4330694175098,-0.0003393029792202,0.433054757497,-0.002280304975403
295.1209226666,4.668338918543,-0.03253770434355,4.668338918543,-0.03253770434355,-0.4330694474117,-0.000275099045224,0.433054049208,-0.002374838069474
298.5382618918,4.668332155657,-0.03378461205991,4.668332155657,-0.03378461205991,-0.4330694596394,-0.000210931576426,0.4330533060522,-0.002469685629015
301.9951720402,4.668324988814,-0.03503599790061,4.668324988814,-0.03503599790061,-0.43306945422,-0.000146792074733,0.4330525276563,-0.002564860207769
305.4921113216,4.668317413618,-0.03629202763475,4.668317413618,-0.03629202763475,-0.4330694310954,-8.267204569241e-05,0.4330517135526,-0.002660374402029
309.0295432514,4.668309426547,-0.03755286765363,4.668309426547,-0.03755286765363,-0.4330693902995,-1.856299760287e-05,0.4330508633556,-0.002756240853163
312.6079367124,4.668301022769,-0.03881868497846,4.668301022769,-0.03881868497846,-0.4330693317555,4.554355985736e-05,0.4330499765598,-0.002852472248248
316.2277660168,4.668292199145,-0.04008964730568,4.668292199145,-0.04008964730568,-0.4330692555547,0.0001096561166683,0.4330490528175,-0.002949081323433
319.8895109692,4.668282949312,-0.04136592298687,4.668282949312,-0.04136592298687,-0.4330691615006,0.0001737831634156,0.433048091483,-0.003046080862485
323.5936569296,4.668273269408,-0.04264768110191,4.668273269408,-0.04264768110191,-0.4330690496405,0.000237933192717,0.4330470921441,-0.003143483702224
327.3406948788,4.668263153712,-0.04393509144154,4.668263153712,-0.04393509144154,-0.4330689198605,0.0003021147000665,0.4330460542164,-0.003241302731278
331.1311214826,4.668252597359,-0.04522832455482,4.668252597359,-0.04522832455482,-0.4330687721384,0.0003663361850997,0.4330449771966,-0.003339550893594
334.9654391578,4.668241594709,-0.04652755175774,4.668241594709,-0.04652755175774,-0.4330686063922,0.0004306061527368,0.4330438605102,-0.003438241189133
338.8441561392,4.668230139884,-0.04783294515851,4.668230139884,-0.04783294515851,-0.4330684225302,0.0004949331141174,0.4330427035616,-0.003537386675722
342.7677865465,4.668218226223,-0.0491446776762,4.668218226223,-0.0491446776762,-0.4330682204007,0.0005593255878232,0.4330415056835,-0.003637000470502
346.7368504525,4.668205848186,-0.05046292308312,4.668205848186,-0.05046292308312,-0.4330679999689,0.000623792101177,0.4330402663134,-0.003737095753065
350.7518739526,4.66819299917,-0.05178785600498,4.66819299917,-0.05178785600498,-0.4330677611144,0.0006883411910934,0.4330389847911,-0.003837685765486
354.8133892336,4.668179671503,-0.05311965194275,4.668179671503,-0.05311965194275,-0.4330675036314,0.0007529814051502,0.4330376603582,-0.003938783813964
358.921934645,4.668165859442,-0.05445848733121,4.668165859442,-0.05445848733121,-0.4330672275066,0.0008177213033194,0.433036292436,-0.004040403273202
363.0780547701,4.668151554536,-0.05580453950681,4.668151554536,-0.05580453950681,-0.4330669324891,0.0008825694580781,0.4330348801951,-0.00414255758398
367.2823004981,4.668136749434,-0.05715798677692,4.668136749434,-0.05715798677692,-0.4330666184447,0.0009475344564134,0.4330334229095,-0.004245260258387
371.5352290972,4.668121436522,-0.05851900842755,4.668121436522,-0.05851900842755,-0.4330662852291,0.001012624900642,0.433031919829,-0.004348524880343
375.8374042885,4.66810560737,-0.05988778473933,4.66810560737,-0.05988778473933,-0.4330659326374,0.001077849409394,0.4330303701289,-0.004452365106829
380.1893963206,4.668089254643,-0.06126449703667,4.668089254643,-0.06126449703667,-0.4330655605809,0.001143216619254,0.4330287730863,-0.004556794671545
384.5917820454,4.668072367723,-0.0626493276528,4.668072367723,-0.0626493276528,-0.4330651686825,0.001208735184669,0.433027127675,-0.004661827382289
389.0451449943,4.668054939532,-0.0640424600465,4.668054939532,-0.0640424600465,-0.4330647569088,0.001274413781045,0.4330254331974,-0.004767477129697
393.5500754558,4.668036959704,-0.06544407873261,4.668036959704,-0.06544407873261,-0.4330643249374,0.001340261103885,0.4330236886518,-0.004873757882031
398.1071705535,4.668018418944,-0.06685436936735,4.668018418944,-0.06685436936735,-0.4330638725622,0.00140628587126,0.4330218931363,-0.004980683691544
402.7170343255,4.667999307934,-0.06827351875705,4.667999307934,-0.06827351875705,-0.4330633995912,0.001472496824592,0.4330200457477,-0.00508826869515
407.3802778041,4.667979615689,-0.06970171485912,4.667979615689,-0.06970171485912,-0.4330629056955,0.001538902729276,0.4330181454286,-0.005196527114455
412.0975190973,4.667959332828,-0.07113914685482,4.667959332828,-0.07113914685482,-0.4330623907118,0.001605512376895,0.433016191271,-0.005305473261204
416.8693834704,4.667938447472,-0.07258600511337,4.667938447472,-0.07258600511337,-0.4330618542636,0.001672334585041,0.4330141821358,-0.005415121534601
421.6965034286,4.667916949062,-0.07404248127463,4.667916949062,-0.07404248127463,-0.4330612961148,0.001739378199747,0.4330121170067,-0.005525486427446
426.5795188016,4.667894825894,-0.07550876823643,4.667894825894,-0.07550876823643,-0.4330607159419,0.001806652095776,0.4330099947621,-0.005636582525194
431.5190768278,4.667872067298,-0.07698506021557,4.667872067298,-0.07698506021557,-0.4330601135364,0.001874165178669,0.4330078143765,-0.005748424510501
436.5158322402,4.667848659813,-0.07847155270944,4.667848659813,-0.07847155270944,-0.4330594884504,0.001941926384261,0.4330055745661,-0.005861027160323
441.5704473533,4.66782459127,-0.07996844259095,4.66782459127,-0.07996844259095,-0.4330588403756,0.002009944681683,0.4330032741673,-0.005974405353009
446.683592151,4.667799849968,-0.08147592812004,4.667799849968,-0.08147592812004,-0.4330581690677,0.002078229074075,0.4330009120607,-0.006088574069132
451.8559443749,4.667774421668,-0.0829942089188,4.667774421668,-0.0829942089188,-0.4330574740677,0.002146788598516,0.4329984868915,-0.006203548389603
457.0881896149,4.667748293131,-0.08452348605881,4.667748293131,-0.08452348605881,-0.4330567550305,0.002215632328773,0.4329959973984,-0.006319343502187
462.3810213993,4.667721450745,-0.08606396206416,4.667721450745,-0.08606396206416,-0.4330560115983,0.002284769375897,0.432993442286,-0.006435974701713
467.7351412872,4.667693880521,-0.08761584093788,4.667693880521,-0.08761584093788,-0.4330552434008,0.002354208889357,0.432990820224,-0.006553457391989
473.1512589615,4.667665566721,-0.08917932816265,4.667665566721,-0.08917932816265,-0.4330544499275,0.00242396005755,0.4329881297205,-0.006671807085842
478.6300923227,4.667636495667,-0.09075463080138,4.667636495667,-0.09075463080138,-0.4330536308828,0.00249403211108,0.432985369475,-0.006791039412638
484.1723675841,4.667606651096,-0.09234195743359,4.667606651096,-0.09234195743359,-0.4330527857548,0.002564434321311,0.4329825379478,-0.006911170113433
489.7788193685,4.667576017703,-0.09394151825438,4.667576017703,-0.09394151825438,-0.4330519141447,0.002635176003755,0.4329796336878,-0.007032215048395
495.4501908048,4.66754457894,-0.09555352505595,4.66754457894,-0.09555352505595,-0.4330510155636,0.002706266517791,0.4329766551298,-0.007154190195324
501.1872336273,4.667512317838,-0.09717819127389,4.667512317838,-0.09717819127389,-0.4330500895082,0.002777715268576,0.4329736006692,-0.007277111653127
506.9907082747,4.667479217807,-0.09881573203109,4.667479217807,-0.09881573203109,-0.433049135537,0.002849531708655,0.4329704687372,-0.007400995645058
512.8613839914,4.667445260721,-0.1004663641265,4.667445260721,-0.1004663641265,-0.4330481530921,0.002921725338028,0.4329672576228,-0.00752585851777
518.800038929,4.667410428818,-0.1021303061035,4.667410428818,-0.1021303061035,-0.4330471416768,0.002994305706588,0.4329639656492,-0.007651716746455
524.8074602498,4.667374704692,-0.1038077782808,4.667374704692,-0.1038077782808,-0.4330461008549,0.003067282415451,0.4329605911726,-0.00777858693706
530.884444231,4.667338067461,-0.1054990026946,4.667338067461,-0.1054990026946,-0.4330450298962,0.003140665115572,0.4329571322274,-0.007906485821912
537.0317963703,4.667300498761,-0.1072042032621,4.667300498761,-0.1072042032621,-0.4330439283332,0.003214463513046,0.4329535870815,-0.008035430271918
543.2503314925,4.667261978912,-0.1089236057266,4.667261978912,-0.1089236057266,-0.433042795606,0.003288687367886,0.4329499538814,-0.008165437292393
549.5408738576,4.667222486643,-0.1106574376778,4.667222486643,-0.1106574376778,-0.4330416310372,0.003363346494878,0.432946230626,-0.008296524024468
555.9042572704,4.667182000982,-0.1124059286274,4.667182000982,-0.1124059286274,-0.4330404340085,0.003438450766366,0.4329424153423,-0.008428707750744
562.3413251904,4.667140501523,-0.114169310047,4.667140501523,-0.114169310047,-0.4330392039856,0.00351401011376,0.4329385061101,-0.008562005898042
568.8529308439,4.667097965683,-0.1159478153314,4.667097965683,-0.1159478153314,-0.4330379402649,0.003590034526704,0.4329345008074,-0.008696436034559
575.4399373372,4.667054370877,-0.1177416798828,4.667054370877,-0.1177416798828,-0.4330366421757,0.003666534056106,0.4329303973123,-0.008832015876132
582.1032177709,4.66700969341,-0.1195511411128,4.66700969341,-0.1195511411128,-0.4330353089785,0.003743518814422,0.4329261934004,-0.008968763286264
588.8436553556,4.666963910106,-0.1213764385173,4.666963910106,-0.1213764385173,-0.4330339400163,0.003820998978473,0.4329218868953,-0.009106696281681
595.662143529,4.666916996927,-0.123217813672,4.666916996927,-0.123217813672,-0.4330325345882,0.003898984789591,0.4329174755412,-0.009245833031934
602.5595860744,4.666868928691,-0.1250755102571,4.666868928691,-0.1250755102571,-0.4330310919231,0.003977486554658,0.4329129569762,-0.009386191861057
609.5368972402,4.666819679875,-0.1269497741094,4.666819679875,-0.1269497741094,-0.4330296112558,0.004056514648151,0.4329083288072,-0.009527791251485
616.5950018615,4.666769223785,-0.1288408532337,4.666769223785,-0.1288408532337,-0.4330280917503,0.004136079512815,0.4329035885324,-0.009670649844748
623.7348354824,4.666717535265,-0.1307489979098,4.666717535265,-0.1307489979098,-0.4330265327523,0.004216191663402,0.4328987337933,-0.009814786449418
630.9573444802,4.666664584962,-0.1326744605661,4.666664584962,-0.1326744605661,-0.433024933258,0.00429686168284,0.432893761842,-0.009960220031457
638.2634861906,4.666610346125,-0.1346174960031,4.666610346125,-0.1346174960031,-0.4330232925456,0.00437810022984,0.4328886701723,-0.01010696973094
645.6542290347,4.666554789407,-0.1365783612809,4.666554789407,-0.1365783612809,-0.4330216096946,0.004459918035479,0.4328834560377,-0.01025505485344
653.1305526475,4.666497885038,-0.138557315814,4.666497885038,-0.138557315814,-0.4330198837872,0.004542325906626,0.4328781166521,-0.01040449487705
660.6934480076,4.666439603348,-0.1405546214219,4.666439603348,-0.1405546214219,-0.4330181139592,0.004625334727845,0.4328726492394,-0.01055530945604
668.3439175686,4.66637991339,-0.1425705423236,4.66637991339,-0.1425705423236,-0.4330162992721,0.004708955461494,0.4328670509052,-0.01070751842026
676.082975392,4.666318783469,-0.1446053451869,4.666318783469,-0.1446053451869,-0.4330144387641,0.004793199149615,0.4328613186859,-0.01086114177875
683.9116472815,4.666256180035,-0.1466592991294,4.666256180035,-0.1466592991294,-0.4330125313477,0.004878076914248,0.4328554494461,-0.01101619971966
691.830970919,4.666192071754,-0.1487326758821,4.666192071754,-0.1487326758821,-0.4330105761891,0.004963599963155,0.4328494402563,-0.01117271262235
699.8419960023,4.666126423494,-0.1508257496359,4.666126423494,-0.1508257496359,-0.4330085721508,0.005049779584887,0.4328432878349,-0.01133070104574
707.9457843842,4.666059200393,-0.152938797206,4.666059200393,-0.152938797206,-0.4330065181708,0.005136627154584,0.4328369889256,-0.01149018574042
716.1434102129,4.665990366756,-0.1550720980332,4.665990366756,-0.1550720980332,-0.4330044131606,0.005224154134224,0.4328305401952,-0.01165118764865
724.435960075,4.665919886029,-0.1572259342207,4.665919886029,-0.1572259342207,-0.4330022560048,0.005312372074164,0.4328239382311,-0.01181372790689
732.8245331389,4.665847721602,-0.1594005905985,4.665847721602,-0.1594005905985,-0.4330000456363,0.005401292615491,0.4328171796158,-0.01197782785047
741.3102413009,4.665773834061,-0.1615963546672,4.665773834061,-0.1615963546672,-0.4329977807828,0.005490927488374,0.4328102606721,-0.01214350900917
749.8942093325,4.665698184439,-0.163813516747,4.665698184439,-0.163813516747,-0.4329954602697,0.00558128851735,0.4328031777646,-0.0123107931182
758.5775750292,4.665620733107,-0.1660523699779,4.665620733107,-0.1660523699779,-0.4329930829183,0.005672387621514,0.4327959271969,-0.01247970211799
767.3614893619,4.665541438658,-0.1683132103207,4.665541438658,-0.1683132103207,-0.432990647444,0.005764236814832,0.432788505108,-0.01265025815408
776.2471166287,4.665460258978,-0.1705963366319,4.665460258978,-0.1705963366319,-0.4329881525567,0.005856848208865,0.4327809075718,-0.0128224835825
785.2356346101,4.665377150407,-0.1729020506736,4.665377150407,-0.1729020506736,-0.4329855968844,0.005950234013319,0.432773130519,-0.01299640097024
794.3282347243,4.665292069621,-0.1752306572219,4.665292069621,-0.1752306572219,-0.4329829791493,0.006044406540004,0.4327651699124,-0.01317203310324
803.5261221857,4.665204971158,-0.1775824640169,4.665204971158,-0.1775824640169,-0.4329802979399,0.006139378201272,0.4327570215164,-0.01334940298229
812.8305161641,4.665115808754,-0.1799577818524,4.665115808754,-0.1799577818524,-0.4329775518363,0.006235161513309,0.4327486810221,-0.01352853382953
822.2426499471,4.665024534503,-0.1823569245839,4.665024534503,-0.1823569245839,-0.4329747393337,0.006331769096633,0.4327401439683,-0.0137094490888
831.7637711027,4.664931101012,-0.1847802092547,4.664931101012,-0.1847802092547,-0.4329718590441,0.00642921368061,0.4327314059423,-0.01389217243481
841.3951416452,4.664835458376,-0.18722795602,4.664835458376,-0.18722795602,-0.4329689094172,0.006527508101014,0.4327224622989,-0.01407672776715
851.1380382024,4.664737554695,-0.1897004882076,4.664737554695,-0.1897004882076,-0.43296588879,0.006626665302299,0.4327133082085,-0.01426313921451
860.9937521846,4.664637339594,-0.1921981325024,4.664637339594,-0.1921981325024,-0.4329627957152,0.006726698344232,0.4327039389837,-0.01445143114832
870.9635899561,4.664534758743,-0.1947212187683,4.664534758743,-0.1947212187683,-0.4329596284543,0.006827620395788,0.4326943495709,-0.01464162816891
881.0488730081,4.664429757642,-0.197270080245,4.664429757642,-0.197270080245,-0.4329563853305,0.00692944474222,0.4326845349015,-0.01483375512005
891.2509381338,4.664322280775,-0.1998450535578,4.664322280775,-0.1998450535578,-0.4329530646526,0.007032184785577,0.4326744898136,-0.01502783708933
901.571137606,4.664212271037,-0.2024464787389,4.664212271037,-0.2024464787389,-0.432949664663,0.007135854045557,0.4326642089987,-0.01522389940933
912.0108393559,4.664099670248,-0.2050746992933,4.664099670248,-0.2050746992933,-0.4329461835876,0.007240466162028,0.4326536870495,-0.01542196766227
922.5714271548,4.663984418574,-0.2077300622193,4.663984418574,-0.2077300622193,-0.432942619584,0.007346034895817,0.4326429184063,-0.0156220676811
933.254300797,4.663866453955,-0.2104129180276,4.663866453955,-0.2104129180276,-0.4329389706904,0.007452574129576,0.4326318973038,-0.01582422555058
944.060876286,4.663745714791,-0.2131236209089,4.663745714791,-0.2131236209089,-0.4329352350771,0.007560097873824,0.4326206180209,-0.01602846761939
954.9925860215,4.663622136371,-0.2158625286191,4.663622136371,-0.2158625286191,-0.4329314107168,0.007668620262987,0.4326090745488,-0.01623482049113
966.0508789899,4.663495652746,-0.2186300026108,4.663495652746,-0.2186300026108,-0.432927495561,0.007778155560163,0.432597260765,-0.0164433110337
977.2372209559,4.663366197234,-0.2214264081057,4.663366197234,-0.2214264081057,-0.4329234875888,0.007888718159884,0.4325851704808,-0.01665396638431
988.553094657,4.663233701027,-0.2242521140777,4.663233701027,-0.2242521140777,-0.4329193846799,0.008000322587556,0.4325727973113,-0.01686681394771
1000.0,4.663098093153,-0.227107493298,4.663098093153,-0.227107493298,-0.4329151846134,0.008112983501163,0.4325601346724,-0.01708188139905
1011.57945426,4.662959301797,-0.229992922448,4.662959301797,-0.229992922448,-0.4329108851929,0.00822671569544,0.4325471759038,-0.01729919669193
1023.292992281,4.662817253723,-0.2329087821431,4.662817253723,-0.2329087821431,-0.432906484195,0.008341534102794,0.4325339142144,-0.01751878805954
1035.142166679,4.662671872322,-0.2358554568839,4.662671872322,-0.2358554568839,-0.4329019791909,0.008457453791598,0.4325203425028,-0.01774068401049
1047.128548051,4.66252308139,-0.2388333352962,4.66252308139,-0.2388333352962,-0.4328973678994,0.008574489974943,0.4325064537065,-0.01796491334627
1059.253725177,4.662370801544,-0.2418428100027,4.662370801544,-0.2418428100027,-0.4328926478567,0.008692658006063,0.4324922404701,-0.01819150515099
1071.519305238,4.662214951266,-0.244884277725,4.662214951266,-0.244884277725,-0.4328878165163,0.008811973382085,0.4324776952428,-0.0184204887985
1083.926914021,4.662055448225,-0.2479581394062,4.662055448225,-0.2479581394062,-0.4328828713744,0.008932451748495,0.4324628104002,-0.01865189396083
1096.478196143,4.661892207598,-0.251064800176,4.661892207598,-0.251064800176,-0.4328778098166,0.009054108897913,0.4324475780894,-0.01888575060501
1109.174815262,4.661725142025,-0.2542046693996,4.661725142025,-0.2542046693996,-0.4328726291165,0.009176960771955,0.4324319902243,-0.01912208899603
1122.018454302,4.661554163192,-0.2573781608186,4.661554163192,-0.2573781608186,-0.4328673265861,0.009301023466306,0.4324160386335,-0.01936093970668
1135.010815672,4.661379179884,-0.2605856924984,4.661379179884,-0.2605856924984,-0.4328618993974,0.009426313228915,0.4323997148791,-0.01960233361293
1148.153621497,4.661200099564,-0.2638276869716,4.661200099564,-0.2638276869716,-0.4328563447325,0.00955284646517,0.4323830104034,-0.0198463019039
1161.44861384,4.661016826148,-0.2671045711673,4.661016826148,-0.2671045711673,-0.4328506595801,0.009680639735362,0.4323659163231,-0.02009287607575
1174.89755494,4.660829262675,-0.2704167766193,4.660829262675,-0.2704167766193,-0.4328448409864,0.009809709762275,0.432348423677,-0.02034208794652
1188.502227437,4.660637308806,-0.2737647393783,4.660637308806,-0.2737647393783,-0.4328388858264,0.009940073427985,0.4323305231937,-0.02059396964871
1202.264434617,4.660440863492,-0.2771489002267,4.660440863492,-0.2771489002267,-0.4328327910549,0.0100717477817,0.4323122055399,-0.02084855364454
1216.186000646,4.660239821106,-0.2805697045077,4.660239821106,-0.2805697045077,-0.4328265533508,0.01020475003348,0.4322934609618,-0.02110587271214
1230.268770812,4.660034075473,-0.2840276024226,4.660034075473,-0.2840276024226,-0.4328201694949,0.01033909756511,0.4322742796586,-0.02136595996706
1244.514611771,4.659823515728,-0.2875230488405,4.659823515728,-0.2875230488405,-0.4328136359888,0.01047480792311,0.4322546513991,-0.02162884884689
1258.925411794,4.6596080317,-0.2910565036872,4.6596080317,-0.2910565036872,-0.4328069495587,0.01061189883294,0.432234566021,-0.02189457313963
1273.503081017,4.659387507865,-0.2946284316354,4.659387507865,-0.2946284316354,-0.4328001065977,0.01075038818757,0.4322140128706,-0.02216316695916
1288.249551693,4.659161825735,-0.2982393023071,4.659161825735,-0.2982393023071,-0.4327931033912,0.01089029405491,0.4321929810241,-0.02243466475959
1303.166778452,4.658930866785,-0.3018895905264,4.658930866785,-0.3018895905264,-0.4327859363931,0.01103163468697,0.43217145956,-0.022709101353
1318.256738556,4.65869450722,-0.3055797760464,4.65869450722,-0.3055797760464,-0.4327786017439,0.01117442850981,0.4321494370737,-0.02298651188784
1333.521432163,4.658452621174,-0.3093103438172,4.658452621174,-0.3093103438172,-0.4327710955715,0.01131869413331,0.4321269019746,-0.02326693186781
1348.962882592,4.658205080369,-0.3130817840284,4.658205080369,-0.3130817840284,-0.4327634139646,0.01146445035262,0.4321038424546,-0.02355039715395
1364.583136589,4.657951752414,-0.3168945920603,4.657951752414,-0.3168945920603,-0.4327555528184,0.0116117161463,0.4320802463312,-0.02383694395957
1380.384264603,4.657692502639,-0.3207492686717,4.657692502639,-0.3207492686717,-0.4327475080097,0.01176051068314,0.4320561012172,-0.02412660886307
1396.368361056,4.657427192388,-0.3246463199482,4.657427192388,-0.3246463199482,-0.4327392752428,0.01191085332011,0.4320313943636,-0.02441942880275
1412.537544623,4.657155681121,-0.3285862575154,4.657155681121,-0.3285862575154,-0.4327308502502,0.01206276361013,0.4320061128544,-0.02471544109137
1428.893958511,4.65687782389,-0.3325695984295,4.65687782389,-0.3325695984295,-0.432722228562,0.01221626129793,0.4319802433731,-0.02501468340652
1445.439770746,4.65659347235,-0.3365968653153,4.65659347235,-0.3365968653153,-0.4327134056051,0.01237136632495,0.4319537722967,-0.02531719379938
1462.177174457,4.656302474948,-0.3406685864473,4.656302474948,-0.3406685864473,-0.4327043767263,0.01252809883222,0.4319266857144,-0.02562301069935
1479.108388168,4.656004676845,-0.3447852958145,4.656004676845,-0.3447852958145,-0.4326951371895,0.01268647916262,0.4318989694197,-0.0259321729173
1496.235656094,4.655699919555,-0.3489475331648,4.655699919555,-0.3489475331648,-0.4326856821482,0.0128465278623,0.4318706088787,-0.02624471964719
1513.561248436,4.655388040049,-0.3531558440074,4.655388040049,-0.3531558440074,-0.4326760065671,0.01300826568065,0.4318415891463,-0.02656069046453
1531.087461682,4.65506887202,-0.3574107797775,4.65506887202,-0.3574107797775,-0.4326661053458,0.01317171357616,0.4318118949855,-0.026880125337
1548.816618913,4.654742245528,-0.3617128978835,4.654742245528,-0.3617128978835,-0.4326559732911,0.01333689271799,0.4317815108336,-0.02720306462613
1566.751070108,4.654407986631,-0.3660627617525,4.654407986631,-0.3660627617525,-0.4326456050888,0.01350382448743,0.4317504207695,-0.02752954908879
1584.893192461,4.654065916203,-0.3704609408085,4.654065916203,-0.3704609408085,-0.4326349951999,0.0136725304769,0.4317186084048,-0.02785961987362
1603.24539069,4.653715852016,-0.374908010711,4.653715852016,-0.374908010711,-0.43262413806,0.01384303249853,0.4316860570769,-0.02819331853688
1621.810097359,4.65335760782,-0.379404553359,4.65335760782,-0.379404553359,-0.4326130280006,0.01401535258408,0.4316527497651,-0.02853068704065
1640.5897732,4.652990992431,-0.3839511568938,4.652990992431,-0.3839511568938,-0.4326016591703,0.01418951298475,0.4316186690064,-0.02887176775086
1659.586907438,4.652615809351,-0.3885484157405,4.652615809351,-0.3885484157405,-0.4325900255066,0.01436553617254,0.4315837968612,-0.02921660343816
1678.804018123,4.652231858841,-0.3931969308579,4.652231858841,-0.3931969308579,-0.4325781209348,0.01454344484912,0.431548115106,-0.02956523729428
1698.243652462,4.651838935902,-0.3978973096499,4.651838935902,-0.3978973096499,-0.4325659391882,0.01472326194233,0.4315116050479,-0.02991771292309
1717.908387158,4.651436830715,-0.4026501660794,4.651436830715,-0.4026501660794,-0.432553473855,0.0149050106101,0.4314742475653,-0.03027407434659
1737.800828749,4.651025327978,-0.4074561206917,4.651025327978,-0.4074561206917,-0.432540718325,0.01508871424091,0.4314360230482,-0.03063436600406
1757.923613959,4.650604209236,-0.4123158008978,4.650604209236,-0.4123158008978,-0.4325276660134,0.01527439646408,0.4313969116149,-0.03099863277075
1778.279410039,4.650173248142,-0.4172298406408,4.650173248142,-0.4172298406408,-0.4325143099274,0.01546208113697,0.4313568926734,-0.03136691992996
1798.870915129,4.64973221441,-0.4221988808232,4.64973221441,-0.4221988808232,-0.4325006430425,0.0156517923605,0.4313159452894,-0.03173927320241
1819.70085861,4.649280873416,-0.4272235693601,4.649280873416,-0.4272235693601,-0.4324866582729,0.01584355448073,0.4312740481507,-0.03211573874721
1840.772001469,4.648818983626,-0.4323045610304,4.648818983626,-0.4323045610304,-0.4324723482407,0.01603739208298,0.4312311793293,-0.03249636314767
1862.087136663,4.648346297006,-0.4374425175927,4.648346297006,-0.4374425175927,-0.432457705323,0.01623332999567,0.4311873163209,-0.03288119341681
1883.64908949,4.647862562147,-0.442638108164,4.647862562147,-0.442638108164,-0.4324427219504,0.01643139330399,0.4311424363366,-0.03327027702264
1905.460717963,4.647367519238,-0.4478920088352,4.647367519238,-0.4478920088352,-0.4324273901492,0.01663160733516,0.4310965158371,-0.03366366185584
1927.524913191,4.646860904268,-0.4532049031552,4.646860904268,-0.4532049031552,-0.4324117019411,0.01683399767599,0.4310495309248,-0.03406139626269
1949.844599758,4.646342445352,-0.4585774818661,4.646342445352,-0.4585774818661,-0.4323956490105,0.01703859016251,0.4310014570042,-0.03446352902162
1972.422736115,4.64581186584,-0.4640104432958,4.64581186584,-0.4640104432958,-0.4323792230042,0.01724541089407,0.4309522690719,-0.03487010936886
1995.262314969,4.64526888145,-0.4695044931642,4.64526888145,-0.4695044931642,-0.4323624152735,0.01745448622569,0.4309019414522,-0.03528118698028
2018.366363682,4.644713201467,-0.4750603447947,4.644713201467,-0.4750603447947,-0.432345216997,0.01766584277528,0.4308504479106,-0.03569681198302
2041.73794467,4.644144527774,-0.4806787191027,4.644144527774,-0.4806787191027,-0.4323276190997,0.01787950742277,0.4307977615651,-0.03611703495086
2065.380155811,4.643562557123,-0.4863603449267,4.643562557123,-0.4863603449267,-0.4323096124762,0.01809550732173,0.4307438550996,-0.03654190692458
2089.296130854,4.642966976633,-0.4921059586537,4.642966976633,-0.4921059586537,-0.4322911875814,0.01831386988496,0.4306887003477,-0.03697147937967
2113.489039837,4.642357466868,-0.4979163046299,4.642357466868,-0.4979163046299,-0.4322723347293,0.01853462279905,0.4306322685808,-0.03740580425252
2137.962089502,4.641733701937,-0.5037921352716,4.641733701937,-0.5037921352716,-0.432253044113,0.01875779402796,0.4305745305192,-0.03784493394421
2162.718523727,4.641095346596,-0.5097342108498,4.641095346596,-0.5097342108498,-0.4322333055474,0.01898341180426,0.4305154560661,-0.03828892129943
2187.76162395,4.640442060137,-0.5157433000096,4.640442060137,-0.5157433000096,-0.4322131088428,0.01921150464783,0.4304550146705,-0.03873781964058
2213.094709606,4.639773490497,-0.5218201792209,4.639773490497,-0.5218201792209,-0.432192443269,0.01944210134469,0.4303931747836,-0.03919168272137
2238.721138568,4.639089279493,-0.5279656334525,4.639089279493,-0.5279656334525,-0.4321712980558,0.01967523097135,0.4303299043467,-0.0396505647721
2264.644307593,4.638389059095,-0.5341804558549,4.638389059095,-0.5341804558549,-0.4321496620586,0.01991092288232,0.430265170449,-0.04011452047055
2290.867652768,4.637672455019,-0.5404654482746,4.637672455019,-0.5404654482746,-0.4321275241066,0.02014920672836,0.4301989396631,-0.04058360497467
2317.394649969,4.636939081367,-0.5468214207357,4.636939081367,-0.5468214207357,-0.4321048725173,0.02039011243646,0.4301311775515,-0.04105787387809
2344.22881532,4.636188544209,-0.5532491919543,4.636188544209,-0.5532491919543,-0.4320816954443,0.02063367022815,0.4300618490018,-0.04153738324257
2371.373705662,4.635420440819,-0.559749589356,4.635420440819,-0.559749589356,-0.4320579808207,0.02087991061928,0.4299909181596,-0.04202218959315
2398.83291902,4.634634358098,-0.566323448991,4.634634358098,-0.566323448991,-0.432033716227,0.02112886441598,0.4299183482854,-0.04251234990541
2426.610095083,4.633829872885,-0.5729716156718,4.633829872885,-0.5729716156718,-0.4320088889351,0.0213805627189,0.4298441017875,-0.04300792160915
2454.708915685,4.633006553346,-0.5796949432531,4.633006553346,-0.5796949432531,-0.4319834860536,0.02163503693264,0.4297681403546,-0.04350896260249
2483.133105296,4.632163955751,-0.5864942943376,4.632163955751,-0.5864942943376,-0.431957494244,0.02189231875388,0.4296904246615,-0.04401553122291
2511.88643151,4.631301628834,-0.5933705409315,4.631301628834,-0.5933705409315,-0.4319309001423,0.02215244019483,0.4296109147766,-0.04452768628911
2540.972705549,4.630419105414,-0.6003245634897,4.630419105414,-0.6003245634897,-0.4319036895963,0.02241543354648,0.4295295693906,-0.0450454870218
2570.395782769,4.629515911879,-0.6073572522301,4.629515911879,-0.6073572522301,-0.431875848566,0.02268133142674,0.4294463467001,-0.04556899313466
2600.159563165,4.628591561425,-0.6144695063816,4.628591561425,-0.6144695063816,-0.4318473625121,0.02295016675113,0.4293612037857,-0.04609826476989
2630.267991896,4.627645555408,-0.6216622344617,4.627645555408,-0.6216622344617,-0.4318182165392,0.02322197274211,0.4292740967424,-0.04663336251086
2660.725059799,4.62667738468,-0.6289363545686,4.62667738468,-0.6289363545686,-0.4317883955407,0.02349678293885,0.4291849808094,-0.04717434739552
2691.534803927,4.625686527417,-0.6362927942061,4.625686527417,-0.6362927942061,-0.4317578840139,0.02377463118939,0.4290938101737,-0.04772128089445
2722.701308078,4.624672448007,-0.6437324902375,4.624672448007,-0.6437324902375,-0.4317266659776,0.02405555164782,0.4290005378735,-0.04827422489843
2754.228703338,4.623634599727,-0.6512563893657,4.623634599727,-0.6512563893657,-0.4316947252408,0.02433957879091,0.428905116052,-0.04883324174521
2786.12116863,4.622572422534,-0.6588654479485,4.622572422534,-0.6588654479485,-0.4316620452189,0.02462674740991,0.4288074957601,-0.04939839419591
2818.382931265,4.621485341946,-0.6665606319485,4.621485341946,-0.6665606319485,-0.4316286088498,0.02491709260738,0.4287076268583,-0.04996974542151
2851.018267504,4.620372771413,-0.6743429173887,4.620372771413,-0.6743429173887,-0.4315943988374,0.02521064981286,0.4286054582444,-0.05054735902675
2884.031503127,4.619234109013,-0.682213289994,4.619234109013,-0.682213289994,-0.4315593973662,0.02550745476808,0.4285009375543,-0.05113129901278
2917.427014001,4.61806873954,-0.6901727456104,4.61806873954,-0.6901727456104,-0.4315235863193,0.02580754354122,0.4283940113638,-0.0517216297978
2951.209226667,4.616876032265,-0.6982222899952,4.616876032265,-0.6982222899952,-0.4314869470932,0.02611095251754,0.4282846249888,-0.05231841619005
2985.382618918,4.615655341388,-0.706362938996,4.615655341388,-0.706362938996,-0.4314494606645,0.02641771840468,0.4281727225355,-0.0529217233899
3019.951720402,4.614406006205,-0.7145957186984,4.614406006205,-0.7145957186984,-0.431411107631,0.02672787823661,0.4280582469255,-0.05353161698904
3054.921113216,4.613127350192,-0.7229216654073,4.613127350192,-0.7229216654073,-0.431371868152,0.02704146937134,0.4279411398201,-0.05414816295683
3090.295432514,4.61181868035,-0.731341825664,4.61181868035,-0.731341825664,-0.4313317219137,0.02735852948997,0.4278213415688,-0.05477142762903
3126.079367124,4.610479285728,-0.7398572561266,4.610479285728,-0.7398572561266,-0.431290648018,0.02767909659064,0.4276987910831,-0.0554014776861
3162.277660169,4.609108441596,-0.7484690243595,4.609108441596,-0.7484690243595,-0.431248625402,0.02800320901631,0.4275734262341,-0.05603838019881
3198.895109692,4.607705402831,-0.7571782078964,4.607705402831,-0.7571782078964,-0.4312056322474,0.02833090541808,0.4274451832504,-0.05668220254457
3235.936569296,4.606269407531,-0.7659858949379,4.606269407531,-0.7659858949379,-0.4311616463485,0.0286622247795,0.4273139970648,-0.05733301244543
3273.406948789,4.604799676033,-0.774893184319,4.604799676033,-0.774893184319,-0.4311166450511,0.02899720641358,0.4271798012357,-0.0579908779512
3311.311214826,4.603295409119,-0.7839011853303,4.603295409119,-0.7839011853303,-0.4310706051159,0.02933588995436,0.4270425277936,-0.05865586741127
3349.654391578,4.601755788629,-0.7930110179411,4.601755788629,-0.7930110179411,-0.4310235028085,0.02967831536337,0.4269021073113,-0.05932804947583
3388.441561392,4.600179976718,-0.8022238127954,4.600179976718,-0.8022238127954,-0.4309753138624,0.03002452292759,0.426758468849,-0.06000749307981
3427.677865465,4.59856711564,-0.8115407112961,4.59856711564,-0.8115407112961,-0.4309260134934,0.03037455326076,0.426611539949,-0.06069426743307
3467.368504525,4.596916325632,-0.8209628653545,4.596916325632,-0.8209628653545,-0.4308755762367,0.03072844729205,0.4264612464551,-0.06138844198492
3507.518739526,4.595226708172,-0.8304914380876,4.595226708172,-0.8304914380876,-0.4308239762874,0.03108624629022,0.4263075128302,-0.06209008645914
3548.133892336,4.593497341146,-0.8401276030838,4.593497341146,-0.8401276030838,-0.4307711870857,0.03144799183411,0.4261502617258,-0.06279927078147
3589.21934645,4.591727280466,-0.8498725448036,4.591727280466,-0.8498725448036,-0.4307171815063,0.0318137258257,0.4259894141487,-0.06351606509156
3630.780547701,4.589915559782,-0.8597274586537,4.589915559782,-0.8597274586537,-0.4306619318704,0.03218349049077,0.4258248894531,-0.06424053972973
3672.823004981,4.58806118911,-0.8696935508513,4.58806118911,-0.8696935508513,-0.430605409858,0.03255732837186,0.4256566052329,-0.06497276520804
3715.352290972,4.586163155057,-0.8797720385886,4.586163155057,-0.8797720385886,-0.4305475865702,0.03293528233231,0.425484477362,-0.06571281220277
3758.374042885,4.584220417541,-0.889964149522,4.584220417541,-0.889964149522,-0.4304884322641,0.03331739553502,0.4253084197115,-0.06646075149623
3801.893963206,4.582231914811,-0.9002711228528,4.582231914811,-0.9002711228528,-0.4304279168681,0.03370371148089,0.4251283446369,-0.06721665403693
3845.917820454,4.580196556115,-0.9106942080306,4.580196556115,-0.9106942080306,-0.4303660093389,0.03409427395809,0.4249441623217,-0.06798059082144
3890.451449943,4.578113226951,-0.9212346658891,4.578113226951,-0.9212346658891,-0.4303026782009,0.03448912708253,0.4247557812877,-0.06875263295764
3935.500754558,4.575980783319,-0.9318937676227,4.575980783319,-0.9318937676227,-0.4302378910543,0.03488831525741,0.4245631078872,-0.06953285156606
3981.071705535,4.573798053989,-0.9426727953429,4.573798053989,-0.9426727953429,-0.4301716148373,0.03529188319191,0.4243660465393,-0.07032131779852
4027.170343255,4.571563841401,-0.9535730423853,4.571563841401,-0.9535730423853,-0.4301038159616,0.03569987591058,0.4241644998413,-0.0711181028377
4073.802778041,4.569276916144,-0.9645958122807,4.569276916144,-0.9645958122807,-0.4300344598457,0.03611233871278,0.423958368085,-0.0719232777966
4120.975190974,4.566936019967,-0.9757424194783,4.566936019967,-0.9757424194783,-0.4299635112508,0.03652931719756,0.423747549565,-0.07273691374771
4168.693834704,4.564539864748,-0.9870141892414,4.564539864748,-0.9870141892414,-0.4298909342407,0.03695085725785,0.4235319405157,-0.07355908169046
4216.965034286,4.56208712933,-0.9984124570743,4.56208712933,-0.9984124570743,-0.4298166919395,0.03737700505676,0.4233114348496,-0.07438985248245
4265.795188016,4.559576460859,-1.009938569095,4.559576460859,-1.009938569095,-0.4297407467165,0.03780780703982,0.4230859243151,-0.07522929684153
4315.190768278,4.557006474768,-1.021593882147,4.557006474768,-1.021593882147,-0.4296630602454,0.0382433099369,0.4228552985316,-0.07607748532664
4365.158322402,4.554375751009,-1.033379763053,4.554375751009,-1.033379763053,-0.4295835932114,0.03868356073262,0.4226194446765,-0.07693448825534
4415.704473533,4.551682835601,-1.045297589043,4.551682835601,-1.045297589043,-0.42950230552,0.0391286066805,0.4223782476672,-0.07780037570753
4466.83592151,4.548926237612,-1.05734874716,4.548926237612,-1.05734874716,-0.4294191560795,0.03957849527872,0.4221315899227,-0.07867521745227
4518.559443749,4.546104431985,-1.069534634985,4.546104431985,-1.069534634985,-0.4293341031344,0.04003327429591,0.4218793516673,-0.07955908297311
4570.881896149,4.543215854089,-1.081856659462,4.543215854089,-1.081856659462,-0.4292471038216,0.04049299172527,0.4216214104692,-0.08045204135037
4623.810213993,4.540258902225,-1.094316237544,4.540258902225,-1.094316237544,-0.429158114478,0.04095769580743,0.4213576415193,-0.08135416127915
4677.351412872,4.537231934253,-1.106914795464,4.537231934253,-1.106914795464,-0.4290670903971,0.04142743500178,0.4210879173669,-0.08226551098421
4731.512589615,4.534133268455,-1.119653769,4.534133268455,-1.119653769,-0.4289739859854,0.04190225799506,0.4208121080489,-0.08318615820797
4786.300923227,4.530961181704,-1.132534603092,4.530961181704,-1.132534603092,-0.4288787546687,0.0423822136859,0.4205300809734,-0.08411617014999
4841.723675841,4.527713907616,-1.145558751425,4.527713907616,-1.145558751425,-0.4287813487978,0.04286735116845,0.4202417008021,-0.08505561340372
4897.788193685,4.524389636789,-1.158727676534,4.524389636789,-1.158727676534,-0.4286817197541,0.04335771973524,0.4199468295303,-0.08600455393062
4954.501908048,4.520986515954,-1.172042849622,4.520986515954,-1.172042849622,-0.4285798179552,0.04385336887026,0.4196453264669,-0.08696305701381
5011.872336273,4.517502644979,-1.185505749835,4.517502644979,-1.185505749835,-0.4284755926599,0.04435434822089,0.4193370480195,-0.08793118716903
5069.907082747,4.513936075966,-1.199117864018,4.513936075966,-1.199117864018,-0.4283689919722,0.04486070758915,0.4190218476743,-0.08890900809287
5128.613839914,4.510284815214,-1.212880687253,4.510284815214,-1.212880687253,-0.4282599631224,0.0453724969517,0.4186995762466,-0.08989658266703
5188.00038929,4.506546817492,-1.226795721343,4.506546817492,-1.226795721343,-0.4281484520195,0.04588976640368,0.4183700814197,-0.09089397281075
5248.074602498,4.502719987942,-1.2408644753,4.502719987942,-1.2408644753,-0.4280344035317,0.04641256617763,0.4180332079948,-0.09190123948082
5308.84444231,4.498802179456,-1.255088464616,4.498802179456,-1.255088464616,-0.4279177613392,0.04694094661734,0.4176887977242,-0.09291844258144
5370.317963703,4.494791191601,-1.269469210933,4.494791191601,-1.269469210933,-0.4277984679379,0.0474749581668,0.4173366892919,-0.09394564090293
5432.503314925,4.49068476925,-1.284008241606,4.49068476925,-1.284008241606,-0.4276764646176,0.04801465135596,0.4169767182691,-0.09498289205296
5495.408738577,4.486480601176,-1.298707089252,4.486480601176,-1.298707089252,-0.4275516914398,0.04856007678582,0.4166087170706,-0.09603025238554
5559.042572704,4.4821763186,-1.313567291255,4.4821763186,-1.313567291255,-0.4274240872156,0.04911128511295,0.4162325149111,-0.09708777692744
5623.413251904,4.477769493716,-1.328590389248,4.477769493716,-1.328590389248,-0.4272935894831,0.04966832703314,0.4158479377617,-0.09815551930228
5688.529308439,4.473257638424,-1.343777928639,4.473257638424,-1.343777928639,-0.4271601345093,0.05023125326753,0.4154548083308,-0.09923353165786
5754.399373372,4.468638201729,-1.359131457705,4.468638201729,-1.359131457705,-0.4270236571674,0.05080011453317,0.4150529459247,-0.1003218645619
5821.032177709,4.46390856944,-1.374652527358,4.46390856944,-1.374652527358,-0.4268840910384,0.05137496153916,0.4146421665262,-0.101420566947
5888.436553556,4.459066062526,-1.390342690486,4.459066062526,-1.390342690486,-0.4267413683876,0.05195584496785,0.414222282753,-0.102529686025
5956.62143529,4.454107934126,-1.406203500849,4.454107934126,-1.406203500849,-0.426595420016,0.05254281543989,0.413793103695,-0.1036492671678
6025.595860744,4.44903136886,-1.422236512647,4.44903136886,-1.422236512647,-0.4264461753363,0.0531359235054,0.4133544349706,-0.1047793538394
6095.368972402,4.443833480795,-1.438443279646,4.443833480795,-1.438443279646,-0.4262935623242,0.05373521961933,0.4129060786631,-0.1059199874944
6165.950018615,4.438511311618,-1.45482535434,4.438511311618,-1.45482535434,-0.4261375074935,0.05434075411915,0.4124478332807,-0.1070712074808
6237.348354825,4.433061828517,-1.471384286972,4.433061828517,-1.471384286972,-0.4259779358474,0.05495257719827,0.4119794936953,-0.1082330509324
6309.573444802,4.427481923296,-1.488121624932,4.427481923296,-1.488121624932,-0.4258147709533,0.05557073889456,0.4115008512005,-0.1094055526899
6382.634861906,4.421768408597,-1.50503891116,4.421768408597,-1.50503891116,-0.4256479347438,0.05619528904288,0.4110116933079,-0.11058874515
6456.542290347,4.415918017703,-1.522137683689,4.415918017703,-1.522137683689,-0.4254773476661,0.05682627727133,0.4105118038798,-0.1117826581993
6531.305526475,4.409927401692,-1.539419474275,4.409927401692,-1.539419474275,-0.4253029285825,0.05746375296476,0.4100009630238,-0.1129873190815
6606.934480076,4.403793127061,-1.556885807122,4.403793127061,-1.556885807122,-0.4251245947205,0.05810776523323,0.4094789470362,-0.1142027522744
6683.439175686,4.397511673051,-1.57453819744,4.397511673051,-1.57453819744,-0.4249422615978,0.05875836287575,0.4089455283236,-0.1154289793556
6760.82975392,4.391079431733,-1.592378150952,4.391079431733,-1.592378150952,-0.4247558432213,0.05941559438086,0.4084004755889,-0.1166660189385
6839.116472815,4.38449270342,-1.610407161678,4.38449270342,-1.610407161678,-0.4245652518376,0.06007950786481,0.4078435535887,-0.1179138864862
6918.30970919,4.377747694336,-1.628626710446,4.377747694336,-1.628626710446,-0.4243703979084,0.06075015103857,0.4072745231077,-0.1191725941787
6998.419960023,4.370840516022,-1.647038263995,4.370840516022,-1.647038263995,-0.4241711902589,0.06142757119885,0.4066931411023,-0.1204421508272
7079.457843842,4.363767182375,-1.665643273155,4.363767182375,-1.665643273155,-0.4239675360028,0.06211181518684,0.4060991606308,-0.121722561723
7161.434102129,4.356523605359,-1.684443170439,4.356523605359,-1.684443170439,-0.4237593403437,0.06280292932702,0.405492330668,-0.1230138284465
7244.35960075,4.349105593975,-1.703439368778,4.349105593975,-1.703439368778,-0.423546506699,0.06350095941123,0.4048723962314,-0.124315948763
7328.245331389,4.341508852152,-1.722633259797,4.341508852152,-1.722633259797,-0.423328936724,0.06420595066791,0.4042390984139,-0.1256289164887
7413.10241301,4.333728975043,-1.742026211392,4.333728975043,-1.742026211392,-0.4231065301887,0.06491794770787,0.4035921742778,-0.126952721309
7498.942093325,4.325761444773,-1.761619564953,4.325761444773,-1.761619564953,-0.4228791848044,0.06563699445998,0.4029313567047,-0.1282873485759
7585.775750292,4.317601632449,-1.781414635043,4.317601632449,-1.781414635043,-0.4226467966691,0.06636313420099,0.4022563748385,-0.1296327792886
7673.614893619,4.309244789983,-1.801412704863,4.309244789983,-1.801412704863,-0.4224092597246,0.06709640943196,0.4015669535882,-0.1309889897721
7762.471166287,4.300686050456,-1.821615025072,4.300686050456,-1.821615025072,-0.4221664660533,0.06783686188264,0.400862813935,-0.1323559516057
7852.356346101,4.291920424128,-1.842022810723,4.291920424128,-1.842022810723,-0.4219183057559,0.06858453244975,0.4001436728435,-0.1337336314203
7943.282347243,4.282942795139,-1.862637238367,4.282942795139,-1.862637238367,-0.4216646669039,0.0693394611448,0.3994092432471,-0.1351219907137
8035.261221857,4.273747917914,-1.883459442878,4.273747917914,-1.883459442878,-0.4214054354671,0.07010168703602,0.3986592340143,-0.136520985653
8128.305161641,4.264330415994,-1.904490515226,4.264330415994,-1.904490515226,-0.4211404954883,0.0708712482298,0.3978933501529,-0.1379305669534
8222.426499471,4.254684777068,-1.925731498455,4.254684777068,-1.925731498455,-0.4208697288891,0.07164818178975,0.3971112926681,-0.1393506796339
8317.637711027,4.244805350432,-1.947183384581,4.244805350432,-1.947183384581,-0.4205930155222,0.07243252369476,0.3963127586588,-0.1407812628483
8413.951416452,4.234686342911,-1.968847110625,4.234686342911,-1.968847110625,-0.4203102330769,0.07322430877043,0.3954974412798,-0.1422222496636
8511.380382024,4.224321815715,-1.990723554911,4.224321815715,-1.990723554911,-0.4200212570834,0.07402357063551,0.3946650298014,-0.1436735668663
8609.937521846,4.213705682716,-2.012813533879,4.213705682716,-2.012813533879,-0.4197259610652,0.07483034167302,0.3938152098139,-0.1451351348168
8709.635899561,4.20283170398,-2.035117796474,4.20283170398,-2.035117796474,-0.4194242162257,0.07564465291782,0.3929476629975,-0.1466068671398
8810.488730081,4.191693483706,-2.057637020393,4.191693483706,-2.057637020393,-0.4191158915776,0.07646653401936,0.3920620673155,-0.1480886705607
8912.509381338,4.180284468092,-2.080371808141,4.180284468092,-2.080371808141,-0.4188008540726,0.07729601320446,0.3911580972121,-0.149580444742
9015.71137606,4.168597938502,-2.103322680575,4.168597938502,-2.103322680575,-0.418478968267,0.07813311715334,0.3902354233805,-0.15108208195
9120.10839356,4.156627010478,-2.126490073056,4.156627010478,-2.126490073056,-0.4181500965753,0.07897787098074,0.3892937130887,-0.1525934669258
9225.714271548,4.144364629283,-2.149874329663,4.144364629283,-2.149874329663,-0.417814099183,0.07983029815326,0.3883326301914,-0.1541144766326
9332.54300797,4.131803564206,-2.173475696498,4.131803564206,-2.173475696498,-0.4174708338383,0.08069042038038,0.3873518350363,-0.1556449799519
9440.60876286,4.118936408662,-2.197294317677,4.118936408662,-2.197294317677,-0.4171201562305,0.08155825761553,0.3863509849237,-0.1571848375925
9549.925860215,4.105755573235,-2.221330227417,4.105755573235,-2.221330227417,-0.4167619196623,0.08243382792052,0.3853297339147,-0.1587339017363
9660.508789899,4.092253282359,-2.245583343643,4.092253282359,-2.245583343643,-0.4163959750894,0.08331714739718,0.38428773299,-0.1602920158138
9772.372209559,4.078421571923,-2.270053461825,4.078421571923,-2.270053461825,-0.4160221712594,0.08420823013732,0.3832246303054,-0.1618590143162
9885.53094657,4.064252283303,-2.294740246489,4.064252283303,-2.294740246489,-0.4156403544856,0.08510708809811,0.3821400711204,-0.163434722464
10000.0,4.049737062162,-2.319643225009,4.049737062162,-2.319643225009,-0.4152503689109,0.08601373107318,0.3810336981833,-0.1650189560616
10115.7945426,4.034867352747,-2.344761778504,4.034867352747,-2.344761778504,-0.4148520563096,0.08692816656887,0.3799051517015,-0.1666115211699
10232.92992281,4.019634393422,-2.370095132966,4.019634393422,-2.370095132966,-0.4144452560138,0.08785039970158,0.3787540694344,-0.1682122138218
10351.42166679,4.004029215774,-2.395642352031,4.004029215774,-2.395642352031,-0.4140298052056,0.08878043317008,0.3775800871299,-0.169820819883
10471.28548051,3.988042638348,-2.421402326182,3.988042638348,-2.421402326182,-0.4136055386528,0.08971826710918,0.3763828384601,-0.1714371146868
10592.53725177,3.971665263751,-2.447373763395,3.971665263751,-2.447373763395,-0.4131722887868,0.09066389901205,0.3751619552799,-0.1730608628038
10715.19305238,3.954887476537,-2.473555179773,3.954887476537,-2.473555179773,-0.4127298858546,0.09161732366773,0.3739170679615,-0.1746918178415
10839.26914021,3.937699437912,-2.499944887702,3.937699437912,-2.499944887702,-0.4122781577345,0.09257853302292,0.3726478054332,-0.1763297221038
10964.78196143,3.920091082459,-2.526540984594,3.920091082459,-2.526540984594,-0.4118169299486,0.09354751608297,0.371353795407,-0.177974306327
11091.74815262,3.902052117274,-2.553341342589,3.902052117274,-2.553341342589,-0.4113460259178,0.09452425886617,0.3700346648355,-0.1796252895221
11220.18454302,3.883572015529,-2.580343594033,3.883572015529,-2.580343594033,-0.4108652666177,0.09550874422023,0.3686900398385,-0.1812823785573
11350.10815672,3.864640017323,-2.607545120946,3.864640017323,-2.607545120946,-0.4103744709831,0.09650095180634,0.367319546315,-0.1829452680645
11481.53621497,3.845245123893,-2.634943039437,3.845245123893,-2.634943039437,-0.4098734555943,0.09750085791632,0.3659228099194,-0.1846136400322
11614.4861384,3.825376096857,-2.662534186623,3.825376096857,-2.662534186623,-0.4093620348709,0.0985084354038,0.3644994565064,-0.186287163621
11748.9755494,3.805021456354,-2.690315106019,3.805021456354,-2.690315106019,-0.4088400211245,0.09952365358136,0.3630491124589,-0.1879654949182
11885.02227437,3.784169478581,-2.718282031651,3.784169478581,-2.718282031651,-0.4083072245189,0.1005464780929,0.3615714049457,-0.1896482766531
12022.64434617,3.76280819481,-2.746430872227,3.76280819481,-2.746430872227,-0.4077634531531,0.1015768708127,0.3600659623004,-0.1913351379679
12161.86000646,3.740925389444,-2.774757193661,3.740925389444,-2.774757193661,-0.4072085130054,0.1026147897082,0.3585324142894,-0.1930256941267
12302.68770812,3.718508600492,-2.803256202274,3.718508600492,-2.803256202274,-0.406642208095,0.103660188754,0.3569703925848,-0.1947195463287
12445.14611771,3.695545119383,-2.831922726471,3.695545119383,-2.831922726471,-0.4060643405285,0.1047130178153,0.355379531147,-0.1964162814722
12589.25411794,3.672021990441,-2.860751196953,3.672021990441,-2.860751196953,-0.4054747104547,0.1057732225063,0.3537594665397,-0.1981154718773
12735.03081017,3.647926012028,-2.889735626929,3.647926012028,-2.889735626929,-0.4048731161439,0.106840744076,0.3521098383679,-0.1998166750721
12882.49551693,3.623243738301,-2.918869591518,3.623243738301,-2.918869591518,-0.4042593540694,0.1079155192938,0.3504302897302,-0.2015194335852
13031.66778452,3.597961481852,-2.948146206472,3.597961481852,-2.948146206472,-0.4036332190189,0.1089974803408,0.3487204677088,-0.2032232747599
13182.56738556,3.572065316041,-2.977558105191,3.572065316041,-2.977558105191,-0.4029945040903,0.1100865546681,0.3469800237735,-0.2049277105173
13335.21432163,3.545541078997,-3.007097415521,3.545541078997,-3.007097415521,-0.402343000788,0.1111826648801,0.345208614285,-0.2066322371759
13489.62882592,3.518374378711,-3.036755735848,3.518374378711,-3.036755735848,-0.4016784991468,0.112285728623,0.3434059010357,-0.2083363352945
13645.83136589,3.490550597036,-3.066524108486,3.490550597036,-3.066524108486,-0.4010007876265,0.1133956584081,0.3415715516058,-0.2100394694046
13803.84264603,3.46205489887,-3.096392995704,3.46205489887,-3.096392995704,-0.4003096534802,0.1145123615646,0.33970524014,-0.211741087997
13963.68361056,3.432872238354,-3.126352251257,3.432872238354,-3.126352251257,-0.3996048826591,0.1156357400621,0.3378066477388,-0.2134406232809
14125.37544623,3.402987368168,-3.156391092588,3.402987368168,-3.156391092588,-0.3988862599338,0.1167656903914,0.3358754630483,-0.2151374910636
14288.93958511,3.372384850959,-3.186498072822,3.372384850959,-3.186498072822,-0.3981535691141,0.1179021034723,0.3339113829462,-0.2168310906979
14454.39770746,3.341049069425,-3.216661049255,3.341049069425,-3.216661049255,-0.397406592948,0.1190448644678,0.3319141129692,-0.2185208048693
14621.77174457,3.308964240954,-3.246867153671,3.308964240954,-3.246867153671,-0.396645113376,0.1201938526988,0.3298833680529,-0.2202059995885
14791.08388168,3.276114432734,-3.277102760656,3.276114432734,-3.277102760656,-0.3958689116523,0.1213489415202,0.3278188731702,-0.2218860241276
14962.35656095,3.242483578863,-3.307353455208,3.242483578863,-3.307353455208,-0.3950777684934,0.1225099982051,0.325720364005,-0.2235602109894
15135.61248436,3.20805549825,-3.337603998343,3.20805549825,-3.337603998343,-0.3942714640954,0.1236768837863,0.3235875875281,-0.225227875818
15310.87461682,3.172813916345,-3.367838293571,3.172813916345,-3.367838293571,-0.3934497783658,0.1248494529632,0.3214203027624,-0.226888317449
15488.16618913,3.136742488291,-3.398039351862,3.136742488291,-3.398039351862,-0.3926124910683,0.1260275539824,0.3192182814861,-0.2285408179304
15667.51070108,3.099824823569,-3.428189254867,3.099824823569,-3.428189254867,-0.39175938186,0.1272110284826,0.3169813088579,-0.230184642501
15848.93192461,3.062044515927,-3.458269120468,3.062044515927,-3.458269120468,-0.3908902306796,0.1283997114524,0.3147091843373,-0.2318190397945
16032.4539069,3.023385172525,-3.488259063988,3.023385172525,-3.488259063988,-0.3900048177049,0.1295934310501,0.3124017222645,-0.2334432418169
16218.10097359,2.983830447821,-3.518138160865,2.983830447821,-3.518138160865,-0.389102923549,0.1307920084991,0.3100587526408,-0.2350564640839
16405.897732,2.943364081029,-3.547884409588,2.943364081029,-3.547884409588,-0.3881843295299,0.1319952580099,0.3076801219764,-0.2366579058298
16595.86907438,2.901969936078,-3.577474693579,2.901969936078,-3.577474693579,-0.3872488178553,0.1332029866756,0.3052656940742,-0.2382467501931
16788.04018123,2.85963204415,-3.606884741927,2.85963204415,-3.606884741927,-0.3862961717015,0.1344149943313,0.3028153507364,-0.2398221643639
16982.43652462,2.816334651589,-3.636089092222,2.816334651589,-3.636089092222,-0.3853261755269,0.135631073495,0.3003289926609,-0.2413832999028
17179.08387158,2.772062269909,-3.665061051532,2.772062269909,-3.665061051532,-0.3843386151647,0.136851009235,0.2978065401676,-0.242929292954
17378.00828749,2.726799731803,-3.693772660386,2.726799731803,-3.693772660386,-0.3833332781946,0.1380745791355,0.2952479341447,-0.2444592646639
17579.23613959,2.68053224877,-3.722194653963,2.68053224877,-3.722194653963,-0.3823099539605,0.1393015531409,0.2926531367201,-0.2459723214086
17782.79410039,2.633245476644,-3.750296428982,2.633245476644,-3.750296428982,-0.3812684340895,0.1405316935817,0.2900221323203,-0.2474675553736
17988.70915129,2.584925580862,-3.778046005032,2.584925580862,-3.778046005032,-0.3802085123238,0.1417647549549,0.287354928199,-0.2489440447281
18197.0085861,2.535559311825,-3.805409994844,2.535559311825,-3.805409994844,-0.3791299851192,0.1430004839863,0.2846515555511,-0.2504008543272
18407.72001469,2.485134081936,-3.832353571838,2.485134081936,-3.832353571838,-0.3780326517817,0.1442386195302,0.281912070265,-0.2518370361551
18620.87136663,2.433638048124,-3.85884044032,2.433638048124,-3.85884044032,-0.3769163146551,0.1454788924896,0.2791365537116,-0.2532516298372
18836.4908949,2.381060199998,-3.884832808756,2.381060199998,-3.884832808756,-0.3757807793619,0.1467210257605,0.2763251135647,-0.254643663223
19054.60717963,2.327390454964,-3.910291368633,2.327390454964,-3.910291368633,-0.3746258552914,0.1479647342774,0.2734778847932,-0.2560121531784
19275.24913191,2.272619755378,-3.93517527123,2.272619755378,-3.93517527123,-0.3734513555439,0.1492097248544,0.270595030241,-0.2573561060506
19498.44599758,2.216740175519,-3.959442115311,2.216740175519,-3.959442115311,-0.3722570975411,0.1504556962911,0.2676767416814,-0.2586745186259
19724.22736115,2.159745030719,-3.983047933542,2.159745030719,-3.983047933542,-0.3710429030716,0.1517023392643,0.2647232404426,-0.259966378745
19952.62314969,2.101628994394,-4.005947187827,2.101628994394,-4.005947187827,-0.369808598693,0.1529493363663,0.2617347782753,-0.2612306662049
20183.66363682,2.042388220138,-4.028092769408,2.042388220138,-4.028092769408,-0.36855401603,0.154196362111,0.2587116381231,-0.262466353634
20417.3794467,1.982020469024,-4.049436004597,1.982020469024,-4.049436004597,-0.3672789919909,0.1554430829133,0.2556541348145,-0.2636724073521
20653.80155811,1.920525243771,-4.06992667041,1.920525243771,-4.06992667041,-0.3659833692277,0.1566891571787,0.2525626158992,-0.2648477884486
20892.96130854,1.857903926461,-4.089513014464,1.857903926461,-4.089513014464,-0.3646669962557,0.1579342352586,0.2494374622208,-0.2659914536613
21134.89039837,1.794159923697,-4.108141788469,1.794159923697,-4.108141788469,-0.3633297280064,0.1591779595997,0.2462790887588,-0.2671023566133
21379.62089502,1.729298814229,-4.12575828641,1.729298814229,-4.12575828641,-0.3619714259351,0.1604199647135,0.243087945132,-0.2681794487717
21627.18523727,1.663328502771,-4.142306396782,1.663328502771,-4.142306396782,-0.3605919584535,0.161659877295,0.2398645162892,-0.2692216806871
21877.6162395,1.596259377084,-4.15772866481,1.596259377084,-4.15772866481,-0.3591912012357,0.162897316299,0.2366093230772,-0.2702280031867
22130.94709606,1.528104468666,-4.171966367408,1.528104468666,-4.171966367408,-0.3577690375707,0.1641318930491,0.2333229227972,-0.2711973686455
22387.21138568,1.458879615732,-4.184959600064,1.458879615732,-4.184959600064,-0.3563253586116,0.1653632113117,0.2300059096531,-0.2721287322238
22646.44307593,1.388603628964,-4.196647380233,1.388603628964,-4.196647380233,-0.3548600638359,0.1665908674795,0.2266589152906,-0.2730210533083
22908.67652768,1.317298457452,-4.206967763431,1.317298457452,-4.206967763431,-0.3533730613186,0.1678144506838,0.2232826091657,-0.2738732968532
23173.94649969,1.244989354537,-4.215857974865,1.244989354537,-4.215857974865,-0.3518642679864,0.1690335429101,0.2198776988521,-0.274684434748
23442.2881532,1.171705043476,-4.223254561061,1.171705043476,-4.223254561061,-0.3503336101601,0.1702477192654,0.2164449304772,-0.2754534474492
23713.73705662,1.09747787897,-4.229093553925,1.09747787897,-4.229093553925,-0.3487810236848,0.1714565480664,0.2129850888403,-0.2761793253308
23988.3291902,1.022344005809,-4.233310656483,1.022344005809,-4.233310656483,-0.3472064543667,0.1726595910875,0.2094989976663,-0.2768610703119
24266.10095083,0.9463435113821,-4.23584144575,0.9463435113821,-4.23584144575,-0.3456098582856,0.1738564037682,0.2059875197186,-0.2774976974228
24547.08915685,0.8695205708113,-4.236621594921,0.8695205708113,-4.236621594921,-0.343991202124,0.1750465354441,0.202451556859,-0.2780882364191
24831.33105296,0.7919235827739,-4.23558711495,0.7919235827739,-4.23558711495,-0.3423504634935,0.1762295295953,0.1988920500393,-0.2786317334258
25118.8643151,0.7136052939397,-4.232674615737,0.7136052939397,-4.232674615737,-0.3406876312572,0.1774049241101,0.1953099792204,-0.2791272526077
25409.72705549,0.6346229098383,-4.227821586886,0.6346229098383,-4.227821586886,-0.3390027058458,0.1785722515651,0.1917063632188,-0.2795738778633
25703.95782769,0.5550381899082,-4.220966697835,0.5550381899082,-4.220966697835,-0.3372956995694,0.179731039522,0.1880822594747,-0.2799707145397
26001.59563165,0.4749175242892,-4.212050116917,0.4749175242892,-4.212050116917,-0.3355666369214,0.1808808108405,0.184438763742,-0.2803168911638
26302.67991896,0.394331989933,-4.201013848625,0.394331989933,-4.201013848625,-0.333815554876,0.182021084007,0.1807770096969,-0.2806115611866
26607.25059799,0.313357383463,-4.187802088117,0.313357383463,-4.187802088117,-0.3320425031763,0.1831513734804,0.1770981684619,-0.280853904737
26915.34803927,0.2320742282369,-4.172361591895,0.2320742282369,-4.172361591895,-0.3302475446331,0.1842711900644,0.1734034480554,-0.2810431303972
27227.01308078,0.1505677530205,-4.154642061568,0.1505677530205,-4.154642061568,-0.3284307553171,0.1853800412421,0.1696940927031,-0.2811784768959
27542.28703338,0.06892783992345,-4.134596542404,0.06892783992345,-4.134596542404,-0.3265922249326,0.1864774316335,0.1659713821618,-0.2812592149633
27861.2116863,-0.01275106110209,-4.112181829216,-0.01275106110209,-4.112181829216,-0.3247320569679,0.1875628633509,0.1622366308427,-0.2812846489957
28183.82931265,-0.0943700532806,-4.087358882003,-0.0943700532806,-4.087358882003,-0.3228503690241,0.1886358364776,0.1584911869411,-0.2812541188722
28510.18267504,-0.175825951702,-4.060093243431,-0.175825951702,-4.060093243431,-0.3209472929392,0.1896958494522,0.1547364313784,-0.2811670015878
28840.31503127,-0.2570114815802,-4.030355458629,-0.2570114815802,-4.030355458629,-0.3190229750133,0.1907423995329,0.150973776711,-0.281022712963
29174.27014001,-0.3378155175993,-3.998121491797,-0.3378155175993,-3.998121491797,-0.3170775761988,0.1917749832646,0.1472046659364,-0.2808207093067
29512.09226667,-0.4181233657746,-3.963373137166,-0.4181233657746,-3.963373137166,-0.3151112723847,0.1927930970274,0.1434305712578,-0.2805604891452
29853.82618918,-0.4978170881973,-3.926098414967,-0.4978170881973,-3.926098414967,-0.3131242543853,0.1937962374304,0.139652992626,-0.2802415946646
30199.51720402,-0.5767758714799,-3.886291954564,-0.5767758714799,-3.886291954564,-0.311116728171,0.1947839018731,0.1358734563134,-0.2798636133384
30549.21113216,-0.6548764384375,-3.843955355127,-0.6548764384375,-3.843955355127,-0.3090889149694,0.1957555890528,0.132093513345,-0.2794261794062
30902.95432514,-0.7319935023174,-3.799097520453,-0.7319935023174,-3.799097520453,-0.3070410513638,0.1967107994932,0.1283147378501,-0.2789289753125
31260.79367124,-0.8080002622077,-3.751734962561,-0.8080002622077,-3.751734962561,-0.3049733893725,0.1976490360832,0.1245387253264,-0.2783717330847
31622.77660169,-0.8827689376303,-3.701892068902,-0.8827689376303,-3.701892068902,-0.3028861965066,0.1985698046248,0.1207670908208,-0.2777542356432
31988.95109692,-0.9561713395629,-3.649601328118,-0.9561713395629,-3.649601328118,-0.3007797558049,0.1994726143899,0.1170014670275,-0.2770763180396
32359.36569296,-1.028079474567,-3.59490350945,-1.028079474567,-3.59490350945,-0.2986543658473,0.2003569786837,0.1132435023076,-0.2763378686168
32734.06948789,-1.098366177916,-3.537847791141,-1.098366177916,-3.537847791141,-0.2965103407446,0.2012224154153,0.109494858633,-0.2755388300857
33113.11214826,-1.166905771002,-3.478491833588,-1.166905771002,-3.478491833588,-0.2943480101041,0.2020684476723,0.1057572094589,-0.2746792005142
33496.54391578,-1.233574737651,-3.416901793429,-1.233574737651,-3.416901793429,-0.2921677189715,0.2028946043012,0.1020322375275,-0.2737590342223
33884.41561392,-1.298252413342,-3.353152275352,-1.298252413342,-3.353152275352,-0.289969827747,0.2037004204896,0.09832163260962,-0.2727784425795
34276.77865465,-1.360821680906,-3.287326219057,-1.360821680906,-3.287326219057,-0.2877547120773,0.204485438351,0.09462708918699,-0.2717375946995
34673.68504526,-1.421169665705,-3.219514719573,-1.421169665705,-3.219514719573,-0.2855227627212,0.2052492075098,0.09095030408146,-0.2706367180284
35075.18739526,-1.479188423024,-3.149816779965,-1.479188423024,-3.149816779965,-0.2832743853897,0.2059912856862,0.08729297403608,-0.2694760988211
35481.33892336,-1.534775610204,-3.078338996335,-1.534775610204,-3.078338996335,-0.2810100005596,0.2067112392782,0.08365679325439,-0.2682560825039
35892.1934645,-1.587835135822,-3.005195175998,-1.587835135822,-3.005195175998,-0.2787300432614,0.2074086439421,0.0800434509033,-0.2669770739189
36307.80547701,-1.638277778311,-2.930505890682,-1.638277778311,-2.930505890682,-0.2764349628403,0.2080830851667,0.07645462858648,-0.2656395374464
36728.23004981,-1.686021766628,-2.854397967523,-1.686021766628,-2.854397967523,-0.2741252226917,0.2087341588426,0.07289199779466,-0.2642439970051
37153.52290972,-1.730993315726,-2.777003921692,-1.730993315726,-2.777003921692,-0.271801299969,0.2093614718244,0.06935721733939,-0.2627910359247
37583.74042885,-1.773127110159,-2.69846133533,-1.773127110159,-2.69846133533,-0.2694636852671,0.2099646424833,0.06585193077815,-0.2612812966916
38018.93963206,-1.812366729628,-2.618912188397,-1.812366729628,-2.618912188397,-0.2671128822786,0.2105433012508,0.06237776383695,-0.2597154805651
38459.17820454,-1.848665011181,-2.538502147934,-1.848665011181,-2.538502147934,-0.2647494074407,0.211097091163,0.05893632184198,-0.2580943470778
38904.51449943,-1.881984342582,-2.457379821809,-1.881984342582,-2.457379821809,-0.2623737894637,0.2116256683177,0.05552918714359,-0.2564187133154
39355.00754558,-1.912296885566,-2.375695987804,-1.912296885566,-2.375695987804,-0.2599865690824,0.2121287025156,0.05215791661524,-0.2546894533067
39810.71705535,-1.93958472171,-2.293602800152,-1.93958472171,-2.293602800152,-0.2575882983979,0.2126058775767,0.04882403909637,-0.2529074969069
40271.70343255,-1.963839924754,-2.211252989141,-1.963839924754,-2.211252989141,-0.25517954058,0.2130568919497,0.04552905295369,-0.251073828927
40738.02778041,-1.985064554102,-2.128799056483,-1.985064554102,-2.128799056483,-0.2527608693015,0.2134814591046,0.04227442363366,-0.2491894878958
41209.75190974,-2.003270572512,-2.046392478063,-2.003270572512,-2.046392478063,-0.2503328682433,0.2138793079813,0.03906158128526,-0.2472555647854
41686.93834704,-2.018479688618,-1.964182921503,-2.018479688618,-1.964182921503,-0.2478961305617,0.2142501834044,0.03589191843781,-0.2452732015983
42169.65034286,-2.030723127012,-1.882317486705,-2.030723127012,-1.882317486705,-0.2454512583363,0.2145938464769,0.03276678774439,-0.2432435898347
42657.95188016,-2.040041329337,-1.800939977067,-2.040041329337,-1.800939977067,-0.2429988619996,0.2149100749515,0.02968749979829,-0.241167968842
43151.90768278,-2.046483590847,-1.720190208354,-2.046483590847,-1.720190208354,-0.2405395597467,0.2151986635771,0.02665532102892,-0.2390476240515
43651.58322402,-2.0501076376,-1.640203361648,-2.0501076376,-1.640203361648,-0.23807397693,0.2154594244218,0.02367147168458,-0.2368838851068
44157.04473533,-2.050979150129,-1.561109385973,-2.050979150129,-1.561109385973,-0.2356027454374,0.2156921871687,0.02073712390781,-0.2346781238878
44668.3592151,-2.049171240065,-1.483032455304,-2.049171240065,-1.483032455304,-0.2331265030558,0.2158967993868,0.01785339990999,-0.2324317524365
45185.5944375,-2.044763886494,-1.406090483844,-2.044763886494,-1.406090483844,-0.2306458928227,0.2160731267729,0.01502137025089,-0.2301462207901
45708.81896149,-2.037843339167,-1.330394702505,-2.037843339167,-1.330394702505,-0.2281615623649,0.2162210533668,0.01224205222822,-0.2278230147268
46238.10213993,-2.028501495886,-1.256049298512,-2.028501495886,-1.256049298512,-0.2256741632282,0.2163404817364,0.009516408382863,-0.2254636534321
46773.51412872,-2.016835261287,-1.183151119245,-2.016835261287,-1.183151119245,-0.223184350197,0.2164313331353,0.006845345123632,-0.2230696870904
47315.12589615,-2.002945894218,-1.111789440474,-2.002945894218,-1.111789440474,-0.2206927806081,0.2164935476285,0.004229711476706,-0.2206426944111
47863.00923227,-1.986938350726,-1.042045798231,-1.986938350726,-1.042045798231,-0.2182001136578,0.21652708419,0.001670297961968,-0.2181842800951
48417.23675841,-1.968920629186,-0.9739938829678,-1.968920629186,-0.9739938829678,-0.2157070097047,0.2165319207684,-0.0008321643986851,-0.2156960722492
48977.88193685,-1.949003123924,-0.9076994936647,-1.949003123924,-0.9076994936647,-0.213214129571,0.2165080543232,-0.003277004940172,-0.2131797197575
49545.01908048,-1.927297992966,-0.8432205492083,-1.927297992966,-0.8432205492083,-0.2107221338415,0.2164555008292,-0.005663614076613,-0.210636889616
50118.72336273,-1.903918545196,-0.7806071535818,-1.903918545196,-0.7806071535818,-0.2082316821636,0.2163742952513,-0.007991443886596,-0.2080692642392
50699.07082747,-1.878978651488,-0.719901711124,-1.878978651488,-0.719901711124,-0.20574343255,0.2162644914875,-0.01026000855933,-0.2054785387474
51286.13839914,-1.852592183824,-0.6611390876818,-1.852592183824,-0.6611390876818,-0.203258040684,0.2161261622824,-0.01246888470216,-0.2028664182419
51880.0038929,-1.824872485782,-0.6043468132233,-1.824872485782,-0.6043468132233,-0.2007761592309,0.2159593991099,-0.01461771150797,-0.2002346150759
52480.74602498,-1.795931877116,-0.5495453213688,-1.795931877116,-0.5495453213688,-0.1982984371556,0.2157643120262,-0.01670619078443,-0.1975848461311
53088.4444231,-1.76588119457,-0.4967482211168,-1.76588119457,-0.4967482211168,-0.195825519049,0.2155410294934,-0.01873408684507,-0.1949188301055
53703.17963703,-1.734829370448,-0.4459625961242,-1.734829370448,-0.4459625961242,-0.1933580444634,0.2152896981741,-0.02070122626386,-0.1922382848227
54325.03314925,-1.702883049915,-0.3971893268942,-1.702883049915,-0.3971893268942,-0.1908966472601,0.2150104826976,-0.02260749749588,-0.1895449245685
54954.08738577,-1.670146247467,-0.3504234314285,-1.670146247467,-0.3504234314285,-0.1884419549686,0.2147035653991,-0.0244528503657,-0.1868404574633
55590.42572704,-1.636720042539,-0.3056544199513,-1.636720042539,-0.3056544199513,-0.1859945881604,0.214369146031,-0.02623729542739,-0.1841265828782
56234.13251904,-1.602702313772,-0.2628666596788,-1.602702313772,-0.2628666596788,-0.1835551598373,0.214007441449,-0.02796090319878,-0.1814049889004
56885.29308439,-1.56818751109,-0.2220397457838,-1.56818751109,-0.2220397457838,-0.1811242748372,0.2136186852731,-0.02962380327431,-0.1786773498561
57543.99373372,-1.533266464397,-0.1831488749928,-1.533266464397,-0.1831488749928,-0.1787025292568,0.2132031275241,-0.03122618332084,-0.1759453238966
58210.32177709,-1.498026227432,-0.1461652185579,-1.498026227432,-0.1461652185579,-0.1762905098928,0.2127610342371,-0.03276828796042,-0.1732105506543
58884.36553556,-1.462549955154,-0.1110562917321,-1.462549955154,-0.1110562917321,-0.1738887937141,0.2122926870656,-0.03425041754794,-0.1704746489836
59566.2143529,-1.426916812197,-0.07778631702616,-1.426916812197,-0.07778631702616,-0.1714979472926,0.2117983827904,-0.03567292683413,-0.1677392147237
60255.95860744,-1.391201912143,-0.04631657914715,-1.391201912143,-0.04631657914715,-0.1691185264093,0.2112784329945,-0.03703622356225,-0.1650058186956
60953.68972402,-1.355476282528,-0.01660576938321,-1.355476282528,-0.01660576938321,-0.1667510754785,0.2107331634718,-0.03834076693368,-0.1622760045914
61659.50018615,-1.319806856373,0.01138968200257,-1.319806856373,0.01138968200257,-0.1643961271484,0.210162913805,-0.0395870660193,-0.159551287107
62373.48354825,-1.284256486255,0.03771528687654,-1.284256486255,0.03771528687654,-0.1620542018645,0.2095680368528,-0.04077567807991,-0.1568331501137
63095.73444802,-1.24888397932,0.06241819492101,-1.24888397932,0.06241819492101,-0.1597258074679,0.208948898235,-0.04190720681738,-0.1541230449414
63826.34861906,-1.21374415098,0.08554690475657,-1.21374415098,0.08554690475657,-0.1574114388177,0.2083058758046,-0.04298230055987,-0.1514223887665
64565.42290347,-1.178887895189,0.1071509911071,-1.178887895189,0.1071509911071,-0.1551115774399,0.2076393591082,-0.04400165038895,-0.1487325631059
65313.05526475,-1.144362269253,0.1272808484498,-1.144362269253,0.1272808484498,-0.1528266912018,0.2069497488358,-0.04496598821431,-0.146054912421
66069.34480076,-1.110210591232,0.1459874513059,-1.110210591232,0.1459874513059,-0.1505572340117,0.2062374562616,-0.04587608480366,-0.1433907428314
66834.39175687,-1.076472548074,0.1633221312772,-1.076472548074,0.1633221312772,-0.1483036455457,0.2055029026771,-0.04673274777395,-0.1407413209394
67608.2975392,-1.043184312738,0.1793363706782,-1.043184312738,0.1793363706782,-0.1460663510006,0.2047465188176,-0.04753681955101,-0.1381078727676
68391.16472815,-1.010378668673,0.1940816125422,-1.010378668673,0.1940816125422,-0.1438457608728,0.2039687442846,-0.04828917530402,-0.1354915828075
69183.0970919,-0.9780851401547,0.2076090866141,-0.9780851401547,0.2076090866141,-0.1416422707639,0.2031700269634,-0.04899072086158,-0.1328935931805
69984.19960023,-0.9463301270606,0.2199696509501,-0.9463301270606,0.2199696509501,-0.1394562612119,0.2023508224395,-0.04964239061546,-0.13031500291
70794.57843842,-0.9151370428336,0.2312136485205,-0.9151370428336,0.2312136485205,-0.1372880975493,0.2015115934128,-0.05024514541872,-0.1277568673035
71614.34102129,-0.8845264544582,0.2413907782871,-0.8845264544582,0.2413907782871,-0.1351381297856,0.2006528091137,-0.05079997048399,-0.1252201974437
72443.5960075,-0.8545162234166,0.2505499800778,-0.8545162234166,0.2505499800778,-0.1330066925167,0.1997749447186,-0.05130787328777,-0.1227059597859
73282.4533139,-0.8251216466816,0.2587393326203,-0.8251216466816,0.2587393326203,-0.1308941048577,0.19887848077,-0.05176988148711,-0.1202150758614
74131.0241301,-0.7963555969247,0.2660059640087,-0.7963555969247,0.2660059640087,-0.1288006704017,0.1979639025994,-0.05218704085283,-0.1177484220824
74989.42093325,-0.768228661206,0.2723959739038,-0.768228661206,0.2723959739038,-0.126726677201,0.1970316997551,-0.0525604132261,-0.1153068296471
75857.75750292,-0.7407492775108,0.2779543667497,-0.7407492775108,0.2779543667497,-0.1246723977736,0.1960823654366,-0.0528910745018,-0.1128910845417
76736.14893619,-0.7139238685884,0.2827249952786,-0.7139238685884,0.2827249952786,-0.1226380891307,0.1951163959358,-0.05318011264474,-0.1105019276362
77624.71166287,-0.687756972619,0.2867505136163,-0.687756972619,0.2867505136163,-0.1206239928282,0.1941342900856,-0.05342862574174,-0.10814005487
78523.56346101,-0.6622513703348,0.2900723392454,-0.6622513703348,0.2900723392454,-0.1186303350376,0.1931365487187,-0.05363772009499,-0.1058061175249
79432.82347243,-0.6374082082445,0.2927306232264,-0.6374082082445,0.2927306232264,-0.1166573266398,0.192123674135,-0.05380850835961,-0.1035007225803
80352.61221857,-0.6132271177388,0.2947642279199,-0.6132271177388,0.2947642279199,-0.1147051633373,0.1910961695801,-0.05394210772913,-0.1012244331479
81283.05161642,-0.5897063298429,0.2962107116636,-0.5897063298429,0.2962107116636,-0.1127740257862,0.1900545387355,-0.05403963817239,-0.09897776898121
82224.26499471,-0.5668427854797,0.2971063197551,-0.5668427854797,0.2971063197551,-0.1108640797469,0.1889992852204,-0.0541022207242,-0.09676120705617
83176.37711027,-0.5446322411497,0.2974859811441,-0.5446322411497,0.2974859811441,-0.1089754762515,0.1879309121061,-0.05413097583304,-0.09457518221776
84139.51416453,-0.5230693699344,0.2973833103456,-0.5230693699344,0.2973833103456,-0.1071083517886,0.1868499214445,-0.05412702176732,-0.09242008788968
85113.80382024,-0.5021478578287,0.2968306139866,-0.5021478578287,0.2968306139866,-0.1052628285035,0.1857568138096,-0.05409147308288,-0.09029627684173
86099.37521847,-0.4818604953835,0.2958589015415,-0.4818604953835,0.2958589015415,-0.1034390144131,0.184652087854,-0.05402543915294,-0.088204062011
87096.35899561,-0.4621992647032,0.294497899774,-0.4621992647032,0.294497899774,-0.1016370036358,0.1835362398797,-0.05393002276214,-0.08614371737257
88104.88730081,-0.4431554218514,0.2927760704604,-0.4431554218514,0.2927760704604,-0.09985687663294,0.1824097634242,-0.05380631876574,-0.08411547885526
89125.09381338,-0.4247195747298,0.2907206310099,-0.4247195747298,0.2907206310099,-0.09809870046386,0.1812731488622,-0.0536554128148,-0.08211954529832
90157.1137606,-0.4068817565505,0.2883575775683,-0.4068817565505,0.2883575775683,-0.09636252905141,0.1801268830229,-0.05347838014805,-0.08015607944481
91201.0839356,-0.3896314949764,0.2857117103114,-0.3896314949764,0.2857117103114,-0.09464840345812,0.1789714488232,-0.05327628445069,-0.07822520896747
92257.14271548,-0.3729578770811,0.2828066605602,-0.3729578770811,0.2828066605602,-0.09295635217213,0.177807324917,-0.05305017678014,-0.07632702752333
93325.43007971,-0.3568496102344,0.2796649194611,-0.3568496102344,0.2796649194611,-0.09128639140114,0.1766349853611,-0.05280109455898,-0.07446159583251
94406.0876286,-0.3412950790651,0.2763078679363,-0.3412950790651,0.2763078679363,-0.08963852537493,0.1754548992965,-0.05253006063422,-0.07262894277817
95499.25860215,-0.3262823986358,0.2727558076737,-0.3262823986358,0.2727558076737,-0.08801274665401,0.1742675306474,-0.05223808240294,-0.07082906652308
96605.08789899,-0.3117994639811,0.2690279929191,-0.3117994639811,0.2690279929191,-0.08640903644512,0.1730733378349,-0.05192615100298,-0.06906193563991
97723.72209559,-0.2978339961536,0.2651426628758,-0.2978339961536,0.2651426628758,-0.08482736492143,0.1718727735086,-0.05159524056833,-0.06732749025121
98855.3094657,-0.2843735849335,0.2611170745174,-0.2843735849335,0.2611170745174,-0.08326769154742,0.1706662842931,-0.05124630754777,-0.06562564317612
100000.0,-0.2714057283488,0.2569675356512,-0.2714057283488,0.2569675356512,-0.0817299654077,0.169454310551,-0.05088029008564,-0.06395628108052
101157.945426,-0.2589178691621,0.2527094380747,-0.2589178691621,0.2527094380747,-0.0802141255385,0.1682372861621,-0.05049810746353,-0.0623192656275
102329.2992281,-0.2468974284556,0.2483572907076,-0.2468974284556,0.2483572907076,-0.07872010126154,0.1670156383178,-0.05010065960119,-0.06071443462548
103514.2166679,-0.2353318364901,0.2439247525477,-0.2353318364901,0.2439247525477,-0.07724781251952,0.1657897873312,-0.04968882661528,-0.05914160317105
104712.8548051,-0.2242085609443,0.2394246653817,-0.2242085609443,0.2394246653817,-0.07579717021227,0.1645601464625,-0.04926346843416,-0.05760056478403
105925.3725177,-0.2135151327134,0.2348690861173,-0.2135151327134,0.2348690861173,-0.0743680765336,0.1633271217589,-0.0488254244668,-0.05609109253264
107151.9305238,-0.2032391693673,0.2302693186889,-0.2032391693673,0.2302693186889,-0.07296042530714,0.1620911119097,-0.04837551332441,-0.0546129401459
108392.6914021,-0.1933683964308,0.2256359454361,-0.1933683964308,0.2256359454361,-0.07157410232183,0.1608525081156,-0.04791453259237,-0.05316584311193
109647.8196143,-0.1838906665895,0.2209788579139,-0.1838906665895,0.2209788579139,-0.07020898566575,0.1596116939714,-0.04744325865072,-0.05174951975972
110917.4815262,-0.174793976968,0.2163072870636,-0.174793976968,0.2163072870636,-0.06886494605732,0.1583690453633,-0.04696244654151,-0.05036367232266
112201.8454302,-0.1660664845755,0.2116298327148,-0.1660664845755,0.2116298327148,-0.06754184717504,0.1571249303785,-0.04647282988021,-0.04900798798256
113501.0815672,-0.1576965200588,0.2069544923653,-0.1576965200588,0.2069544923653,-0.06623954598326,0.1558797092281,-0.04597512081,-0.0476821398922
114815.3621497,-0.1496725998437,0.202288689225,-0.1496725998437,0.202288689225,-0.06495789305514,0.1546337341828,-0.04547000999618,-0.0463857881755
116144.861384,-0.1419834368066,0.1976392994759,-0.1419834368066,0.1976392994759,-0.06369673289141,0.1533873495197,-0.04495816665908,-0.04511858090395
117489.755494,-0.1346179495361,0.1930126787559,-0.1346179495361,0.1930126787559,-0.06245590423483,0.1521408914821,-0.04444023864325,-0.04388015504814
118850.2227437,-0.12756527031,0.1884146878315,-0.12756527031,0.1884146878315,-0.06123524038073,0.1508946882489,-0.04391685252056,-0.04267013740398
120226.4434617,-0.1208147518713,0.1838507174565,-0.1208147518713,0.1838507174565,-0.06003456948152,0.149649059916,-0.04338861372593,-0.04148814549201
121618.6000646,-0.1143559730809,0.1793257124157,-0.1143559730809,0.1793257124157,-0.05885371484696,0.1484043184879,-0.04285610672283,-0.04033378843
123026.8770812,-0.1081787435445,0.1748441947426,-0.1081787435445,0.1748441947426,-0.05769249523858,0.1471607678788,-0.04231989519704,-0.03920666777782
124451.4611771,-0.1022731072745,0.1704102861235,-0.1022731072745,0.1704102861235,-0.05655072515815,0.1459187039233,-0.04178052227677,-0.0381063783541
125892.5411794,-0.0966293454787,0.166027729481,-0.0966293454787,0.166027729481,-0.05542821513049,0.1446784143963,-0.04123851077693,-0.03703250902469
127350.3081017,-0.09123797853508,0.1616999097516,-0.09123797853508,0.1616999097516,-0.05432477198009,0.1434401790419,-0.04069436346583,-0.03598464346248
128824.9551693,-0.08608976721623,0.1574298738652,-0.08608976721623,0.1574298738652,-0.05324019910117,0.1422042696097,-0.04014856335267,-0.03496236087843
130316.6778452,-0.08117571323545,0.1532203499353,-0.08117571323545,0.1532203499353,-0.05217429672146,0.1409709498991,-0.03960157399367,-0.03396523672386
131825.6738556,-0.07648705916587,0.1490737656743,-0.07648705916587,0.1490737656743,-0.05112686215934,0.1397404758119,-0.03905383981552,-0.03299284336408
133352.1432163,-0.07201528778951,0.1449922660491,-0.07201528778951,0.1449922660491,-0.05009769007399,0.1385130954105,-0.03850578645423,-0.03204475072329
134896.2882592,-0.06775212093158,0.1409777301897,-0.06775212093158,0.1409777301897,-0.04908657270928,0.1372890489833,-0.03795782110786,-0.03112052690125
136458.3136589,-0.06368951782058,0.137031787572,-0.06368951782058,0.137031787572,-0.04809330012987,0.1360685691166,-0.03741033290171,-0.0302197387616
138038.4264603,-0.0598196730273,0.1331558334883,-0.0598196730273,0.1331558334883,-0.04711766045146,0.1348518807715,-0.03686369326421,-0.02934195249253
139636.8361056,-0.05613501402718,0.1293510438247,-0.05613501402718,0.1293510438247,-0.04615944006309,0.1336392013666,-0.0363182563124,-0.02848673413991
141253.7544623,-0.05262819841349,0.1256183891667,-0.05262819841349,0.1256183891667,-0.04521842384292,0.1324307408657,-0.03577435924554,-0.02765365011337
142889.3958511,-0.04929211081026,0.1219586482499,-0.04929211081026,0.1219586482499,-0.04429439536681,0.1312267018702,-0.03523232274543,-0.02684226766587
144543.9770746,-0.04611985952048,0.1183724207747,-0.04611985952048,0.1183724207747,-0.04338713711032,0.1300272797154,-0.03469245138231,-0.02605215534732
146217.7174457,-0.04310477292934,0.1148601396082,-0.04310477292934,0.1148601396082,-0.04249643064286,0.1288326625712,-0.03415503402541,-0.02528288343249
147910.8388168,-0.04024039570906,0.11142208239,-0.04024039570906,0.11142208239,-0.04162205681591,0.127643031546,-0.03362034425647,-0.02453402432425
149623.5656095,-0.03752048483909,0.108058382564,-0.03752048483909,0.108058382564,-0.04076379594347,0.1264585607946,-0.03308864078587,-0.02380515293232
151356.1248436,-0.03493900547272,0.1047690398549,-0.03493900547272,0.1047690398549,-0.03992142797629,0.1252794176278,-0.03256016786983,-0.02309584702852
153108.7461682,-0.03249012668267,0.1015539302096,-0.03249012668267,0.1015539302096,-0.03909473266904,0.1241057626259,-0.0320351557281,-0.02240568757893
154881.6618913,-0.03016821708901,0.09841281522389,-0.03016821708901,0.09841281522389,-0.03828348974076,0.1229377497543,-0.03151382096112,-0.0217342590537
156675.1070108,-0.02796784040973,0.09534535107279,-0.02796784040973,0.09534535107279,-0.03748747902888,0.1217755264804,-0.03099636696592,-0.02108114971528
158489.3192461,-0.02588375093979,0.09235109696416,-0.02588375093979,0.09235109696416,-0.03670648063642,0.1206192338935,-0.03048298434992,-0.02044595188561
160324.539069,-0.02391088897572,0.08942952313493,-0.02391088897572,0.08942952313493,-0.03594027507345,0.1194690068254,-0.02997385134199,-0.01982826219325
162181.0097359,-0.02204437621578,0.08658001840743,-0.02204437621578,0.08658001840743,-0.03518864339116,0.118324973973,-0.0294691342002,-0.01922768180063
164058.97732,-0.02027951113114,0.08380189732482,-0.02027951113114,0.08380189732482,-0.03445136731096,0.117187258021,-0.02896898761546,-0.01864381661293
165958.6907438,-0.01861176433308,0.08109440688304,-0.01861176433308,0.08109440688304,-0.03372822934651,0.1160559757669,-0.02847355511069,-0.01807627746842
167880.4018123,-0.01703677394807,0.07845673287645,-0.01703677394807,0.07845673287645,-0.03301901292046,0.1149312382454,-0.02798296943497,-0.01752468031165
169824.3652462,-0.0155503410033,0.07588800587406,-0.0155503410033,0.07588800587406,-0.03232350247499,0.1138131508536,-0.02749735295215,-0.01698864634988
171790.8387158,-0.0141484248444,0.07338730684299,-0.0141484248444,0.07338730684299,-0.03164148357692,0.1127018134773,-0.02701681802358,-0.01646780219348
173780.082875,-0.01282713858593,0.07095367243492,-0.01282713858593,0.07095367243492,-0.03097274301711,0.1115973206157,-0.02654146738454,-0.01596177998104
175792.3613959,-0.01158274460165,0.06858609995064,-0.01158274460165,0.06858609995064,-0.03031706890452,0.1104997615079,-0.02607139451412,-0.01547021748987
177827.9410039,-0.01041165007018,0.06628355199842,-0.01041165007018,0.06628355199842,-0.02967425075508,0.1094092202576,-0.02560668399812,-0.01499275823257
179887.0915129,-0.009310402574804,0.06404496086024,-0.009310402574804,0.06404496086024,-0.0290440795752,0.1083257759584,-0.02514741188487,-0.01452905154019
181970.085861,-0.008275685764847,0.06186923257969,-0.008275685764847,0.06186923257969,-0.02842634794043,0.1072495028179,-0.02469364603359,-0.0140787526329
184077.2001469,-0.007304315085223,0.05975525078549,-0.007304315085223,0.05975525078549,-0.02782085006943,0.1061804702815,-0.0242454464552,-0.01364152267854
186208.7136663,-0.006393233577835,0.05770188026363,-0.006393233577835,0.05770188026363,-0.02722738189292,0.1051187431555,-0.02380286564544,-0.01321702883985
188364.908949,-0.005539507758321,0.05570797029052,-0.005539507758321,0.05570797029052,-0.0266457411184,0.1040643817286,-0.02336594891002,-0.01280494431087
190546.0717963,-0.004740323571544,0.05377235773961,-0.004740323571544,0.05377235773961,-0.0260757272901,0.1030174418933,-0.02293473468188,-0.01240494834314
192752.4913191,-0.003992982424883,0.05189386997183,-0.003992982424883,0.05189386997183,-0.02551714184491,0.1019779752653,-0.02250925483035,-0.0120167262623
194984.4599758,-0.003294897313136,0.05007132752412,-0.003294897313136,0.05007132752412,-0.02496978816414,0.1009460293022,-0.02208953496217,-0.0116399694756
197242.2736115,-0.002643589019892,0.0483035466026,-0.002643589019892,0.0483035466026,-0.02443347162143,0.09992164742063,-0.02167559471435,-0.01127437547097
199526.2314969,-0.002036682410742,0.04658934139407,-0.002036682410742,0.04658934139407,-0.02390799962619,0.09890486911226,-0.02126744803895,-0.01091964780786
201836.6363682,-0.001471902814667,0.04492752620461,-0.001471902814667,0.04492752620461,-0.02339318166435,0.09789573005791,-0.02086510347954,-0.01057549610089
204173.794467,-0.0009470724909825,0.04331691743381,-0.0009470724909825,0.04331691743381,-0.02288882933435,0.09689426224054,-0.02046856443967,-0.01024163599616
206538.0155811,-0.00046010718936,0.04175633539564,-0.00046010718936,0.04175633539564,-0.02239475638082,0.09590049405634,-0.02007782944309,-0.009917789141264
208929.6130854,-9.01279536743e-06,0.04024460599228,-9.012795367428e-06,0.04024460599228,-0.02191077872413,0.09491445042434,-0.01969289238602,-0.009603683149091
211348.9039837,0.0004081179315965,0.03878056225157,0.0004081179315965,0.03878056225157,-0.02143671448709,0.09393615289426,-0.01931374278135,-0.009299051555953
213796.2089502,0.000793108532941,0.03736304573414,0.000793108532941,0.03736304573414,-0.02097238401863,0.09296561975261,-0.01894036599498,-0.009003633774541
216271.8523727,0.001147701936507,0.03599090781874,0.001147701936507,0.03599090781874,-0.02051760991438,0.09200286612701,-0.01857274347429,-0.008717175041962
218776.162395,0.001473563455109,0.03466301087222,0.001473563455109,0.03466301087222,-0.02007221703452,0.09104790408877,-0.01821085296896,-0.00843942636335
221309.4709606,0.001772283696468,0.03337822931222,0.001772283696468,0.03337822931222,-0.01963603251912,0.09010074275345,-0.01785466874408,-0.008170144451414
223872.1138569,0.002045381387793,0.03213545056805,0.002045381387793,0.03213545056805,-0.01920888580053,0.08916138837975,-0.01750416178583,-0.007909091662169
226464.4307593,0.002294306117106,0.03093357594529,0.002294306117106,0.03093357594529,-0.01879060861357,0.08822984446642,-0.01715929999979,-0.007656035927295
229086.7652768,0.002520440987693,0.02977152140255,0.002520440987693,0.02977152140255,-0.01838103500357,0.08730611184722,-0.01682004840197,-0.00741075068346
231739.4649969,0.002725105192058,0.02864821824351,0.002725105192058,0.02864821824351,-0.0179800013316,0.0863901887841,-0.0164863693028,-0.007173014798738
234422.881532,0.002909556504728,0.02756261373041,0.002909556504728,0.02756261373041,-0.01758734627815,0.08548207105832,-0.0161582224841,-0.006942612496631
237137.3705662,0.003074993695683,0.026513671624,0.003074993695683,0.026513671624,-0.01720291084431,0.08458175205975,-0.01583556536929,-0.006719333277795
239883.291902,0.003222558864917,0.02550037265526,0.003222558864917,0.02550037265526,-0.01682653835157,0.08368922287415,-0.01551835318689,-0.006502971839875
242661.0095083,0.003353339700286,0.02452171493334,0.003353339700286,0.02452171493334,-0.01645807443921,0.08280447236861,-0.01520653912761,-0.006293327995546
245470.8915685,0.003468371663266,0.02357671429333,0.003468371663266,0.02357671429333,-0.01609736706128,0.08192748727978,-0.01490007449584,-0.006090206589465
248313.3105296,0.00356864009752,0.02266440458183,0.00356864009752,0.02266440458183,-0.01574426647619,0.08105825227151,-0.01459890884981,-0.005893417411825
251188.643151,0.003655082270544,0.02178383791043,0.003655082270544,0.02178383791043,-0.0153986252488,0.08019675006235,-0.01430299014874,-0.00570277511616
254097.2705549,0.003728589341237,0.02093408483353,0.003728589341237,0.02093408483353,-0.01506029823227,0.07934296145544,-0.01401226487674,-0.005518099129189
257039.5782769,0.003790008263325,0.02011423450127,0.003790008263325,0.02011423450127,-0.01472914256261,0.07849686543831,-0.01372667817401,-0.005339213565314
260015.9563165,0.00384014361984,0.01932339476395,0.00384014361984,0.01932339476395,-0.0144050176464,0.07765843925209,-0.01344617395733,-0.005165947138483
263026.7991896,0.003879759394495,0.0185606922382,0.003879759394495,0.0185606922382,-0.0140877851481,0.0768276584636,-0.01317069503592,-0.004998133074063
266072.5059799,0.003909580680452,0.01782527233743,0.003909580680452,0.01782527233743,-0.01377730897628,0.0760044970357,-0.01290018322223,-0.004835609020515
269153.4803927,0.003930295327887,0.01711629926948,0.003930295327887,0.01711629926948,-0.0134734552685,0.0751889273958,-0.01263457943751,-0.004678216960982
272270.1308078,0.003942555531082,0.0164329560049,0.003942555531082,0.0164329560049,-0.01317609237568,0.0743809205025,-0.01237382381254,-0.004525803125039
275422.8703338,0.003946979360126,0.01577444421523,0.003946979360126,0.01577444421523,-0.01288509084534,0.07358044591048,-0.01211785578355,-0.004378217900613
278612.116863,0.003944152235173,0.01513998418714,0.003944152235173,0.01513998418714,-0.01260032340344,0.07278747183377,-0.01186661418364,-0.00423531574614
281838.2931265,0.003934628347024,0.01452881471216,0.003934628347024,0.01452881471216,-0.0123216649362,0.0720019652071,-0.01162003732959,-0.004096955103277
285101.8267504,0.003918932025064,0.01394019295508,0.003918932025064,0.01394019295508,-0.01204899247071,0.0712238917457,-0.01137806310449,-0.003962998310057
288403.1503127,0.003897559054225,0.01337339430247,0.003897559054225,0.01337339430247,-0.01178218515505,0.0704532160033,-0.01114062903615,-0.003833311514701
291742.7014001,0.003870977942385,0.01282771219353,0.003870977942385,0.01282771219353,-0.01152112423741,0.06968990142864,-0.01090767237149,-0.003707764590058
295120.9226667,0.003839631140575,0.0123024579337,0.003839631140575,0.0123024579337,-0.01126569304495,0.06893391042018,-0.01067913014714,-0.003586231048889
298538.2618918,0.003803936216042,0.01179696049457,0.003803936216042,0.01179696049457,-0.01101577696207,0.0681852043794,-0.01045493925618,-0.003468587959966
301995.1720402,0.00376428698094,0.01131056629983,0.00376428698094,0.01131056629983,-0.01077126340831,0.06744374376232,-0.01023503651136,-0.003354715865113
305492.1113216,0.003721054577661,0.01084263899926,0.003721054577661,0.01084263899926,-0.01053204181511,0.06670948812974,-0.01001935870487,-0.003244498697102
309029.5432514,0.003674588522366,0.01039255923174,0.003674588522366,0.01039255923174,-0.0102980036032,0.06598239619577,-0.009807842664742,-0.003137823698715
312607.9367124,0.00362521770724,0.009959724379643,0.00362521770724,0.009959724379643,-0.01006904215898,0.06526242587493,-0.009600425308031,-0.003034581342793
316227.7660169,0.00357325136453,0.009543548313532,0.00357325136453,0.009543548313532,-0.009845052810537,0.06454953432786,-0.009397043690961,-0.002934665253366
319889.5109692,0.003518979991977,0.009143461130366,0.003518979991977,0.009143461130366,-0.009625932803636,0.06384367800561,-0.009197635056078,-0.002837972127974
323593.6569297,0.003462676242088,0.008758908884565,0.003462676242088,0.008758908884565,-0.00941158127748,0.06314481269244,-0.009002136876563,-0.00274440166117
327340.6948789,0.003404595775837,0.008389353313852,0.003404595775837,0.008389353313852,-0.009201899240163,0.06245289354733,-0.00881048689782,-0.002653856469213
331131.1214826,0.003344978082079,0.00803427156065,0.003344978082079,0.00803427156065,-0.008996789543679,0.06176787514421,-0.00862262317646,-0.002566242015953
334965.4391579,0.003284047264234,0.007693155889106,0.003284047264234,0.007693155889106,-0.008796156859167,0.06108971151083,-0.008438484116757,-0.002481466540026
338844.1561392,0.003222012795359,0.007365513398348,0.003222012795359,0.007365513398348,-0.008599907652307,0.06041835616628,-0.008258008504692,-0.002399440983359
342767.7865465,0.003159070241792,0.00705086573474,0.003159070241792,0.00705086573474,-0.008407950157537,0.05975376215745,-0.008081135539741,-0.002320078920798
346736.8504526,0.003095401957932,0.006748748800519,0.003095401957932,0.006748748800519,-0.008220194353338,0.05909588209414,-0.007907804864409,-0.002243296491201
350751.8739526,0.003031177751965,0.006458712462028,0.003031177751965,0.006458712462028,-0.00803655193688,0.05844466818303,-0.007737956591693,-0.00216901232975
354813.3892336,0.002966555524016,0.006180320257103,0.002966555524016,0.006180320257103,-0.007856936299003,0.05780007226046,-0.007571531330508,-0.002097147501617
358921.934645,0.002901681878071,0.005913149101323,0.002901681878071,0.005913149101323,-0.007681262498824,0.05716204582417,-0.007408470209208,-0.002027625436896
363078.0547701,0.002836692707689,0.005656788995606,0.002836692707689,0.005656788995606,-0.00750944723856,0.05653054006381,-0.007248714897264,-0.001960371866877
367282.3004981,0.002771713757425,0.005410842733295,0.002771713757425,0.005410842733295,-0.007341408838489,0.05590550589054,-0.007092207625188,-0.001895314761647
371535.2290972,0.002706861160122,0.005174925608847,0.002706861160122,0.005174925608847,-0.007177067212113,0.05528689396537,-0.006938891202776,-0.001832384269015
375837.4042885,0.002642241951412,0.004948665127453,0.002642241951412,0.004948665127453,-0.007016343840529,0.05467465472676,-0.006788709035795,-0.001771512654636
380189.3963206,0.002577954561892,0.004731700716479,0.002577954561892,0.004731700716479,-0.006859161748343,0.05406873841693,-0.006641605141102,-0.001712634243621
384591.7820454,0.00251408928799,0.004523683438934,0.00251408928799,0.004523683438934,-0.006705445478556,0.05346909510744,-0.006497524160354,-0.001655685363289
389045.1449943,0.00245072874227,0.004324275709109,0.00245072874227,0.004324275709109,-0.006555121067884,0.05287567472372,-0.006356411372344,-0.001600604287242
393550.0754558,0.00238794828398,0.004133151010422,0.00238794828398,0.004133151010422,-0.006408116022412,0.05228842706872,-0.006218212704012,-0.001547331180742
398107.1705535,0.002325816430308,0.003949993616591,0.002325816430308,0.003949993616591,-0.006264359293499,0.05170730184559,-0.006082874740226,-0.001495808047353
402717.0343255,0.002264395249487,0.003774498315146,0.002264395249487,0.003774498315146,-0.006123781253133,0.05113224867968,-0.005950344732397,-0.001445978676744
407380.2778041,0.002203740735953,0.003606370134617,0.002203740735953,0.003606370134617,-0.005986313670642,0.05056321713949,-0.005820570605952,-0.001397788593873
412097.5190974,0.002143903168636,0.003445324074698,0.002143903168636,0.003445324074698,-0.005851889688301,0.05000015675694,-0.005693500966775,-0.001351185009226
416869.3834704,0.002084927452744,0.003291084839947,0.002084927452744,0.003291084839947,-0.005720443798364,0.0494430170468,-0.005569085106621,-0.001306116770416
421696.5034286,0.002026853445737,0.003143386577438,0.002026853445737,0.003143386577438,-0.005591911819325,0.04889174752534,-0.005447273007599,-0.001262534314841
426579.5188016,0.001969716268143,0.0030019726178,0.001969716268143,0.0030019726178,-0.005466230873049,0.04834629772826,-0.005328015345746,-0.001220389623601
431519.0768278,0.001913546599747,0.002866595220333,0.001913546599747,0.002866595220333,-0.005343339361597,0.0478066172279,-0.005211263493764,-0.001179636176494
436515.8322402,0.001858370961642,0.002737015322183,0.001858370961642,0.002737015322183,-0.005223176945125,0.04727265564965,-0.005096969522931,-0.001140228908251
441570.4473533,0.001804211984829,0.002613002291606,0.001804211984829,0.002613002291606,-0.005105684518967,0.04674436268785,-0.004985086204294,-0.001102124165764
446683.592151,0.001751088665783,0.002494333685252,0.001751088665783,0.002494333685252,-0.004990804191582,0.04622168812086,-0.004875567009121,-0.001065279666483
451855.944375,0.001699016609499,0.002380795009817,0.001699016609499,0.002380795009817,-0.004878479262924,0.04570458182555,-0.004768366108691,-0.001029654457908
457088.1896149,0.001648008260532,0.002272179488153,0.001648008260532,0.002272179488153,-0.004768654202425,0.04519299379124,-0.004663438373461,-0.00099520887807
462381.0213993,0.001598073122497,0.002168287829616,0.001598073122497,0.002168287829616,-0.004661274627854,0.04468687413287,-0.00456073937163,-0.0009619045171212
467735.1412872,0.001549217966488,0.002068928004666,0.001549217966488,0.002068928004666,-0.004556287284195,0.04418617310375,-0.004460225367156,-0.0009297041799127
473151.2589615,0.001501447028849,0.001973915024253,0.001501447028849,0.001973915024253,-0.004453640022612,0.04369084110765,-0.00436185331725,-0.000898571849559
478630.0923227,0.001454762198722,0.001883070723431,0.001454762198722,0.001883070723431,-0.004353281780041,0.04320082871035,-0.004265580869386,-0.0008684726520172
484172.3675841,0.0014091631958,0.0017962235497,0.0014091631958,0.0017962235497,-0.004255162558881,0.04271608665067,-0.004171366357847,-0.0008393728216075
489778.8193685,0.001364647738688,0.00171320835549,0.001364647738688,0.00171320835549,-0.004159233406776,0.04223656585101,-0.004079168799861,-0.0008112396674579
495450.1908048,0.001321211704229,0.00163386619569,0.001321211704229,0.00163386619569,-0.004065446397148,0.04176221742733,-0.003988947891331,-0.0007840415409138
501187.2336273,0.001278849278219,0.001558044129048,0.001278849278219,0.001558044129048,-0.003973754609199,0.04129299269872,-0.003900664002204,-0.0007577478037721
506990.7082747,0.001237553097809,0.001485595024825,0.001237553097809,0.001485595024825,-0.003884112109439,0.04082884319642,-0.003814278171493,-0.0007323287975135
512861.3839914,0.001197314386011,0.001416377373301,0.001197314386011,0.001416377373301,-0.003796473932245,0.04036972067245,-0.003729752101985,-0.0007077558132785
518800.038929,0.001158123078612,0.001350255101065,0.001158123078612,0.001350255101065,-0.003710796061228,0.03991557710782,-0.003647048154671,-0.0006840010627345
524807.4602498,0.001119967943811,0.001287097390825,0.001119967943811,0.001287097390825,-0.003627035411071,0.03946636472022,-0.003566129342883,-0.0006610376497845
530884.444231,0.001082836694938,0.001226778505544,0.001082836694938,0.001226778505544,-0.003545149809335,0.03902203597143,-0.003486959326203,-0.0006388395430483
537031.7963703,0.001046716096512,0.001169177616948,0.001046716096512,0.001169177616948,-0.003465097978592,0.03858254357423,-0.003409502404142,-0.0006173815491341
543250.3314925,0.001011592063981,0.001114178638514,0.001011592063981,0.001114178638514,-0.003386839519048,0.03814784049897,-0.003333723509606,-0.000596639286694
549540.8738577,0.0009774497573816,0.001061670062677,0.0009774497573816,0.001061670062677,-0.003310334891127,0.03771787997979,-0.003259588202183,-0.0005765891611991
555904.2572704,0.0009442736692521,0.001011544802452,0.0009442736692521,0.001011544802452,-0.003235545398492,0.03729261552048,-0.003187062661256,-0.0005572083404572
562341.3251904,0.0009120477069947,0.0009637000372186,0.0009120477069947,0.0009637000372186,-0.003162433171729,0.0368720008999,-0.003116113678955,-0.0005384747308753
568852.9308439,0.0008807552700301,0.0009180370626953,0.0008807552700301,0.0009180370626953,-0.003090961151026,0.03645599017728,-0.003046708652998,-0.000520366954305
575439.9373372,0.0008503793218967,0.0008744611451609,0.0008503793218967,0.0008744611451609,-0.003021093071134,0.03604453769698,-0.002978815579371,-0.000502864325736
582103.2177709,0.0008209024576145,0.0008328813795515,0.0008209024576145,0.0008328813795515,-0.002952793444352,0.03563759809307,-0.002912403044943,-0.0004859468314576
588843.6553556,0.0007923069664899,0.000793210551843,0.0007923069664899,0.000793210551843,-0.002886027546008,0.03523512629354,-0.002847440219943,-0.0004695951080477
595662.1435291,0.0007645748906451,0.0007553650052689,0.0007645748906451,0.0007553650052689,-0.002820761398089,0.03483707752432,-0.0027838968504,-0.0004537904218127
602559.5860744,0.0007376880793939,0.0007192645104358,0.0007376880793939,0.0007192645104358,-0.002756961754853,0.03444340731292,-0.002721743250479,-0.0004385146489758
609536.8972402,0.0007116282397706,0.0006848321393529,0.0007116282397706,0.0006848321393529,-0.002694596087522,0.03405407149187,-0.00266095029478,-0.0004237502563635
616595.0018615,0.0006863769833291,0.0006519941432013,0.0006863769833291,0.0006519941432013,-0.00263363257016,0.03366902620185,-0.002601489410578,-0.0004094802827416
623734.8354825,0.0006619158694884,0.0006206798339008,0.0006619158694884,0.0006206798339008,-0.002574040064759,0.03328822789467,-0.00254333257004,-0.0003956883206308
630957.3444802,0.000638226445475,0.0005908214691515,0.000638226445475,0.0005908214691515,-0.002515788107971,0.03291163333585,-0.002486452282397,-0.0003823584987771
638263.4861906,0.0006152902832174,0.0005623541412429,0.0006152902832174,0.0005623541412429,-0.002458846896223,0.03253919960718,-0.002430821586122,-0.00036947546501
645654.2290347,0.0005930890131986,0.0005352156692988,0.0005930890131986,0.0005352156692988,-0.002403187273203,0.03217088410884,-0.002376414041071,-0.0003570243697793
653130.5526475,0.0005716043555206,0.0005093464949216,0.0005716043555206,0.0005093464949216,-0.002348780716045,0.03180664456149,-0.002323203720647,-0.0003449908500766
660693.4480076,0.0005508181483439,0.0004846895813107,0.0005508181483439,0.0004846895813107,-0.002295599321945,0.03144643900807,-0.002271165203958,-0.0003333610138629
668343.9175687,0.0005307123737418,0.0004611903154998,0.0005307123737418,0.0004611903154998,-0.002243615795998,0.03109022581537,-0.002220273567989,-0.0003221214250416
676082.975392,0.0005112691813068,0.0004387964140623,0.0005112691813068,0.0004387964140623,-0.002192803437956,0.03073796367551,-0.002170504379796,-0.0003112590887975
683911.6472815,0.0004924709094143,0.0004174578316919,0.0004924709094143,0.0004174578316919,-0.002143136130269,0.03038961160718,-0.002121833688729,-0.0003007614374623
691830.970919,0.0004743001044918,0.0003971266731019,0.0004743001044918,0.0003971266731019,-0.002094588325892,0.03004512895666,-0.002074238018677,-0.0002906163167807
699841.9960023,0.0004567395382716,0.0003777571077709,0.0004567395382716,0.0003777571077709,-0.002047135035967,0.0297044753988,-0.002027694360365,-0.0002808119725781
707945.7843842,0.0004397722231907,0.0003593052876539,0.0004397722231907,0.0003593052876539,-0.002000751818732,0.02936761093772,-0.001982180163679,-0.0002713370379083
716143.410213,0.0004233814261042,0.000341729267813,0.0004233814261042,0.000341729267813,-0.001955414767685,0.02903449590739,-0.001937673330046,-0.0002621805205351
724435.960075,0.000407550680325,0.0003249889297184,0.000407550680325,0.0003249889297184,-0.001911100500296,0.02870509097213,-0.001894152204863,-0.0002533317908249
732824.533139,0.0003922637961816,0.000309045907353,0.0003922637961816,0.000309045907353,-0.001867786147121,0.02837935712684,-0.001851595569983,-0.0002447805700294
741310.241301,0.0003775048701444,0.0002938635159105,0.0003775048701444,0.0002938635159105,-0.001825449340906,0.02805725569723,-0.001809982636254,-0.0002365169189191
749894.2093325,0.0003632582926315,0.000279406683076,0.0003632582926315,0.000279406683076,-0.001784068206183,0.0277387483398,-0.00176929303613,-0.0002285312267911
758577.5750292,0.0003495087545787,0.0002656418827659,0.0003495087545787,0.0002656418827659,-0.001743621348304,0.02742379704182,-0.001729506816339,-0.0002208142007725
767361.4893619,0.0003362412528652,0.0002525370713439,0.0003362412528652,0.0002525370713439,-0.001704087843977,0.02711236412105,-0.001690604430621,-0.0002133568555417
776247.1166288,0.0003234410946789,0.0002400616261517,0.0003234410946789,0.0002400616261517,-0.001665447230549,0.02680441222548,-0.001652566732546,-0.000206150503283
785235.6346101,0.0003110939008791,0.0002281862863341,0.0003110939008791,0.0002281862863341,-0.001627679496677,0.02649990433286,-0.001615374968388,-0.0001991867440314
794328.2347243,0.0002991856084546,0.0002168830958857,0.0002991856084546,0.0002168830958857,-0.001590765072624,0.02619880375017,-0.00157901077009,-0.0001924574562874
803526.1221857,0.0002877024721429,0.0002061253488554,0.0002877024721429,0.0002061253488554,-0.001554684820658,0.02590107411301,-0.001543456148302,-0.0001859547879234
812830.5161642,0.0002766310652473,0.0001958875366013,0.0002766310652473,0.0001958875366013,-0.001519420025809,0.02560667938487,-0.001508693485496,-0.00017967114739
822242.6499471,0.0002659582797555,0.0001861452971058,0.0002659582797555,0.0001861452971058,-0.00148495238706,0.02531558385628,-0.001474705529161,-0.0001735991952147
831763.7711027,0.0002556713257982,0.0001768753662328,0.0002556713257982,0.0001768753662328,-0.001451264008353,0.02502775214392,-0.001441475385086,-0.0001677318357504
841395.1416453,0.0002457577304867,0.0001680555308476,0.0002457577304867,0.0001680555308476,-0.001418337389697,0.02474314918965,-0.001408986510724,-0.0001620622091822
851138.0382024,0.0002362053362291,0.0001596645838292,0.0002362053362291,0.0001596645838292,-0.00138615541891,0.02446174025941,-0.001377222708635,-0.0001565836838156
860993.7521847,0.0002270022985086,0.0001516822807743,0.0002270022985086,0.0001516822807743,-0.00135470136331,0.02418349094352,-0.001346168120104,-0.000151289848603
870963.5899562,0.0002181370831989,0.0001440892984724,0.0002181370831989,0.0001440892984724,-0.001323958860845,0.0239083671484,-0.001315807218364,-0.000146174505842
881048.8730081,0.0002095984635861,0.0001368671950531,0.0002095984635861,0.0001368671950531,-0.001293911913259,0.02363633510938,-0.001286124803092,-0.0001412316642771
891250.9381338,0.0002013755168127,0.0001299983716373,0.0002013755168127,0.0001299983716373,-0.001264544877281,0.02336736137529,-0.001257105993415,-0.0001364555322179
901571.137606,0.0001934576201615,0.0001234660356227,0.0001934576201615,0.0001234660356227,-0.001235842457267,0.02310141281406,-0.001228736222184,-0.0001318405110143
912010.839356,0.0001858344469702,0.0001172541654226,0.0001858344469702,0.0001172541654226,-0.001207789697805,0.02283845660986,-0.001201001229872,-0.0001273811887046
922571.4271548,0.0001784959622914,0.0001113474766299,0.0001784959622914,0.0001113474766299,-0.001180371975779,0.02257846026164,-0.001173887058631,-0.0001230723338362
933254.3007971,0.0001714324183178,0.0001057313895854,0.0001714324183178,0.0001057313895854,-0.001153574993998,0.02232139158144,-0.001147380046433,-0.0001189088895603
944060.876286,0.0001646343496174,0.0001003919982746,0.0001646343496174,0.0001003919982746,-0.001127384773505,0.02206721869287,-0.001121466821319,-0.000114885967839
954992.5860215,0.0001580925681748,9.531604049638e-05,0.0001580925681748,9.531604049638e-05,-0.001101787646649,0.02181591002944,-0.001096134295714,-0.0001109988438742
966050.8789899,0.0001517981583043,9.049086930346e-05,0.0001517981583043,9.049086930346e-05,-0.001076770250594,0.02156743433277,-0.001071369660845,-0.0001072429507297
977237.2209559,0.0001457424714128,8.590442559755e-05,0.0001457424714128,8.590442559755e-05,-0.001052319520436,0.02132176065094,-0.00104716038124,-0.0001036138741017
988553.094657,0.0001399171206696,8.154521189373e-05,0.0001399171206696,8.154521189373e-05,-0.001028422682922,0.02107885833663,-0.001023494189321,-0.000100107347282
1000000.0,0.0001343139756017,7.740226719627e-05,0.0001343139756017,7.740226719627e-05,-0.001005067249792,0.02083869704532,-0.001000359080076,-9.671924625934e-05
