frequency_hz,left_real,left_imag,right_real,right_imag,opneg_real,opneg_imag,oppos_real,oppos_imag
1.0,-0.3023368924277,2.119725676974,-0.3023368924277,2.119725676974,-0.04931772204374,-0.2069573066221,0.04932191453307,0.2069558700436
1.01157945426,-0.2792949618518,2.146472864937,-0.2792949618518,2.146472864937,-0.05152682269249,-0.2084732553233,0.05153109224762,0.2084717575343
1.023292992281,-0.2557289932204,2.172997265468,-0.2557289932204,2.172997265468,-0.05376448349272,-0.2099703988953,0.05376883096921,0.2099688381174
1.035142166679,-0.2316432257554,2.199287183593,-0.2316432257554,2.199287183593,-0.05603043629108,-0.211448103792,0.056034862537,0.2114464782122
1.047128548051,-0.2070422112522,2.225331001554,-0.2070422112522,2.225331001554,-0.05832439489218,-0.2129057381445,0.05832890074755,0.2129040459157
1.059253725177,-0.1819308135034,2.251117187851,-0.1819308135034,2.251117187851,-0.06064605491628,-0.2143426723578,0.06065064121241,0.214340911598
1.071519305238,-0.1563142074438,2.276634306384,-0.1563142074438,2.276634306384,-0.06299509367927,-0.2157582797193,0.0629997612382,0.2157564485122
1.083926914021,-0.1301978780042,2.301871025685,-0.1301978780042,2.301871025685,-0.0653711700961,-0.217151937022,0.06537591972993,0.2171500334166
1.096478196143,-0.1035876186643,2.326816128231,-0.1035876186643,2.326816128231,-0.06777392460848,-0.2185230251996,0.06777875711878,0.21852104721
1.109174815262,-0.07648952969265,2.351458519817,-0.07648952969265,2.351458519817,-0.07020297913797,-0.2198709299715,0.07020789531516,0.219868875577
1.122018454302,-0.04891001606373,2.375787239001,-0.04891001606373,2.375787239001,-0.07265793706511,-0.2211950424994,0.07266293768784,0.2211929096447
1.135010815672,-0.02085578504285,2.399791466575,-0.02085578504285,2.399791466575,-0.07513838323566,-0.2224947600518,0.07514346907015,0.2224925466465
1.148153621497,0.007666156571177,2.423460535081,0.007666156571177,2.423460535081,-0.07764388399447,-0.223769486676,0.07764905579393,0.2237671905949
1.16144861384,0.03664850555377,2.44678393834,0.03664850555377,2.44678393834,-0.08017398724789,-0.2250186338766,0.08017924575189,0.22501625296
1.17489755494,0.06608366572084,2.469751340975,0.06608366572084,2.469751340975,-0.08272822255533,-0.2262416212994,0.08273356848918,0.2262391533527
1.188502227437,0.09596375176074,2.492352587929,0.09596375176074,2.492352587929,-0.08530610125047,-0.227437877418,0.08531153532459,0.227435320212
1.202264434617,0.1262805934381,2.514577713945,0.1262805934381,2.514577713945,-0.08790711659269,-0.228606840223,0.08791263950201,0.228604191494
1.216186000646,0.1570257401749,2.536416952999,0.1570257401749,2.536416952999,-0.09053074394912,-0.2297479579117,0.0905363563725,0.2297452153616
1.230268770812,0.1881904660136,2.557860747666,0.1881904660136,2.557860747666,-0.09317644100775,-0.2308606895769,0.09318214360735,0.2308578508735
1.244514611771,0.2197657749649,2.578899758399,0.2197657749649,2.578899758399,-0.09584364802171,-0.2319445058931,0.09584944144242,0.23194156867
1.258925411794,0.2517424067434,2.5995248727,0.2517424067434,2.5995248727,-0.09853178808502,-0.2329988897989,0.09853767295388,0.2329958516557
1.273503081017,0.2841108428912,2.619727214173,0.2841108428912,2.619727214173,-0.1012402674398,-0.234023337173,0.1012462443655,0.2340201956759
1.288249551693,0.31686131329,2.63949815142,0.31686131329,2.63949815142,-0.1039684758152,-0.2350173575036,0.1039745453872,0.2350141101851
1.303166778452,0.3499838030614,2.658829306787,0.3499838030614,2.658829306787,-0.1067157867974,-0.2359804745481,0.1067219495859,0.2359771189077
1.318256738556,0.3834680598496,2.677712564906,0.3834680598496,2.677712564906,-0.1094815582309,-0.2369122269829,0.109487814786,0.2369087604871
1.333521432163,0.4173036014873,2.696140081042,0.4173036014873,2.696140081042,-0.1122651326513,-0.2378121690396,0.1122714835023,0.2378085891223
1.348962882592,0.4514797240353,2.714104289209,0.4514797240353,2.714104289209,-0.1150658377473,-0.2386798711286,0.1150722834027,0.2386761751913
1.364583136589,0.485985510192,2.731597910034,0.485985510192,2.731597910034,-0.1178829868545,-0.2395149204454,0.117889527801,0.2395111058577
1.380384264603,0.5208098380643,2.748613958351,0.5208098380643,2.748613958351,-0.1207158794768,-0.2403169215611,0.1207225161792,0.2403129856609
1.396368361056,0.55594139029,2.765145750513,0.55594139029,2.765145750513,-0.1235638018376,-0.2410854969929,0.1235705347382,0.2410814370868
1.412537544623,0.5913686635021,2.781186911382,0.5913686635021,2.781186911382,-0.1264260274591,-0.2418202877543,0.1264328569772,0.241816101118
1.428893958511,0.6270799781232,2.796731381,0.6270799781232,2.796731381,-0.1293018177676,-0.2425209538833,0.1293087442991,0.242516637762
1.445439770746,0.663063488476,2.811773420903,0.663063488476,2.811773420903,-0.1321904227257,-0.2431871749469,0.132197446643,0.2431827265556
1.462177174457,0.6993071931962,2.82630762007,0.6993071931962,2.82630762007,-0.1350910814893,-0.2438186505206,0.1350982031404,0.2438140670446
1.479108388168,0.7357989459326,2.840328900491,0.7357989459326,2.840328900491,-0.1380030230881,-0.2444151006411,0.1380102427968,0.2444103792366
1.496235656094,0.7725264663162,2.853832522326,0.7725264663162,2.853832522326,-0.1409254671288,-0.2449762662319,0.140932785194,0.2449714040261
1.513561248436,0.8094773511818,2.866814088651,0.8094773511818,2.866814088651,-0.1438576245197,-0.2455019094991,0.1438650412151,0.2454969035909
1.531087461682,0.8466390860222,2.879269549764,0.8466390860222,2.879269549764,-0.1467986982144,-0.2459918142972,0.1468062137886,0.2459866617577
1.548816618912,0.883999056655,2.89119520705,0.883999056655,2.89119520705,-0.1497478839746,-0.2464457864638,0.1497554986504,0.2464404843365
1.566751070108,0.921544561081,2.902587716381,0.921544561081,2.902587716381,-0.1527043711486,-0.2468636541213,0.152712085123,0.2468581994229
1.584893192461,0.9592628215129,2.913444091045,0.9592628215129,2.913444091045,-0.1556673434659,-0.2472452679458,0.15567515691,0.2472396576665
1.60324539069,0.9971409965505,2.923761704193,0.9971409965505,2.923761704193,-0.1586359798445,-0.2475905014017,0.1586438929029,0.2475847325057
1.621810097359,1.035166193479,2.933538290785,1.035166193479,2.933538290785,-0.1616094552097,-0.247899250941,0.1616174680009,0.2478933203672
1.6405897732,1.073325480667,2.942771949052,1.073325480667,2.942771949052,-0.1645869413231,-0.2481714361677,0.164595053939,0.2481653408299
1.659586907438,1.111605900042,2.951461141434,1.111605900042,2.951461141434,-0.1675676076197,-0.2484069999654,0.1675758201257,0.2484007367529
1.678804018123,1.149994479608,2.959604695016,1.149994479608,2.959604695016,-0.1705506220505,-0.2486059085888,0.1705589344855,0.2485994743671
1.698243652462,1.188478245996,2.967201801446,1.188478245996,2.967201801446,-0.1735351519302,-0.2487681517183,0.1735435643061,0.2487615433293
1.717908387158,1.227044237008,2.974252016337,1.227044237008,2.974252016337,-0.1765203647863,-0.2488937424774,0.1765288770887,0.2488869567401
1.737800828749,1.265679514135,2.980755258147,1.265679514135,2.980755258147,-0.1795054292097,-0.2489827174129,0.1795140413972,0.248975751124
1.757923613959,1.304371175018,2.986711806547,1.304371175018,2.986711806547,-0.1824895157028,-0.2490351364384,0.1824982277077,0.2490279863725
1.778279410039,1.343106365837,2.992122300267,1.343106365837,2.992122300267,-0.185471797525,-0.2490510827403,0.1854806092529,0.2490437456504
1.798870915129,1.381872293592,2.996987734445,1.381872293592,2.996987734445,-0.1884514515323,-0.2490306626469,0.1884603628625,0.2490231352653
1.81970085861,1.420656238246,3.001309457452,1.420656238246,3.001309457452,-0.1914276590106,-0.2489740054621,0.191436669796,0.2489662845003
1.840772001469,1.459445564726,3.00508916724,1.459445564726,3.00508916724,-0.1943996064988,-0.2488812632618,0.1944087165663,0.2488733454114
1.862087136663,1.498227734734,3.008328907182,1.498227734734,3.008328907182,-0.1973664866021,-0.2487526106557,0.1973756957526,0.2487444925887
1.88364908949,1.536990318357,3.011031061446,1.536990318357,3.011031061446,-0.2003274987922,-0.2485882445147,0.2003368068009,0.2485799228838
1.905460717963,1.575721005451,3.013198349895,1.575721005451,3.013198349895,-0.2032818501933,-0.2483883836632,0.20329125681,0.2483798551024
1.927524913191,1.614407616772,3.014833822531,1.614407616772,3.014833822531,-0.2062287563523,-0.2481532685395,0.2062382613013,0.2481445296645
1.949844599758,1.653038114837,3.0159408535,1.653038114837,3.0159408535,-0.2091674419905,-0.2478831608236,0.2091770449715,0.2478742082322
1.972422736115,1.691600614489,3.01652313467,1.691600614489,3.01652313467,-0.2120971417376,-0.2475783430339,0.2121068424255,0.2475691733063
1.995262314969,1.730083393156,3.016584668798,1.730083393156,3.016584668798,-0.2150171008437,-0.2472391180941,0.2150268988892,0.2472297277932
2.018366363682,1.768474900769,3.016129762304,1.768474900769,3.016129762304,-0.2179265758699,-0.2468658088712,0.2179364708996,0.2468561945431
2.04173794467,1.806763769336,3.015163017673,1.806763769336,3.015163017673,-0.2208248353553,-0.2464587576865,0.2208348269727,0.2464489158609
2.065380155811,1.844938822149,3.013689325501,1.844938822149,3.013689325501,-0.2237111604599,-0.2460183258004,0.2237212482449,0.2460082529905
2.089296130854,1.882989082608,3.0117138562,1.882989082608,3.0117138562,-0.2265848455807,-0.2455448928719,0.2265950290908,0.2455345855751
2.113489039837,1.920903782652,3.009242051403,1.920903782652,3.009242051403,-0.2294451989419,-0.2450388563961,0.2294554777123,0.2450283110941
2.137962089502,1.958672370773,3.006279615058,1.958672370773,3.006279615058,-0.2322915431573,-0.2445006311188,0.2323019167012,0.2444898442779
2.162718523727,1.996284519623,3.002832504269,1.996284519623,3.002832504269,-0.2351232157628,-0.2439306484322,0.2351336835723,0.2439196165033
2.18776162395,2.033730133177,2.998906919873,2.033730133177,2.998906919873,-0.2379395697215,-0.2433293557511,0.2379501312678,0.2433180751702
2.213094709606,2.070999353465,2.994509296807,2.070999353465,2.994509296807,-0.2407399738964,-0.2426972158727,0.2407506286305,0.2426856830608
2.238721138568,2.108082566857,2.98964629426,2.108082566857,2.98964629426,-0.2435238134948,-0.2420347063213,0.2435345608477,0.2420229176847
2.264644307593,2.14497040989,2.984324785654,2.14497040989,2.984324785654,-0.246290490479,-0.2413423186788,0.2463013298627,0.2413302706092
2.290867652768,2.18165377464,2.978551848469,2.18165377464,2.978551848469,-0.2490394239477,-0.240620557904,0.2490503547554,0.2406082467785
2.317394649968,2.218123813638,2.972334753935,2.218123813638,2.972334753935,-0.2517700504844,-0.2398699416414,0.2517810720911,0.2398573638225
2.34422881532,2.254371944315,2.965680956614,2.254371944315,2.965680956614,-0.2544818244735,-0.2390909995211,0.2544929362369,0.239078151357
2.371373705662,2.290389852989,2.958598083905,2.290389852989,2.958598083905,-0.2571742183856,-0.2382842724524,0.2571854196462,0.2382711502767
2.39883291902,2.32616949839,2.951093925476,2.32616949839,2.951093925476,-0.2598467230291,-0.2374503119115,0.2598580131113,0.2374369120435
2.426610095082,2.361703114716,2.943176422668,2.361703114716,2.943176422668,-0.2624988477716,-0.2365896792262,0.2625102259838,0.2365759979705
2.454708915685,2.396983214247,2.934853657875,2.396983214247,2.934853657875,-0.2651301207274,-0.2357029448578,0.265141586363,0.2356889785046
2.483133105296,2.432002589488,2.926133843933,2.432002589488,2.926133843933,-0.2677400889157,-0.2347906876835,0.2677516412535,0.234776432508
2.51188643151,2.466754314877,2.917025313535,2.466754314877,2.917025313535,-0.2703283183857,-0.2338534942785,0.2703399566906,0.2338389465413
2.540972705549,2.501231748045,2.907536508693,2.501231748045,2.907536508693,-0.2728943943124,-0.2328919582018,0.272906117836,0.2328771141485
2.570395782769,2.535428530651,2.897675970268,2.535428530651,2.897675970268,-0.2754379210613,-0.2319066792857,0.2754497290425,0.2318915351464
2.600159563165,2.569338588778,2.887452327585,2.569338588778,2.887452327585,-0.2779585222235,-0.2308982629297,0.2779704138892,0.2308828149195
2.630267991895,2.602956132929,2.876874288161,2.602956132929,2.876874288161,-0.2804558406227,-0.2298673194026,0.2804678151884,0.2298515637206
2.660725059799,2.636275657608,2.865950627545,2.636275657608,2.865950627545,-0.2829295382926,-0.2288144631513,0.2829415949629,0.2287983959809
2.691534803927,2.669291940512,2.854690179313,2.669291940512,2.854690179313,-0.2853792964277,-0.2277403121194,0.2853914343971,0.2277239296276
2.722701308078,2.702000041341,2.843101825204,2.702000041341,2.843101825204,-0.2878048153072,-0.2266454870758,0.2878170337605,0.2266287854132
2.754228703338,2.734395300234,2.831194485441,2.734395300234,2.831194485441,-0.2902058141926,-0.2255306109551,0.2902181123059,0.2255135862553
2.78612116863,2.766473335858,2.818977109234,2.766473335858,2.818977109234,-0.2925820312012,-0.2243963082103,0.2925944081422,0.2243789565897
2.818382931264,2.798230043147,2.806458665482,2.798230043147,2.806458665482,-0.2949332231551,-0.2232432041786,0.2949456780837,0.2232255217357
2.851018267504,2.829661590719,2.793648133689,2.829661590719,2.793648133689,-0.297259165407,-0.222071924462,0.297271697476,0.2220539072775
2.884031503127,2.860764417972,2.780554495103,2.860764417972,2.780554495103,-0.2995596516444,-0.220883094323,0.2995722600001,0.2208647384587
2.917427014001,2.891535231892,2.767186724091,2.891535231892,2.767186724091,-0.3018344936731,-0.2196773380959,0.3018471774559,0.2196586395947
2.951209226666,2.921971003569,2.753553779755,2.921971003569,2.753553779755,-0.3040835211801,-0.2184552786147,0.304096279525,0.2184362335001
2.985382618918,2.952068964451,2.739664597809,2.952068964451,2.739664597809,-0.3063065814784,-0.2172175366591,0.3063194135158,0.2171981409343
3.019951720402,2.981826602341,2.725528082705,2.981826602341,2.725528082705,-0.3085035392337,-0.2159647304171,0.3085164440894,0.2159449800647
3.054921113216,3.011241657165,2.711153100034,3.011241657165,2.711153100034,-0.3106742761743,-0.2146974749666,0.3106872529708,0.214677365948
3.090295432514,3.040312116512,2.696548469202,3.040312116512,2.696548469202,-0.3128186907862,-0.2134163817756,0.3128317386429,0.2133959100304
3.126079367124,3.069036210971,2.681722956375,3.069036210971,2.681722956375,-0.3149366979932,-0.2121220582213,0.3149498160266,0.2121012196667
3.162277660168,3.097412409284,2.666685267716,3.097412409284,2.666685267716,-0.3170282288236,-0.210815107129,0.3170414161484,0.2107938976593
3.198895109691,3.12543941332,2.651444042898,3.12543941332,2.651444042898,-0.3190932300651,-0.2094961263302,0.3191064857945,0.2094745418158
3.235936569296,3.153116152889,2.636007848917,3.153116152889,2.636007848917,-0.3211316639083,-0.2081657082406,0.3211449871542,0.2081437445275
3.273406948788,3.180441780422,2.62038517418,3.180441780422,2.62038517418,-0.3231435075801,-0.2068244394581,0.3231568974541,0.2068020923674
3.311311214826,3.207415665513,2.604584422892,3.207415665513,2.604584422892,-0.325128752968,-0.2054729003809,0.3251422085816,0.2054501657077
3.349654391578,3.234037389352,2.588613909732,3.234037389352,2.588613909732,-0.3270874062368,-0.2041116648451,0.3271009267017,0.2040885383583
3.388441561392,3.260306739061,2.572481854812,3.260306739061,2.572481854812,-0.3290194874373,-0.2027412997833,0.3290330718663,0.2027177772242
3.427677865465,3.286223701941,2.556196378935,3.286223701941,2.556196378935,-0.3309250301105,-0.2013623649016,0.3309386776174,0.2013384419836
3.467368504525,3.31178845965,2.539765499128,3.31178845965,2.539765499128,-0.3328040808851,-0.1999754123779,0.3328177905856,0.1999510847856
3.507518739526,3.337001382322,2.523197124463,3.337001382322,2.523197124463,-0.334656699072,-0.1985809865783,0.3346704700838,0.1985562499667
3.548133892336,3.36186302264,2.506499052157,3.36186302264,2.506499052157,-0.3364829562549,-0.1971796237944,0.3364967876984,0.197154473788
3.58921934645,3.386374109879,2.489678963952,3.386374109879,2.489678963952,-0.3382829358792,-0.1957718519982,0.3382968268775,0.1957462841904
3.630780547701,3.410535543924,2.472744422758,3.410535543924,2.472744422758,-0.3400567328386,-0.1943581906169,0.3400706825181,0.194332200569
3.672823004981,3.434348389279,2.455702869572,3.434348389279,2.455702869572,-0.3418044530613,-0.192939150326,0.3418184605522,0.1929127335662
3.715352290972,3.457813869084,2.438561620658,3.457813869084,2.438561620658,-0.3435262130965,-0.1915152328597,0.3435402775328,0.1914883848825
3.758374042884,3.480933359131,2.421327864975,3.480933359131,2.421327864975,-0.3452221397013,-0.1900869308404,0.3452362602213,0.1900596471057
3.801893963206,3.503708381915,2.40400866187,3.503708381915,2.40400866187,-0.3468923694291,-0.1886547276249,0.3469065451757,0.1886270035569
3.845917820454,3.526140600708,2.386610939002,3.526140600708,2.386610939002,-0.3485370482204,-0.1872190971669,0.3485512783415,0.1871909281534
3.890451449943,3.548231813676,2.369141490514,3.548231813676,2.369141490514,-0.3501563309959,-0.1857805038974,0.3501706146446,0.1857518852888
3.935500754558,3.569983948045,2.351606975429,3.569983948045,2.351606975429,-0.3517503812536,-0.1843394026201,0.3517647175885,0.1843103297286
3.981071705535,3.591399054323,2.33401391628,3.591399054323,2.33401391628,-0.3533193706694,-0.1828962384227,0.3533337588548,0.1828667065211
4.027170343255,3.612479300583,2.316368697944,3.612479300583,2.316368697944,-0.354863478702,-0.1814514466029,0.3548779179082,0.1814214509239
4.073802778041,3.633226966827,2.298677566702,3.633226966827,2.298677566702,-0.3563828922032,-0.1800054526099,0.3563973816068,0.1799749883451
4.120975190973,3.653644439411,2.280946629487,3.653644439411,2.280946629487,-0.357877805033,-0.1785586719988,0.3578923438171,0.1785277342976
4.168693834703,3.673734205573,2.263181853339,3.673734205573,2.263181853339,-0.3593484176813,-0.1771115103991,0.3593630050356,0.1770800943681
4.216965034286,3.69349884803,2.245389065042,3.69349884803,2.245389065042,-0.3607949368951,-0.1756643634965,0.3608095720161,0.1756324641981
4.265795188016,3.712941039688,2.227573950941,3.712941039688,2.227573950941,-0.3622175753121,-0.1742176170266,0.3622322574036,0.1741852294781
4.315190768278,3.732063538435,2.209742056935,3.732063538435,2.209742056935,-0.3636165511021,-0.1727716467808,0.363631279375,0.1727387659537
4.365158322402,3.750869182042,2.191898788632,3.750869182042,2.191898788632,-0.3649920876148,-0.1713268186236,0.3650068612874,0.1712934394424
4.415704473533,3.769360883179,2.174049411665,3.769360883179,2.174049411665,-0.3663444130352,-0.169883488521,0.3663592313333,0.169849605862
4.46683592151,3.787541624524,2.156199052156,3.787541624524,2.156199052156,-0.3676737600463,-0.1684420025789,0.3676886222037,0.1684076112695
4.518559443749,3.805414454,2.138352697319,3.805414454,2.138352697319,-0.3689803655007,-0.1670026970915,0.3689952707587,0.1669677919091
4.570881896149,3.822982480114,2.120515196206,3.822982480114,2.120515196206,-0.370264470099,-0.1655658985993,0.3702794177071,0.1655304742703
4.623810213993,3.840248867427,2.102691260574,3.840248867427,2.102691260574,-0.3715263180771,-0.1641319239554,0.3715413072927,0.1640959751539
4.677351412872,3.857216832131,2.084885465877,3.857216832131,2.084885465877,-0.3727661569016,-0.1627010804007,0.3727811869905,0.1626646017478
4.731512589615,3.873889637751,2.06710225237,3.873889637751,2.06710225237,-0.3739842369738,-0.1612736656464,0.3739993072098,0.1612366517091
4.786300923226,3.890270590972,2.049345926318,3.890270590972,2.049345926318,-0.3751808113418,-0.1598499679642,0.3751959210072,0.1598124132542
4.841723675841,3.906363037578,2.031620661308,3.906363037578,2.031620661308,-0.3763561354213,-0.1584302662832,0.3763712838069,0.1583921652561
4.897788193685,3.92217035853,2.013930499654,3.92217035853,2.013930499654,-0.3775104667253,-0.1570148302936,0.3775256531303,0.1569761773475
4.954501908048,3.937695966151,1.996279353883,3.937695966151,1.996279353883,-0.3786440646022,-0.1556039205555,0.3786592883342,0.1555647100302
5.011872336273,3.952943300443,1.978671008313,3.952943300443,1.978671008313,-0.3797571899819,-0.1541977886141,0.3797724503573,0.1541580147899
5.069907082747,3.967915825524,1.961109120692,3.967915825524,1.961109120692,-0.3808501051317,-0.1527966771195,0.3808654014755,0.1527563342163
5.128613839914,3.98261702619,1.943597223917,3.98261702619,1.943597223917,-0.3819230734196,-0.1514008199513,0.3819384050654,0.1513599021273
5.18800038929,3.997050404596,1.926138727804,3.997050404596,1.926138727804,-0.3829763590867,-0.1500104423477,0.3829917253767,0.1499689436983
5.248074602498,4.011219477056,1.908736920929,4.011219477056,1.908736920929,-0.384010227028,-0.1486257610377,0.3840256273133,0.1485836755948
5.30884444231,4.025127770968,1.891394972508,4.025127770968,1.891394972508,-0.3850249425811,-0.147246984378,0.3850403762214,0.1472043061085
5.370317963703,4.038778821853,1.87411593433,4.038778821853,1.87411593433,-0.386020771324,-0.1458743124919,0.3860362376877,0.1458310352968
5.432503314924,4.052176170513,1.856902742728,4.052176170513,1.856902742728,-0.3869979788801,-0.1445079374119,0.3870134773443,0.144464055125
5.495408738576,4.065323360305,1.839758220592,4.065323360305,1.839758220592,-0.3879568307319,-0.1431480432238,0.3879723606825,0.1431035496109
5.559042572704,4.078223934521,1.822685079406,4.078223934521,1.822685079406,-0.3888975920427,-0.1417948062139,0.3889131528741,0.1417496949715
5.623413251904,4.090881433896,1.805685921321,4.090881433896,1.805685921321,-0.3898205274854,-0.1404483950173,0.3898361186009,0.1404026597714
5.688529308438,4.103299394207,1.788763241243,4.103299394207,1.788763241243,-0.3907259010798,-0.1391089707683,0.3907415218912,0.1390626050735
5.754399373372,4.115481343996,1.771919428949,4.115481343996,1.771919428949,-0.3916139760368,-0.1377766872515,0.3916296259645,0.1377296845897
5.821032177709,4.127430802385,1.75515677121,4.127430802385,1.75515677121,-0.3924850146106,-0.1364516910541,0.3925006930836,0.1364040448335
5.888436553556,4.139151277009,1.738477453929,4.139151277009,1.738477453929,-0.3933392779573,-0.1351341217192,0.3933549844131,0.1350858252729
5.95662143529,4.150646262035,1.721883564291,4.150646262035,1.721883564291,-0.3941770260014,-0.1338241118989,0.394192759886,0.1337751584841
6.025595860744,4.161919236293,1.705377092914,4.161919236293,1.705377092914,-0.3949985173087,-0.1325217875086,0.3950142780765,0.1324721703053
6.095368972402,4.172973661495,1.688959935998,4.172973661495,1.688959935998,-0.3958040089659,-0.1312272678803,0.3958197960797,0.13117697999
6.165950018615,4.183812980553,1.672633897483,4.183812980553,1.672633897483,-0.3965937564673,-0.1299406659164,0.3966095693982,0.1298897003613
6.237348354824,4.194440615987,1.656400691192,4.194440615987,1.656400691192,-0.3973680136074,-0.128662088243,0.3973838518348,0.1286104379644
6.309573444802,4.204859968422,1.640261942977,4.204859968422,1.640261942977,-0.3981270323794,-0.1273916353624,0.3981428953909,0.1273392932198
6.382634861906,4.215074415173,1.624219192847,4.215074415173,1.624219192847,-0.3988710628812,-0.1261294018052,0.3988869501724,0.1260763605752
6.456542290347,4.225087308913,1.608273897091,4.225087308913,1.608273897091,-0.3996003532251,-0.1248754762814,0.3996162642998,0.1248217286562
6.531305526475,4.234901976425,1.592427430388,4.234901976425,1.592427430388,-0.4003151494554,-0.1236299418301,0.4003310838253,0.1235754804165
6.606934480076,4.244521717428,1.576681087892,4.244521717428,1.576681087892,-0.4010156954699,-0.1223928759686,0.4010316526546,0.122337693287
6.683439175686,4.253949803491,1.561036087313,4.253949803491,1.561036087313,-0.4017022329474,-0.1211643508401,0.4017182124745,0.1211084393227
6.76082975392,4.263189477006,1.545493570969,4.263189477006,1.545493570969,-0.4023750012807,-0.1199444333591,0.4023910026853,0.1198877853495
6.839116472814,4.272243950248,1.530054607818,4.272243950248,1.530054607818,-0.4030342375139,-0.1187331853569,0.4030502603388,0.118675793108
6.918309709189,4.281116404492,1.514720195474,4.281116404492,1.514720195474,-0.4036801762849,-0.1175306637235,0.4036962200805,0.1174725193971
6.998419960023,4.289809989209,1.499491262192,4.289809989209,1.499491262192,-0.4043130497725,-0.1163369205497,0.4043291140968,0.1162780162147
7.079457843841,4.298327821313,1.484368668834,4.298327821313,1.484368668834,-0.4049330876482,-0.1151520032658,0.4049491720664,0.1150923308971
7.161434102129,4.306672984486,1.469353210801,4.306672984486,1.469353210801,-0.405540517032,-0.113975954779,0.4055566211168,0.1139155062565
7.24435960075,4.314848528547,1.454445619947,4.314848528547,1.454445619947,-0.4061355624526,-0.1128088136096,0.4061516857838,0.1127475807164
7.328245331389,4.322857468893,1.439646566461,4.322857468893,1.439646566461,-0.4067184458113,-0.1116506140234,0.4067345879758,0.1115885884452
7.413102413009,4.330702785985,1.424956660717,4.330702785985,1.424956660717,-0.4072893863502,-0.1105013861638,0.4073055469421,0.110438559487
7.498942093325,4.338387424891,1.410376455097,4.338387424891,1.410376455097,-0.4078486006237,-0.1093611561805,0.4078647792438,0.1092975198915
7.585775750292,4.345914294886,1.39590644579,4.345914294886,1.39590644579,-0.4083963024739,-0.1082299463569,0.40841249873,0.1081654918401
7.673614893618,4.35328626909,1.381547074546,4.35328626909,1.381547074546,-0.408932703009,-0.1071077752343,0.4089489165155,0.1070424937716
7.762471166287,4.360506184157,1.367298730411,4.360506184157,1.367298730411,-0.4094580105849,-0.1059946577351,0.4094742409631,0.105928540504
7.852356346101,4.367576840018,1.353161751427,4.367576840018,1.353161751427,-0.4099724307908,-0.1048906052822,0.4099886776682,0.1048236433547
7.943282347243,4.374500999652,1.339136426294,4.374500999652,1.339136426294,-0.4104761664364,-0.1037956259178,0.4104924294472,0.1037278102589
8.035261221856,4.381281388908,1.325222996011,4.381281388908,1.325222996011,-0.4109694175431,-0.1027097244181,0.4109856963277,0.1026410458847
8.128305161641,4.387920696364,1.311421655472,4.387920696364,1.311421655472,-0.4114523813371,-0.1016329024071,0.4114686755423,0.1015633517466
8.222426499471,4.39442157322,1.29773255504,4.39442157322,1.29773255504,-0.4119252522457,-0.1005651584673,0.4119415615243,0.100494726316
8.317637711027,4.400786633232,1.284155802081,4.400786633232,1.284155802081,-0.4123882218953,-0.09950648824821,0.4124045459062,0.09943516513008
8.413951416452,4.407018452675,1.270691462466,4.407018452675,1.270691462466,-0.4128414791127,-0.09845688457249,0.4128578175207,0.09838466089792
8.511380382024,4.413119570342,1.257339562045,4.413119570342,1.257339562045,-0.4132852099277,-0.09741633753987,0.4133015624036,0.0973432036041
8.609937521846,4.419092487568,1.244100088084,4.419092487568,1.244100088084,-0.4137195975781,-0.09638483462857,0.4137359637983,0.09631078061029
8.709635899561,4.424939668287,1.23097299067,4.424939668287,1.23097299067,-0.414144822517,-0.0953623607944,0.4141612021636,0.09528737675437
8.81048873008,4.430663539121,1.217958184081,4.430663539121,1.217958184081,-0.4145610624217,-0.09434889856758,0.4145774551822,0.09427297444718
8.912509381338,4.43626648948,1.205055548133,4.43626648948,1.205055548133,-0.4149684922038,-0.09334442814728,0.4149848977714,0.09326755376705
9.01571137606,4.441750871705,1.192264929481,4.441750871705,1.192264929481,-0.4153672840225,-0.09234892749374,0.4153837020955,0.09227109255193
9.120108393559,4.447119001218,1.179586142902,4.447119001218,1.179586142902,-0.4157576072975,-0.09136237241823,0.4157740375797,0.09128356648931
9.225714271548,4.452373156703,1.167018972534,4.452373156703,1.167018972534,-0.4161396287252,-0.09038473667069,0.4161560709253,0.0903049492039
9.33254300797,4.457515580307,1.154563173094,4.457515580307,1.154563173094,-0.4165135122949,-0.08941599202518,0.4165299661269,0.08933521234297
9.440608762859,4.462548477855,1.142218471059,4.462548477855,1.142218471059,-0.4168794193073,-0.08845610836308,0.4168958844899,0.08837432565963
9.549925860214,4.467474019088,1.129984565815,4.467474019088,1.129984565815,-0.4172375083935,-0.08750505375408,0.4172539846504,0.08742225709378
9.660508789898,4.472294337912,1.117861130785,4.472294337912,1.117861130785,-0.4175879355353,-0.08656279453515,0.417604422595,0.08647897285101
9.772372209558,4.477011532673,1.105847814516,4.477011532673,1.105847814516,-0.4179308540873,-0.0856292953872,0.4179473516827,0.08554443747933
9.88553094657,4.481627666435,1.093944241743,4.481627666435,1.093944241743,-0.4182664147985,-0.08470451940976,0.4182829226673,0.08461861394378
10.0,4.486144767278,1.082150014424,4.486144767278,1.082150014424,-0.4185947658363,-0.08378842819358,0.4186112837207,0.08370146369903
10.1157945426,4.490564828606,1.07046471274,4.490564828606,1.07046471274,-0.4189160528104,-0.08288098189116,0.4189325804569,0.08279294675991
10.23292992281,4.494889809471,1.058887896079,4.494889809471,1.058887896079,-0.4192304187982,-0.08198213928532,0.4192469559574,0.08189302176991
10.35142166679,4.499121634903,1.04741910398,4.499121634903,1.04741910398,-0.4195380043696,-0.08109185785574,0.4195545507966,0.08100164606778
10.47128548051,4.503262196249,1.036057857056,4.503262196249,1.036057857056,-0.4198389476145,-0.08021009384364,0.4198555030683,0.08011877575214
10.59253725177,4.507313351527,1.02480365789,4.507313351527,1.02480365789,-0.4201333841688,-0.07933680231454,0.4201499484124,0.07924436574425
10.71519305238,4.511276925784,1.013655991904,4.511276925784,1.013655991904,-0.4204214472423,-0.07847193721909,0.4204380200426,0.07837836984879
10.83926914021,4.515154711462,1.002614328203,4.515154711462,1.002614328203,-0.4207032676466,-0.07761545145218,0.4207198487745,0.07752074081299
10.96478196143,4.518948468768,0.9916781203915,4.518948468768,0.9916781203915,-0.4209789738237,-0.07676729691014,0.4209955630535,0.07667143038382
11.09174815262,4.522659926057,0.9808468073689,4.522659926057,0.9808468073689,-0.4212486918741,-0.07592742454633,0.4212652889841,0.0758303893635
11.22018454302,4.526290780217,0.9701198140971,4.526290780217,0.9701198140971,-0.4215125455869,-0.07509578442483,0.4215291503586,0.07499756766322
11.35010815672,4.529842697053,0.9594965523468,4.529842697053,0.9594965523468,-0.4217706564682,-0.07427232577259,0.4217872686868,0.07417291435529
11.48153621497,4.533317311685,0.9489764214198,4.533317311685,0.9489764214198,-0.4220231437717,-0.07345699702986,0.4220397632256,0.07335637772351
11.6144861384,4.536716228943,0.9385588088483,4.536716228943,0.9385588088483,-0.4222701245278,-0.07264974589902,0.4222867510089,0.07254790531199
11.7489755494,4.540041023766,0.9282430910723,4.540041023766,0.9282430910723,-0.4225117135742,-0.07185051939187,0.4225283468774,0.07174744397242
11.88502227437,4.543293241606,0.9180286340955,4.543293241606,0.9180286340955,-0.4227480235858,-0.0710592638753,0.4227646635091,0.07095493990974
12.02264434617,4.546474398834,0.9079147941192,4.546474398834,0.9079147941192,-0.4229791651051,-0.07027592511549,0.4229958114497,0.07017033872633
12.16186000646,4.54958598314,0.8979009181562,4.54958598314,0.8979009181562,-0.4232052465726,-0.06950044832072,0.4232218991424,0.06939358546472
12.30268770812,4.552629453947,0.8879863446243,4.552629453947,0.8879863446243,-0.4234263743571,-0.06873277818258,0.4234430329591,0.06862462464891
12.44514611771,4.555606242815,0.8781704039199,4.555606242815,0.8781704039199,-0.4236426527864,-0.06797285891594,0.4236593172302,0.06786340032417
12.58925411794,4.558517753849,0.868452418972,4.558517753849,0.868452418972,-0.4238541841773,-0.06722063429744,0.4238708542754,0.06710985609565
12.73503081017,4.561365364108,0.8588317057781,4.561365364108,0.8588317057781,-0.4240610688664,-0.06647604770271,0.4240777444337,0.06636393516547
12.88249551693,4.564150424012,0.8493075739215,4.564150424012,0.8493075739215,-0.4242634052403,-0.06573904214227,0.4242800860942,0.06562558036867
13.03166778452,4.566874257752,0.8398793270703,4.566874257752,0.8398793270703,-0.4244612897655,-0.06500956029615,0.424477975726,0.06489473420776
13.18256738556,4.56953816369,0.8305462634594,4.56953816369,0.8305462634594,-0.4246548170191,-0.06428754454729,0.4246715079085,0.06417133888615
13.33521432163,4.572143414766,0.8213076763555,4.572143414766,0.8213076763555,-0.4248440797183,-0.06357293701377,0.4248607753612,0.06345533634029
13.48962882592,4.574691258904,0.8121628545056,4.574691258904,0.8121628545056,-0.4250291687506,-0.06286567957979,0.4250458689738,0.06274666827069
13.64583136589,4.577182919407,0.8031110825692,4.577182919407,0.8031110825692,-0.4252101732033,-0.06216571392562,0.4252268778357,0.0620452761718
13.80384264603,4.579619595361,0.7941516415348,4.579619595361,0.7941516415348,-0.425387180393,-0.06147298155633,0.4254038892656,0.06135110136076
13.96368361056,4.582002462027,0.7852838091219,4.582002462027,0.7852838091219,-0.4255602758951,-0.06078742382952,0.4255769888408,0.06066408500506
14.12537544623,4.584332671239,0.7765068601671,4.584332671239,0.7765068601671,-0.4257295435725,-0.060108981982,0.4257462604263,0.05998416814923
14.28893958511,4.58661135179,0.7678200669966,4.58661135179,0.7678200669966,-0.4258950656051,-0.05943759715537,0.4259117862036,0.0593112917404
14.45439770746,4.588839609825,0.7592226997843,4.588839609825,0.7592226997843,-0.4260569225178,-0.05877321042077,0.4260736466994,0.05864539665296
14.62177174457,4.591018529223,0.7507140268966,4.591018529223,0.7507140268966,-0.4262151932094,-0.05811576280245,0.4262319208143,0.05798642371222
14.79108388168,4.593149171978,0.7422933152235,4.593149171978,0.7422933152235,-0.4263699549805,-0.05746519530063,0.4263866858502,0.05733431371715
14.96235656094,4.59523257858,0.7339598304977,4.59523257858,0.7339598304977,-0.4265212835611,-0.05682144891331,0.426538017539,0.05668900746217
15.13561248436,4.597269768387,0.7257128376,4.597269768387,0.7257128376,-0.4266692531389,-0.05618446465722,0.4266859900696,0.05605044575814
15.31087461682,4.599261739998,0.7175516008539,4.599261739998,0.7175516008539,-0.4268139363859,-0.05555418358796,0.4268306761155,0.0554185694524
15.48816618913,4.601209471616,0.7094753843076,4.601209471616,0.7094753843076,-0.4269554044858,-0.0549305468193,0.4269721468616,0.05479331944809
15.66751070108,4.603113921418,0.7014834520046,4.603113921418,0.7014834520046,-0.4270937271608,-0.05431349554161,0.4271104720314,0.05417463672255
15.84893192461,4.604976027907,0.6935750682441,4.604976027907,0.6935750682441,-0.4272289726974,-0.05370297103964,0.4272457199125,0.05356246234502
16.0324539069,4.606796710274,0.6857494978293,4.606796710274,0.6857494978293,-0.4273612079734,-0.05309891470939,0.4273779573839,0.05295673749356
16.21810097359,4.608576868741,0.6780060063066,4.608576868741,0.6780060063066,-0.427490498483,-0.05250126807436,0.4275072499406,0.05235740347124
16.405897732,4.610317384916,0.6703438601941,4.610317384916,0.6703438601941,-0.4276169083624,-0.05190997280107,0.4276336617199,0.05176440172158
16.59586907438,4.612019122129,0.6627623272,4.612019122129,0.6627623272,-0.4277405004151,-0.05132497071385,0.4277572555263,0.0511776738434
16.78804018123,4.613682925774,0.6552606764325,4.613682925774,0.6552606764325,-0.4278613361368,-0.05074620380898,0.4278780928559,0.05059716160487
16.98243652462,4.615309623641,0.6478381785995,4.615309623641,0.6478381785995,-0.4279794757394,-0.05017361426822,0.4279962339217,0.05002280695704
17.17908387158,4.616900026246,0.6404941062001,4.616900026246,0.6404941062001,-0.4280949781758,-0.04960714447168,0.428111737677,0.04945455204665
17.37800828749,4.618454927155,0.6332277337071,4.618454927155,0.6332277337071,-0.4282079011631,-0.04904673701008,0.4282246618397,0.0488923392284
17.57923613959,4.619975103306,0.6260383377415,4.619975103306,0.6260383377415,-0.4283183012066,-0.04849233469646,0.4283350629155,0.04833611107659
17.78279410039,4.621461315323,0.6189251972388,4.621461315323,0.6189251972388,-0.4284262336227,-0.04794388057727,0.4284429962212,0.04778581039621
17.98870915129,4.62291430783,0.6118875936071,4.62291430783,0.6118875936071,-0.4285317525615,-0.04740131794298,0.4285485159074,0.0472413802335
18.1970085861,4.624334809754,0.6049248108785,4.624334809754,0.6049248108785,-0.4286349110299,-0.0468645903381,0.4286516749812,0.04670276388594
18.40772001469,4.62572353463,0.5980361358524,4.62572353463,0.5980361358524,-0.4287357609131,-0.04633364157072,0.428752525328,0.04616990491175
18.62087136663,4.627081180902,0.5912208582321,4.627081180902,0.5912208582321,-0.4288343529967,-0.04580841572152,0.4288511177336,0.04564274713892
18.8364908949,4.628408432207,0.5844782707549,4.628408432207,0.5844782707549,-0.4289307369882,-0.04528885715239,0.4289475019056,0.04512123467371
19.05460717963,4.629705957674,0.5778076693145,4.629705957674,0.5778076693145,-0.429024961538,-0.04477491051446,0.4290417264944,0.04460531190873
19.27524913191,4.630974412203,0.5712083530784,4.630974412203,0.5712083530784,-0.4291170742601,-0.04426652075578,0.429133839114,0.0440949235305
19.49844599758,4.632214436745,0.5646796245984,4.632214436745,0.5646796245984,-0.4292071217531,-0.04376363312854,0.4292238863628,0.04359001452674
19.72422736115,4.633426658578,0.558220789915,4.633426658578,0.558220789915,-0.4292951496197,-0.04326619319584,0.4293119138432,0.04309053019301
19.95262314969,4.63461169158,0.5518311586563,4.63461169158,0.5518311586563,-0.4293812024866,-0.04277414683813,0.429397966182,0.04259641613919
20.18366363682,4.635770136491,0.5455100441316,4.635770136491,0.5455100441316,-0.4294653240246,-0.0422874402592,0.4294820870492,0.04210761829536
20.4173794467,4.636902581179,0.5392567634194,4.636902581179,0.5392567634194,-0.4295475569668,-0.04180601999182,0.4295643191778,0.04162408291747
20.65380155811,4.638009600897,0.5330706374499,4.638009600897,0.5330706374499,-0.4296279431283,-0.04132983290302,0.4296447043822,0.04114575659254
20.89296130854,4.639091758535,0.526950991083,4.639091758535,0.526950991083,-0.4297065234242,-0.04085882619898,0.429723283577,0.04067258624355
21.13489039837,4.64014960487,0.5208971531814,4.64014960487,0.5208971531814,-0.4297833378877,-0.04039294742968,0.429800096795,0.04020451913403
21.37962089502,4.64118367881,0.5149084566788,4.64118367881,0.5149084566788,-0.4298584256887,-0.03993214449315,0.429875183205,0.03974150287226
21.62718523727,4.642194507638,0.5089842386441,4.642194507638,0.5089842386441,-0.4299318251504,-0.03947636563939,0.4299485811297,0.03928348541518
21.8776162395,4.643182607244,0.5031238403405,4.643182607244,0.5031238403405,-0.4300035737673,-0.03902555947408,0.4300203280626,0.03883041507204
22.13094709606,4.644148482357,0.4973266072815,4.644148482357,0.4973266072815,-0.4300737082218,-0.03857967496191,0.4300904606852,0.03838224050771
22.38721138568,4.645092626779,0.4915918892817,4.645092626779,0.4915918892817,-0.4301422644009,-0.03813866142966,0.4301590148835,0.03793891074572
22.64644307593,4.646015523604,0.4859190405049,4.646015523604,0.4859190405049,-0.4302092774128,-0.03770246856908,0.4302260257646,0.03750037517107
22.90867652768,4.646917645438,0.4803074195076,4.646917645438,0.4803074195076,-0.4302747816025,-0.03727104643937,0.4302915276723,0.0370665835327
23.17394649969,4.647799454618,0.4747563892795,4.647799454618,0.4747563892795,-0.4303388105679,-0.03684434546957,0.4303555542033,0.03663748594583
23.4422881532,4.648661403422,0.4692653172798,4.648661403422,0.4692653172798,-0.4304013971753,-0.03642231646058,0.4304181382225,0.03621303289395
23.71373705662,4.649503934279,0.4638335754715,4.649503934279,0.4638335754715,-0.4304625735741,-0.03600491058703,0.430479311878,0.03579317523061
23.9883291902,4.650327479969,0.4584605403511,4.650327479969,0.4584605403511,-0.4305223712127,-0.03559207939891,0.4305391066166,0.03537786418105
24.26610095082,4.651132463831,0.453145592976,4.651132463831,0.453145592976,-0.4305808208519,-0.03518377482297,0.4305975531976,0.03496705134355
24.54708915685,4.651919299955,0.4478881189888,4.651919299955,0.4478881189888,-0.4306379525802,-0.03477994916393,0.4306546817079,0.03456068869058
24.83133105296,4.652688393373,0.4426875086386,4.652688393373,0.4426875086386,-0.4306937958276,-0.03438055510551,0.4307105215757,0.0341587285698
25.1188643151,4.653440140256,0.4375431568002,4.653440140256,0.4375431568002,-0.4307483793792,-0.03398554571123,0.4307651015842,0.0337611237048
25.40972705549,4.654174928093,0.4324544629896,4.654174928093,0.4324544629896,-0.430801731389,-0.0335948744251,0.4308184498857,0.03336782719575
25.70395782769,4.654893135877,0.427420831378,4.654893135877,0.427420831378,-0.4308538793931,-0.03320849507203,0.4308705940141,0.03297879251979
26.00159563165,4.655595134283,0.4224416708027,4.655595134283,0.4224416708027,-0.4309048503229,-0.0328263618582,0.4309215608988,0.03259397353133
26.30267991895,4.656281285844,0.4175163947763,4.656281285844,0.4175163947763,-0.4309546705175,-0.03244842937116,0.4309713768768,0.0322133244621
26.60725059799,4.656951945121,0.4126444214929,4.656951945121,0.4126444214929,-0.4310033657369,-0.03207465257987,0.4310200677057,0.03183679992115
26.91534803927,4.657607458876,0.4078251738332,4.657607458876,0.4078251738332,-0.4310509611733,-0.03170498683451,0.4310676585756,0.03146435489463
27.22701308078,4.658248166233,0.4030580793663,4.658248166233,0.4030580793663,-0.4310974814644,-0.03133938786623,0.4311141741215,0.03109594474545
27.54228703338,4.658874398844,0.3983425703507,4.658874398844,0.3983425703507,-0.4311429507041,-0.03097781178668,0.4311596384348,0.03073152521281
27.8612116863,4.659486481045,0.3936780837325,4.659486481045,0.3936780837325,-0.4311873924548,-0.03062021508752,0.4312040750754,0.03037105241162
28.18382931265,4.660084730013,0.3890640611427,4.660084730013,0.3890640611427,-0.4312308297584,-0.0302665546397,0.4312475070823,0.03001448283176
28.51018267504,4.660669455922,0.3844999488919,4.660669455922,0.3844999488919,-0.4312732851475,-0.02991678769269,0.4312899569855,0.02966177333724
28.84031503127,4.661240962086,0.3799851979642,4.661240962086,0.3799851979642,-0.4313147806565,-0.02957087187358,0.4313314468163,0.02931288116526
29.17427014001,4.661799545112,0.3755192640085,4.661799545112,0.3755192640085,-0.431355337832,-0.02922876518606,0.4313719981184,0.02896776392513
29.51209226666,4.662345495043,0.3711016073293,4.662345495043,0.3711016073293,-0.4313949777435,-0.02889042600933,0.4314116319581,0.02862637959716
29.85382618918,4.662879095494,0.3667316928757,4.662879095494,0.3667316928757,-0.4314337209935,-0.02855581309689,0.4314503689346,0.02828868653132
30.19951720402,4.663400623798,0.3624089902285,4.663400623798,0.3624089902285,-0.4314715877278,-0.02822488557523,0.4314882291905,0.02795464344597
30.54921113216,4.663910351134,0.358132973587,4.663910351134,0.358132973587,-0.4315085976451,-0.02789760294247,0.4315252324209,0.02762420942639
30.90295432514,4.664408542665,0.3539031217537,4.664408542665,0.3539031217537,-0.4315447700066,-0.02757392506687,0.4315613978836,0.02729734392323
31.26079367124,4.664895457665,0.3497189181181,4.664895457665,0.3497189181181,-0.4315801236459,-0.02725381218527,0.4315967444084,0.02697400675094
31.62277660168,4.665371349646,0.3455798506395,4.665371349646,0.3455798506395,-0.4316146769777,-0.0269372249015,0.4316312904063,0.02665415808609
31.98895109691,4.665836466487,0.3414854118285,4.665836466487,0.3414854118285,-0.4316484480073,-0.02662412418467,0.4316650538786,0.0263377584656
32.35936569296,4.666291050549,0.3374350987277,4.666291050549,0.3374350987277,-0.4316814543392,-0.0263144713674,0.431698052426,0.02602476878493
32.73406948788,4.666735338801,0.3334284128911,4.666735338801,0.3334284128911,-0.4317137131862,-0.02600822814398,0.4317303032569,0.02571515029618
33.11311214826,4.667169562934,0.3294648603627,4.667169562934,0.3294648603627,-0.4317452413773,-0.02570535656851,0.4317618231962,0.02540886460617
33.49654391578,4.667593949477,0.3255439516545,4.667593949477,0.3255439516545,-0.4317760553666,-0.02540581905294,0.4317926286936,0.02510587367441
33.88441561392,4.668008719909,0.3216652017234,4.668008719909,0.3216652017234,-0.4318061712413,-0.02510957836506,0.4318227358317,0.02480613981103
34.27677865465,4.668414090766,0.317828129947,4.668414090766,0.317828129947,-0.4318356047296,-0.02481659762645,0.4318521603342,0.0245096256747
34.67368504525,4.668810273756,0.3140322600995,4.668810273756,0.3140322600995,-0.4318643712087,-0.02452684031039,0.4318809175734,0.02421629427044
35.07518739526,4.669197475857,0.3102771203257,4.669197475857,0.3102771203257,-0.4318924857124,-0.0242402702397,0.4319090225782,0.02392610894742
35.48133892336,4.669575899423,0.3065622431157,4.669575899423,0.3065622431157,-0.4319199629384,-0.02395685158453,0.4319364900415,0.02363903339668
35.8921934645,4.669945742288,0.3028871652776,4.669945742288,0.3028871652776,-0.4319468172562,-0.02367654886018,0.4319633343273,0.02335503164889
36.30780547701,4.67030719786,0.2992514279107,4.67030719786,0.2992514279107,-0.4319730627137,-0.02339932692478,0.4319895694783,0.02307406807196
36.72823004981,4.670660455222,0.2956545763776,4.670660455222,0.2956545763776,-0.4319987130447,-0.023125150977,0.4320152092228,0.02279610736871
37.15352290972,4.671005699223,0.2920961602756,4.671005699223,0.2920961602756,-0.4320237816754,-0.02285398655374,0.4320402669814,0.02252111457443
37.58374042885,4.671343110577,0.288575733408,4.671343110577,0.288575733408,-0.4320482817315,-0.02258579952771,0.432064755874,0.02224905505449
38.01893963206,4.671672865946,0.285092853755,4.671672865946,0.285092853755,-0.4320722260447,-0.02232055610508,0.4320886887265,0.02197989450183
38.45917820454,4.671995138034,0.2816470834435,4.671995138034,0.2816470834435,-0.4320956271591,-0.02205822282302,0.4321120780768,0.0217135989345
38.90451449943,4.672310095675,0.2782379887173,4.672310095675,0.2782379887173,-0.4321184973376,-0.02179876654727,0.4321349361816,0.02145013469312
39.35500754558,4.672617903914,0.2748651399063,4.672617903914,0.2748651399063,-0.432140848568,-0.02154215446968,0.4321572750223,0.02118946843835
39.81071705535,4.672918724093,0.2715281113958,4.672918724093,0.2715281113958,-0.4321626925693,-0.02128835410568,0.4321791063112,0.02093156714833
40.27170343255,4.673212713934,0.268226481595,4.673212713934,0.268226481595,-0.4321840407973,-0.0210373332918,0.4322004414976,0.02067639811608
40.73802778041,4.673500027616,0.2649598329058,4.673500027616,0.2649598329058,-0.4322049044507,-0.02078906018313,0.4322212917731,0.02042392894694
41.20975190973,4.673780815854,0.2617277516906,4.673780815854,0.2617277516906,-0.4322252944767,-0.02054350325078,0.4322416680779,0.02017412755591
41.68693834703,4.674055225975,0.2585298282404,4.674055225975,0.2585298282404,-0.4322452215765,-0.02030063127932,0.4322615811058,0.01992696216501
42.16965034286,4.674323401997,0.2553656567424,4.674323401997,0.2553656567424,-0.4322646962108,-0.02006041336419,0.4322810413101,0.0196824013007
42.65795188016,4.674585484697,0.2522348352475,4.674585484697,0.2522348352475,-0.4322837286049,-0.01982281890917,0.4323000589085,0.01944041379115
43.15190768278,4.674841611683,0.2491369656376,4.674841611683,0.2491369656376,-0.4323023287545,-0.01958781762371,0.4323186438887,0.0192009687636
43.65158322402,4.675091917469,0.2460716535925,4.675091917469,0.2460716535925,-0.43232050643,-0.0193553795204,0.4323368060133,0.0189640356417
44.15704473533,4.675336533539,0.243038508557,4.675336533539,0.243038508557,-0.4323382711823,-0.01912547491234,0.4323545548247,0.0187295841428
44.6683592151,4.675575588414,0.2400371437075,4.675575588414,0.2400371437075,-0.432355632347,-0.0188980744105,0.4323718996502,0.01849758427527
45.18559443749,4.675809207721,0.2370671759189,4.675809207721,0.2370671759189,-0.4323725990496,-0.01867314892112,0.4323888496065,0.01826800633578
45.70881896149,4.676037514256,0.2341282257306,4.676037514256,0.2341282257306,-0.4323891802098,-0.01845066964311,0.4324054136047,0.01804082090663
46.23810213993,4.676260628044,0.2312199173136,4.676260628044,0.2312199173136,-0.4324053845467,-0.01823060806541,0.4324216003545,0.01781599885303
46.77351412872,4.676478666405,0.2283418784366,4.676478666405,0.2283418784366,-0.4324212205825,-0.01801293596432,0.4324374183688,0.01759351132037
47.31512589615,4.676691744009,0.225493740432,4.676691744009,0.225493740432,-0.4324366966473,-0.01779762540096,0.4324528759684,0.01737332973155
47.86300923226,4.676899972942,0.2226751381625,4.676899972942,0.2226751381625,-0.4324518208836,-0.01758464871856,0.4324679812857,0.01715542578423
48.41723675841,4.677103462755,0.2198857099872,4.677103462755,0.2198857099872,-0.4324666012498,-0.01737397853989,0.4324827422692,0.01693977144816
48.97788193685,4.677302320527,0.2171250977277,4.677302320527,0.2171250977277,-0.432481045525,-0.01716558776463,0.4324971666877,0.01672633896243
49.54501908048,4.677496650917,0.2143929466346,4.677496650917,0.2143929466346,-0.4324951613125,-0.0169594495667,0.4325112621341,0.01651510083277
50.11872336273,4.677686556219,0.2116889053529,4.677686556219,0.2116889053529,-0.432508956044,-0.01675553739171,0.4325250360291,0.01630602982889
50.69907082747,4.677872136413,0.2090126258891,4.677872136413,0.2090126258891,-0.4325224369833,-0.01655382495432,0.4325384956256,0.01609909898172
51.28613839914,4.678053489217,0.2063637635768,4.678053489217,0.2063637635768,-0.4325356112301,-0.01635428623564,0.4325516480119,0.01589428158073
51.8800038929,4.678230710142,0.2037419770428,4.678230710142,0.2037419770428,-0.4325484857237,-0.01615689548058,0.4325645001157,0.01569155117127
52.48074602498,4.678403892532,0.201146928174,4.678403892532,0.201146928174,-0.4325610672464,-0.01596162719536,0.4325770587076,0.01549088155183
53.0884444231,4.678573127621,0.1985782820829,4.678573127621,0.1985782820829,-0.4325733624273,-0.01576845614481,0.4325893304043,0.01529224677142
53.70317963703,4.678738504576,0.1960357070747,4.678738504576,0.1960357070747,-0.4325853777454,-0.01557735734988,0.4326013216725,0.01509562112683
54.32503314924,4.678900110543,0.193518874613,4.678900110543,0.193518874613,-0.4325971195332,-0.01538830608499,0.4326130388319,0.01490097916
54.95408738576,4.679058030693,0.1910274592869,4.679058030693,0.1910274592869,-0.4326085939799,-0.01520127787554,0.4326244880587,0.01470829565539
55.59042572704,4.679212348266,0.188561138777,4.679212348266,0.188561138777,-0.4326198071345,-0.01501624849532,0.4326356753884,0.01451754563724
56.23413251904,4.679363144614,0.1861195938227,4.679363144614,0.1861195938227,-0.4326307649091,-0.01483319396396,0.4326466067195,0.01432870436703
56.88529308439,4.679510499243,0.1837025081881,4.679510499243,0.1837025081881,-0.4326414730819,-0.0146520905444,0.4326572878161,0.01414174734076
57.54399373372,4.679654489854,0.1813095686296,4.679654489854,0.1813095686296,-0.4326519373001,-0.01447291474039,0.4326677243112,0.01395665028639
58.21032177709,4.679795192385,0.1789404648624,4.679795192385,0.1789404648624,-0.432662163083,-0.01429564329395,0.4326779217092,0.01377338916118
58.88436553556,4.679932681046,0.1765948895276,4.679932681046,0.1765948895276,-0.4326721558248,-0.01412025318289,0.4326878853894,0.0135919401491
59.5662143529,4.680067028364,0.1742725381594,4.680067028364,0.1742725381594,-0.4326819207973,-0.01394672161831,0.4326976206081,0.01341227965825
60.25595860744,4.680198305214,0.1719731091525,4.680198305214,0.1719731091525,-0.4326914631527,-0.01377502604211,0.4327071325018,0.01323438431826
60.95368972402,4.680326580862,0.1696963037291,4.680326580862,0.1696963037291,-0.4327007879265,-0.01360514412456,0.4327164260898,0.01305823097773
61.65950018615,4.680451922996,0.1674418259068,4.680451922996,0.1674418259068,-0.4327099000396,-0.0134370537618,0.4327255062765,0.01288379670165
62.37348354824,4.680574397763,0.1652093824662,4.680574397763,0.1652093824662,-0.4327188043015,-0.01327073307346,0.4327343778545,0.01271105876886
63.09573444802,4.680694069806,0.1629986829183,4.680694069806,0.1629986829183,-0.4327275054123,-0.01310616040018,0.4327430455064,0.01253999466952
63.82634861906,4.680811002292,0.160809439473,4.680811002292,0.160809439473,-0.4327360079653,-0.01294331430122,0.432751513808,0.01237058210258
64.56542290347,4.680925256951,0.1586413670067,4.680925256951,0.1586413670067,-0.4327443164497,-0.01278217355205,0.4327597872301,0.01220279897326
65.31305526475,4.681036894104,0.1564941830308,4.681036894104,0.1564941830308,-0.4327524352522,-0.01262271714199,0.432767870141,0.01203662339056
66.06934480076,4.681145972695,0.1543676076598,4.681145972695,0.1543676076598,-0.4327603686602,-0.01246492427182,0.4327757668089,0.01187203366475
66.83439175686,4.681252550325,0.1522613635799,4.681252550325,0.1522613635799,-0.4327681208633,-0.01230877435139,0.4327834814041,0.01170900830493
67.6082975392,4.681356683276,0.1501751760178,4.681356683276,0.1501751760178,-0.4327756959559,-0.01215424699736,0.432791018001,0.01154752601653
68.39116472814,4.681458426548,0.1481087727093,4.681458426548,0.1481087727093,-0.4327830979393,-0.01200132203079,0.4327983805804,0.01138756569888
69.1830970919,4.681557833881,0.1460618838684,4.681557833881,0.1460618838684,-0.4327903307234,-0.01184997947484,0.4328055730314,0.01122910644279
69.98419960023,4.681654957785,0.1440342421562,4.681654957785,0.1440342421562,-0.4327973981293,-0.01170019955252,0.4328125991537,0.01107212752807
70.79457843842,4.68174984957,0.1420255826506,4.68174984957,0.1420255826506,-0.432804303891,-0.01155196268435,0.4328194626594,0.01091660842119
71.61434102129,4.68184255937,0.1400356428154,4.68184255937,0.1400356428154,-0.4328110516573,-0.01140524948611,0.4328261671748,0.01076252877283
72.4435960075,4.68193313617,0.1380641624698,4.68193313617,0.1380641624698,-0.4328176449939,-0.01126004076659,0.4328327162428,0.01060986841553
73.28245331389,4.682021627834,0.1361108837585,4.682021627834,0.1361108837585,-0.432824087385,-0.01111631752535,0.4328391133243,0.01045860736129
74.13102413009,4.682108081123,0.1341755511216,4.682108081123,0.1341755511216,-0.4328303822356,-0.01097406095046,0.4328453617998,0.01030872579926
74.98942093325,4.682192541729,0.1322579112643,4.682192541729,0.1322579112643,-0.4328365328727,-0.01083325241635,0.432851464972,0.01016020409334
75.85775750292,4.682275054291,0.1303577131279,4.682275054291,0.1303577131279,-0.4328425425473,-0.01069387348156,0.4328574260668,0.01001302277989
76.73614893618,4.682355662424,0.1284747078593,4.682355662424,0.1284747078593,-0.4328484144362,-0.01055590588661,0.4328632482352,0.0098671625654
77.62471166287,4.682434408737,0.1266086487824,4.682434408737,0.1266086487824,-0.4328541516437,-0.01041933155177,0.432868934555,0.009722604324204
78.52356346101,4.682511334858,0.1247592913683,4.682511334858,0.1247592913683,-0.4328597572028,-0.01028413257497,0.4328744880323,0.009579329096168
79.43282347243,4.682586481458,0.1229263932067,4.682586481458,0.1229263932067,-0.4328652340774,-0.01015029122965,0.4328799116035,0.009437318084434
80.35261221856,4.682659888266,0.1211097139766,4.682659888266,0.1211097139766,-0.4328705851634,-0.01001778996261,0.432885208136,0.00929655265315
81.28305161641,4.682731594097,0.1193090154179,4.682731594097,0.1193090154179,-0.4328758132903,-0.009886611391959,0.4328903804306,0.009157014325228
82.22426499471,4.682801636866,0.1175240613026,4.682801636866,0.1175240613026,-0.4328809212229,-0.009756738304976,0.4328954312224,0.009018684780106
83.17637711027,4.682870053614,0.1157546174065,4.682870053614,0.1157546174065,-0.4328859116624,-0.009628153656066,0.4329003631824,0.008881545851531
84.13951416452,4.682936880522,0.1140004514809,4.682936880522,0.1140004514809,-0.4328907872484,-0.00950084056469,0.4329051789189,0.00874557952535
85.11380382024,4.683002152933,0.1122613332245,4.683002152933,0.1122613332245,-0.4328955505594,-0.009374782313327,0.4329098809791,0.008610767937316
86.09937521846,4.683065905369,0.1105370342559,4.683065905369,0.1105370342559,-0.432900204115,-0.00924996234544,0.4329144718498,0.008477093370913
87.09635899561,4.683128171551,0.1088273280853,4.683128171551,0.1088273280853,-0.4329047503768,-0.009126364263468,0.4329189539594,0.00834453825518
88.1048873008,4.683188984416,0.1071319900873,4.683188984416,0.1071319900873,-0.4329091917497,-0.009003971826825,0.4329233296789,0.008213085162567
89.12509381338,4.683248376132,0.1054507974733,4.683248376132,0.1054507974733,-0.4329135305833,-0.008882768949916,0.4329276013231,0.008082716806789
90.1571137606,4.683306378119,0.1037835292645,4.683306378119,0.1037835292645,-0.4329177691731,-0.008762739700167,0.4329317711517,0.007953416040697
91.20108393559,4.683363021062,0.1021299662645,4.683363021062,0.1021299662645,-0.4329219097615,-0.008643868296075,0.432935841371,0.00782516585417
92.25714271548,4.683418334929,0.1004898910326,4.683418334929,0.1004898910326,-0.4329259545395,-0.008526139105267,0.4329398141342,0.007697949372004
93.3254300797,4.683472348986,0.09886308785718,4.683472348986,0.09886308785718,-0.4329299056472,-0.008409536642572,0.4329436915436,0.007571749851834
94.40608762859,4.683525091813,0.0972493427287,4.683525091813,0.0972493427287,-0.4329337651753,-0.008294045568116,0.4329474756506,0.007446550682045
95.49925860215,4.683576591318,0.09564844331359,4.683576591318,0.09564844331359,-0.4329375351662,-0.008179650685423,0.4329511684578,0.007322335379721
96.60508789898,4.683626874753,0.09406017892789,4.683626874753,0.09406017892789,-0.4329412176149,-0.008066336939534,0.4329547719192,0.007199087588582
97.72372209558,4.683675968728,0.09248434051103,4.683675968728,0.09248434051103,-0.4329448144703,-0.007954089415142,0.4329582879418,0.007076791076954
98.8553094657,4.683723899222,0.09092072060001,4.683723899222,0.09092072060001,-0.432948327636,-0.007842893334737,0.4329617183863,0.006955429735737
100.0,4.683770691603,0.08936911330346,4.683770691603,0.08936911330346,-0.4329517589714,-0.007732734056766,0.4329650650683,0.00683498757639
101.157945426,4.683816370636,0.08782931427603,4.683816370636,0.08782931427603,-0.4329551102926,-0.007623597073813,0.4329683297591,0.006715448728932
102.3292992281,4.683860960497,0.08630112069282,4.683860960497,0.08630112069282,-0.4329583833736,-0.007515468010782,0.4329715141865,0.006596797439946
103.5142166679,4.683904484788,0.08478433122413,4.683904484788,0.08478433122413,-0.4329615799467,-0.007408332623104,0.4329746200362,0.006479018070603
104.7128548051,4.683946966545,0.0832787460101,4.683946966545,0.0832787460101,-0.4329647017042,-0.007302176794953,0.432977648952,0.006362095094694
105.9253725177,4.683988428258,0.08178416663571,4.683988428258,0.08178416663571,-0.4329677502985,-0.007196986537473,0.4329806025374,0.00624601309667
107.1519305238,4.684028891872,0.08030039610584,4.684028891872,0.08030039610584,-0.4329707273436,-0.007092747987025,0.4329834823558,0.006130756769703
108.3926914021,4.684068378809,0.07882723882047,4.684068378809,0.07882723882047,-0.4329736344154,-0.006989447403441,0.4329862899317,0.006016310913745
109.6478196143,4.684106909972,0.07736450055003,4.684106909972,0.07736450055003,-0.4329764730531,-0.006887071168296,0.4329890267515,0.005902660433612
110.9174815262,4.68414450576,0.07591198841087,4.68414450576,0.07591198841087,-0.4329792447596,-0.006785605783189,0.432991694264,0.005789790337065
112.2018454302,4.684181186078,0.07446951084093,4.684181186078,0.07446951084093,-0.4329819510023,-0.00668503786804,0.4329942938814,0.005677685732913
113.5010815672,4.684216970344,0.07303687757547,4.684216970344,0.07303687757547,-0.432984593214,-0.006585354159399,0.4329968269802,0.005566331829122
114.8153621497,4.684251877506,0.07161389962295,4.684251877506,0.07161389962295,-0.4329871727939,-0.006486541508766,0.4329992949016,0.005455713930933
116.144861384,4.684285926045,0.0702003892411,4.684285926045,0.0702003892411,-0.4329896911078,-0.006388586880927,0.4330016989521,0.005345817438991
117.489755494,4.68431913399,0.068796159913,4.68431913399,0.068796159913,-0.4329921494892,-0.006291477352297,0.4330040404047,0.005236627847486
118.8502227437,4.684351518925,0.06740102632345,4.684351518925,0.06740102632345,-0.4329945492399,-0.006195200109283,0.4330063204992,0.005128130742303
120.2264434617,4.684383097997,0.0660148043353,4.684383097997,0.0660148043353,-0.4329968916306,-0.006099742446652,0.4330085404429,0.005020311799183
121.6186000646,4.684413887929,0.06463731096602,4.684413887929,0.06463731096602,-0.4329991779019,-0.006005091765915,0.4330107014115,0.004913156781886
123.0268770812,4.684443905027,0.06326836436435,4.684443905027,0.06326836436435,-0.4330014092644,-0.005911235573719,0.4330128045491,0.004806651540379
124.4514611771,4.684473165184,0.06190778378702,4.684473165184,0.06190778378702,-0.4330035869,-0.005818161480259,0.4330148509695,0.004700782009013
125.8925411794,4.684501683898,0.06055538957575,4.684501683898,0.06055538957575,-0.4330057119618,-0.005725857197691,0.4330168417565,0.004595534204731
127.3503081017,4.68452947627,0.05921100313412,4.68452947627,0.05921100313412,-0.4330077855753,-0.005634310538565,0.4330187779644,0.004490894225264
128.8249551693,4.68455655702,0.05787444690472,4.68455655702,0.05787444690472,-0.4330098088389,-0.005543509414263,0.4330206606184,0.004386848247354
130.3166778452,4.684582940489,0.0565455443465,4.684582940489,0.0565455443465,-0.433011782824,-0.005453441833455,0.4330224907157,0.004283382524971
131.8256738556,4.684608640652,0.05522411991193,4.684608640652,0.05522411991193,-0.4330137085762,-0.005364095900558,0.4330242692255,0.004180483387548
133.3521432163,4.684633671119,0.05390999902452,4.684633671119,0.05390999902452,-0.4330155871155,-0.005275459814214,0.4330259970898,0.004078137238221
134.8962882592,4.684658045149,0.05260300805643,4.684658045149,0.05260300805643,-0.433017419437,-0.005187521865772,0.4330276752237,0.003976330552075
136.4583136589,4.68468177565,0.051302974306,4.68468177565,0.051302974306,-0.4330192065112,-0.005100270437788,0.433029304516,0.003875049874404
138.0384264603,4.684704875192,0.05000972597557,4.684704875192,0.05000972597557,-0.4330209492847,-0.005013694002525,0.4330308858297,0.003774281818971
139.6368361056,4.68472735601,0.04872309214932,4.68472735601,0.04872309214932,-0.4330226486807,-0.004927781120473,0.4330324200024,0.003674013066279
141.2537544623,4.684749230012,0.04744290277119,4.684749230012,0.04744290277119,-0.4330243055994,-0.004842520438878,0.4330339078466,0.003574230361856
142.8893958511,4.684770508784,0.04616898862304,4.684770508784,0.04616898862304,-0.4330259209185,-0.004757900690272,0.4330353501504,0.003474920514532
144.5439770746,4.684791203599,0.04490118130255,4.684791203599,0.04490118130255,-0.4330274954937,-0.004673910691029,0.4330367476779,0.003376070394741
146.2177174457,4.684811325417,0.0436393132016,4.684811325417,0.0436393132016,-0.4330290301591,-0.004590539339913,0.4330381011692,0.003277666932815
147.9108388168,4.684830884899,0.04238321748461,4.684830884899,0.04238321748461,-0.4330305257278,-0.004507775616649,0.4330394113414,0.003179697117293
149.6235656094,4.684849892405,0.04113272806679,4.684849892405,0.04113272806679,-0.433031982992,-0.004425608580495,0.4330406788885,0.003082147993233
151.3561248436,4.684868358005,0.03988767959273,4.684868358005,0.03988767959273,-0.4330334027239,-0.004344027368832,0.4330419044818,0.002985006660534
153.1087461682,4.68488629148,0.03864790741487,4.68488629148,0.03864790741487,-0.4330347856754,-0.004263021195754,0.4330430887707,0.002888260272259
154.8816618913,4.684903702331,0.03741324757224,4.684903702331,0.03741324757224,-0.4330361325794,-0.004182579350672,0.4330442323825,0.00279189603297
156.6751070108,4.684920599781,0.03618353676906,4.684920599781,0.03618353676906,-0.4330374441494,-0.004102691196929,0.433045335923,0.002695901197061
158.4893192461,4.684936992782,0.03495861235353,4.684936992782,0.03495861235353,-0.4330387210803,-0.004023346170416,0.4330463999769,0.002600263067106
160.324539069,4.684952890018,0.0337383122968,4.684952890018,0.0337383122968,-0.4330399640486,-0.003944533778205,0.4330474251078,0.002504968992204
162.1810097359,4.684968299912,0.03252247517173,4.684968299912,0.03252247517173,-0.4330411737129,-0.003866243597187,0.4330484118587,0.002410006366335
164.05897732,4.684983230628,0.03131094013198,4.684983230628,0.03131094013198,-0.4330423507142,-0.003788465272716,0.4330493607525,0.00231536262672
165.9586907438,4.684997690075,0.03010354689104,4.684997690075,0.03010354689104,-0.433043495676,-0.003711188517266,0.4330502722918,0.002221025252181
167.8804018123,4.685011685915,0.02890013570131,4.685011685915,0.02890013570131,-0.433044609205,-0.003634403109091,0.4330511469595,0.002126981761512
169.8243652462,4.685025225561,0.02770054733334,4.685025225561,0.02770054733334,-0.4330456918913,-0.003558098890899,0.4330519852191,0.002033219711854
171.7908387158,4.685038316189,0.02650462305497,4.685038316189,0.02650462305497,-0.4330467443084,-0.003482265768526,0.4330527875146,0.00193972669707
173.7800828749,4.685050964732,0.02531220461069,4.685050964732,0.02531220461069,-0.4330477670141,-0.003406893709624,0.433053554271,0.001846490346126
175.7923613959,4.685063177893,0.02412313420097,4.685063177893,0.02412313420097,-0.4330487605503,-0.003331972742354,0.4330542858947,0.001753498321481
177.8279410039,4.685074962142,0.0229372544616,4.685074962142,0.0229372544616,-0.4330497254433,-0.003257492954087,0.4330549827731,0.00166073831747
179.8870915129,4.685086323723,0.02175440844315,4.685086323723,0.02175440844315,-0.4330506622046,-0.00318344449011,0.4330556452755,0.001568198058705
181.970085861,4.685097268655,0.02057443959046,4.685097268655,0.02057443959046,-0.4330515713304,-0.003109817552342,0.433056273753,0.001475865298463
184.0772001469,4.685107802738,0.01939719172215,4.685107802738,0.01939719172215,-0.4330524533025,-0.003036602398054,0.4330568685384,0.001383727817093
186.2087136663,4.685117931551,0.01822250901021,4.685117931551,0.01822250901021,-0.4330533085884,-0.0029637893386,0.4330574299468,0.001291773420415
188.364908949,4.685127660463,0.01705023595954,4.685127660463,0.01705023595954,-0.4330541376411,-0.002891368738148,0.4330579582758,0.001199989938127
190.5460717963,4.685136994628,0.01588021738764,4.685136994628,0.01588021738764,-0.4330549409001,-0.002819331012425,0.4330584538052,0.001108365222214
192.7524913191,4.68514593899,0.01471229840429,4.68514593899,0.01471229840429,-0.433055718791,-0.002747666627463,0.4330589167976,0.001016887145358
194.9844599758,4.68515449829,0.01354632439119,4.68515449829,0.01354632439119,-0.433056471726,-0.00267636609835,0.4330593474982,0.0009255435993512
197.2422736115,4.685162677061,0.01238214098175,4.685162677061,0.01238214098175,-0.4330572001041,-0.002605419987995,0.4330597461353,0.0008343224935116
199.5262314969,4.685170479638,0.01121959404082,4.685170479638,0.01121959404082,-0.4330579043114,-0.002534818905888,0.4330601129199,0.000743211753102
201.8366363682,4.685177910155,0.01005852964449,4.685177910155,0.01005852964449,-0.433058584721,-0.002464553506874,0.4330604480466,0.0006521993177469
204.173794467,4.685184972547,0.008898794059846,4.685184972547,0.008898794059846,-0.4330592416935,-0.002394614489931,0.4330607516927,0.0005612731398549
206.5380155811,4.685191670557,0.007740233724786,4.685191670557,0.007740233724786,-0.433059875577,-0.00232499259695,0.4330610240191,0.0004704211830405
208.9296130854,4.685198007733,0.00658269522798,4.685198007733,0.00658269522798,-0.4330604867075,-0.002255678611522,0.4330612651702,0.0003796314205468
211.3489039837,4.685203987433,0.005426025288557,4.685203987433,0.005426025288557,-0.4330610754089,-0.002186663357733,0.4330614752737,0.0002888918336714
213.7962089502,4.685209612825,0.004270070736056,4.685209612825,0.004270070736056,-0.4330616419931,-0.002117937698958,0.4330616544408,0.0001981904101896
216.2718523727,4.685214886889,0.003114678490253,4.685214886889,0.003114678490253,-0.4330621867605,-0.002049492536667,0.4330618027665,0.0001075151427824
218.776162395,4.685219812419,0.001959695541093,4.685219812419,0.001959695541093,-0.4330627099996,-0.001981318809232,0.4330619203294,1.685402746164e-05
221.3094709606,4.685224392025,0.0008049689285299,4.685224392025,0.00080496892853,-0.4330632119879,-0.001913407490733,0.4330620071916,-7.380493800293e-05
223.8721138568,4.685228628131,-0.0003496542775971,4.685228628131,-0.0003496542775973,-0.4330636929914,-0.001845749589784,0.4330620633992,-0.0001644737556565
226.4644307593,4.685232522983,-0.001504326997641,4.685232522983,-0.001504326997641,-0.4330641532649,-0.001778336148343,0.433062088982,-0.0002551644289335
229.0867652768,4.685236078643,-0.002659202162339,4.685236078643,-0.002659202162339,-0.4330645930525,-0.001711158240542,0.4330620839534,-0.0003458889642303
231.7394649969,4.685239296994,-0.00381443273285,4.685239296994,-0.00381443273285,-0.4330650125872,-0.001644206971517,0.4330620483107,-0.0004366593724797
234.422881532,4.685242179741,-0.004970171720947,4.685242179741,-0.004970171720947,-0.4330654120914,-0.001577473476236,0.4330619820351,-0.0005274876707255
237.1373705662,4.68524472841,-0.006126572209175,4.68524472841,-0.006126572209175,-0.4330657917767,-0.001510948918337,0.4330618850913,-0.0006183858836986
239.883291902,4.685246944351,-0.007283787371002,4.685246944351,-0.007283787371002,-0.4330661518445,-0.001444624488967,0.433061757428,-0.0007093660453928
242.6610095082,4.685248828736,-0.008441970490955,4.685248828736,-0.008441970490955,-0.4330664924855,-0.001378491405628,0.4330615989774,-0.0008004402006428
245.4708915685,4.685250382564,-0.009601274984829,4.685250382564,-0.009601274984829,-0.4330668138803,-0.001312540911018,0.4330614096556,-0.0008916204067042
248.3133105296,4.685251606656,-0.01076185441996,4.685251606656,-0.01076185441996,-0.4330671161993,-0.001246764271885,0.4330611893622,-0.0009829187348335
251.188643151,4.68525250166,-0.01192386253539,4.68525250166,-0.01192386253539,-0.4330673996026,-0.001181152777877,0.4330609379804,-0.001074347271871
254.0972705549,4.685253068048,-0.01308745326221,4.685253068048,-0.01308745326221,-0.4330676642405,-0.001115697740398,0.433060655377,-0.001165918121827
257.0395782769,4.685253306119,-0.01425278074372,4.685253306119,-0.01425278074372,-0.4330679102533,-0.001050390491468,0.4330603414021,-0.001257643407464
260.0159563165,4.685253215998,-0.01541999935598,4.685253215998,-0.01541999935598,-0.4330681377713,-0.0009852223825794,0.4330599958893,-0.001349535271892
263.0267991895,4.685252797634,-0.01658926372787,4.685252797634,-0.01658926372787,-0.4330683469151,-0.0009201847835623,0.4330596186556,-0.001441605880156
266.0725059799,4.685252050805,-0.01776072876177,4.685252050805,-0.01776072876177,-0.4330685377956,-0.0008552690814522,0.4330592095009,-0.00153386742083
269.1534803927,4.685250975114,-0.01893454965381,4.685250975114,-0.01893454965381,-0.4330687105139,-0.0007904666793532,0.4330587682085,-0.001626332107619
272.2701308078,4.685249569987,-0.02011088191439,4.685249569987,-0.02011088191439,-0.4330688651616,-0.0007257689953111,0.4330582945443,-0.001719012180953
275.4228703338,4.685247834678,-0.02128988138878,4.685247834678,-0.02128988138878,-0.4330690018207,-0.0006611674611823,0.4330577882574,-0.001811919909598
278.612116863,4.685245768267,-0.02247170427763,4.685245768267,-0.02247170427763,-0.4330691205636,-0.0005966535215094,0.4330572490795,-0.001905067592255
281.8382931265,4.685243369654,-0.0236565071574,4.685243369654,-0.0236565071574,-0.4330692214532,-0.0005322186323938,0.4330566767248,-0.00199846755918
285.1018267504,4.685240637568,-0.02484444700145,4.685240637568,-0.02484444700145,-0.433069304543,-0.000467854260373,0.4330560708898,-0.002092132173791
288.4031503127,4.685237570558,-0.02603568120035,4.685237570558,-0.02603568120035,-0.4330693698771,-0.000403551881299,0.4330554312537,-0.00218607383429
291.7427014001,4.685234166995,-0.02723036758286,4.685234166995,-0.02723036758286,-0.4330694174901,-0.0003393029792148,0.4330547574773,-0.00228030497529
295.1209226666,4.685230425074,-0.02842866443674,4.685230425074,-0.02842866443674,-0.4330694474073,-0.0002750990452376,0.4330540492036,-0.002374838069434
298.5382618918,4.685226342809,-0.02963073052971,4.685226342809,-0.02963073052971,-0.4330694596444,-0.0002109315764359,0.4330533060573,-0.002469685629036
301.9951720402,4.685221918034,-0.03083672513022,4.685221918034,-0.03083672513022,-0.433069454208,-0.0001467920747151,0.4330525276444,-0.002564860207712
305.4921113216,4.6852171484,-0.03204680802866,4.6852171484,-0.03204680802866,-0.4330694310953,-8.267204569521e-05,0.4330517135525,-0.002660374402025
309.0295432514,4.685212031378,-0.03326113955851,4.685212031378,-0.03326113955851,-0.4330693902939,-1.856299759744e-05,0.4330508633501,-0.002756240853133
312.6079367124,4.685206564252,-0.0344798806173,4.685206564252,-0.0344798806173,-0.4330693317823,4.554355987425e-05,0.4330499765867,-0.002852472248439
316.2277660168,4.685200744121,-0.03570319268811,4.685200744121,-0.03570319268811,-0.4330692555295,0.0001096561166518,0.4330490527923,-0.002949081323251
319.8895109692,4.685194567899,-0.03693123786069,4.685194567899,-0.03693123786069,-0.433069161495,0.0001737831634146,0.4330480914774,-0.003046080862446
323.5936569296,4.685188032307,-0.03816417885303,4.685188032307,-0.03816417885303,-0.4330690496291,0.0002379331927121,0.4330470921326,-0.003143483702142
327.3406948788,4.685181133879,-0.0394021790327,4.685181133879,-0.0394021790327,-0.4330689198724,0.000302114700075,0.4330460542282,-0.003241302731367
331.1311214826,4.685173868955,-0.04064540243874,4.685173868955,-0.04064540243874,-0.4330687721562,0.0003663361851382,0.4330449772143,-0.003339550893754
334.9654391578,4.685166233681,-0.04189401380285,4.685166233681,-0.04189401380285,-0.4330686064022,0.0004306061527537,0.4330438605202,-0.003438241189219
338.8441561392,4.685158224007,-0.0431481785717,4.685158224007,-0.0431481785717,-0.4330684225226,0.0004949331141092,0.433042703554,-0.00353738667566
342.7677865465,4.685149835683,-0.04440806292837,4.685149835683,-0.04440806292837,-0.4330682204199,0.0005593255878513,0.4330415057027,-0.003637000470666
346.7368504525,4.685141064259,-0.04567383381452,4.685141064259,-0.04567383381452,-0.433067999987,0.0006237921012001,0.4330402663316,-0.003737095753218
350.7518739526,4.685131905083,-0.04694565895247,4.685131905083,-0.04694565895247,-0.4330677611072,0.0006883411910728,0.4330389847839,-0.003837685765412
354.8133892336,4.685122353295,-0.0482237068671,4.685122353295,-0.0482237068671,-0.4330675036537,0.0007529814052049,0.4330376603805,-0.003938783814183
358.921934645,4.685112403829,-0.04950814690853,4.685112403829,-0.04950814690853,-0.4330672274903,0.0008177213032747,0.4330362924197,-0.004040403273036
363.0780547701,4.685102051405,-0.05079914927434,4.685102051405,-0.05079914927434,-0.4330669324705,0.0008825694580247,0.4330348801765,-0.004142557583787
367.2823004981,4.685091290533,-0.05209688503172,4.685091290533,-0.05209688503172,-0.433066618438,0.0009475344563922,0.4330334229028,-0.004245260258315
371.5352290972,4.685080115504,-0.05340152614071,4.685080115504,-0.05340152614071,-0.4330662852263,0.001012624900634,0.4330319198263,-0.004348524880314
375.8374042885,4.68506852039,-0.05471324547646,4.68506852039,-0.05471324547646,-0.433065932659,0.001077849409458,0.4330303701505,-0.004452365107062
380.1893963206,4.68505649904,-0.05603221685215,4.68505649904,-0.05603221685215,-0.4330655605491,0.001143216619153,0.4330287730545,-0.004556794671193
384.5917820454,4.685044045076,-0.05735861504217,4.685044045076,-0.05735861504217,-0.4330651686995,0.001208735184723,0.433027127692,-0.004661827382479
389.0451449943,4.685031151892,-0.05869261580507,4.685031151892,-0.05869261580507,-0.4330647569025,0.001274413781027,0.4330254331911,-0.004767477129628
393.5500754558,4.685017812649,-0.06003439590674,4.685017812649,-0.06003439590674,-0.4330643249399,0.001340261103909,0.4330236886542,-0.004873757882075
398.1071705535,4.685004020269,-0.06138413314391,4.685004020269,-0.06138413314391,-0.4330638725827,0.001406285871351,0.4330218931568,-0.004980683691805
402.7170343255,4.684989767437,-0.06274200636756,4.684989767437,-0.06274200636756,-0.4330633995914,0.001472496824604,0.4330200457478,-0.005088268695163
407.3802778041,4.68497504659,-0.06410819550656,4.68497504659,-0.06410819550656,-0.4330629057151,0.001538902729344,0.4330181454483,-0.005196527114688
412.0975190973,4.68495984992,-0.06548288159156,4.68495984992,-0.06548288159156,-0.4330623906923,0.001605512376816,0.4330161912515,-0.005305473260958
416.8693834704,4.684944169365,-0.06686624677874,4.684944169365,-0.06686624677874,-0.4330618542499,0.001672334584987,0.4330141821221,-0.005415121534429
421.6965034286,4.684927996606,-0.06825847437412,4.684927996606,-0.06825847437412,-0.4330612961038,0.001739378199706,0.4330121169958,-0.005525486427309
426.5795188016,4.684911323064,-0.06965974885745,4.684911323064,-0.06965974885745,-0.4330607159581,0.001806652095857,0.4330099947783,-0.005636582525418
431.5190768278,4.684894139892,-0.07107025590702,4.684894139892,-0.07107025590702,-0.4330601135054,0.001874165178525,0.4330078143455,-0.00574842451008
436.5158322402,4.684876437976,-0.07249018242381,4.684876437976,-0.07249018242381,-0.4330594884266,0.00194192638416,0.4330055745423,-0.005861027160007
441.5704473533,4.684858207922,-0.07391971655635,4.684858207922,-0.07391971655635,-0.4330588403903,0.00200994468175,0.4330032741821,-0.00597440535321
446.683592151,4.684839440061,-0.07535904772583,4.684839440061,-0.07535904772583,-0.4330581690532,0.002078229073991,0.4330009120462,-0.006088574068913
451.8559443749,4.684820124436,-0.07680836665053,4.684820124436,-0.07680836665053,-0.4330574740596,0.002146788598466,0.4329984868834,-0.006203548389477
457.0881896149,4.684800250798,-0.07826786537176,4.684800250798,-0.07826786537176,-0.4330567550411,0.002215632328829,0.4329959974091,-0.006319343502344
462.3810213993,4.684779808603,-0.07973773727853,4.684779808603,-0.07973773727853,-0.4330560116169,0.002284769375989,0.4329934423045,-0.006435974701982
467.7351412872,4.684758787007,-0.08121817713371,4.684758787007,-0.08121817713371,-0.4330552433929,0.002354208889299,0.4329908202162,-0.006553457391854
473.1512589615,4.684737174856,-0.08270938109924,4.684737174856,-0.08270938109924,-0.4330544499621,0.002423960057757,0.4329881297552,-0.006671807086389
478.6300923227,4.684714960684,-0.08421154676265,4.684714960684,-0.08421154676265,-0.4330536309042,0.002494032111199,0.4329853694965,-0.00679103941297
484.1723675841,4.684692132705,-0.08572487316247,4.684692132705,-0.08572487316247,-0.4330527857851,0.00256443432151,0.432982537978,-0.006911170113936
489.7788193685,4.684668678806,-0.08724956081509,4.684668678806,-0.08724956081509,-0.433051914157,0.002635176003828,0.4329796337001,-0.007032215048593
495.4501908048,4.684644586545,-0.0887858117409,4.684644586545,-0.0887858117409,-0.4330510155582,0.002706266517763,0.4329766551244,-0.007154190195241
501.1872336273,4.684619843137,-0.09033382949131,4.684619843137,-0.09033382949131,-0.4330500895125,0.002777715268617,0.4329736006735,-0.007277111653214
506.9907082747,4.684594435454,-0.09189381917514,4.684594435454,-0.09189381917514,-0.4330491355293,0.002849531708608,0.4329704687295,-0.00740099564493
512.8613839914,4.684568350015,-0.09346598748626,4.684568350015,-0.09346598748626,-0.4330481531031,0.002921725338101,0.4329672576338,-0.007525858517961
518.800038929,4.68454157298,-0.09505054273062,4.68454157298,-0.09505054273062,-0.4330471417134,0.002994305706847,0.4329639656858,-0.007651716747108
524.8074602498,4.684514090139,-0.0966476948536,4.684514090139,-0.0966476948536,-0.4330461008244,0.003067282415222,0.4329605911422,-0.007778586936499
530.884444231,4.684485886909,-0.09825765546822,4.684485886909,-0.09825765546822,-0.4330450298847,0.003140665115481,0.4329571322158,-0.007906485821694
537.0317963703,4.684456948326,-0.09988063788243,4.684456948326,-0.09988063788243,-0.4330439283267,0.003214463513006,0.432953587075,-0.008035430271806
543.2503314925,4.684427259033,-0.1015168571279,4.684427259033,-0.1015168571279,-0.4330427955671,0.003288687367574,0.4329499538425,-0.008165437291642
549.5408738576,4.684396803276,-0.1031665299881,4.684396803276,-0.1031665299881,-0.4330416310056,0.003363346494618,0.4329462305944,-0.008296524023848
555.9042572704,4.684365564894,-0.1048298750268,4.684365564894,-0.1048298750268,-0.4330404340253,0.003438450766505,0.4329424153591,-0.008428707751077
562.3413251904,4.684333527309,-0.106507112617,4.684333527309,-0.106507112617,-0.4330392039921,0.003514010113813,0.4329385061166,-0.008562005898171
568.8529308439,4.68430067352,-0.1081984649706,4.68430067352,-0.1081984649706,-0.4330379402544,0.003590034526624,0.4329345007969,-0.008696436034354
575.4399373372,4.684266986092,-0.1099041561666,4.684266986092,-0.1099041561666,-0.4330366421427,0.003666534055809,0.4329303972794,-0.008832015875442
582.1032177709,4.684232447147,-0.1116244121817,4.684232447147,-0.1116244121817,-0.4330353089694,0.003743518814339,0.4329261933914,-0.008968763286071
588.8436553556,4.684197038356,-0.1133594609196,4.684197038356,-0.1133594609196,-0.4330339400283,0.003820998978586,0.4329218869073,-0.00910669628194
595.662143529,4.684160740927,-0.115109532241,4.684160740927,-0.115109532241,-0.4330325345942,0.003898984789642,0.4329174755472,-0.009245833032059
602.5595860744,4.684123535595,-0.1168748579944,4.684123535595,-0.1168748579944,-0.4330310919226,0.003977486554643,0.4329129569757,-0.009386191861035
609.5368972402,4.684085402614,-0.1186556720463,4.684085402614,-0.1186556720463,-0.4330296112494,0.004056514648096,0.4329083288008,-0.009527791251349
616.5950018615,4.684046321747,-0.120452210312,4.684046321747,-0.120452210312,-0.4330280917904,0.00413607951322,0.4329035885725,-0.009670649845667
623.7348354824,4.684006272249,-0.122264710787,4.684006272249,-0.122264710787,-0.4330265327406,0.004216191663294,0.4328987337816,-0.00981478644916
630.9573444802,4.683965232865,-0.1240934135782,4.683965232865,-0.1240934135782,-0.4330249332744,0.004296861683007,0.4328937618585,-0.009960220031838
638.2634861906,4.683923181811,-0.1259385609355,4.683923181811,-0.1259385609355,-0.4330232925446,0.004378100229821,0.4328886701713,-0.01010696973091
645.6542290347,4.683880096768,-0.127800397284,4.683880096768,-0.127800397284,-0.4330216096821,0.004459918035348,0.4328834560252,-0.01025505485314
653.1305526475,4.683835954864,-0.1296791692558,4.683835954864,-0.1296791692558,-0.4330198837958,0.004542325906719,0.4328781166607,-0.01040449487726
660.6934480076,4.683790732669,-0.1315751257231,4.683790732669,-0.1315751257231,-0.4330181139715,0.00462533472798,0.4328726492517,-0.01055530945635
668.3439175686,4.683744406178,-0.1334885178305,4.683744406178,-0.1334885178305,-0.433016299272,0.004708955461485,0.4328670509051,-0.01070751842025
676.082975392,4.683696950798,-0.135419599028,4.683696950798,-0.135419599028,-0.4330144387362,0.004793199149296,0.432861318658,-0.01086114177804
683.9116472815,4.683648341337,-0.137368625105,4.683648341337,-0.137368625105,-0.4330125313789,0.00487807691461,0.4328554494773,-0.01101619972046
691.830970919,4.68359855199,-0.1393358542235,4.68359855199,-0.1393358542235,-0.4330105761899,0.004963599963166,0.4328494402571,-0.01117271262237
699.8419960023,4.683547556324,-0.141321546952,4.683547556324,-0.141321546952,-0.433008572134,0.005049779584688,0.432843287818,-0.01133070104529
707.9457843842,4.683495327265,-0.1433259663005,4.683495327265,-0.1433259663005,-0.4330065181499,0.005136627154323,0.4328369889047,-0.01149018573985
716.1434102129,4.683441837084,-0.1453493777544,4.683441837084,-0.1453493777544,-0.4330044131501,0.005224154134091,0.4328305401847,-0.01165118764836
724.435960075,4.683387057381,-0.1473920493097,4.683387057381,-0.1473920493097,-0.4330022560198,0.005312372074347,0.4328239382461,-0.0118137279073
732.8245331389,4.683330959071,-0.1494542515083,4.683330959071,-0.1494542515083,-0.4330000456171,0.005401292615247,0.4328171795965,-0.01197782784994
741.3102413009,4.683273512368,-0.1515362574737,4.683273512368,-0.1515362574737,-0.4329977807714,0.005490927488235,0.4328102606607,-0.01214350900886
749.8942093325,4.683214686767,-0.1536383429467,4.683214686767,-0.1536383429467,-0.4329954602838,0.005581288517527,0.4328031777787,-0.01231079311859
758.5775750292,4.683154451034,-0.155760786322,4.683154451034,-0.155760786322,-0.4329930829256,0.00567238762161,0.4327959272042,-0.0124797021182
767.3614893619,4.68309277318,-0.1579038686845,4.68309277318,-0.1579038686845,-0.4329906474383,0.005764236814755,0.4327885051022,-0.01265025815391
776.2471166287,4.683029620454,-0.1600678738461,4.683029620454,-0.1600678738461,-0.4329881525324,0.005856848208537,0.4327809075475,-0.01282248358178
785.2356346101,4.682964959317,-0.1622530883839,4.682964959317,-0.1622530883839,-0.4329855968874,0.005950234013364,0.432773130522,-0.01299640097033
794.3282347243,4.68289875543,-0.1644598016768,4.68289875543,-0.1644598016768,-0.4329829791502,0.006044406540017,0.4327651699132,-0.01317203310326
803.5261221857,4.682830973631,-0.1666883059441,4.682830973631,-0.1666883059441,-0.4329802979352,0.006139378201206,0.4327570215117,-0.01334940298215
812.8305161641,4.682761577922,-0.1689388962838,4.682761577922,-0.1689388962838,-0.4329775518232,0.006235161513125,0.432748681009,-0.01352853382913
822.2426499471,4.682690531443,-0.1712118707114,4.682690531443,-0.1712118707114,-0.4329747393607,0.006331769097032,0.4327401439952,-0.01370944908966
831.7637711027,4.682617796457,-0.1735075301988,4.682617796457,-0.1735075301988,-0.432971859059,0.006429213680831,0.4327314059572,-0.01389217243529
841.3951416452,4.682543334331,-0.1758261787142,4.682543334331,-0.1758261787142,-0.4329689093938,0.006527508100663,0.4327224622755,-0.01407672776639
851.1380382024,4.682467105508,-0.1781681232618,4.682467105508,-0.1781681232618,-0.4329658888039,0.006626665302518,0.4327133082224,-0.01426313921498
860.9937521846,4.682389069495,-0.1805336739218,4.682389069495,-0.1805336739218,-0.4329627956908,0.00672669834385,0.4327039389593,-0.0144514311475
870.9635899561,4.682309184836,-0.1829231438917,4.682309184836,-0.1829231438917,-0.4329596284176,0.006827620395203,0.4326943495343,-0.01464162816767
881.0488730081,4.68222740909,-0.1853368495268,4.68222740909,-0.1853368495268,-0.4329563853084,0.00692944474186,0.4326845348794,-0.01483375511929
891.2509381338,4.682143698811,-0.1877751103821,4.682143698811,-0.1877751103821,-0.4329530646469,0.007032184785481,0.4326744898079,-0.01502783708913
901.571137606,4.682058009521,-0.1902382492541,4.682058009521,-0.1902382492541,-0.4329496646762,0.007135854045781,0.4326642090119,-0.0152238994098
912.0108393559,4.68197029569,-0.1927265922224,4.68197029569,-0.1927265922224,-0.4329461835973,0.00724046616219,0.4326536870592,-0.01542196766262
922.5714271548,4.68188051071,-0.1952404686941,4.68188051071,-0.1952404686941,-0.4329426195685,0.007346034895553,0.4326429183908,-0.01562206768054
933.254300797,4.68178860687,-0.1977802114448,4.68178860687,-0.1977802114448,-0.4329389707042,0.007452574129825,0.4326318973176,-0.01582422555109
944.060876286,4.68169453533,-0.2003461566641,4.68169453533,-0.2003461566641,-0.4329352350741,0.007560097873776,0.432620618018,-0.01602846761928
954.9925860215,4.681598246094,-0.2029386439981,4.681598246094,-0.2029386439981,-0.4329314107021,0.007668620262718,0.4326090745341,-0.01623482049057
966.0508789899,4.681499687989,-0.205558016595,4.681499687989,-0.205558016595,-0.4329274955652,0.007778155560241,0.4325972607692,-0.01644331103386
977.2372209559,4.681398808629,-0.2082046211492,4.681398808629,-0.2082046211492,-0.4329234875924,0.007888718159956,0.4325851704844,-0.01665396638445
988.553094657,4.681295554393,-0.2108788079471,4.681295554393,-0.2108788079471,-0.432919384664,0.00800032258726,0.4325727972954,-0.01686681394709
1000.0,4.681189870395,-0.2135809309126,4.681189870395,-0.2135809309126,-0.43291518461,0.008112983501099,0.432560134669,-0.01708188139892
1011.57945426,4.681081700453,-0.2163113476533,4.681081700453,-0.2163113476533,-0.4329108852092,0.008226715695758,0.43254717592,-0.01729919669259
1023.292992281,4.68097098706,-0.2190704195079,4.68097098706,-0.2190704195079,-0.432906484188,0.008341534102656,0.4325339142074,-0.01751878805925
1035.142166679,4.680857671355,-0.2218585115923,4.680857671355,-0.2218585115923,-0.4329019792191,0.00845745379215,0.4325203425309,-0.01774068401164
1047.128548051,4.680741693088,-0.2246759928478,4.680741693088,-0.2246759928478,-0.4328973679205,0.008574489975365,0.4325064537276,-0.01796491334715
1059.253725177,4.680622990589,-0.2275232360899,4.680622990589,-0.2275232360899,-0.4328926478542,0.008692658006018,0.4324922404677,-0.0181915051509
1071.519305238,4.680501500736,-0.2304006180555,4.680501500736,-0.2304006180555,-0.4328878165248,0.008811973382264,0.4324776952512,-0.01842048879886
1083.926914021,4.680377158922,-0.2333085194532,4.680377158922,-0.2333085194532,-0.432882871378,0.008932451748569,0.4324628104038,-0.01865189396099
1096.478196143,4.680249899016,-0.2362473250122,4.680249899016,-0.2362473250122,-0.4328778097999,0.009054108897558,0.4324475780726,-0.01888575060427
1109.174815262,4.680119653331,-0.2392174235329,4.680119653331,-0.2392174235329,-0.4328726291149,0.009176960771916,0.4324319902227,-0.01912208899595
1122.018454302,4.679986352589,-0.2422192079373,4.679986352589,-0.2422192079373,-0.432867326585,0.009301023466279,0.4324160386324,-0.01936093970662
1135.010815672,4.67984992588,-0.2452530753201,4.67984992588,-0.2452530753201,-0.4328618994075,0.009426313229139,0.4323997148892,-0.0196023336134
1148.153621497,4.679710300625,-0.2483194269999,4.679710300625,-0.2483194269999,-0.4328563447146,0.009552846464771,0.4323830103855,-0.01984630190308
1161.44861384,4.679567402539,-0.2514186685728,4.679567402539,-0.2514186685728,-0.432850659571,0.009680639735162,0.432365916314,-0.02009287607533
1174.89755494,4.679421155589,-0.2545512099634,4.679421155589,-0.2545512099634,-0.4328448409726,0.009809709761958,0.4323484236632,-0.02034208794586
1188.502227437,4.679271481955,-0.2577174654791,4.679271481955,-0.2577174654791,-0.4328388858454,0.009940073428427,0.4323305232127,-0.02059396964962
1202.264434617,4.679118301985,-0.2609178538631,4.679118301985,-0.2609178538631,-0.4328327910433,0.01007174778142,0.4323122055283,-0.02084855364397
1216.186000646,4.678961534156,-0.26415279835,4.678961534156,-0.26415279835,-0.4328265533466,0.01020475003338,0.4322934609576,-0.02110587271194
1230.268770812,4.678801095028,-0.267422726719,4.678801095028,-0.267422726719,-0.4328201694606,0.01033909756428,0.4322742796243,-0.02136595996535
1244.514611771,4.678636899198,-0.2707280713508,4.678636899198,-0.2707280713508,-0.4328136360134,0.01047480792372,0.4322546514237,-0.02162884884813
1258.925411794,4.678468859257,-0.2740692692823,4.678468859257,-0.2740692692823,-0.4328069495548,0.01061189883285,0.4322345660172,-0.02189457313943
1273.503081017,4.678296885741,-0.2774467622644,4.678296885741,-0.2774467622644,-0.4328001065539,0.01075038818647,0.4322140128269,-0.02216316695691
1288.249551693,4.678120887082,-0.2808609968184,4.678120887082,-0.2808609968184,-0.4327931033973,0.01089029405507,0.4321929810303,-0.02243466475992
1303.166778452,4.677940769561,-0.2843124242934,4.677940769561,-0.2843124242934,-0.4327859363878,0.01103163468683,0.4321714595547,-0.02270910135272
1318.256738556,4.677756437256,-0.287801500926,4.677756437256,-0.287801500926,-0.4327786017416,0.01117442850976,0.4321494370715,-0.02298651188772
1333.521432163,4.677567791989,-0.2913286878971,4.677567791989,-0.2913286878971,-0.4327710955873,0.01131869413372,0.4321269019903,-0.02326693186867
1348.962882592,4.677374733277,-0.2948944513935,4.677374733277,-0.2948944513935,-0.4327634139629,0.01146445035257,0.4321038424528,-0.02355039715385
1364.583136589,4.677177158273,-0.2984992626661,4.677177158273,-0.2984992626661,-0.4327555528145,0.0116117161462,0.4320802463272,-0.02383694395935
1380.384264603,4.676974961714,-0.3021435980925,4.676974961714,-0.3021435980925,-0.4327475079938,0.0117605106827,0.4320561012014,-0.02412660886218
1396.368361056,4.676768035861,-0.3058279392362,4.676768035861,-0.3058279392362,-0.4327392752561,0.01191085332047,0.4320313943769,-0.0244194288035
1412.537544623,4.676556270445,-0.3095527729108,4.676556270445,-0.3095527729108,-0.432730850258,0.01206276361035,0.4320061128622,-0.02471544109181
1428.893958511,4.676339552603,-0.3133185912401,4.676339552603,-0.3133185912401,-0.4327222285552,0.01221626129774,0.4319802433664,-0.02501468340613
1445.439770746,4.676117766819,-0.3171258917233,4.676117766819,-0.3171258917233,-0.4327134056002,0.01237136632481,0.4319537722919,-0.02531719379909
1462.177174457,4.675890794864,-0.3209751772981,4.675890794864,-0.3209751772981,-0.4327043767399,0.01252809883262,0.431926685728,-0.02562301070016
1479.108388168,4.675658515724,-0.3248669564047,4.675658515724,-0.3248669564047,-0.4326951372131,0.01268647916331,0.4318989694433,-0.02593217291872
1496.235656094,4.675420805545,-0.3288017430514,4.675420805545,-0.3288017430514,-0.4326856821483,0.01284652786231,0.4318706088787,-0.0262447196472
1513.561248436,4.675177537557,-0.3327800568805,4.675177537557,-0.3327800568805,-0.4326760065608,0.01300826568046,0.4318415891401,-0.02656069046414
1531.087461682,4.67492858201,-0.3368024232339,4.67492858201,-0.3368024232339,-0.4326661053505,0.01317171357631,0.4318118949902,-0.02688012533729
1548.816618913,4.674673806103,-0.340869373221,4.674673806103,-0.340869373221,-0.4326559732991,0.01333689271824,0.4317815108415,-0.02720306462663
1566.751070108,4.674413073911,-0.3449814437863,4.674413073911,-0.3449814437863,-0.4326456050672,0.01350382448675,0.431750420748,-0.02752954908741
1584.893192461,4.674146246311,-0.3491391777771,4.674146246311,-0.3491391777771,-0.4326349951919,0.01367253047665,0.4317186083968,-0.02785961987311
1603.24539069,4.673873180907,-0.3533431240137,4.673873180907,-0.3533431240137,-0.4326241380836,0.01384303249929,0.4316860571005,-0.02819331853842
1621.810097359,4.673593731951,-0.3575938373579,4.673593731951,-0.3575938373579,-0.4326130280236,0.01401535258482,0.4316527497881,-0.02853068704217
1640.5897732,4.673307750269,-0.3618918787845,4.673307750269,-0.3618918787845,-0.4326016591605,0.01418951298443,0.4316186689966,-0.0288717677502
1659.586907438,4.673015083171,-0.3662378154518,4.673015083171,-0.3662378154518,-0.4325900255077,0.01436553617258,0.4315837968623,-0.02921660343824
1678.804018123,4.672715574377,-0.3706322207737,4.672715574377,-0.3706322207737,-0.4325781209404,0.01454344484931,0.4315481151115,-0.02956523729466
1698.243652462,4.672409063925,-0.3750756744922,4.672409063925,-0.3750756744922,-0.4325659391917,0.01472326194246,0.4315116050514,-0.02991771292334
1717.908387158,4.672095388086,-0.3795687627508,4.672095388086,-0.3795687627508,-0.4325534738503,0.01490501060993,0.4314742475606,-0.03027407434626
1737.800828749,4.671774379276,-0.3841120781676,4.671774379276,-0.3841120781676,-0.4325407183564,0.01508871424201,0.4314360230795,-0.03063436600629
1757.923613959,4.671445865964,-0.388706219911,4.671445865964,-0.388706219911,-0.432527665999,0.01527439646357,0.4313969116006,-0.03099863276972
1778.279410039,4.671109672577,-0.3933517937747,4.671109672577,-0.3933517937747,-0.432514309912,0.01546208113642,0.4313568926581,-0.03136691992885
1798.870915129,4.670765619403,-0.3980494122537,4.670765619403,-0.3980494122537,-0.4325006430709,0.01565179236153,0.4313159453178,-0.03173927320449
1819.70085861,4.670413522496,-0.4027996946208,4.670413522496,-0.4027996946208,-0.4324866582889,0.01584355448132,0.4312740481667,-0.0321157387484
1840.772001469,4.670053193574,-0.4076032670049,4.670053193574,-0.4076032670049,-0.4324723482137,0.01603739208198,0.4312311793023,-0.03249636314563
1862.087136663,4.669684439914,-0.4124607624685,4.669684439914,-0.4124607624685,-0.4324577053233,0.01623332999568,0.4311873163213,-0.03288119341683
1883.64908949,4.669307064249,-0.4173728210874,4.669307064249,-0.4173728210874,-0.4324427219224,0.01643139330292,0.4311424363086,-0.03327027702047
1905.460717963,4.668920864657,-0.4223400900295,4.668920864657,-0.4223400900295,-0.4324273901382,0.01663160733474,0.4310965158261,-0.03366366185498
1927.524913191,4.668525634453,-0.4273632236366,4.668525634453,-0.4273632236366,-0.4324117019168,0.01683399767504,0.4310495309007,-0.03406139626078
1949.844599758,4.668121162072,-0.4324428835041,4.668121162072,-0.4324428835041,-0.4323956490187,0.01703859016283,0.4310014570124,-0.03446352902228
1972.422736115,4.667707230957,-0.4375797385643,4.667707230957,-0.4375797385643,-0.4323792230148,0.01724541089449,0.4309522690825,-0.03487010936972
1995.262314969,4.667283619435,-0.442774465168,4.667283619435,-0.442774465168,-0.4323624152819,0.01745448622603,0.4309019414605,-0.03528118698096
2018.366363682,4.666850100598,-0.4480277471692,4.666850100598,-0.4480277471692,-0.4323452169986,0.01766584277535,0.4308504479121,-0.03569681198315
2041.73794467,4.666406442178,-0.4533402760073,4.666406442178,-0.4533402760073,-0.4323276191406,0.01787950742446,0.4307977616058,-0.03611703495427
2065.380155811,4.665952406417,-0.4587127507951,4.665952406417,-0.4587127507951,-0.4323096124762,0.01809550732173,0.4307438550996,-0.03654190692458
2089.296130854,4.665487749935,-0.4641458784006,4.665487749935,-0.4641458784006,-0.4322911875616,0.01831386988412,0.430688700328,-0.03697147937797
2113.489039837,4.665012223601,-0.4696403735371,4.665012223601,-0.4696403735371,-0.432272334736,0.01853462279934,0.4306322685875,-0.03740580425311
2137.962089502,4.664525572385,-0.4751969588483,4.664525572385,-0.4751969588483,-0.432253044117,0.01875779402813,0.4305745305231,-0.03784493394455
2162.718523727,4.664027535229,-0.4808163649962,4.664027535229,-0.4808163649962,-0.4322333055952,0.01898341180636,0.4305154561137,-0.03828892130367
2187.76162395,4.663517844892,-0.4864993307512,4.663517844892,-0.4864993307512,-0.4322131088294,0.01921150464724,0.4304550146572,-0.03873781963938
2213.094709606,4.662996227807,-0.49224660308,4.662996227807,-0.49224660308,-0.4321924432412,0.01944210134344,0.4303931747559,-0.03919168271885
2238.721138568,4.662462403928,-0.4980589372367,4.662462403928,-0.4980589372367,-0.4321712980099,0.01967523096926,0.430329904301,-0.03965056476788
2264.644307593,4.661916086572,-0.5039370968527,4.661916086572,-0.5039370968527,-0.4321496620668,0.0199109228827,0.4302651704571,-0.04011452047131
2290.867652768,4.661356982265,-0.5098818540298,4.661356982265,-0.5098818540298,-0.4321275240895,0.02014920672756,0.4301989396461,-0.04058360497307
2317.394649969,4.66078479057,-0.5158939894313,4.66078479057,-0.5158939894313,-0.4321048724968,0.0203901124355,0.4301311775311,-0.04105787387615
2344.22881532,4.660199203928,-0.5219742923757,4.660199203928,-0.5219742923757,-0.4320816954423,0.02063367022806,0.4300618489998,-0.04153738324238
2371.373705662,4.659599907482,-0.5281235609303,4.659599907482,-0.5281235609303,-0.4320579808087,0.0208799106187,0.4299909181475,-0.04202218959198
2398.83291902,4.658986578899,-0.5343426020056,4.658986578899,-0.5343426020056,-0.4320337162016,0.02112886441474,0.4299183482601,-0.04251234990291
2426.610095083,4.658358888194,-0.5406322314502,4.658358888194,-0.5406322314502,-0.4320088889438,0.02138056271934,0.4298441017961,-0.04300792161001
2454.708915685,4.657716497542,-0.5469932741484,4.657716497542,-0.5469932741484,-0.431983486068,0.02163503693336,0.429768140369,-0.04350896260394
2483.133105296,4.657059061089,-0.5534265641146,4.657059061089,-0.5534265641146,-0.4319574943116,0.02189231875731,0.4296904247287,-0.0440155312298
2511.88643151,4.656386224761,-0.5599329445914,4.656386224761,-0.5599329445914,-0.4319309001088,0.0221524401931,0.4296109147432,-0.04452768628565
2540.972705549,4.655697626058,-0.5665132681486,4.655697626058,-0.5665132681486,-0.4319036895848,0.02241543354589,0.4295295693792,-0.04504548702061
2570.395782769,4.654992893856,-0.5731683967798,4.654992893856,-0.5731683967798,-0.4318758485487,0.02268133142583,0.4294463466829,-0.04556899313283
2600.159563165,4.654271648195,-0.5798992020041,4.654271648195,-0.5798992020041,-0.4318473624862,0.02295016674975,0.4293612037599,-0.04609826476712
2630.267991896,4.653533500065,-0.5867065649632,4.653533500065,-0.5867065649632,-0.4318182165525,0.02322197274283,0.4292740967555,-0.04663336251229
2660.725059799,4.652778051186,-0.5935913765245,4.652778051186,-0.5935913765245,-0.4317883955653,0.02349678294018,0.4291849808338,-0.04717434739821
2691.534803927,4.652004893783,-0.6005545373802,4.652004893783,-0.6005545373802,-0.4317578839968,0.02377463118845,0.4290938101567,-0.04772128089255
2722.701308078,4.651213610353,-0.6075969581507,4.651213610353,-0.6075969581507,-0.4317266659667,0.02405555164721,0.4290005378627,-0.04827422489722
2754.228703338,4.650403773431,-0.6147195594848,4.650403773431,-0.6147195594848,-0.4316947252337,0.02433957879051,0.428905116045,-0.04883324174442
2786.12116863,4.649574945344,-0.6219232721644,4.649574945344,-0.6219232721644,-0.4316620451881,0.02462674740814,0.4288074957295,-0.04939839419238
2818.382931265,4.648726677965,-0.6292090372075,4.648726677965,-0.6292090372075,-0.4316286088433,0.024917092607,0.4287076268519,-0.04996974542077
2851.018267504,4.647858512452,-0.6365778059701,4.647858512452,-0.6365778059701,-0.4315943988278,0.0252106498123,0.4286054582348,-0.05054735902562
2884.031503127,4.646969978993,-0.6440305402531,4.646969978993,-0.6440305402531,-0.4315593973764,0.02550745476868,0.4285009375645,-0.05113129901399
2917.427014001,4.646060596531,-0.6515682124052,4.646060596531,-0.6515682124052,-0.4315235863219,0.02580754354137,0.4283940113665,-0.05172162979812
2951.209226667,4.645129872494,-0.6591918054285,4.645129872494,-0.6591918054285,-0.4314869470862,0.02611095251711,0.4282846249818,-0.05231841618919
2985.382618918,4.644177302508,-0.6669023130842,4.644177302508,-0.6669023130842,-0.4314494606709,0.02641771840507,0.4281727225419,-0.05292172339069
3019.951720402,4.643202370107,-0.6747007399989,4.643202370107,-0.6747007399989,-0.4314111076488,0.02672787823772,0.4280582469433,-0.05353161699126
3054.921113216,4.64220454644,-0.6825881017692,4.64220454644,-0.6825881017692,-0.4313718681541,0.02704146937147,0.4279411398222,-0.05414816295709
3090.295432514,4.641183289962,-0.6905654250694,4.641183289962,-0.6905654250694,-0.4313317218728,0.02735852948738,0.4278213415283,-0.05477142762384
3126.079367124,4.640138046123,-0.6986337477578,4.640138046123,-0.6986337477578,-0.4312906480332,0.02767909659162,0.4276987910981,-0.05540147768805
3162.277660169,4.639068247047,-0.7067941189839,4.639068247047,-0.7067941189839,-0.4312486253958,0.0280032090159,0.4275734262279,-0.056038380198
3198.895109692,4.637973311201,-0.7150475992939,4.637973311201,-0.7150475992939,-0.4312056322431,0.0283309054178,0.4274451832462,-0.05668220254401
3235.936569296,4.636852643061,-0.7233952607403,4.636852643061,-0.7233952607403,-0.4311616463696,0.0286622247809,0.4273139970857,-0.05733301244824
3273.406948789,4.63570563276,-0.7318381869869,4.63570563276,-0.7318381869869,-0.4311166450706,0.0289972064149,0.4271798012551,-0.05799087795383
3311.311214826,4.63453165574,-0.7403774734155,4.63453165574,-0.7403774734155,-0.4310706051323,0.02933588995548,0.4270425278098,-0.0586558674135
3349.654391578,4.633330072379,-0.7490142272353,4.633330072379,-0.7490142272353,-0.43102350282,0.02967831536417,0.4269021073226,-0.05932804947741
3388.441561392,4.632100227623,-0.7577495675883,4.632100227623,-0.7577495675883,-0.4309753138674,0.03002452292794,0.4267584688539,-0.06000749308051
3427.677865465,4.630841450601,-0.7665846256549,4.630841450601,-0.7665846256549,-0.4309260134652,0.03037455325877,0.426611539921,-0.06069426742909
3467.368504525,4.629553054226,-0.7755205447618,4.629553054226,-0.7755205447618,-0.4308755762493,0.03072844729295,0.4264612464675,-0.06138844198671
3507.518739526,4.628234334798,-0.7845584804878,4.628234334798,-0.7845584804878,-0.4308239762889,0.03108624629032,0.4263075128317,-0.06209008645935
3548.133892336,4.626884571582,-0.7936996007689,4.626884571582,-0.7936996007689,-0.4307711870747,0.0314479918333,0.4261502617149,-0.06279927077986
3589.21934645,4.625503026389,-0.8029450860033,4.625503026389,-0.8029450860033,-0.4307171815065,0.03181372582571,0.4259894141488,-0.06351606509158
3630.780547701,4.624088943132,-0.8122961291559,4.624088943132,-0.8122961291559,-0.4306619318804,0.03218349049151,0.425824889463,-0.06424053973121
3672.823004981,4.622641547381,-0.8217539358625,4.622641547381,-0.8217539358625,-0.4306054098764,0.03255732837325,0.4256566052511,-0.06497276521081
3715.352290972,4.621160045901,-0.8313197245316,4.621160045901,-0.8313197245316,-0.4305475865453,0.0329352823304,0.4254844773374,-0.06571281219897
3758.374042885,4.619643626181,-0.8409947264473,4.619643626181,-0.8409947264473,-0.4304884322953,0.03331739553743,0.4253084197423,-0.06646075150105
3801.893963206,4.618091455946,-0.8507801858694,4.618091455946,-0.8507801858694,-0.4304279168787,0.03370371148172,0.4251283446474,-0.06721665403858
3845.917820454,4.61650268266,-0.8606773601343,4.61650268266,-0.8606773601343,-0.4303660093778,0.03409427396118,0.4249441623602,-0.0679805908276
3890.451449943,4.614876433013,-0.8706875197527,4.614876433013,-0.8706875197527,-0.4303026781916,0.03448912708178,0.4247557812786,-0.06875263295615
3935.500754558,4.613211812399,-0.8808119485063,4.613211812399,-0.8808119485063,-0.4302378910207,0.03488831525468,0.424563107854,-0.06953285156063
3981.071705535,4.61150790437,-0.8910519435434,4.61150790437,-0.8910519435434,-0.4301716148536,0.03529188319325,0.4243660465554,-0.07032131780119
4027.170343255,4.609763770089,-0.9014088154732,4.609763770089,-0.9014088154732,-0.4301038159514,0.03569987590973,0.4241644998312,-0.07111810283601
4073.802778041,4.607978447756,-0.9118838884578,4.607978447756,-0.9118838884578,-0.4300344598329,0.0361123387117,0.4239583680723,-0.07192327779446
4120.975190974,4.606150952026,-0.9224785003012,4.606150952026,-0.9224785003012,-0.4299635112595,0.0365293171983,0.4237475495735,-0.07273691374918
4168.693834704,4.604280273409,-0.9331940025363,4.604280273409,-0.9331940025363,-0.4298909342196,0.03695085725603,0.4235319404949,-0.07355908168683
4216.965034286,4.60236537765,-0.9440317605133,4.60236537765,-0.9440317605133,-0.4298166919126,0.03737700505442,0.4233114348231,-0.07438985247779
4265.795188016,4.600405205102,-0.9549931534775,4.600405205102,-0.9549931534775,-0.4297407467331,0.03780780704128,0.4230859243314,-0.07522929684443
4315.190768278,4.598398670071,-0.966079574652,4.598398670071,-0.966079574652,-0.4296630602542,0.03824330993768,0.4228552985403,-0.0760774853282
4365.158322402,4.596344660148,-0.9772924313155,4.596344660148,-0.9772924313155,-0.4295835932115,0.03868356073263,0.4226194446766,-0.07693448825536
4415.704473533,4.594242035524,-0.9886331448709,4.594242035524,-0.9886331448709,-0.4295023054854,0.03912860667734,0.4223782476331,-0.07780037570124
4466.83592151,4.592089628285,-1.00010315092,4.592089628285,-1.00010315092,-0.4294191560844,0.03957849527918,0.4221315899276,-0.07867521745317
4518.559443749,4.589886241687,-1.011703899328,4.589886241687,-1.011703899328,-0.4293341031279,0.0400332742953,0.4218793516609,-0.0795590829719
4570.881896149,4.58763064941,-1.023436854284,4.58763064941,-1.023436854284,-0.4292471038278,0.04049299172585,0.4216214104752,-0.08045204135153
4623.810213993,4.585321594794,-1.035303494357,4.585321594794,-1.035303494357,-0.429158114471,0.04095769580676,0.4213576415124,-0.08135416127782
4677.351412872,4.582957790054,-1.047305312557,4.582957790054,-1.047305312557,-0.4290670904011,0.04142743500217,0.4210879173708,-0.08226551098498
4731.512589615,4.58053791547,-1.059443816371,4.58053791547,-1.059443816371,-0.4289739859996,0.04190225799645,0.4208121080629,-0.08318615821072
4786.300923227,4.578060618558,-1.071720527814,4.578060618558,-1.071720527814,-0.4288787546673,0.04238221368576,0.4205300809719,-0.0841161701497
4841.723675841,4.575524513215,-1.084136983461,4.575524513215,-1.084136983461,-0.4287813488049,0.04286735116916,0.4202417008091,-0.08505561340514
4897.788193685,4.572928178844,-1.096694734483,4.572928178844,-1.096694734483,-0.4286817197941,0.04335771973929,0.4199468295695,-0.08600455393866
4954.501908048,4.570270159449,-1.109395346662,4.570270159449,-1.109395346662,-0.4285798179773,0.04385336887251,0.4196453264885,-0.08696305701829
5011.872336273,4.567548962712,-1.122240400416,4.567548962712,-1.122240400416,-0.4284755926382,0.04435434821864,0.4193370479983,-0.08793118716459
5069.907082747,4.564763059037,-1.135231490807,4.564763059037,-1.135231490807,-0.4283689919812,0.04486070759009,0.4190218476831,-0.08890900809474
5128.613839914,4.56191088057,-1.148370227538,4.56191088057,-1.148370227538,-0.4282599631113,0.04537249695052,0.4186995762357,-0.08989658266471
5188.00038929,4.558990820195,-1.161658234949,4.558990820195,-1.161658234949,-0.4281484520127,0.04588976640295,0.418370081413,-0.0908939728093
5248.074602498,4.556001230495,-1.175097152006,4.556001230495,-1.175097152006,-0.4280344035285,0.04641256617728,0.4180332079916,-0.09190123948012
5308.84444231,4.552940422689,-1.188688632265,4.552940422689,-1.188688632265,-0.4279177613389,0.04694094661731,0.4176887977239,-0.09291844258138
5370.317963703,4.549806665533,-1.202434343847,4.549806665533,-1.202434343847,-0.4277984679399,0.04747495816702,0.4173366892939,-0.09394564090337
5432.503314925,4.546598184201,-1.216335969383,4.546598184201,-1.216335969383,-0.4276764646212,0.04801465135637,0.4169767182727,-0.09498289205378
5495.408738577,4.543313159121,-1.230395205964,4.543313159121,-1.230395205964,-0.4275516914445,0.04856007678636,0.4166087170752,-0.09603025238661
5559.042572704,4.539949724786,-1.244613765065,4.539949724786,-1.244613765065,-0.4274240872209,0.04911128511355,0.4162325149162,-0.09708777692862
5623.413251904,4.536505968527,-1.258993372464,4.536505968527,-1.258993372464,-0.4272935894883,0.04966832703374,0.4158479377666,-0.09815551930346
5688.529308439,4.532979929258,-1.273535768148,4.532979929258,-1.273535768148,-0.4271601344888,0.05023125326512,0.4154548083109,-0.09923353165309
5754.399373372,4.529369596173,-1.288242706199,4.529369596173,-1.288242706199,-0.4270236571457,0.05080011453058,0.4150529459036,-0.1003218645568
5821.032177709,4.525672907419,-1.303115954665,4.525672907419,-1.303115954665,-0.4268840910399,0.05137496153934,0.4146421665276,-0.1014205669474
5888.436553556,4.521887748721,-1.318157295425,4.521887748721,-1.318157295425,-0.4267413683868,0.05195584496775,0.4142222827522,-0.1025296860248
5956.62143529,4.518011951974,-1.33336852402,4.518011951974,-1.33336852402,-0.4265954200124,0.05254281543945,0.4137931036915,-0.103649267167
6025.595860744,4.514043293788,-1.348751449483,4.514043293788,-1.348751449483,-0.4264461753294,0.05313592350453,0.4133544349639,-0.1047793538377
6095.368972402,4.509979493997,-1.364307894132,4.509979493997,-1.364307894132,-0.4262935623135,0.05373521961798,0.4129060786527,-0.1059199874918
6165.950018615,4.505818214125,-1.38003969336,4.505818214125,-1.38003969336,-0.4261375074785,0.05434075411724,0.4124478332663,-0.1070712074771
6237.348354825,4.501557055801,-1.39594869539,4.501557055801,-1.39594869539,-0.4259779358526,0.05495257719893,0.4119794937003,-0.1082330509337
6309.573444802,4.497193559136,-1.41203676101,4.497193559136,-1.41203676101,-0.4258147709533,0.05557073889456,0.4115008512005,-0.1094055526899
6382.634861906,4.492725201048,-1.428305763293,4.492725201048,-1.428305763293,-0.425647934763,0.05619528904541,0.4110116933265,-0.110588745155
6456.542290347,4.488149393543,-1.444757587273,4.488149393543,-1.444757587273,-0.4254773477041,0.0568262772764,0.4105118039165,-0.1117826582092
6531.305526475,4.48346348194,-1.46139412961,4.48346348194,-1.46139412961,-0.425302928614,0.05746375296902,0.4100009630542,-0.1129873190899
6606.934480076,4.47866474305,-1.478217298224,4.47866474305,-1.478217298224,-0.4251245947202,0.05810776523319,0.4094789470359,-0.1142027522744
6683.439175686,4.4737503833,-1.495229011884,4.4737503833,-1.495229011884,-0.424942261615,0.05875836287813,0.4089455283401,-0.1154289793602
6760.82975392,4.468717536801,-1.512431199784,4.468717536801,-1.512431199784,-0.4247558432308,0.05941559438219,0.408400475598,-0.1166660189411
6839.116472815,4.463563263365,-1.529825801072,4.463563263365,-1.529825801072,-0.4245652518142,0.06007950786149,0.4078435535662,-0.1179138864797
6918.30970919,4.458284546459,-1.547414764346,4.458284546459,-1.547414764346,-0.4243703979013,0.06075015103756,0.4072745231009,-0.1191725941767
6998.419960023,4.452878291101,-1.565200047116,4.452878291101,-1.565200047116,-0.4241711902926,0.06142757120372,0.4066931411346,-0.1204421508367
7079.457843842,4.447341321694,-1.583183615218,4.447341321694,-1.583183615218,-0.4239675360272,0.06211181519041,0.4060991606542,-0.12172256173
7161.434102129,4.441670379805,-1.601367442193,4.441670379805,-1.601367442193,-0.4237593403586,0.06280292932922,0.4054923306822,-0.1230138284508
7244.35960075,4.435862121864,-1.619753508613,4.435862121864,-1.619753508613,-0.4235465067286,0.06350095941568,0.4048723962598,-0.1243159487717
7328.245331389,4.429913116812,-1.638343801365,4.429913116812,-1.638343801365,-0.4233289367434,0.06420595067086,0.4042390984325,-0.1256289164944
7413.10241301,4.42381984367,-1.657140312883,4.42381984367,-1.657140312883,-0.4231065301481,0.06491794770164,0.4035921742391,-0.1269527212968
7498.942093325,4.417578689044,-1.676145040328,4.417578689044,-1.676145040328,-0.4228791848023,0.06563699445967,0.4029313567027,-0.1282873485753
7585.775750292,4.411185944554,-1.695359984706,4.411185944554,-1.695359984706,-0.4226467966559,0.06636313419892,0.402256374826,-0.1296327792845
7673.614893619,4.404637804187,-1.714787149935,4.404637804187,-1.714787149935,-0.4224092597246,0.06709640943196,0.4015669535882,-0.1309889897721
7762.471166287,4.397930361583,-1.73442854184,4.397930361583,-1.73442854184,-0.4221664660662,0.06783686188471,0.4008628139473,-0.1323559516098
7852.356346101,4.391059607228,-1.75428616709,4.391059607228,-1.75428616709,-0.4219183057568,0.06858453244989,0.4001436728443,-0.1337336314206
7943.282347243,4.384021425581,-1.774362032061,4.384021425581,-1.774362032061,-0.4216646668678,0.06933946113885,0.3994092432129,-0.1351219907021
8035.261221857,4.376811592105,-1.794658141623,4.376811592105,-1.794658141623,-0.421405435443,0.07010168703201,0.3986592339915,-0.1365209856452
8128.305161641,4.369425770226,-1.815176497854,4.369425770226,-1.815176497854,-0.4211404954759,0.07087124822772,0.3978933501412,-0.1379305669493
8222.426499471,4.361859508192,-1.83591909866,4.361859508192,-1.83591909866,-0.4208697288882,0.0716481817896,0.3971112926673,-0.1393506796336
8317.637711027,4.354108235853,-1.856887936331,4.354108235853,-1.856887936331,-0.4205930155079,0.0724325236923,0.3963127586454,-0.1407812628435
8413.951416452,4.346167261343,-1.878084995976,4.346167261343,-1.878084995976,-0.420310233049,0.07322430876557,0.3954974412535,-0.1422222496541
8511.380382024,4.338031767673,-1.899512253882,4.338031767673,-1.899512253882,-0.4200212570907,0.0740235706368,0.3946650298083,-0.1436735668688
8609.937521846,4.329696809218,-1.921171675763,4.329696809218,-1.921171675763,-0.4197259610584,0.07483034167181,0.3938152098075,-0.1451351348145
8709.635899561,4.321157308122,-1.9430652149,4.321157308122,-1.9430652149,-0.4194242162046,0.07564465291401,0.3929476629777,-0.1466068671324
8810.488730081,4.312408050583,-1.965194810166,4.312408050583,-1.965194810166,-0.4191158915909,0.07646653402179,0.392062067328,-0.1480886705655
8912.509381338,4.30344368305,-1.987562383939,4.30344368305,-1.987562383939,-0.4188008540712,0.07729601320419,0.3911580972108,-0.1495804447415
9015.71137606,4.294258708305,-2.010169839872,4.294258708305,-2.010169839872,-0.418478968275,0.07813311715484,0.390235423388,-0.1510820819529
9120.10839356,4.284847481442,-2.033019060547,4.284847481442,-2.033019060547,-0.4181500965925,0.078977870984,0.3892937131048,-0.1525934669321
9225.714271548,4.275204205736,-2.056111904971,4.275204205736,-2.056111904971,-0.4178140991605,0.07983029814896,0.3883326301705,-0.1541144766243
9332.54300797,4.265322928394,-2.079450205935,4.265322928394,-2.079450205935,-0.417470833849,0.08069042038245,0.3873518350463,-0.1556449799558
9440.60876286,4.2551975362,-2.103035767209,4.2551975362,-2.103035767209,-0.4171201562498,0.0815582576193,0.3863509849416,-0.1571848375998
9549.925860215,4.244821751036,-2.126870360569,4.244821751036,-2.126870360569,-0.4167619196656,0.08243382792118,0.3853297339178,-0.1587339017376
9660.508789899,4.234189125287,-2.150955722654,4.234189125287,-2.150955722654,-0.416395975101,0.08331714739949,0.3842877330006,-0.1602920158183
9772.372209559,4.223293037125,-2.175293551638,4.223293037125,-2.175293551638,-0.4160221712546,0.08420823013636,0.3832246303011,-0.1618590143144
9885.53094657,4.212126685671,-2.199885503702,4.212126685671,-2.199885503702,-0.415640354513,0.08510708810372,0.3821400711455,-0.1634347224748
10000.0,4.200683086034,-2.224733189298,4.200683086034,-2.224733189298,-0.4152503689459,0.08601373108043,0.3810336982154,-0.1650189560755
10115.7945426,4.188955064216,-2.249838169209,4.188955064216,-2.249838169209,-0.4148520563035,0.0869281665676,0.3799051516959,-0.1666115211674
10232.92992281,4.1769352519,-2.275201950367,4.1769352519,-2.275201950367,-0.414445256015,0.08785039970184,0.3787540694355,-0.1682122138223
10351.42166679,4.164616081099,-2.300825981436,4.164616081099,-2.300825981436,-0.4140298051897,0.08878043316668,0.3775800871154,-0.1698208198764
10471.28548051,4.151989778684,-2.326711648136,4.151989778684,-2.326711648136,-0.4136055386197,0.08971826710201,0.37638283843,-0.1714371146731
10592.53725177,4.139048360773,-2.35286026831,4.139048360773,-2.35286026831,-0.4131722887847,0.09066389901159,0.3751619552779,-0.1730608628029
10715.19305238,4.125783626991,-2.379273086688,4.125783626991,-2.379273086688,-0.4127298858591,0.09161732366873,0.3739170679656,-0.1746918178434
10839.26914021,4.112187154598,-2.405951269382,4.112187154598,-2.405951269382,-0.4122781577213,0.09257853301997,0.3726478054213,-0.1763297220982
10964.78196143,4.098250292486,-2.432895898036,4.098250292486,-2.432895898036,-0.4118169299658,0.09354751608688,0.3713537954225,-0.1779743063345
11091.74815262,4.083964155037,-2.460107963667,4.083964155037,-2.460107963667,-0.4113460259171,0.09452425886602,0.3700346648349,-0.1796252895218
11220.18454302,4.069319615858,-2.48758836015,4.069319615858,-2.48758836015,-0.4108652666471,0.09550874422705,0.3686900398649,-0.1812823785703
11350.10815672,4.054307301381,-2.515337877339,4.054307301381,-2.515337877339,-0.4103744709943,0.09650095180898,0.367319546325,-0.1829452680695
11481.53621497,4.038917584332,-2.543357193788,4.038917584332,-2.543357193788,-0.4098734555873,0.09750085791464,0.3659228099131,-0.1846136400291
11614.4861384,4.023140577075,-2.571646869091,4.023140577075,-2.571646869091,-0.4093620348695,0.09850843540345,0.3644994565051,-0.1862871636203
11748.9755494,4.006966124835,-2.600207335763,4.006966124835,-2.600207335763,-0.4088400211285,0.09952365358233,0.3630491124625,-0.18796549492
11885.02227437,3.990383798792,-2.629038890691,3.990383798792,-2.629038890691,-0.4083072245282,0.1005464780952,0.3615714049539,-0.1896482766575
12022.64434617,3.973382889065,-2.658141686101,3.973382889065,-2.658141686101,-0.4077634531437,0.1015768708103,0.3600659622921,-0.1913351379636
12161.86000646,3.95595239758,-2.687515720019,3.95595239758,-2.687515720019,-0.4072085130011,0.1026147897071,0.3585324142856,-0.1930256941247
12302.68770812,3.938081030832,-2.717160826217,3.938081030832,-2.717160826217,-0.4066422081195,0.1036601887602,0.3569703926063,-0.1947195463404
12445.14611771,3.919757192546,-2.747076663596,3.919757192546,-2.747076663596,-0.4060643405577,0.1047130178229,0.3553795311726,-0.1964162814863
12589.25411794,3.900968976253,-2.777262704982,3.900968976253,-2.777262704982,-0.405474710465,0.105773222509,0.3537594665486,-0.1981154718823
12735.03081017,3.881704157766,-2.807718225319,3.881704157766,-2.807718225319,-0.404873116135,0.1068407440737,0.3521098383602,-0.1998166750677
12882.49551693,3.8619501876,-2.838442289205,3.8619501876,-2.838442289205,-0.4042593540651,0.1079155192927,0.3504302897265,-0.201519433583
13031.66778452,3.841694183321,-2.869433737757,3.841694183321,-2.869433737757,-0.4036332190189,0.1089974803408,0.3487204677088,-0.2032232747599
13182.56738556,3.82092292185,-2.900691174748,3.82092292185,-2.900691174748,-0.4029945040946,0.1100865546693,0.3469800237772,-0.2049277105194
13335.21432163,3.799622831727,-2.932212952015,3.799622831727,-2.932212952015,-0.4023430007964,0.1111826648824,0.3452086142923,-0.2066322371802
13489.62882592,3.777779985362,-2.963997154058,3.777779985362,-2.963997154058,-0.4016784991124,0.1122857286134,0.3434059010062,-0.2083363352767
13645.83136589,3.75538009129,-2.996041581811,3.75538009129,-2.996041581811,-0.4010007875961,0.1133956583995,0.3415715515799,-0.2100394693886
13803.84264603,3.732408486435,-3.028343735557,3.732408486435,-3.028343735557,-0.4003096534536,0.114512361557,0.3397052401175,-0.211741087983
13963.68361056,3.708850128434,-3.060900796908,3.708850128434,-3.060900796908,-0.3996048826364,0.1156357400556,0.3378066477196,-0.2134406232688
14125.37544623,3.684689588018,-3.093709609845,3.684689588018,-3.093709609845,-0.3988862599381,0.1167656903926,0.3358754630519,-0.215137491066
14288.93958511,3.659911041496,-3.126766660728,3.659911041496,-3.126766660728,-0.3981535690988,0.1179021034678,0.3339113829333,-0.2168310906895
14454.39770746,3.634498263374,-3.16006805726,3.634498263374,-3.16006805726,-0.3974065929129,0.1190448644573,0.33191411294,-0.21852080485
14621.77174457,3.608434619125,-3.193609506347,3.608434619125,-3.193609506347,-0.3966451133445,0.1201938526892,0.3298833680267,-0.220205999571
14791.08388168,3.581703058175,-3.227386290781,3.581703058175,-3.227386290781,-0.3958689116473,0.1213489415187,0.3278188731661,-0.2218860241248
14962.35656095,3.554286107124,-3.261393244712,3.554286107124,-3.261393244712,-0.3950777684916,0.1225099982046,0.3257203640035,-0.2235602109884
15135.61248436,3.526165863264,-3.29562472784,3.526165863264,-3.29562472784,-0.3942714640968,0.1236768837867,0.3235875875292,-0.2252278758188
15310.87461682,3.497323988439,-3.330074598274,3.497323988439,-3.330074598274,-0.3934497783703,0.1248494529646,0.3214203027661,-0.2268883174516
15488.16618913,3.467741703293,-3.364736183987,3.467741703293,-3.364736183987,-0.3926124910528,0.1260275539774,0.3192182814736,-0.2285408179214
15667.51070108,3.437399781997,-3.399602252808,3.437399781997,-3.399602252808,-0.3917593818705,0.127211028486,0.3169813088663,-0.2301846425071
15848.93192461,3.406278547485,-3.434664980888,3.406278547485,-3.434664980888,-0.3908902306928,0.1283997114568,0.314709184348,-0.2318190398023
16032.4539069,3.374357867295,-3.469915919564,3.374357867295,-3.469915919564,-0.3900048176981,0.1295934310478,0.312401722259,-0.2334432418128
16218.10097359,3.341617150104,-3.505345960557,3.341617150104,-3.505345960557,-0.389102923545,0.1307920084977,0.3100587526375,-0.2350564640815
16405.897732,3.308035343012,-3.540945299429,3.308035343012,-3.540945299429,-0.3881843295512,0.1319952580172,0.3076801219933,-0.2366579058428
16595.86907438,3.273590929714,-3.576703397223,3.273590929714,-3.576703397223,-0.3872488178791,0.1332029866838,0.305265694093,-0.2382467502078
16788.04018123,3.238261929619,-3.612608940227,3.238261929619,-3.612608940227,-0.3862961717278,0.1344149943404,0.302815350757,-0.2398221643803
16982.43652462,3.202025898076,-3.648649797752,3.202025898076,-3.648649797752,-0.3853261755331,0.1356310734972,0.3003289926657,-0.2413832999066
17179.08387158,3.164859927799,-3.684812977892,3.164859927799,-3.684812977892,-0.3843386151733,0.136851009238,0.2978065401743,-0.2429292929595
17378.00828749,3.126740651634,-3.721084581144,3.126740651634,-3.721084581144,-0.383333278183,0.1380745791313,0.2952479341358,-0.2444592646566
17579.23613959,3.087644246826,-3.757449751847,3.087644246826,-3.757449751847,-0.3823099539736,0.1393015531457,0.2926531367301,-0.2459723214171
17782.79410039,3.047546440931,-3.793892627334,3.047546440931,-3.793892627334,-0.3812684340603,0.140531693571,0.290022132298,-0.2474675553546
17988.70915129,3.006422519568,-3.830396284738,3.006422519568,-3.830396284738,-0.3802085122968,0.1417647549448,0.2873549281786,-0.2489440447104
18197.0085861,2.964247336171,-3.866942685362,2.964247336171,-3.866942685362,-0.3791299851166,0.1430004839853,0.2846515555491,-0.2504008543254
18407.72001469,2.920995323959,-3.903512616574,2.920995323959,-3.903512616574,-0.3780326517811,0.1442386195299,0.2819120702646,-0.2518370361547
18620.87136663,2.876640510358,-3.940085631094,2.876640510358,-3.940085631094,-0.3769163146344,0.1454788924817,0.2791365536963,-0.2532516298233
18836.4908949,2.831156534099,-3.976639983674,2.831156534099,-3.976639983674,-0.3757807793653,0.1467210257618,0.2763251135671,-0.2546436632253
19054.60717963,2.784516665243,-4.01315256507,2.784516665243,-4.01315256507,-0.3746258552747,0.1479647342708,0.273477884781,-0.256012153167
19275.24913191,2.736693828431,-4.049598833259,2.736693828431,-4.049598833259,-0.3734513555509,0.1492097248572,0.2705950302461,-0.2573561060555
19498.44599758,2.687660629648,-4.085952741867,2.687660629648,-4.085952741867,-0.3722570975499,0.1504556962947,0.2676767416877,-0.258674518632
19724.22736115,2.637389386842,-4.122186665744,2.637389386842,-4.122186665744,-0.3710429030821,0.1517023392686,0.2647232404501,-0.2599663787524
19952.62314969,2.585852164703,-4.158271323708,2.585852164703,-4.158271323708,-0.3698085987053,0.1529493363714,0.2617347782839,-0.2612306662136
20183.66363682,2.533020814048,-4.194175698385,2.533020814048,-4.194175698385,-0.3685540160223,0.1541963621078,0.2587116381177,-0.2624663536285
20417.3794467,2.478867016142,-4.229866953202,2.478867016142,-4.229866953202,-0.3672789919848,0.1554430829108,0.2556541348103,-0.2636724073478
20653.80155811,2.423362332435,-4.265310346537,2.423362332435,-4.265310346537,-0.3659833692019,0.1566891571677,0.2525626158814,-0.2648477884299
20892.96130854,2.366478260169,-4.300469143056,2.366478260169,-4.300469143056,-0.3646669962528,0.1579342352573,0.2494374622188,-0.2659914536592
21134.89039837,2.308186294322,-4.335304522343,2.308186294322,-4.335304522343,-0.363329728005,0.1591779595991,0.2462790887579,-0.2671023566123
21379.62089502,2.248457996474,-4.369775484885,2.248457996474,-4.369775484885,-0.3619714259352,0.1604199647136,0.2430879451321,-0.2681794487718
21627.18523727,2.18726507108,-4.403838755584,2.18726507108,-4.403838755584,-0.360591958455,0.1616598772957,0.2398645162903,-0.2692216806883
21877.6162395,2.12457944983,-4.437448684927,2.12457944983,-4.437448684927,-0.3591912012386,0.1628973163003,0.2366093230791,-0.2702280031889
22130.94709606,2.060373384658,-4.470557148087,2.060373384658,-4.470557148087,-0.357769037554,0.1641318930414,0.2333229227863,-0.2711973686328
22387.21138568,1.994619550113,-4.503113442158,1.994619550113,-4.503113442158,-0.3563253585963,0.1653632113046,0.2300059096432,-0.2721287322121
22646.44307593,1.927291155823,-4.53506418188,1.927291155823,-4.53506418188,-0.3548600638219,0.166590867473,0.2266589152817,-0.2730210532975
22908.67652768,1.85836206969,-4.566353194271,1.85836206969,-4.566353194271,-0.3533730612853,0.167814450668,0.2232826091447,-0.2738732968274
23173.94649969,1.787806952748,-4.596921412545,1.787806952748,-4.596921412545,-0.3518642679749,0.1690335429046,0.219877698845,-0.2746844347391
23442.2881532,1.715601406395,-4.626706769919,1.715601406395,-4.626706769919,-0.3503336101499,0.1702477192605,0.2164449304709,-0.2754534474412
23713.73705662,1.641722132842,-4.655644093935,1.641722132842,-4.655644093935,-0.3487810236758,0.1714565480619,0.2129850888348,-0.2761793253237
23988.3291902,1.566147109751,-4.683665001966,1.566147109751,-4.683665001966,-0.3472064543589,0.1726595910836,0.2094989976615,-0.2768610703056
24266.10095083,1.488855779871,-4.710697798807,1.488855779871,-4.710697798807,-0.3456098582788,0.1738564037648,0.2059875197145,-0.2774976974174
24547.08915685,1.409829256637,-4.736667377275,1.409829256637,-4.736667377275,-0.3439912021183,0.1750465354412,0.2024515568557,-0.2780882364145
24831.33105296,1.329050546677,-4.761495122919,1.329050546677,-4.761495122919,-0.3423504634889,0.176229529593,0.1988920500366,-0.2786317334221
25118.8643151,1.246504790158,-4.785098824078,1.246504790158,-4.785098824078,-0.3406876312536,0.1774049241082,0.1953099792184,-0.2791272526047
25409.72705549,1.16217951991,-4.807392588693,1.16217951991,-4.807392588693,-0.3390027058432,0.1785722515637,0.1917063632173,-0.2795738778611
25703.95782769,1.07606494027,-4.828286769451,1.07606494027,-4.828286769451,-0.3372956995677,0.1797310395211,0.1880822594737,-0.2799707145383
26001.59563165,0.9881542264904,-4.847687899029,0.9881542264904,-4.847687899029,-0.3355666369207,0.1808808108401,0.1844387637416,-0.2803168911632
26302.67991896,0.8984438456323,-4.865498637404,0.8984438456323,-4.865498637404,-0.3338155548761,0.1820210840071,0.180777009697,-0.2806115611867
26607.25059799,0.8069338996265,-4.88161773344,0.8069338996265,-4.88161773344,-0.3320425031773,0.1831513734809,0.1770981684624,-0.2808539047379
26915.34803927,0.7136284912225,-4.895940003179,0.7136284912225,-4.895940003179,-0.3302475446157,0.1842711900547,0.1734034480462,-0.2810431303823
27227.01308078,0.6185361133871,-4.908356327508,0.6185361133871,-4.908356327508,-0.3284307553005,0.1853800412327,0.1696940926945,-0.2811784768817
27542.28703338,0.5216700625166,-4.918753672153,0.5216700625166,-4.918753672153,-0.3265922249169,0.1864774316245,0.1659713821539,-0.2812592149498
27861.2116863,0.4230488756961,-4.927015133228,0.4230488756961,-4.927015133228,-0.3247320569721,0.1875628633533,0.1622366308448,-0.2812846489993
28183.82931265,0.3226967919036,-4.933020011831,0.3226967919036,-4.933020011831,-0.322850369029,0.1886358364805,0.1584911869435,-0.2812541188764
28510.18267504,0.2206442369736,-4.936643921466,0.2206442369736,-4.936643921466,-0.3209472929261,0.1896958494444,0.1547364313721,-0.2811670015763
28840.31503127,0.1169283315132,-4.937758932396,0.1169283315132,-4.937758932396,-0.3190229749823,0.1907423995144,0.1509737766963,-0.2810227129357
29174.27014001,0.0115934208431,-4.936233757266,0.0115934208431,-4.936233757266,-0.3170775761872,0.1917749832576,0.147204665931,-0.2808207092964
29512.09226667,-0.09530837462532,-4.931933982655,-0.09530837462532,-4.931933982655,-0.3151112723739,0.1927930970208,0.1434305712529,-0.2805604891355
29853.82618918,-0.2037165905375,-4.92472235143,-0.2037165905375,-4.92472235143,-0.3131242543752,0.1937962374241,0.1396529926215,-0.2802415946555
30199.51720402,-0.3135618339921,-4.914459101042,-0.3135618339921,-4.914459101042,-0.3111167281616,0.1947839018672,0.1358734563092,-0.2798636133299
30549.21113216,-0.4247651864332,-4.901002363058,-0.4247651864332,-4.901002363058,-0.3090889149606,0.1957555890473,0.1320935133413,-0.2794261793983
30902.95432514,-0.5372375981879,-4.88420862937,-0.5372375981879,-4.88420862937,-0.3070410513556,0.196710799488,0.1283147378467,-0.2789289753051
31260.79367124,-0.6508792795357,-4.863933290588,-0.6508792795357,-4.863933290588,-0.304973389365,0.1976490360783,0.1245387253234,-0.2783717330778
31622.77660169,-0.7655790942669,-4.840031252094,-0.7655790942669,-4.840031252094,-0.3028861964997,0.1985698046203,0.1207670908181,-0.2777542356368
31988.95109692,-0.881213962586,-4.812357633116,-0.881213962586,-4.812357633116,-0.3007797557986,0.1994726143857,0.117001467025,-0.2770763180338
32359.36569296,-0.9976482813737,-4.780768553904,-0.9976482813737,-4.780768553904,-0.2986543658415,0.2003569786799,0.1132435023054,-0.2763378686114
32734.06948789,-1.114733371048,-4.745122015714,-1.114733371048,-4.745122015714,-0.2965103407394,0.2012224154118,0.1094948586311,-0.2755388300809
33113.11214826,-1.232306959391,-4.705278877689,-1.232306959391,-4.705278877689,-0.2943480100995,0.2020684476691,0.1057572094572,-0.2746792005099
33496.54391578,-1.350192714103,-4.661103933972,-1.350192714103,-4.661103933972,-0.2921677189673,0.2028946042983,0.102032237526,-0.2737590342184
33884.41561392,-1.46819983706,-4.612467093361,-1.46819983706,-4.612467093361,-0.2899698277433,0.203700420487,0.09832163260839,-0.272778442576
34276.77865465,-1.586122734599,-4.559244662538,-1.586122734599,-4.559244662538,-0.2877547120741,0.2044854383488,0.09462708918595,-0.2717375946965
34673.68504526,-1.703740779326,-4.501320732402,-1.703740779326,-4.501320732402,-0.2855227627185,0.2052492075079,0.09095030408059,-0.2706367180258
35075.18739526,-1.820818180227,-4.438588665139,-1.820818180227,-4.438588665139,-0.2832743853874,0.2059912856845,0.08729297403539,-0.2694760988189
35481.33892336,-1.937103978678,-4.370952677592,-1.937103978678,-4.370952677592,-0.2810100005578,0.2067112392769,0.08365679325385,-0.2682560825022
35892.1934645,-2.052332188946,-4.298329513934,-2.052332188946,-4.298329513934,-0.27873004326,0.2074086439411,0.08004345090289,-0.2669770739175
36307.80547701,-2.166222102168,-4.220650197945,-2.166222102168,-4.220650197945,-0.2764349628393,0.2080830851659,0.0764546285862,-0.2656395374454
36728.23004981,-2.278478773087,-4.137861852025,-2.278478773087,-4.137861852025,-0.2741252226911,0.2087341588422,0.07289199779449,-0.2642439970044
37153.52290972,-2.388793708452,-4.049929566766,-2.388793708452,-4.049929566766,-0.2718012999687,0.2093614718242,0.06935721733932,-0.2627910359244
37583.74042885,-2.496845775417,-3.956838301239,-2.496845775417,-3.956838301239,-0.2694636852672,0.2099646424833,0.06585193077817,-0.2612812966917
38018.93963206,-2.602302346757,-3.858594790419,-2.602302346757,-3.858594790419,-0.267112882279,0.2105433012511,0.06237776383705,-0.2597154805655
38459.17820454,-2.704820697856,-3.755229432248,-2.704820697856,-3.755229432248,-0.264749407426,0.2110970911512,0.0589363218387,-0.2580943470634
38904.51449943,-2.804049667492,-3.646798123069,-2.804049667492,-3.646798123069,-0.2623737894647,0.2116256683185,0.05552918714382,-0.2564187133164
39355.00754558,-2.899631591122,-3.53338400634,-2.899631591122,-3.53338400634,-0.2599865690686,0.2121287025043,0.05215791661247,-0.2546894532931
39810.71705535,-2.991204510751,-3.415099096248,-2.991204510751,-3.415099096248,-0.2575882983845,0.2126058775656,0.04882403909383,-0.2529074968937
40271.70343255,-3.078404660376,-3.292085734847,-3.078404660376,-3.292085734847,-0.255179540567,0.2130568919388,0.04552905295137,-0.2510738289142
40738.02778041,-3.160869219892,-3.164517839071,-3.160869219892,-3.164517839071,-0.252760869289,0.213481459094,0.04227442363155,-0.2491894878834
41209.75190974,-3.238239323473,-3.032601892597,-3.238239323473,-3.032601892597,-0.2503328682312,0.2138793079709,0.03906158128336,-0.2472555647733
41686.93834704,-3.310163301119,-2.896577637099,-3.310163301119,-2.896577637099,-0.2478961305499,0.2142501833941,0.0358919184361,-0.2452732015866
42169.65034286,-3.376300123846,-2.756718418418,-3.376300123846,-2.756718418418,-0.2454512583249,0.2145938464669,0.03276678774286,-0.2432435898234
42657.95188016,-3.436323014989,-2.613331145369,-3.43632301499,-2.613331145369,-0.2429988619885,0.2149100749417,0.02968749979693,-0.241167968831
43151.90768278,-3.48992318161,-2.466755822854,-3.48992318161,-2.466755822854,-0.240539559736,0.2151986635675,0.02665532102773,-0.2390476240409
43651.58322402,-3.536813612071,-2.317364626381,-3.536813612071,-2.317364626381,-0.2380739769196,0.2154594244124,0.02367147168355,-0.2368838850965
44157.04473533,-3.57673287833,-2.165560492404,-3.57673287833,-2.165560492404,-0.2356027454273,0.2156921871595,0.02073712390692,-0.2346781238778
44668.3592151,-3.6094488752,-2.011775207533,-3.6094488752,-2.011775207533,-0.2331265030461,0.2158967993778,0.01785339990924,-0.2324317524268
45185.5944375,-3.634762423515,-1.85646699026,-3.634762423515,-1.85646699026,-0.2306458928132,0.2160731267641,0.01502137025028,-0.2301462207807
45708.81896149,-3.652510660979,-1.70011757024,-3.652510660979,-1.70011757024,-0.2281615623558,0.2162210533581,0.01224205222773,-0.2278230147177
46238.10213993,-3.66257014287,-1.543228783061,-3.66257014287,-1.543228783061,-0.2256741632193,0.216340481728,0.009516408382491,-0.2254636534233
46773.51412872,-3.664859575884,-1.386318711535,-3.664859575884,-1.386318711535,-0.2231843501884,0.2164313331271,0.006845345123369,-0.2230696870818
47315.12589615,-3.659342111746,-1.229917418102,-3.659342111746,-1.229917418102,-0.2206927805999,0.2164935476204,0.004229711476547,-0.2206426944028
47863.00923227,-3.646027133253,-1.074562325948,-3.646027133253,-1.074562325948,-0.2182001136498,0.2165270841821,0.001670297961907,-0.2181842800871
48417.23675841,-3.624971474011,-0.9207933186885,-3.624971474011,-0.9207933186885,-0.215707009697,0.2165319207606,-0.0008321643986553,-0.2156960722415
48977.88193685,-3.596280024139,-0.7691476391136,-3.596280024139,-0.7691476391136,-0.2132141295635,0.2165080543156,-0.003277004940057,-0.2131797197501
49545.01908048,-3.560105687294,-0.6201546763844,-3.560105687294,-0.6201546763844,-0.2107221338342,0.2164555008218,-0.005663614076418,-0.2106368896087
50118.72336273,-3.516648669334,-0.4743307372523,-3.516648669334,-0.4743307372523,-0.2082316821566,0.216374295244,-0.007991443886327,-0.2080692642322
50699.07082747,-3.46615509499,-0.3321739004695,-3.46615509499,-0.3321739004695,-0.2057434325432,0.2162644914804,-0.01026000855899,-0.2054785387407
51286.13839914,-3.408914965621,-0.1941590540586,-3.408914965621,-0.1941590540586,-0.2032580406775,0.2161261622754,-0.01246888470176,-0.2028664182353
51880.0038929,-3.345259487954,-0.06073321231748,-3.345259487954,-0.06073321231748,-0.2007761592246,0.2159593991031,-0.01461771150751,-0.2002346150696
52480.74602498,-3.275557819681,0.06768879637291,-3.275557819681,0.06768879637291,-0.1982984371495,0.2157643120195,-0.01670619078391,-0.1975848461249
53088.4444231,-3.200213292546,0.1907281885904,-3.200213292546,0.1907281885904,-0.195825519043,0.2155410294869,-0.01873408684451,-0.1949188300996
53703.17963703,-3.119659186418,0.3080455609183,-3.119659186418,0.3080455609183,-0.1933580444577,0.2152896981677,-0.02070122626325,-0.192238284817
54325.03314925,-3.034354138222,0.4193436435555,-3.034354138222,0.4193436435555,-0.1908966472546,0.2150104826914,-0.02260749749523,-0.189544924563
54954.08738577,-2.944777277311,0.5243694303363,-2.944777277311,0.5243694303363,-0.1884419549633,0.214703565393,-0.02445285036501,-0.186840457458
55590.42572704,-2.851423183478,0.6229156590207,-2.851423183478,0.6229156590207,-0.1859945881552,0.214369146025,-0.02623729542667,-0.1841265828731
56234.13251904,-2.754796765353,0.7148216322065,-2.754796765353,0.7148216322065,-0.1835551598323,0.2140074414432,-0.02796090319802,-0.1814049888955
56885.29308439,-2.655408155426,0.7999733853263,-2.655408155426,0.7999733853263,-0.1811242748324,0.2136186852674,-0.02962380327352,-0.1786773498513
57543.99373372,-2.553767713599,0.8783032234703,-2.553767713599,0.8783032234703,-0.1787025292521,0.2132031275185,-0.03122618332002,-0.175945323892
58210.32177709,-2.450381224277,0.9497886625802,-2.450381224277,0.9497886625802,-0.1762905098883,0.2127610342317,-0.03276828795958,-0.1732105506498
58884.36553556,-2.345745362998,1.014450822467,-2.345745362998,1.014450822467,-0.1738887936996,0.2122926870479,-0.03425041754509,-0.1704746489694
59566.2143529,-2.240343497962,1.072352328986,-2.240343497962,1.072352328986,-0.1714979472884,0.2117983827852,-0.03567292683325,-0.1677392147196
60255.95860744,-2.134641879996,1.123594790127,-2.134641879996,1.123594790127,-0.1691185264053,0.2112784329894,-0.03703622356136,-0.1650058186916
60953.68972402,-2.029086262114,1.168315915815,-2.029086262114,1.168315915815,-0.1667510754746,0.2107331634668,-0.03834076693278,-0.1622760045876
61659.50018615,-1.924098977216,1.206686353877,-1.924098977216,1.206686353877,-0.1643961271446,0.2101629138002,-0.03958706601839,-0.1595512871033
62373.48354825,-1.820076490302,1.238906315081,-1.820076490302,1.238906315081,-0.1620542018609,0.2095680368481,-0.04077567807899,-0.1568331501102
63095.73444802,-1.717387429959,1.265202058494,-1.717387429959,1.265202058494,-0.1597258074643,0.2089488982304,-0.04190720681646,-0.154123044938
63826.34861906,-1.616371093398,1.285822305082,-1.616371093398,1.285822305082,-0.1574114388143,0.2083058758001,-0.04298230055894,-0.1514223887632
64565.42290347,-1.517336410018,1.301034642625,-1.517336410018,1.301034642625,-0.1551115774366,0.2076393591038,-0.04400165038802,-0.1487325631027
65313.05526475,-1.420561340541,1.311121979147,-1.420561340541,1.311121979147,-0.1528266911986,0.2069497488315,-0.04496598821338,-0.146054912418
66069.34480076,-1.3262926824,1.316379095287,-1.3262926824,1.316379095287,-0.1505572340086,0.2062374562575,-0.04587608480273,-0.1433907428285
66834.39175687,-1.234746247059,1.317109338902,-1.234746247059,1.317109338902,-0.1483036455427,0.205502902673,-0.04673274777302,-0.1407413209366
67608.2975392,-1.146107371504,1.31362149772,-1.146107371504,1.31362149772,-0.1460663509977,0.2047465188136,-0.04753681955009,-0.1381078727649
68391.16472815,-1.060531723906,1.306226878676,-1.060531723906,1.306226878676,-0.1438457608701,0.2039687442807,-0.0482891753031,-0.1354915828049
69183.0970919,-0.9781463626574,1.295236615246,-0.9781463626574,1.295236615246,-0.1416422707612,0.2031700269596,-0.04899072086067,-0.132893593178
69984.19960023,-0.8990510078558,1.280959217843,-0.8990510078558,1.280959217843,-0.1394562612094,0.2023508224358,-0.04964239061455,-0.1303150029076
70794.57843842,-0.8233194856729,1.26369837578,-0.8233194856729,1.26369837578,-0.1372880975468,0.2015115934092,-0.05024514541782,-0.1277568673012
71614.34102129,-0.7510013075316,1.243751014216,-0.7510013075316,1.243751014216,-0.1351381297832,0.2006528091102,-0.0507999704831,-0.1252201974415
72443.5960075,-0.6821233484848,1.22140560462,-0.6821233484848,1.22140560462,-0.1330066925144,0.1997749447151,-0.05130787328689,-0.1227059597838
73282.4533139,-0.6166915919291,1.196940723173,-0.6166915919291,1.196940723173,-0.1308941048555,0.1988784807667,-0.05176988148623,-0.1202150758594
74131.0241301,-0.5546929108937,1.170623848183,-0.5546929108937,1.170623848183,-0.1288006703995,0.1979639025961,-0.05218704085196,-0.1177484220805
74989.42093325,-0.4960968592185,1.142710384963,-0.4960968592185,1.142710384963,-0.1267266771989,0.1970316997519,-0.05256041322524,-0.1153068296452
75857.75750292,-0.4408574493752,1.113442904422,-0.4408574493752,1.113442904422,-0.1246723977716,0.1960823654335,-0.05289107450096,-0.1128910845399
76736.14893619,-0.3889148967832,1.083050580187,-0.3889148967832,1.083050580187,-0.1226380891288,0.1951163959327,-0.05318011264391,-0.1105019276345
77624.71166287,-0.340197313653,1.051748808072,-0.340197313653,1.051748808072,-0.1206239928263,0.1941342900827,-0.05342862574093,-0.1081400548684
78523.56346101,-0.2946223384137,1.019738991107,-0.2946223384137,1.019738991107,-0.1186303350359,0.1931365487158,-0.05363772009419,-0.1058061175233
79432.82347243,-0.2520986894755,0.9872084732119,-0.2520986894755,0.9872084732119,-0.1166573266381,0.1921236741321,-0.05380850835882,-0.1035007225787
80352.61221857,-0.2125276346961,0.9543306047539,-0.2125276346961,0.9543306047539,-0.1147051633357,0.1910961695773,-0.05394210772835,-0.1012244331464
81283.05161642,-0.1758043702294,0.921264923603,-0.1758043702294,0.921264923603,-0.1127740257846,0.1900545387328,-0.05403963817163,-0.09897776897981
82224.26499471,-0.1418193044794,0.8881574359712,-0.1418193044794,0.8881574359712,-0.1108640797454,0.1889992852177,-0.05410222072345,-0.09676120705483
83176.37711027,-0.1104592447789,0.8551409820655,-0.1104592447789,0.8551409820655,-0.1089754762501,0.1879309121035,-0.05413097583231,-0.09457518221647
84139.51416453,-0.08160848591583,0.8223356725255,-0.08160848591583,0.8223356725255,-0.1071083517872,0.186849921442,-0.0541270217666,-0.09242008788845
85113.80382024,-0.05514980106232,0.789849382578,-0.05514980106232,0.789849382578,-0.1052628285021,0.1857568138071,-0.05409147308217,-0.09029627684055
86099.37521847,-0.03096533679979,0.7577782918844,-0.03096533679979,0.7577782918844,-0.1034390144118,0.1846520878516,-0.05402543915225,-0.08820406200987
87096.35899561,-0.00893741486971,0.7262074591169,-0.00893741486971,0.7262074591169,-0.1016370036345,0.1835362398774,-0.05393002276146,-0.08614371737149
88104.88730081,0.01105075597438,0.6952114213604,0.01105075597438,0.6952114213604,-0.0998568766317,0.1824097634219,-0.05380631876507,-0.08411547885422
89125.09381338,0.02911445394116,0.6648548094641,0.02911445394116,0.6648548094641,-0.09809870046266,0.18127314886,-0.05365541281415,-0.08211954529733
90157.1137606,0.04536689958644,0.6351929714925,0.04536689958644,0.6351929714925,-0.09636252905026,0.1801268830208,-0.05347838014741,-0.08015607944385
91201.0839356,0.05991878777005,0.6062725973774,0.05991878777005,0.6062725973774,-0.09464840345702,0.1789714488211,-0.05327628445007,-0.07822520896656
92257.14271548,0.0728778911675,0.5781323387954,0.0728778911675,0.5781323387954,-0.09295635217107,0.177807324915,-0.05305017677953,-0.07632702752245
93325.43007971,0.08434873022441,0.550803419145,0.08434873022441,0.550803419145,-0.09128639140012,0.1766349853591,-0.05280109455838,-0.07446159583167
94406.0876286,0.0944323043262,0.5243102293057,0.0944323043262,0.5243102293057,-0.08963852537394,0.1754548992946,-0.05253006063363,-0.07262894277736
95499.25860215,0.1032258791111,0.4986709055798,0.1032258791111,0.4986709055798,-0.08801274665305,0.1742675306455,-0.05223808240237,-0.07082906652231
96605.08789899,0.1108228248119,0.473897886909,0.1108228248119,0.473897886909,-0.0864090364442,0.1730733378331,-0.05192615100243,-0.06906193563917
97723.72209559,0.1173125007798,0.4499984490481,0.1173125007798,0.4499984490481,-0.08482736492055,0.1718727735068,-0.05159524056779,-0.06732749025051
98855.3094657,0.1227801814406,0.4269752139394,0.1227801814406,0.4269752139394,-0.08326769154656,0.1706662842913,-0.05124630754725,-0.06562564317545
100000.0,0.1273070191807,0.4048266330163,0.1273070191807,0.4048266330163,-0.08172996540688,0.1694543105493,-0.05088029008513,-0.06395628107987
101157.945426,0.1309700398774,0.3835474436017,0.1309700398774,0.3835474436017,-0.0802141255377,0.1682372861604,-0.05049810746303,-0.06231926562688
102329.2992281,0.1338421670781,0.363129097931,0.1338421670781,0.363129097931,-0.07872010126077,0.1670156383162,-0.0501006596007,-0.06071443462489
103514.2166679,0.135992271007,0.3435601646962,0.135992271007,0.3435601646962,-0.07724781251879,0.1657897873296,-0.04968882661481,-0.05914160317048
104712.8548051,0.1374852389516,0.3248267032434,0.1374852389516,0.3248267032434,-0.07579717021155,0.164560146461,-0.0492634684337,-0.05760056478349
105925.3725177,0.138382063747,0.3069126108458,0.138382063747,0.3069126108458,-0.07436807653292,0.1633271217574,-0.04882542446635,-0.05609109253213
107151.9305238,0.1387399474247,0.2897999436309,0.1387399474247,0.2897999436309,-0.07296042530648,0.1620911119082,-0.04837551332397,-0.0546129401454
108392.6914021,0.1386124172592,0.2734692119576,0.1386124172592,0.2734692119576,-0.0715741023212,0.1608525081142,-0.04791453259194,-0.05316584311145
109647.8196143,0.1380494517911,0.2578996511239,0.1380494517911,0.2578996511239,-0.07020898566514,0.15961169397,-0.04744325865031,-0.05174951975927
110917.4815262,0.1370976145855,0.2430694684165,0.1370976145855,0.2430694684165,-0.06886494605672,0.158369045362,-0.04696244654111,-0.05036367232223
112201.8454302,0.1358001937095,0.2289560676071,0.1358001937095,0.2289560676071,-0.06754184717447,0.1571249303771,-0.04647282987982,-0.04900798798215
113501.0815672,0.1341973451776,0.2155362520221,0.1341973451776,0.2155362520221,-0.06623954598271,0.1558797092268,-0.04597512080961,-0.0476821398918
114815.3621497,0.1323262387798,0.2027864073705,0.1323262387798,0.2027864073705,-0.0649578930546,0.1546337341815,-0.0454700099958,-0.04638578817512
116144.861384,0.1302212049043,0.1906826655392,0.1302212049043,0.1906826655392,-0.0636967328909,0.1533873495185,-0.04495816665872,-0.04511858090359
117489.755494,0.1279138811533,0.1792010505569,0.1279138811533,0.1792010505569,-0.06245590423434,0.1521408914809,-0.04444023864289,-0.0438801550478
118850.2227437,0.1254333577235,0.168317607912,0.1254333577235,0.168317607912,-0.06123524038025,0.1508946882477,-0.04391685252022,-0.04267013740365
120226.4434617,0.1228063206368,0.158008518429,0.1228063206368,0.158008518429,-0.06003456948106,0.1496490599148,-0.0433886137256,-0.04148814549169
121618.6000646,0.1200571921048,0.1482501978152,0.1200571921048,0.1482501978152,-0.05885371484651,0.1484043184868,-0.0428561067225,-0.0403337884297
123026.8770812,0.1172082673689,0.1390193830317,0.1172082673689,0.1390193830317,-0.05769249523815,0.1471607678777,-0.04231989519672,-0.03920666777753
124451.4611771,0.1142798475342,0.1302932065259,0.1142798475342,0.1302932065259,-0.05655072515773,0.1459187039222,-0.04178052227647,-0.03810637835382
125892.5411794,0.1112903679671,0.1220492593819,0.1112903679671,0.1220492593819,-0.05542821513009,0.1446784143953,-0.04123851077663,-0.03703250902443
127350.3081017,0.108256521957,0.1142656443448,0.108256521957,0.1142656443448,-0.0543247719797,0.1434401790409,-0.04069436346555,-0.03598464346223
128824.9551693,0.1051933793941,0.106921019664,0.1051933793941,0.106921019664,-0.0532401991008,0.1422042696087,-0.04014856335239,-0.03496236087819
130316.6778452,0.102114500311,0.09999463461252,0.102114500311,0.09999463461252,-0.0521742967211,0.1409709498981,-0.0396015739934,-0.03396523672363
131825.6738556,0.09903204317569,0.09346635752826,0.09903204317569,0.09346635752826,-0.05112686215899,0.139740475811,-0.03905383981525,-0.03299284336386
133352.1432163,0.09595686790293,0.08731669712087,0.09595686790293,0.08731669712087,-0.05009769007366,0.1385130954095,-0.03850578645398,-0.03204475072307
134896.2882592,0.09289863357469,0.08152681778319,0.09289863357469,0.08152681778319,-0.04908657270896,0.1372890489824,-0.03795782110761,-0.03112052690105
136458.3136589,0.08986589092113,0.07607854955628,0.08986589092113,0.07607854955628,-0.04809330012956,0.1360685691157,-0.03741033290147,-0.0302197387614
138038.4264603,0.08686616963114,0.07095439337725,0.08686616963114,0.07095439337725,-0.04711766045116,0.1348518807706,-0.03686369326397,-0.02934195249235
139636.8361056,0.08390606060137,0.06613752217232,0.08390606060137,0.06613752217232,-0.0461594400628,0.1336392013657,-0.03631825631218,-0.02848673413974
141253.7544623,0.08099129325355,0.06161177831351,0.08099129325355,0.06161177831351,-0.04521842384264,0.1324307408649,-0.03577435924532,-0.0276536501132
142889.3958511,0.07812680806403,0.05736166792574,0.07812680806403,0.05736166792574,-0.04429439536654,0.1312267018694,-0.03523232274521,-0.02684226766571
144543.9770746,0.07531682447166,0.05337235247337,0.07531682447166,0.05337235247337,-0.04338713711006,0.1300272797146,-0.03469245138211,-0.02605215534717
146217.7174457,0.07256490433693,0.04962963802623,0.07256490433693,0.04962963802623,-0.04249643064261,0.1288326625704,-0.03415503402521,-0.02528288343234
147910.8388168,0.06987401113457,0.04611996256598,0.06987401113457,0.04611996256598,-0.04162205681567,0.1276430315453,-0.03362034425627,-0.0245340243241
149623.5656095,0.06724656506875,0.04283038165648,0.06724656506875,0.04283038165648,-0.04076379594324,0.1264585607939,-0.03308864078568,-0.02380515293218
151356.1248436,0.06468449430334,0.03974855276457,0.06468449430334,0.03974855276457,-0.03992142797606,0.1252794176271,-0.03256016786965,-0.02309584702839
153108.7461682,0.06218928249635,0.0368627185099,0.06218928249635,0.0368627185099,-0.03909473266882,0.1241057626252,-0.03203515572792,-0.0224056875788
154881.6618913,0.05976201283557,0.03416168905665,0.05976201283557,0.03416168905665,-0.03828348974055,0.1229377497536,-0.03151382096095,-0.02173425905358
156675.1070108,0.0574034087613,0.03163482387551,0.0574034087613,0.03163482387551,-0.03748747902868,0.1217755264797,-0.03099636696575,-0.02108114971517
158489.3192461,0.05511387156612,0.02927201304655,0.05511387156612,0.02927201304655,-0.03670648063622,0.1206192338928,-0.03048298434976,-0.0204459518855
160324.539069,0.05289351505279,0.02706365827251,0.05289351505279,0.02706365827251,-0.03594027507327,0.1194690068248,-0.02997385134183,-0.01982826219314
162181.0097359,0.05074219742885,0.02500065374229,0.05074219742885,0.02500065374229,-0.03518864339098,0.1183249739723,-0.02946913420005,-0.01922768180053
164058.97732,0.04865955060879,0.02307436697538,0.04865955060879,0.02307436697538,-0.03445136731078,0.1171872580204,-0.02896898761531,-0.01864381661284
165958.6907438,0.046645007091,0.02127661974424,0.046645007091,0.02127661974424,-0.03372822934634,0.1160559757663,-0.02847355511055,-0.01807627746833
167880.4018123,0.0446978245673,0.01959966917788,0.0446978245673,0.01959966917788,-0.03301901292029,0.1149312382448,-0.02798296943483,-0.01752468031156
169824.3652462,0.04281710841813,0.01803618912127,0.04281710841813,0.01803618912127,-0.03232350247483,0.1138131508531,-0.02749735295202,-0.0169886463498
171790.8387158,0.04100183223837,0.01657925181868,0.04100183223837,0.01657925181868,-0.03164148357676,0.1127018134767,-0.02701681802344,-0.0164678021934
173780.082875,0.03925085653228,0.01522230997601,0.03925085653228,0.01522230997601,-0.03097274301696,0.1115973206152,-0.02654146738441,-0.01596177998096
175792.3613959,0.03756294570839,0.01395917925107,0.03756294570839,0.01395917925107,-0.03031706890437,0.1104997615074,-0.02607139451399,-0.0154702174898
177827.9410039,0.03593678349883,0.01278402120633,0.03593678349883,0.01278402120633,-0.02967425075494,0.1094092202571,-0.025606683998,-0.0149927582325
179887.0915129,0.03437098692009,0.0116913267562,0.03437098692009,0.0116913267562,-0.02904407957507,0.1083257759579,-0.02514741188476,-0.01452905154012
181970.085861,0.03286411888559,0.01067590012924,0.03286411888559,0.01067590012924,-0.0284263479403,0.1072495028174,-0.02469364603347,-0.01407875263283
184077.2001469,0.0314146995743,0.009732843365714,0.0314146995743,0.009732843365714,-0.0278208500693,0.106180470281,-0.02424544645509,-0.01364152267848
186208.7136663,0.03002121665237,0.008857541357177,0.03002121665237,0.008857541357177,-0.0272273818928,0.105118743155,-0.02380286564533,-0.01321702883979
188364.908949,0.0286821344397,0.008045647439626,0.0286821344397,0.008045647439626,-0.02664574111828,0.1040643817282,-0.02336594890991,-0.01280494431082
190546.0717963,0.02739590210614,0.007293069537757,0.02739590210614,0.007293069537757,-0.02607572728999,0.1030174418929,-0.02293473468178,-0.01240494834309
192752.4913191,0.026160960978,0.006595956864734,0.026160960978,0.006595956864734,-0.0255171418448,0.1019779752649,-0.02250925483026,-0.01201672626225
194984.4599758,0.02497575102809,0.005950687168408,0.02497575102809,0.005950687168408,-0.02496978816404,0.1009460293018,-0.02208953496208,-0.01163996947555
197242.2736115,0.02383871661977,0.005353854522169,0.02383871661977,0.005353854522169,-0.02443347162132,0.09992164742021,-0.02167559471426,-0.01127437547092
199526.2314969,0.02274831156822,0.004802257647544,0.02274831156822,0.004802257647544,-0.02390799962609,0.09890486911185,-0.02126744803886,-0.01091964780781
201836.6363682,0.0217030035794,0.004292888761483,0.0217030035794,0.004292888761483,-0.02339318166425,0.09789573005751,-0.02086510347945,-0.01057549610085
204173.794467,0.02070127812178,0.003822922934046,0.02070127812178,0.003822922934046,-0.02288882933425,0.09689426224015,-0.02046856443958,-0.01024163599611
206538.0155811,0.01974164178207,0.003389707944568,0.01974164178207,0.003389707944568,-0.02239475638073,0.09590049405595,-0.02007782944301,-0.009917789141224
208929.6130854,0.01882262515239,0.002990754621278,0.01882262515239,0.002990754621278,-0.02191077872405,0.09491445042396,-0.01969289238594,-0.009603683149052
211348.9039837,0.0179427852928,0.002623727650382,0.0179427852928,0.002623727650382,-0.02143671448701,0.09393615289389,-0.01931374278128,-0.009299051555917
213796.2089502,0.01710070780907,0.002286436838001,0.01710070780907,0.002286436838001,-0.02097238401855,0.09296561975224,-0.01894036599491,-0.009003633774506
216271.8523727,0.01629500858378,0.001976828810794,0.01629500858378,0.001976828810794,-0.0205176099143,0.09200286612666,-0.01857274347422,-0.008717175041929
218776.162395,0.01552433519362,0.001692979136703,0.01552433519362,0.001692979136703,-0.02007221703444,0.09104790408842,-0.01821085296889,-0.008439426363318
221309.4709606,0.01478736804552,0.00143308485216,0.01478736804552,0.00143308485216,-0.01963603251904,0.09010074275311,-0.01785466874401,-0.008170144451383
223872.1138569,0.01408282126044,0.001195457379116,0.01408282126044,0.001195457379116,-0.01920888580046,0.08916138837941,-0.01750416178576,-0.00790909166214
226464.4307593,0.01340944332969,0.0009785158130481,0.01340944332969,0.0009785158130481,-0.0187906086135,0.08822984446609,-0.01715929999972,-0.007656035927266
229086.7652768,0.01276601757043,0.0007807805709136,0.01276601757043,0.0007807805709136,-0.0183810350035,0.0873061118469,-0.01682004840191,-0.007410750683433
231739.4649969,0.01215136240035,0.0006008673787543,0.01215136240035,0.0006008673787543,-0.01798000133154,0.08639018878378,-0.01648636930274,-0.007173014798712
234422.881532,0.01156433145313,0.0004374815867858,0.01156433145313,0.0004374815867858,-0.01758734627808,0.08548207105801,-0.01615822248404,-0.006942612496606
237137.3705662,0.01100381355235,0.000289412795084,0.01100381355235,0.000289412795084,-0.01720291084425,0.08458175205944,-0.01583556536923,-0.006719333277771
239883.291902,0.01046873256129,0.0001555297767705,0.01046873256129,0.0001555297767705,-0.01682653835151,0.08368922287385,-0.01551835318684,-0.006502971839851
242661.0095083,0.009958047123336,3.477568308073e-05,0.009958047123336,3.477568308073e-05,-0.01645807443915,0.08280447236831,-0.01520653912756,-0.006293327995523
245470.8915685,0.009470750307177,-7.383648252236e-05,0.009470750307177,-7.383648252236e-05,-0.01609736706028,0.08192748727471,-0.01490007449492,-0.006090206589088
248313.3105296,0.009005869169645,-0.0001712281344346,0.009005869169645,-0.0001712281344346,-0.01574426647614,0.08105825227123,-0.01459890884976,-0.005893417411805
251188.643151,0.008562464247058,-0.0002582591327157,0.008562464247058,-0.0002582591327157,-0.01539862524875,0.08019675006207,-0.01430299014869,-0.005702775116141
254097.2705549,0.008139628985903,-0.0003357315802576,0.008139628985903,-0.0003357315802576,-0.01506029823221,0.07934296145517,-0.01401226487669,-0.00551809912917
257039.5782769,0.007736489122002,-0.0004043934014859,0.007736489122002,-0.0004043934014859,-0.01472914256256,0.07849686543805,-0.01372667817397,-0.005339213565296
260015.9563165,0.007352202016463,-0.0004649417141002,0.007352202016463,-0.0004649417141002,-0.01440501764635,0.07765843925183,-0.01344617395728,-0.005165947138466
263026.7991896,0.006985955956302,-0.0005180260044003,0.006985955956302,-0.0005180260044003,-0.01408778514805,0.07682765846334,-0.01317069503588,-0.004998133074046
266072.5059799,0.006636969426112,-0.0005642511171559,0.006636969426112,-0.0005642511171559,-0.01377730897624,0.07600449703545,-0.01290018322219,-0.004835609020499
269153.4803927,0.006304490357386,-0.0006041800694271,0.006304490357386,-0.0006041800694271,-0.01347345526846,0.07518892739556,-0.01263457943747,-0.004678216960966
272270.1308078,0.005987795360475,-0.000638336698366,0.005987795360475,-0.000638336698366,-0.01317609237564,0.07438092050226,-0.0123738238125,-0.004525803125024
275422.8703338,0.005686188944166,-0.000667208151975,0.005686188944166,-0.000667208151975,-0.0128850908453,0.07358044591024,-0.01211785578351,-0.004378217900599
278612.116863,0.005399002727609,-0.0006912472311176,0.005399002727609,-0.0006912472311176,-0.0126003234034,0.07278747183353,-0.0118666141836,-0.004235315746127
281838.2931265,0.005125594647715,-0.000710874591652,0.005125594647715,-0.000710874591652,-0.01232166493616,0.07200196520687,-0.01162003732955,-0.004096955103264
285101.8267504,0.004865348165954,-0.0007264808140845,0.004865348165954,-0.0007264808140845,-0.01204899247067,0.07122389174548,-0.01137806310445,-0.003962998310044
288403.1503127,0.004617671477435,-0.0007384283482487,0.004617671477435,-0.0007384283482487,-0.01178218515502,0.07045321600308,-0.01114062903611,-0.003833311514689
291742.7014001,0.004381996724768,-0.0007470533402537,0.004381996724768,-0.0007470533402537,-0.01152112423737,0.06968990142842,-0.01090767237146,-0.003707764590046
295120.9226667,0.004157779218858,-0.0007526673484666,0.004157779218858,-0.0007526673484666,-0.01126569304491,0.06893391041997,-0.01067913014711,-0.003586231048878
298538.2618918,0.003944496669169,-0.0007555589544491,0.003944496669169,-0.0007555589544491,-0.01101577696204,0.06818520437919,-0.01045493925615,-0.003468587959956
301995.1720402,0.003741648424426,-0.0007559952755185,0.003741648424426,-0.0007559952755185,-0.01077126340827,0.06744374376211,-0.01023503651133,-0.003354715865103
305492.1113216,0.003548754725851,-0.0007542233841334,0.003548754725851,-0.0007542233841334,-0.01053204181508,0.06670948812954,-0.01001935870484,-0.003244498697092
309029.5432514,0.00336535597371,-0.0007504716398358,0.00336535597371,-0.0007504716398358,-0.01029800360317,0.06598239619557,-0.009807842664712,-0.003137823698706
312607.9367124,0.003191012008661,-0.0007449509385772,0.003191012008661,-0.0007449509385772,-0.01006904215895,0.06526242587473,-0.009600425308002,-0.003034581342784
316227.7660169,0.003025301408103,-0.0007378558847449,0.003025301408103,-0.0007378558847449,-0.009845052810508,0.06454953432767,-0.009397043690933,-0.002934665253358
319889.5109692,0.002867820799162,-0.0007293658897633,0.002867820799162,-0.0007293658897633,-0.009625932803608,0.06384367800542,-0.00919763505605,-0.002837972127965
323593.6569297,0.002718184187741,-0.0007196462023975,0.002718184187741,-0.0007196462023975,-0.009411581277452,0.06314481269225,-0.009002136876536,-0.002744401661162
327340.6948789,0.00257602230532,-0.0007088488739877,0.00257602230532,-0.0007088488739877,-0.009201899240136,0.06245289354714,-0.008810486897794,-0.002653856469205
331131.1214826,0.002440981972533,-0.0006971136633284,0.002440981972533,-0.0006971136633284,-0.008996789543653,0.06176787514403,-0.008622623176435,-0.002566242015945
334965.4391579,0.002312725480847,-0.0006845688840664,0.002312725480847,-0.0006845688840664,-0.008796156859141,0.06108971151066,-0.008438484116733,-0.002481466540019
338844.1561392,0.002190929991611,-0.000671332198603,0.002190929991611,-0.000671332198603,-0.008599907652283,0.06041835616611,-0.008258008504669,-0.002399440983352
342767.7865465,0.002075286953182,-0.0006575113613625,0.002075286953182,-0.0006575113613625,-0.008407950157513,0.05975376215728,-0.008081135539717,-0.002320078920791
346736.8504526,0.001965501535553,-0.0006432049147252,0.001965501535553,-0.0006432049147252,-0.008220194353315,0.05909588209397,-0.007907804864386,-0.002243296491195
350751.8739526,0.001861292082792,-0.0006285028403221,0.001861292082792,-0.0006285028403221,-0.008036551936857,0.05844466818286,-0.007737956591671,-0.002169012329744
354813.3892336,0.001762389582984,-0.0006134871684618,0.001762389582984,-0.0006134871684618,-0.007856936298981,0.0578000722603,-0.007571531330486,-0.002097147501611
358921.934645,0.001668537155347,-0.0005982325483246,0.001668537155347,-0.0005982325483246,-0.007681262498803,0.05716204582401,-0.007408470209187,-0.00202762543689
363078.0547701,0.001579489554639,-0.0005828067811302,0.001579489554639,-0.0005828067811302,-0.007509447238539,0.05653054006366,-0.007248714897244,-0.001960371866872
367282.3004981,0.001495012692299,-0.000567271318694,0.001495012692299,-0.000567271318694,-0.007341408838468,0.05590550589039,-0.007092207625168,-0.001895314761642
371535.2290972,0.001414883174059,-0.0005516817294666,0.001414883174059,-0.0005516817294666,-0.007177067212093,0.05528689396522,-0.006938891202756,-0.00183238426901
375837.4042885,0.001338887853903,-0.0005360881340009,0.001338887853903,-0.0005360881340009,-0.00701634384051,0.05467465472661,-0.006788709035776,-0.001771512654631
380189.3963206,0.0012668234038,-0.0005205356117772,0.0012668234038,-0.0005205356117772,-0.006859161748325,0.05406873841678,-0.006641605141083,-0.001712634243617
384591.7820454,0.001198495898974,-0.0005050645811607,0.001198495898974,-0.0005050645811607,-0.006705445478538,0.05346909510729,-0.006497524160337,-0.001655685363284
389045.1449943,0.00113372041847,-0.0004897111540813,0.00113372041847,-0.0004897111540813,-0.006555121067866,0.05287567472358,-0.006356411372327,-0.001600604287238
393550.0754558,0.001072320660196,-0.0004745074671648,0.001072320660196,-0.0004745074671648,-0.006408116022395,0.05228842706858,-0.006218212703996,-0.001547331180738
398107.1705535,0.001014128570704,-0.0004594819905539,0.001014128570704,-0.0004594819905539,-0.006264359293482,0.05170730184545,-0.00608287474021,-0.001495808047349
402717.0343255,0.0009589839886957,-0.000444659816042,0.0009589839886957,-0.000444659816042,-0.006123781253116,0.05113224867954,-0.005950344732381,-0.001445978676741
407380.2778041,0.0009067343023131,-0.0004300629256234,0.0009067343023131,-0.0004300629256234,-0.005986313670626,0.05056321713935,-0.005820570605936,-0.001397788593869
412097.5190974,0.0008572341195052,-0.0004157104418354,0.0008572341195052,-0.0004157104418354,-0.005851889688286,0.05000015675681,-0.00569350096676,-0.001351185009223
416869.3834704,0.0008103449513633,-0.0004016188609063,0.0008103449513633,-0.0004016188609063,-0.005720443798348,0.04944301704667,-0.005569085106606,-0.001306116770412
421696.5034286,0.0007659349077251,-0.0003878022699143,0.0007659349077251,-0.0003878022699143,-0.00559191181931,0.04889174752521,-0.005447273007585,-0.001262534314838
426579.5188016,0.0007238784049264,-0.0003742725488711,0.0007238784049264,-0.0003742725488711,-0.005466230873035,0.04834629772813,-0.005328015345732,-0.001220389623598
431519.0768278,0.0006840558851291,-0.0003610395587488,0.0006840558851291,-0.0003610395587488,-0.005343339361583,0.04780661722777,-0.00521126349375,-0.001179636176491
436515.8322402,0.0006463535469923,-0.000348111316291,0.0006463535469923,-0.000348111316291,-0.005223176945111,0.04727265564953,-0.005096969522918,-0.001140228908248
441570.4473533,0.0006106630871334,-0.0003354941565141,0.0006106630871334,-0.0003354941565141,-0.005105684518954,0.04674436268773,-0.004985086204281,-0.001102124165761
446683.592151,0.0005768814522339,-0.0003231928836159,0.0005768814522339,-0.0003231928836159,-0.00499080419157,0.04622168812074,-0.004875567009108,-0.00106527966648
451855.944375,0.000544910601193,-0.0003112109110907,0.000544910601193,-0.0003112109110907,-0.004878479262912,0.04570458182543,-0.004768366108679,-0.001029654457905
457088.1896149,0.0005146572771568,-0.000299550391716,0.0005146572771568,-0.000299550391716,-0.004768654202412,0.04519299379112,-0.004663438373449,-0.0009952088780675
462381.0213993,0.0004860327890245,-0.0002882123380666,0.0004860327890245,-0.0002882123380666,-0.004661274627842,0.04468687413275,-0.004560739371618,-0.0009619045171187
467735.1412872,0.0004589528019836,-0.0002771967341895,0.0004589528019836,-0.0002771967341895,-0.004556287284184,0.04418617310364,-0.004460225367144,-0.0009297041799103
473151.2589615,0.0004333371369473,-0.000266502638989,0.0004333371369473,-0.000266502638989,-0.004453640022601,0.04369084110754,-0.004361853317239,-0.0008985718495567
478630.0923227,0.0004091095784127,-0.0002561282818798,0.0004091095784127,-0.0002561282818798,-0.00435328178003,0.04320082871024,-0.004265580869375,-0.000868472652015
484172.3675841,0.0003861976904294,-0.0002460711512152,0.0003861976904294,-0.0002460711512152,-0.00425516255887,0.04271608665056,-0.004171366357836,-0.0008393728216053
489778.8193685,0.0003645326405232,-0.000236328075956,0.0003645326405232,-0.000236328075956,-0.004159233406766,0.04223656585091,-0.004079168799851,-0.0008112396674558
495450.1908048,0.0003440490311002,-0.0002268953010368,0.0003440490311002,-0.0002268953010368,-0.004065446397138,0.04176221742723,-0.003988947891321,-0.0007840415409118
501187.2336273,0.0003246847381255,-0.0002177685568507,0.0003246847381255,-0.0002177685568507,-0.003973754609189,0.04129299269862,-0.003900664002195,-0.0007577478037702
506990.7082747,0.0003063807568268,-0.0002089431232308,0.0003063807568268,-0.0002089431232308,-0.003884112109429,0.04082884319632,-0.003814278171483,-0.0007323287975116
512861.3839914,0.0002890810541022,-0.0002004138883189,0.0002890810541022,-0.0002004138883189,-0.003796473932236,0.04036972067235,-0.003729752101976,-0.0007077558132767
518800.038929,0.0002727324273628,-0.0001921754026536,0.0002727324273628,-0.0001921754026536,-0.003710796061219,0.03991557710772,-0.003647048154662,-0.0006840010627328
524807.4602498,0.0002572843696233,-0.0001842219288035,0.0002572843696233,-0.0001842219288035,-0.003627035411062,0.03946636472013,-0.003566129342874,-0.0006610376497829
530884.444231,0.000242688940527,-0.0001765474868574,0.000242688940527,-0.0001765474868574,-0.003545149809326,0.03902203597134,-0.003486959326194,-0.0006388395430467
537031.7963703,0.0002289006430898,-0.00016914589605,0.0002289006430898,-0.00016914589605,-0.003465097978583,0.03858254357414,-0.003409502404134,-0.0006173815491325
543250.3314925,0.0002158763059534,-0.0001620108127937,0.0002158763059534,-0.0001620108127937,-0.00338683951904,0.03814784049888,-0.003333723509598,-0.0005966392866926
549540.8738577,0.0002035749709103,-0.0001551357653695,0.0002035749709103,-0.0001551357653695,-0.003310334891119,0.0377178799797,-0.003259588202175,-0.0005765891611977
555904.2572704,0.0001919577854805,-0.0001485141855082,0.0001919577854805,-0.0001485141855082,-0.003235545398484,0.03729261552038,-0.003187062661248,-0.0005572083404559
562341.3251904,0.0001809879003373,-0.0001421394370824,0.0001809879003373,-0.0001421394370824,-0.003162433171722,0.03687200089981,-0.003116113678947,-0.000538474730874
568852.9308439,0.0001706303714041,-0.0001360048421256,0.0001706303714041,-0.0001360048421256,-0.003090961151019,0.0364559901772,-0.00304670865299,-0.0005203669543037
575439.9373372,0.0001608520664041,-0.0001301037043528,0.0001608520664041,-0.0001301037043528,-0.003021093071127,0.03604453769689,-0.002978815579364,-0.0005028643257348
582103.2177709,0.0001516215756772,-0.0001244293303849,0.0001516215756772,-0.0001244293303849,-0.002952793444345,0.03563759809298,-0.002912403044936,-0.0004859468314564
588843.6553556,0.0001429091271166,-0.0001189750488277,0.0001429091271166,-0.0001189750488277,-0.002886027546001,0.03523512629345,-0.002847440219936,-0.0004695951080466
595662.1435291,0.0001346865050131,-0.0001137342273815,0.0001346865050131,-0.0001137342273815,-0.002820761398082,0.03483707752424,-0.002783896850394,-0.0004537904218116
602559.5860744,0.0001269269726684,-0.000108700288112,0.0001269269726684,-0.000108700288112,-0.002756961754846,0.03444340731284,-0.002721743250473,-0.0004385146489748
609536.8972402,0.0001196051986157,-0.0001038667210382,0.0001196051986157,-0.0001038667210382,-0.002694596087515,0.03405407149179,-0.002660950294773,-0.0004237502563625
616595.0018615,0.000112697186279,-9.922709615273e-05,0.000112697186279,-9.922709615273e-05,-0.002633632570154,0.03366902620177,-0.002601489410572,-0.0004094802827406
623734.8354825,0.0001061802069462,-9.477507400954e-05,0.0001061802069462,-9.477507400954e-05,-0.002574040064753,0.03328822789459,-0.002543332570034,-0.0003956883206298
630957.3444802,0.0001000327358774,-9.050441497433e-05,0.0001000327358774,-9.050441497433e-05,-0.002515788107965,0.03291163333577,-0.002486452282391,-0.0003823584987762
638263.4861906,9.423439146806e-05,-8.64089872685e-05,9.423439146806e-05,-8.64089872685e-05,-0.002458846896217,0.0325391996071,-0.002430821586116,-0.0003694754650092
645654.2290347,8.876587727286e-05,-8.248277387677e-05,8.876587727286e-05,-8.248277387677e-05,-0.002403187273198,0.03217088410877,-0.002376414041066,-0.0003570243697784
653130.5526475,8.360892681276e-05,-7.871987843479e-05,8.360892681276e-05,-7.871987843479e-05,-0.00234878071604,0.03180664456142,-0.002323203720642,-0.0003449908500758
660693.4480076,7.874625102288e-05,-7.511453017182e-05,7.874625102288e-05,-7.511453017182e-05,-0.002295599321939,0.03144643900799,-0.002271165203953,-0.0003333610138621
668343.9175687,7.416148821612e-05,-7.166108798363e-05,7.416148821612e-05,-7.166108798363e-05,-0.002243615795993,0.03109022581529,-0.002220273567983,-0.0003221214250408
676082.975392,6.983915647138e-05,-6.835404372318e-05,6.983915647138e-05,-6.835404372318e-05,-0.002192803437951,0.03073796367544,-0.002170504379791,-0.0003112590887968
683911.6472815,6.576460832952e-05,-6.518802476862e-05,6.576460832952e-05,-6.518802476862e-05,-0.002143136130264,0.03038961160711,-0.002121833688724,-0.0003007614374616
691830.970919,6.192398768352e-05,-6.215779593512e-05,6.192398768352e-05,-6.215779593512e-05,-0.002094588325887,0.03004512895659,-0.002074238018672,-0.00029061631678
699841.9960023,5.830418878452e-05,-5.925826079607e-05,5.830418878452e-05,-5.925826079607e-05,-0.002047135035962,0.02970447539873,-0.00202769436036,-0.0002808119725774
707945.7843842,5.489281724653e-05,-5.648446245905e-05,5.489281724653e-05,-5.648446245905e-05,-0.002000751818727,0.02936761093765,-0.001982180163675,-0.0002713370379077
716143.410213,5.167815298061e-05,-5.383158386109e-05,5.167815298061e-05,-5.383158386109e-05,-0.001955414767681,0.02903449590733,-0.001937673330042,-0.0002621805205345
724435.960075,4.864911494554e-05,-5.129494761895e-05,4.864911494554e-05,-5.129494761895e-05,-0.001911100500291,0.02870509097206,-0.001894152204859,-0.0002533317908243
732824.533139,4.579522765868e-05,-4.887001548906e-05,4.579522765868e-05,-4.887001548906e-05,-0.001867786147117,0.02837935712677,-0.001851595569978,-0.0002447805700289
741310.241301,4.310658936529e-05,-4.655238747212e-05,4.310658936529e-05,-4.655238747212e-05,-0.001825449340902,0.02805725569716,-0.00180998263625,-0.0002365169189186
749894.2093325,4.057384179833e-05,-4.433780060246e-05,4.057384179833e-05,-4.433780060246e-05,-0.001784068206178,0.02773874833973,-0.001769293036126,-0.0002285312267906
758577.5750292,3.818814145249e-05,-4.222212745882e-05,3.818814145249e-05,-4.222212745882e-05,-0.0017436213483,0.02742379704176,-0.001729506816335,-0.000220814200772
767361.4893619,3.594113230665e-05,-4.020137442686e-05,3.594113230665e-05,-4.020137442686e-05,-0.001704087843973,0.02711236412099,-0.001690604430617,-0.0002133568555412
776247.1166288,3.382491991552e-05,-3.827167974458e-05,3.382491991552e-05,-3.827167974458e-05,-0.001665447230545,0.02680441222542,-0.001652566732542,-0.0002061505032825
785235.6346101,3.183204682063e-05,-3.642931135899e-05,3.183204682063e-05,-3.642931135899e-05,-0.001627679496673,0.02649990433279,-0.001615374968384,-0.000199186744031
794328.2347243,2.995546920408e-05,-3.467066461721e-05,2.995546920408e-05,-3.467066461721e-05,-0.00159076507262,0.02619880375011,-0.001579010770087,-0.0001924574562869
803526.1221857,2.818853473983e-05,-3.299225982035e-05,2.818853473983e-05,-3.299225982035e-05,-0.001554684820654,0.02590107411295,-0.001543456148299,-0.000185954787923
812830.5161642,2.65249615664e-05,-3.13907396527e-05,2.65249615664e-05,-3.13907396527e-05,-0.001519420025806,0.02560667938481,-0.001508693485492,-0.0001796711473896
822242.6499471,2.495881835288e-05,-2.986286651777e-05,2.495881835288e-05,-2.986286651777e-05,-0.001484952387057,0.02531558385622,-0.001474705529158,-0.0001735991952143
831763.7711027,2.348450538022e-05,-2.840551978828e-05,2.348450538022e-05,-2.840551978828e-05,-0.00145126400835,0.02502775214386,-0.001441475385083,-0.00016773183575
841395.1416453,2.209673660352e-05,-2.701569299295e-05,2.209673660352e-05,-2.701569299295e-05,-0.001418337389694,0.02474314918959,-0.00140898651072,-0.0001620622091818
851138.0382024,2.079052264565e-05,-2.569049095366e-05,2.079052264565e-05,-2.569049095366e-05,-0.001386155418907,0.02446174025935,-0.001377222708632,-0.0001565836838152
860993.7521847,1.956115467125e-05,-2.442712688459e-05,1.956115467125e-05,-2.442712688459e-05,-0.001354701363228,0.02418349094205,-0.001346168120022,-0.0001512898485938
870963.5899562,1.840418910419e-05,-2.322291946918e-05,1.840418910419e-05,-2.322291946918e-05,-0.001323958860842,0.02390836714834,-0.001315807218361,-0.0001461745058417
881048.8730081,1.731543314237e-05,-2.207528992203e-05,1.731543314237e-05,-2.207528992203e-05,-0.001293911913256,0.02363633510933,-0.00128612480309,-0.0001412316642768
891250.9381338,1.629093103479e-05,-2.098175905017e-05,1.629093103479e-05,-2.098175905017e-05,-0.001264544877278,0.02336736137524,-0.001257105993412,-0.0001364555322176
901571.137606,1.532695107752e-05,-1.993994431857e-05,1.532695107752e-05,-1.993994431857e-05,-0.001235842457265,0.02310141281401,-0.001228736222181,-0.000131840511014
912010.839356,1.441997329888e-05,-1.894755693148e-05,1.441997329888e-05,-1.894755693148e-05,-0.001207789697802,0.02283845660981,-0.00120100122987,-0.0001273811887043
922571.4271548,1.356667779274e-05,-1.800239893412e-05,1.356667779274e-05,-1.800239893412e-05,-0.001180371975776,0.02257846026159,-0.001173887058628,-0.000123072333836
933254.3007971,1.276393367482e-05,-1.710236034324e-05,1.276393367482e-05,-1.710236034324e-05,-0.001153574993996,0.02232139158139,-0.001147380046431,-0.00011890888956
944060.876286,1.20087886236e-05,-1.624541631121e-05,1.20087886236e-05,-1.624541631121e-05,-0.001127384773503,0.02206721869282,-0.001121466821317,-0.0001148859678388
954992.5860215,1.129845898023e-05,-1.542962432877e-05,1.129845898023e-05,-1.542962432877e-05,-0.001101787646646,0.02181591002939,-0.001096134295712,-0.0001109988438739
966050.8789899,1.063032037913e-05,-1.465312147138e-05,1.063032037913e-05,-1.465312147138e-05,-0.001076770250592,0.02156743433272,-0.001071369660842,-0.0001072429507294
977237.2209559,1.00018988787e-05,-1.391412169152e-05,1.00018988787e-05,-1.391412169152e-05,-0.001052319520434,0.02132176065089,-0.001047160381238,-0.0001036138741015
988553.094657,9.410862571712e-06,-1.321091316263e-05,9.410862571712e-06,-1.321091316263e-05,-0.00102842268292,0.02107885833658,-0.001023494189319,-0.0001001073472818
1000000.0,8.855013646898e-06,-1.25418556759e-05,8.855013646898e-06,-1.25418556759e-05,-0.00100506724979,0.02083869704527,-0.001000359080074,-9.671924625913e-05
