frequency_hz,left_real,left_imag,right_real,right_imag,opneg_real,opneg_imag,oppos_real,oppos_imag
1.0,-0.3031671182173,2.111016534901,-0.3031671182173,2.111016534901,-0.04931772204374,-0.2069573066221,0.04932191453307,0.2069558700436
1.01157945426,-0.2802268124136,2.137698062443,-0.2802268124136,2.137698062443,-0.05152682269249,-0.2084732553233,0.05153109224762,0.2084717575343
1.023292992281,-0.2567635320558,2.164157925332,-0.2567635320558,2.164157925332,-0.05376448349272,-0.2099703988953,0.05376883096921,0.2099688381174
1.035142166679,-0.2327814965524,2.190384445828,-0.2327814965524,2.190384445828,-0.05603043629108,-0.211448103792,0.056034862537,0.2114464782122
1.047128548051,-0.208285237574,2.216366023185,-0.208285237574,2.216366023185,-0.05832439489218,-0.2129057381445,0.05832890074755,0.2129040459157
1.059253725177,-0.1832795984688,2.242091142696,-0.1832795984688,2.242091142696,-0.06064605491628,-0.2143426723578,0.06065064121241,0.214340911598
1.071519305238,-0.1577697333987,2.267548384821,-0.1577697333987,2.267548384821,-0.06299509367927,-0.2157582797193,0.0629997612382,0.2157564485122
1.083926914021,-0.1317611061856,2.292726434413,-0.1317611061856,2.292726434413,-0.0653711700961,-0.217151937022,0.06537591972993,0.2171500334166
1.096478196143,-0.1052594888566,2.317614090019,-0.1052594888566,2.317614090019,-0.06777392460848,-0.2185230251996,0.06777875711878,0.21852104721
1.109174815262,-0.0782709598767,2.342200273249,-0.0782709598767,2.342200273249,-0.07020297913797,-0.2198709299715,0.07020789531516,0.219868875577
1.122018454302,-0.05080190206023,2.366474038198,-0.05080190206023,2.366474038198,-0.07265793706511,-0.2211950424994,0.07266293768784,0.2211929096447
1.135010815672,-0.02285900014936,2.390424580917,-0.02285900014936,2.390424580917,-0.07513838323566,-0.2224947600518,0.07514346907015,0.2224925466465
1.148153621497,0.005550761947831,2.414041248908,0.005550761947831,2.414041248908,-0.07764388399447,-0.223769486676,0.07764905579393,0.2237671905949
1.16144861384,0.0344201042694,2.437313550641,0.0344201042694,2.437313550641,-0.08017398724789,-0.2250186338766,0.08017924575189,0.22501625296
1.17489755494,0.06374145426909,2.460231165061,0.06374145426909,2.460231165061,-0.08272822255533,-0.2262416212994,0.08273356848918,0.2262391533527
1.188502227437,0.09350695065069,2.482783951095,0.09350695065069,2.482783951095,-0.08530610125047,-0.227437877418,0.08531153532459,0.227435320212
1.202264434617,0.1237084475734,2.504961957108,0.1237084475734,2.504961957108,-0.08790711659269,-0.228606840223,0.08791263950201,0.228604191494
1.216186000646,0.1543375192332,2.526755430329,0.1543375192332,2.526755430329,-0.09053074394912,-0.2297479579117,0.0905363563725,0.2297452153616
1.230268770812,0.1853854648259,2.54815482619,0.1853854648259,2.54815482619,-0.09317644100775,-0.2308606895769,0.09318214360735,0.2308578508735
1.244514611771,0.2168433138925,2.569150817595,0.2168433138925,2.569150817595,-0.09584364802171,-0.2319445058931,0.09584944144242,0.23194156867
1.258925411794,0.2487018320528,2.589734304069,0.2487018320528,2.589734304069,-0.09853178808502,-0.2329988897989,0.09853767295388,0.2329958516557
1.273503081017,0.2809515271246,2.609896420793,0.2809515271246,2.609896420793,-0.1012402674398,-0.234023337173,0.1012462443655,0.2340201956759
1.288249551693,0.3135826556315,2.629628547486,0.3135826556315,2.629628547486,-0.1039684758152,-0.2350173575036,0.1039745453872,0.2350141101851
1.303166778452,0.346585229696,2.648922317124,0.346585229696,2.648922317124,-0.1067157867974,-0.2359804745481,0.1067219495859,0.2359771189077
1.318256738556,0.3799490243159,2.667769624472,0.3799490243159,2.667769624472,-0.1094815582309,-0.2369122269829,0.109487814786,0.2369087604871
1.333521432163,0.4136635850206,2.686162634409,0.4136635850206,2.686162634409,-0.1122651326513,-0.2378121690396,0.1122714835023,0.2378085891223
1.348962882592,0.4477182359018,2.704093790021,0.4477182359018,2.704093790021,-0.1150658377473,-0.2386798711286,0.1150722834027,0.2386761751913
1.364583136589,0.4821020880118,2.721555820455,0.4821020880118,2.721555820455,-0.1178829868545,-0.2395149204454,0.117889527801,0.2395111058577
1.380384264603,0.516804048122,2.73854174849,0.516804048122,2.73854174849,-0.1207158794768,-0.2403169215611,0.1207225161792,0.2403129856609
1.396368361056,0.5518128278323,2.755044897832,0.5518128278323,2.755044897832,-0.1235638018376,-0.2410854969929,0.1235705347382,0.2410814370868
1.412537544623,0.587116953021,2.771058900088,0.587116953021,2.771058900088,-0.1264260274591,-0.2418202877543,0.1264328569772,0.241816101118
1.428893958511,0.6227047736236,2.786577701417,0.6227047736236,2.786577701417,-0.1293018177676,-0.2425209538833,0.1293087442991,0.242516637762
1.445439770746,0.6585644737267,2.801595568832,0.6585644737267,2.801595568832,-0.1321904227257,-0.2431871749469,0.132197446643,0.2431827265556
1.462177174457,0.6946840819631,2.816107096132,0.6946840819631,2.816107096132,-0.1350910814893,-0.2438186505206,0.1350982031404,0.2438140670446
1.479108388168,0.7310514821933,2.830107209453,0.7310514821933,2.830107209453,-0.1380030230881,-0.2444151006411,0.1380102427968,0.2444103792366
1.496235656094,0.7676544244549,2.843591172416,0.7676544244549,2.843591172416,-0.1409254671288,-0.2449762662319,0.140932785194,0.2449714040261
1.513561248436,0.8044805361633,2.856554590857,0.8044805361633,2.856554590857,-0.1438576245197,-0.2455019094991,0.1438650412151,0.2454969035909
1.531087461682,0.8415173335448,2.868993417121,0.8415173335448,2.868993417121,-0.1467986982144,-0.2459918142972,0.1468062137886,0.2459866617577
1.548816618912,0.8787522332804,2.880903953919,0.8787522332804,2.880903953919,-0.1497478839746,-0.2464457864638,0.1497554986504,0.2464404843365
1.566751070108,0.9161725643419,2.892282857714,0.9161725643419,2.892282857714,-0.1527043711486,-0.2468636541213,0.152712085123,0.2468581994229
1.584893192461,0.953765579996,2.90312714164,0.953765579996,2.90312714164,-0.1556673434659,-0.2472452679458,0.15567515691,0.2472396576665
1.60324539069,0.9915184699548,2.913434177942,0.9915184699548,2.913434177942,-0.1586359798445,-0.2475905014017,0.1586438929029,0.2475847325057
1.621810097359,1.02941837265,2.923201699918,1.02941837265,2.923201699918,-0.1616094552097,-0.247899250941,0.1616174680009,0.2478933203672
1.6405897732,1.067452387604,2.932427803367,1.067452387604,2.932427803367,-0.1645869413231,-0.2481714361677,0.164595053939,0.2481653408299
1.659586907438,1.105607587879,2.941110947532,1.105607587879,2.941110947532,-0.1675676076197,-0.2484069999654,0.1675758201257,0.2484007367529
1.678804018123,1.143871032571,2.949249955523,1.143871032571,2.949249955523,-0.1705506220505,-0.2486059085888,0.1705589344855,0.2485994743671
1.698243652462,1.18222977933,2.956844014241,1.18222977933,2.956844014241,-0.1735351519302,-0.2487681517183,0.1735435643061,0.2487615433293
1.717908387158,1.220670896877,2.96389267377,1.220670896877,2.96389267377,-0.1765203647863,-0.2488937424774,0.1765288770887,0.2488869567401
1.737800828749,1.259181477496,2.970395846266,1.259181477496,2.970395846266,-0.1795054292097,-0.2489827174129,0.1795140413972,0.248975751124
1.757923613959,1.297748649469,2.97635380432,1.297748649469,2.97635380432,-0.1824895157028,-0.2490351364384,0.1824982277077,0.2490279863725
1.778279410039,1.336359589437,2.98176717881,1.336359589437,2.98176717881,-0.185471797525,-0.2490510827403,0.1854806092529,0.2490437456504
1.798870915129,1.375001534646,2.986636956253,1.375001534646,2.986636956253,-0.1884514515323,-0.2490306626469,0.1884603628625,0.2490231352653
1.81970085861,1.413661795078,2.990964475636,1.413661795078,2.990964475636,-0.1914276590106,-0.2489740054621,0.191436669796,0.2489662845003
1.840772001469,1.452327765409,2.994751424768,1.452327765409,2.994751424768,-0.1943996064988,-0.2488812632618,0.1944087165663,0.2488733454114
1.862087136663,1.490986936804,2.997999836133,1.490986936804,2.997999836133,-0.1973664866021,-0.2487526106557,0.1973756957526,0.2487444925887
1.88364908949,1.529626908495,3.000712082267,1.529626908495,3.000712082267,-0.2003274987922,-0.2485882445147,0.2003368068009,0.2485799228838
1.905460717963,1.568235399143,3.002890870672,1.568235399143,3.002890870672,-0.2032818501933,-0.2483883836632,0.20329125681,0.2483798551024
1.927524913191,1.606800257938,3.004539238271,1.606800257938,3.004539238271,-0.2062287563523,-0.2481532685395,0.2062382613013,0.2481445296645
1.949844599758,1.645309475439,3.005660545426,1.645309475439,3.005660545426,-0.2091674419905,-0.2478831608236,0.2091770449715,0.2478742082322
1.972422736115,1.683751194115,3.006258469529,1.683751194115,3.006258469529,-0.2120971417376,-0.2475783430339,0.2121068424255,0.2475691733063
1.995262314969,1.722113718575,3.006336998182,1.722113718575,3.006336998182,-0.2150171008437,-0.2472391180941,0.2150268988892,0.2472297277932
2.018366363682,1.76038552547,3.005900421993,1.76038552547,3.005900421993,-0.2179265758699,-0.2468658088712,0.2179364708996,0.2468561945431
2.04173794467,1.798555273037,3.004953326988,1.798555273037,3.004953326988,-0.2208248353553,-0.2464587576865,0.2208348269727,0.2464489158609
2.065380155811,1.836611810292,3.003500586678,1.836611810292,3.003500586678,-0.2237111604599,-0.2460183258004,0.2237212482449,0.2460082529905
2.089296130854,1.874544185828,3.001547353786,1.874544185828,3.001547353786,-0.2265848455807,-0.2455448928719,0.2265950290908,0.2455345855751
2.113489039837,1.912341656226,2.999099051664,1.912341656226,2.999099051664,-0.2294451989419,-0.2450388563961,0.2294554777123,0.2450283110941
2.137962089502,1.949993694053,2.996161365417,1.949993694053,2.996161365417,-0.2322915431573,-0.2445006311188,0.2323019167012,0.2444898442779
2.162718523727,1.987489995451,2.992740232754,1.987489995451,2.992740232754,-0.2351232157628,-0.2439306484322,0.2351336835723,0.2439196165033
2.18776162395,2.02482048728,2.988841834601,2.02482048728,2.988841834601,-0.2379395697215,-0.2433293557511,0.2379501312678,0.2433180751702
2.213094709606,2.061975333837,2.984472585476,2.061975333837,2.984472585476,-0.2407399738964,-0.2426972158727,0.2407506286305,0.2426856830608
2.238721138568,2.098944943126,2.979639123675,2.098944943126,2.979639123675,-0.2435238134948,-0.2420347063213,0.2435345608477,0.2420229176847
2.264644307593,2.135719972667,2.974348301272,2.135719972667,2.974348301272,-0.246290490479,-0.2413423186788,0.2463013298627,0.2413302706092
2.290867652768,2.172291334864,2.968607173968,2.172291334864,2.968607173968,-0.2490394239477,-0.240620557904,0.2490503547554,0.2406082467785
2.317394649968,2.2086502019,2.96242299081,2.2086502019,2.96242299081,-0.2517700504844,-0.2398699416414,0.2517810720911,0.2398573638225
2.34422881532,2.244788010179,2.955803183797,2.244788010179,2.955803183797,-0.2544818244735,-0.2390909995211,0.2544929362369,0.239078151357
2.371373705662,2.2806964643,2.948755357405,2.2806964643,2.948755357405,-0.2571742183856,-0.2382842724524,0.2571854196462,0.2382711502767
2.39883291902,2.316367540572,2.941287278054,2.316367540572,2.941287278054,-0.2598467230291,-0.2374503119115,0.2598580131113,0.2374369120435
2.426610095082,2.35179349007,2.933406863532,2.35179349007,2.933406863532,-0.2624988477716,-0.2365896792262,0.2625102259838,0.2365759979705
2.454708915685,2.386966841237,2.925122172397,2.386966841237,2.925122172397,-0.2651301207274,-0.2357029448578,0.265141586363,0.2356889785046
2.483133105296,2.421880402023,2.916441393401,2.421880402023,2.916441393401,-0.2677400889157,-0.2347906876835,0.2677516412535,0.234776432508
2.51188643151,2.456527261592,2.907372834921,2.456527261592,2.907372834921,-0.2703283183857,-0.2338534942785,0.2703399566906,0.2338389465413
2.540972705549,2.490900791579,2.897924914454,2.490900791579,2.897924914454,-0.2728943943124,-0.2328919582018,0.272906117836,0.2328771141485
2.570395782769,2.524994646921,2.888106148166,2.524994646921,2.888106148166,-0.2754379210613,-0.2319066792857,0.2754497290425,0.2318915351464
2.600159563165,2.558802766255,2.877925140542,2.558802766255,2.877925140542,-0.2779585222235,-0.2308982629297,0.2779704138892,0.2308828149195
2.630267991895,2.592319371915,2.867390574124,2.592319371915,2.867390574124,-0.2804558406227,-0.2298673194026,0.2804678151884,0.2298515637206
2.660725059799,2.625538969513,2.856511199393,2.625538969513,2.856511199393,-0.2829295382926,-0.2288144631513,0.2829415949629,0.2287983959809
2.691534803927,2.658456347136,2.845295824772,2.658456347136,2.845295824772,-0.2853792964277,-0.2277403121194,0.2853914343971,0.2277239296276
2.722701308078,2.691066574154,2.833753306798,2.691066574154,2.833753306798,-0.2878048153072,-0.2266454870758,0.2878170337605,0.2266287854132
2.754228703338,2.723364999672,2.821892540464,2.723364999672,2.821892540464,-0.2902058141926,-0.2255306109551,0.2902181123059,0.2255135862553
2.78612116863,2.755347250611,2.809722449741,2.755347250611,2.809722449741,-0.2925820312012,-0.2243963082103,0.2925944081422,0.2243789565897
2.818382931264,2.787009229464,2.797251978304,2.787009229464,2.797251978304,-0.2949332231551,-0.2232432041786,0.2949456780837,0.2232255217357
2.851018267504,2.818347111712,2.784490080475,2.818347111712,2.784490080475,-0.297259165407,-0.222071924462,0.297271697476,0.2220539072775
2.884031503127,2.849357342938,2.771445712378,2.849357342938,2.771445712378,-0.2995596516444,-0.220883094323,0.2995722600001,0.2208647384587
2.917427014001,2.880036635632,2.758127823337,2.880036635632,2.758127823337,-0.3018344936731,-0.2196773380959,0.3018471774559,0.2196586395947
2.951209226666,2.910381965726,2.744545347514,2.910381965726,2.744545347514,-0.3040835211801,-0.2184552786147,0.304096279525,0.2184362335001
2.985382618918,2.940390568852,2.730707195803,2.940390568852,2.730707195803,-0.3063065814784,-0.2172175366591,0.3063194135158,0.2171981409343
3.019951720402,2.970059936355,2.716622247978,2.970059936355,2.716622247978,-0.3085035392337,-0.2159647304171,0.3085164440894,0.2159449800647
3.054921113216,2.999387811068,2.70229934511,2.999387811068,2.70229934511,-0.3106742761743,-0.2146974749666,0.3106872529708,0.214677365948
3.090295432514,3.028372182864,2.68774728226,3.028372182864,2.68774728226,-0.3128186907862,-0.2134163817756,0.3128317386429,0.2133959100304
3.126079367124,3.057011284011,2.672974801447,3.057011284011,2.672974801447,-0.3149366979932,-0.2121220582213,0.3149498160266,0.2121012196667
3.162277660168,3.085303584332,2.657990584893,3.085303584332,2.657990584893,-0.3170282288236,-0.210815107129,0.3170414161484,0.2107938976593
3.198895109691,3.113247786193,2.642803248561,3.113247786193,2.642803248561,-0.3190932300651,-0.2094961263302,0.3191064857945,0.2094745418158
3.235936569296,3.140842819336,2.627421335973,3.140842819336,2.627421335973,-0.3211316639083,-0.2081657082406,0.3211449871542,0.2081437445275
3.273406948788,3.168087835565,2.611853312318,3.168087835565,2.611853312318,-0.3231435075801,-0.2068244394581,0.3231568974541,0.2068020923674
3.311311214826,3.194982203311,2.596107558853,3.194982203311,2.596107558853,-0.325128752968,-0.2054729003809,0.3251422085816,0.2054501657077
3.349654391578,3.221525502073,2.580192367589,3.221525502073,2.580192367589,-0.3270874062368,-0.2041116648451,0.3271009267017,0.2040885383583
3.388441561392,3.247717516772,2.564115936266,3.247717516772,2.564115936266,-0.3290194874373,-0.2027412997833,0.3290330718663,0.2027177772242
3.427677865465,3.273558232015,2.547886363615,3.273558232015,2.547886363615,-0.3309250301105,-0.2013623649016,0.3309386776174,0.2013384419836
3.467368504525,3.299047826282,2.531511644908,3.299047826282,2.531511644908,-0.3328040808851,-0.1999754123779,0.3328177905856,0.1999510847856
3.507518739526,3.324186666069,2.514999667787,3.324186666069,2.514999667787,-0.334656699072,-0.1985809865783,0.3346704700838,0.1985562499667
3.548133892336,3.348975299971,2.498358208374,3.348975299971,2.498358208374,-0.3364829562549,-0.1971796237944,0.3364967876984,0.197154473788
3.58921934645,3.37341445274,2.481594927654,3.37341445274,2.481594927654,-0.3382829358792,-0.1957718519982,0.3382968268775,0.1957462841904
3.630780547701,3.397505019323,2.464717368135,3.397505019323,2.464717368135,-0.3400567328386,-0.1943581906169,0.3400706825181,0.194332200569
3.672823004981,3.421248058885,2.447732950766,3.421248058885,2.447732950766,-0.3418044530613,-0.192939150326,0.3418184605522,0.1929127335662
3.715352290972,3.444644788839,2.430648972125,3.444644788839,2.430648972125,-0.3435262130965,-0.1915152328597,0.3435402775328,0.1914883848825
3.758374042884,3.467696578883,2.413472601857,3.467696578883,2.413472601857,-0.3452221397013,-0.1900869308404,0.3452362602213,0.1900596471057
3.801893963206,3.49040494506,2.396210880366,3.49040494506,2.396210880366,-0.3468923694291,-0.1886547276249,0.3469065451757,0.1886270035569
3.845917820454,3.512771543855,2.378870716748,3.512771543855,2.378870716748,-0.3485370482204,-0.1872190971669,0.3485512783415,0.1871909281534
3.890451449943,3.53479816632,2.361458886965,3.53479816632,2.361458886965,-0.3501563309959,-0.1857805038974,0.3501706146446,0.1857518852888
3.935500754558,3.556486732262,2.343982032244,3.556486732262,2.343982032244,-0.3517503812536,-0.1843394026201,0.3517647175885,0.1843103297286
3.981071705535,3.577839284474,2.326446657708,3.577839284474,2.326446657708,-0.3533193706694,-0.1828962384227,0.3533337588548,0.1828667065211
4.027170343255,3.598857983039,2.308859131218,3.598857983039,2.308859131218,-0.354863478702,-0.1814514466029,0.3548779179082,0.1814214509239
4.073802778041,3.619545099701,2.291225682426,3.619545099701,2.291225682426,-0.3563828922032,-0.1800054526099,0.3563973816068,0.1799749883451
4.120975190973,3.639903012317,2.273552402032,3.639903012317,2.273552402032,-0.357877805033,-0.1785586719988,0.3578923438171,0.1785277342976
4.168693834703,3.659934199382,2.255845241233,3.659934199382,2.255845241233,-0.3593484176813,-0.1771115103991,0.3593630050356,0.1770800943681
4.216965034286,3.679641234658,2.238110011366,3.679641234658,2.238110011366,-0.3607949368951,-0.1756643634965,0.3608095720161,0.1756324641981
4.265795188016,3.699026781883,2.22035238372,3.699026781883,2.22035238372,-0.3622175753121,-0.1742176170266,0.3622322574036,0.1741852294781
4.315190768278,3.718093589587,2.202577889529,3.718093589587,2.202577889529,-0.3636165511021,-0.1727716467808,0.363631279375,0.1727387659537
4.365158322402,3.736844486004,2.184791920129,3.736844486004,2.184791920129,-0.3649920876148,-0.1713268186236,0.3650068612874,0.1712934394424
4.415704473533,3.755282374097,2.166999727269,3.755282374097,2.166999727269,-0.3663444130352,-0.169883488521,0.3663592313333,0.169849605862
4.46683592151,3.773410226685,2.14920642357,3.773410226685,2.14920642357,-0.3676737600463,-0.1684420025789,0.3676886222037,0.1684076112695
4.518559443749,3.791231081689,2.131416983135,3.791231081689,2.131416983135,-0.3689803655007,-0.1670026970915,0.3689952707587,0.1669677919091
4.570881896149,3.808748037487,2.113636242283,3.808748037487,2.113636242283,-0.370264470099,-0.1655658985993,0.3702794177071,0.1655304742703
4.623810213993,3.825964248389,2.095868900418,3.825964248389,2.095868900418,-0.3715263180771,-0.1641319239554,0.3715413072927,0.1640959751539
4.677351412872,3.842882920231,2.078119521017,3.842882920231,2.078119521017,-0.3727661569016,-0.1627010804007,0.3727811869905,0.1626646017478
4.731512589615,3.859507306088,2.060392532726,3.859507306088,2.060392532726,-0.3739842369738,-0.1612736656464,0.3739993072098,0.1612366517091
4.786300923226,3.875840702106,2.042692230571,3.875840702106,2.042692230571,-0.3751808113418,-0.1598499679642,0.3751959210072,0.1598124132542
4.841723675841,3.891886443463,2.025022777265,3.891886443463,2.025022777265,-0.3763561354213,-0.1584302662832,0.3763712838069,0.1583921652561
4.897788193685,3.907647900442,2.007388204603,3.907647900442,2.007388204603,-0.3775104667253,-0.1570148302936,0.3775256531303,0.1569761773475
4.954501908048,3.923128474637,1.989792414951,3.923128474637,1.989792414951,-0.3786440646022,-0.1556039205555,0.3786592883342,0.1555647100302
5.011872336273,3.938331595277,1.972239182813,3.938331595277,1.972239182813,-0.3797571899819,-0.1541977886141,0.3797724503573,0.1541580147899
5.069907082747,3.953260715671,1.954732156468,3.953260715671,1.954732156468,-0.3808501051317,-0.1527966771195,0.3808654014755,0.1527563342163
5.128613839914,3.967919309777,1.937274859682,3.967919309777,1.937274859682,-0.3819230734196,-0.1514008199513,0.3819384050654,0.1513599021273
5.18800038929,3.982310868894,1.91987069348,3.982310868894,1.91987069348,-0.3829763590867,-0.1500104423477,0.3829917253767,0.1499689436983
5.248074602498,3.996438898472,1.902522937968,3.996438898472,1.902522937968,-0.384010227028,-0.1486257610377,0.3840256273133,0.1485836755948
5.30884444231,4.010306915039,1.885234754219,4.010306915039,1.885234754219,-0.3850249425811,-0.147246984378,0.3850403762214,0.1472043061085
5.370317963703,4.023918443255,1.868009186195,4.023918443255,1.868009186195,-0.386020771324,-0.1458743124919,0.3860362376877,0.1458310352968
5.432503314924,4.037277013069,1.850849162714,4.037277013069,1.850849162714,-0.3869979788801,-0.1445079374119,0.3870134773443,0.144464055125
5.495408738576,4.050386157006,1.833757499456,4.050386157006,1.833757499456,-0.3879568307319,-0.1431480432238,0.3879723606825,0.1431035496109
5.559042572704,4.063249407553,1.816736900995,4.063249407553,1.816736900995,-0.3888975920427,-0.1417948062139,0.3889131528741,0.1417496949715
5.623413251904,4.07587029467,1.799789962866,4.07587029467,1.799789962866,-0.3898205274854,-0.1404483950173,0.3898361186009,0.1404026597714
5.688529308438,4.088252343398,1.782919173647,4.088252343398,1.782919173647,-0.3907259010798,-0.1391089707683,0.3907415218912,0.1390626050735
5.754399373372,4.100399071586,1.766126917066,4.100399071586,1.766126917066,-0.3916139760368,-0.1377766872515,0.3916296259645,0.1377296845897
5.821032177709,4.112313987714,1.749415474122,4.112313987714,1.749415474122,-0.3924850146106,-0.1364516910541,0.3925006930836,0.1364040448335
5.888436553556,4.124000588826,1.732787025217,4.124000588826,1.732787025217,-0.3933392779573,-0.1351341217192,0.3933549844131,0.1350858252729
5.95662143529,4.135462358561,1.716243652295,4.135462358561,1.716243652295,-0.3941770260014,-0.1338241118989,0.394192759886,0.1337751584841
6.025595860744,4.146702765283,1.699787340991,4.146702765283,1.699787340991,-0.3949985173087,-0.1325217875086,0.3950142780765,0.1324721703053
6.095368972402,4.157725260306,1.683419982774,4.157725260306,1.683419982774,-0.3958040089659,-0.1312272678803,0.3958197960797,0.13117697999
6.165950018615,4.168533276217,1.667143377095,4.168533276217,1.667143377095,-0.3965937564673,-0.1299406659164,0.3966095693982,0.1298897003613
6.237348354824,4.179130225289,1.65095923353,4.179130225289,1.65095923353,-0.3973680136074,-0.128662088243,0.3973838518348,0.1286104379644
6.309573444802,4.189519497976,1.634869173914,4.189519497976,1.634869173914,-0.3981270323794,-0.1273916353624,0.3981428953909,0.1273392932198
6.382634861906,4.199704461509,1.618874734465,4.199704461509,1.618874734465,-0.3988710628812,-0.1261294018052,0.3988869501724,0.1260763605752
6.456542290347,4.209688458562,1.602977367903,4.209688458562,1.602977367903,-0.3996003532251,-0.1248754762814,0.3996162642998,0.1248217286562
6.531305526475,4.219474806009,1.587178445552,4.219474806009,1.587178445552,-0.4003151494554,-0.1236299418301,0.4003310838253,0.1235754804165
6.606934480076,4.229066793754,1.57147925942,4.229066793754,1.57147925942,-0.4010156954699,-0.1223928759686,0.4010316526546,0.122337693287
6.683439175686,4.238467683641,1.555881024271,4.238467683641,1.555881024271,-0.4017022329474,-0.1211643508401,0.4017182124745,0.1211084393227
6.76082975392,4.247680708442,1.540384879677,4.247680708442,1.540384879677,-0.4023750012807,-0.1199444333591,0.4023910026853,0.1198877853495
6.839116472814,4.256709070904,1.524991892041,4.256709070904,1.524991892041,-0.4030342375139,-0.1187331853569,0.4030502603388,0.118675793108
6.918309709189,4.265555942881,1.509703056605,4.265555942881,1.509703056605,-0.4036801762849,-0.1175306637235,0.4036962200805,0.1174725193971
6.998419960023,4.274224464522,1.494519299434,4.274224464522,1.494519299434,-0.4043130497725,-0.1163369205497,0.4043291140968,0.1162780162147
7.079457843841,4.28271774353,1.479441479372,4.28271774353,1.479441479372,-0.4049330876482,-0.1151520032658,0.4049491720664,0.1150923308971
7.161434102129,4.291038854476,1.464470389975,4.291038854476,1.464470389975,-0.405540517032,-0.113975954779,0.4055566211168,0.1139155062565
7.24435960075,4.29919083818,1.449606761413,4.29919083818,1.449606761413,-0.4061355624526,-0.1128088136096,0.4061516857838,0.1127475807164
7.328245331389,4.307176701149,1.434851262348,4.307176701149,1.434851262348,-0.4067184458113,-0.1116506140234,0.4067345879758,0.1115885884452
7.413102413009,4.314999415061,1.420204501782,4.314999415061,1.420204501782,-0.4072893863502,-0.1105013861638,0.4073055469421,0.110438559487
7.498942093325,4.322661916319,1.405667030875,4.322661916319,1.405667030875,-0.4078486006237,-0.1093611561805,0.4078647792438,0.1092975198915
7.585775750292,4.330167105636,1.391239344731,4.330167105636,1.391239344731,-0.4083963024739,-0.1082299463569,0.40841249873,0.1081654918401
7.673614893618,4.337517847688,1.376921884158,4.337517847688,1.376921884158,-0.408932703009,-0.1071077752343,0.4089489165155,0.1070424937716
7.762471166287,4.344716970799,1.362715037393,4.344716970799,1.362715037393,-0.4094580105849,-0.1059946577351,0.4094742409631,0.105928540504
7.852356346101,4.35176726668,1.348619141794,4.35176726668,1.348619141794,-0.4099724307908,-0.1048906052822,0.4099886776682,0.1048236433547
7.943282347243,4.358671490206,1.334634485506,4.358671490206,1.334634485506,-0.4104761664364,-0.1037956259178,0.4104924294472,0.1037278102589
8.035261221856,4.365432359235,1.320761309087,4.365432359235,1.320761309087,-0.4109694175431,-0.1027097244181,0.4109856963277,0.1026410458847
8.128305161641,4.372052554468,1.306999807109,4.372052554468,1.306999807109,-0.4114523813371,-0.1016329024071,0.4114686755423,0.1015633517466
8.222426499471,4.378534719345,1.29335012972,4.378534719345,1.29335012972,-0.4119252522457,-0.1005651584673,0.4119415615243,0.100494726316
8.317637711027,4.384881459972,1.27981238418,4.384881459972,1.27981238418,-0.4123882218953,-0.09950648824821,0.4124045459062,0.09943516513008
8.413951416452,4.391095345091,1.266386636353,4.391095345091,1.266386636353,-0.4128414791127,-0.09845688457249,0.4128578175207,0.09838466089792
8.511380382024,4.397178906072,1.253072912183,4.397178906072,1.253072912183,-0.4132852099277,-0.09741633753987,0.4133015624036,0.0973432036041
8.609937521846,4.403134636944,1.239871199121,4.403134636944,1.239871199121,-0.4137195975781,-0.09638483462857,0.4137359637983,0.09631078061029
8.709635899561,4.408964994448,1.226781447529,4.408964994448,1.226781447529,-0.414144822517,-0.0953623607944,0.4141612021636,0.09528737675437
8.81048873008,4.414672398121,1.21380357205,4.414672398121,1.21380357205,-0.4145610624217,-0.09434889856758,0.4145774551822,0.09427297444718
8.912509381338,4.420259230406,1.200937452942,4.420259230406,1.200937452942,-0.4149684922038,-0.09334442814728,0.4149848977714,0.09326755376705
9.01571137606,4.425727836781,1.188182937385,4.425727836781,1.188182937385,-0.4153672840225,-0.09234892749374,0.4153837020955,0.09227109255193
9.120108393559,4.431080525923,1.175539840751,4.431080525923,1.175539840751,-0.4157576072975,-0.09136237241823,0.4157740375797,0.09128356648931
9.225714271548,4.436319569877,1.163007947851,4.436319569877,1.163007947851,-0.4161396287252,-0.09038473667069,0.4161560709253,0.0903049492039
9.33254300797,4.441447204261,1.150587014137,4.441447204261,1.150587014137,-0.4165135122949,-0.08941599202518,0.4165299661269,0.08933521234297
9.440608762859,4.446465628478,1.138276766891,4.446465628478,1.138276766891,-0.4168794193073,-0.08845610836308,0.4168958844899,0.08837432565963
9.549925860214,4.451377005955,1.126076906363,4.451377005955,1.126076906363,-0.4172375083935,-0.08750505375408,0.4172539846504,0.08742225709378
9.660508789898,4.456183464394,1.1139871069,4.456183464394,1.1139871069,-0.4175879355353,-0.08656279453515,0.417604422595,0.08647897285101
9.772372209558,4.460887096038,1.102007018027,4.460887096038,1.102007018027,-0.4179308540873,-0.0856292953872,0.4179473516827,0.08554443747933
9.88553094657,4.465489957954,1.090136265511,4.465489957954,1.090136265511,-0.4182664147985,-0.08470451940976,0.4182829226673,0.08461861394378
10.0,4.46999407233,1.07837445239,4.46999407233,1.07837445239,-0.4185947658363,-0.08378842819358,0.4186112837207,0.08370146369903
10.1157945426,4.47440142678,1.066721159974,4.47440142678,1.066721159974,-0.4189160528104,-0.08288098189116,0.4189325804569,0.08279294675991
10.23292992281,4.478713974667,1.055175948822,4.478713974667,1.055175948822,-0.4192304187982,-0.08198213928532,0.4192469559574,0.08189302176991
10.35142166679,4.482933635432,1.043738359688,4.482933635432,1.043738359688,-0.4195380043696,-0.08109185785574,0.4195545507966,0.08100164606778
10.47128548051,4.487062294936,1.032407914437,4.487062294936,1.032407914437,-0.4198389476145,-0.08021009384364,0.4198555030683,0.08011877575214
10.59253725177,4.491101805805,1.02118411694,4.491101805805,1.02118411694,-0.4201333841688,-0.07933680231454,0.4201499484124,0.07924436574425
10.71519305238,4.495053987792,1.010066453944,4.495053987792,1.010066453944,-0.4204214472423,-0.07847193721909,0.4204380200426,0.07837836984879
10.83926914021,4.498920628142,0.999054395908,4.498920628142,0.999054395908,-0.4207032676466,-0.07761545145218,0.4207198487745,0.07752074081299
10.96478196143,4.502703481961,0.9881473978198,4.502703481961,0.9881473978198,-0.4209789738237,-0.07676729691014,0.4209955630535,0.07667143038382
11.09174815262,4.506404272594,0.9773448999899,4.506404272594,0.9773448999899,-0.4212486918741,-0.07592742454633,0.4212652889841,0.0758303893635
11.22018454302,4.510024692012,0.9666463288164,4.510024692012,0.9666463288164,-0.4215125455869,-0.07509578442483,0.4215291503586,0.07499756766322
11.35010815672,4.513566401195,0.9560510975288,4.513566401195,0.9560510975288,-0.4217706564682,-0.07427232577259,0.4217872686868,0.07417291435529
11.48153621497,4.517031030527,0.9455586069086,4.517031030527,0.9455586069086,-0.4220231437717,-0.07345699702986,0.4220397632256,0.07335637772351
11.6144861384,4.520420180191,0.9351682459863,4.520420180191,0.9351682459863,-0.4222701245278,-0.07264974589902,0.4222867510089,0.07254790531199
11.7489755494,4.523735420568,0.9248793927176,4.523735420568,0.9248793927176,-0.4225117135742,-0.07185051939187,0.4225283468774,0.07174744397242
11.88502227437,4.526978292637,0.9146914146364,4.526978292637,0.9146914146364,-0.4227480235858,-0.0710592638753,0.4227646635091,0.07095493990974
12.02264434617,4.530150308379,0.9046036694879,4.530150308379,0.9046036694879,-0.4229791651051,-0.07027592511549,0.4229958114497,0.07017033872633
12.16186000646,4.533252951181,0.8946155058403,4.533252951181,0.8946155058403,-0.4232052465726,-0.06950044832072,0.4232218991424,0.06939358546472
12.30268770812,4.536287676245,0.8847262636763,4.536287676245,0.8847262636763,-0.4234263743571,-0.06873277818258,0.4234430329591,0.06862462464891
12.44514611771,4.539255910989,0.8749352749658,4.539255910989,0.8749352749658,-0.4236426527864,-0.06797285891594,0.4236593172302,0.06786340032417
12.58925411794,4.542159055459,0.8652418642178,4.542159055459,0.8652418642178,-0.4238541841773,-0.06722063429744,0.4238708542754,0.06710985609565
12.73503081017,4.544998482731,0.8556453490151,4.544998482731,0.8556453490151,-0.4240610688664,-0.06647604770271,0.4240777444337,0.06636393516547
12.88249551693,4.547775539323,0.8461450405297,4.547775539323,0.8461450405297,-0.4242634052403,-0.06573904214227,0.4242800860942,0.06562558036867
13.03166778452,4.550491545596,0.8367402440206,4.550491545596,0.8367402440206,-0.4244612897655,-0.06500956029615,0.424477975726,0.06489473420776
13.18256738556,4.55314779616,0.8274302593146,4.55314779616,0.8274302593146,-0.4246548170191,-0.06428754454729,0.4246715079085,0.06417133888615
13.33521432163,4.555745560277,0.8182143812699,4.555745560277,0.8182143812699,-0.4248440797183,-0.06357293701377,0.4248607753612,0.06345533634029
13.48962882592,4.558286082266,0.8090919002227,4.558286082266,0.8090919002227,-0.4250291687506,-0.06286567957979,0.4250458689738,0.06274666827069
13.64583136589,4.560770581894,0.8000621024192,4.560770581894,0.8000621024192,-0.4252101732033,-0.06216571392562,0.4252268778357,0.0620452761718
13.80384264603,4.563200254783,0.79112427043,4.563200254783,0.79112427043,-0.425387180393,-0.06147298155633,0.4254038892656,0.06135110136076
13.96368361056,4.565576272801,0.7822776835514,4.565576272801,0.7822776835514,-0.4255602758951,-0.06078742382952,0.4255769888408,0.06066408500506
14.12537544623,4.567899784452,0.7735216181902,4.567899784452,0.7735216181902,-0.4257295435725,-0.060108981982,0.4257462604263,0.05998416814923
14.28893958511,4.570171915272,0.7648553482351,4.570171915272,0.7648553482351,-0.4258950656051,-0.05943759715537,0.4259117862036,0.0593112917404
14.45439770746,4.572393768209,0.7562781454138,4.572393768209,0.7562781454138,-0.4260569225178,-0.05877321042077,0.4260736466994,0.05864539665296
14.62177174457,4.574566424012,0.7477892796368,4.574566424012,0.7477892796368,-0.4262151932094,-0.05811576280245,0.4262319208143,0.05798642371222
14.79108388168,4.576690941611,0.7393880193277,4.576690941611,0.7393880193277,-0.4263699549805,-0.05746519530063,0.4263866858502,0.05733431371715
14.96235656094,4.578768358489,0.7310736317405,4.578768358489,0.7310736317405,-0.4265212835611,-0.05682144891331,0.426538017539,0.05668900746217
15.13561248436,4.580799691061,0.7228453832656,4.580799691061,0.7228453832656,-0.4266692531389,-0.05618446465722,0.4266859900696,0.05605044575814
15.31087461682,4.582785935043,0.714702539722,4.582785935043,0.714702539722,-0.4268139363859,-0.05555418358796,0.4268306761155,0.0554185694524
15.48816618913,4.584728065815,0.7066443666391,4.584728065815,0.7066443666391,-0.4269554044858,-0.0549305468193,0.4269721468616,0.05479331944809
15.66751070108,4.586627038786,0.6986701295269,4.586627038786,0.6986701295269,-0.4270937271608,-0.05431349554161,0.4271104720314,0.05417463672255
15.84893192461,4.588483789751,0.6907790941346,4.588483789751,0.6907790941346,-0.4272289726974,-0.05370297103964,0.4272457199125,0.05356246234502
16.0324539069,4.590299235244,0.6829705266991,4.590299235244,0.6829705266991,-0.4273612079734,-0.05309891470939,0.4273779573839,0.05295673749356
16.21810097359,4.592074272892,0.675243694183,4.592074272892,0.675243694183,-0.427490498483,-0.05250126807436,0.4275072499406,0.05235740347124
16.405897732,4.593809781754,0.6675978645021,4.593809781754,0.6675978645021,-0.4276169083624,-0.05190997280107,0.4276336617199,0.05176440172158
16.59586907438,4.59550662267,0.660032306744,4.59550662267,0.660032306744,-0.4277405004151,-0.05132497071385,0.4277572555263,0.0511776738434
16.78804018123,4.597165638591,0.6525462913762,4.597165638591,0.6525462913762,-0.4278613361368,-0.05074620380898,0.4278780928559,0.05059716160487
16.98243652462,4.598787654918,0.6451390904461,4.598787654918,0.6451390904461,-0.4279794757394,-0.05017361426822,0.4279962339217,0.05002280695704
17.17908387158,4.600373479827,0.6378099777714,4.600373479827,0.6378099777714,-0.4280949781758,-0.04960714447168,0.428111737677,0.04945455204665
17.37800828749,4.601923904591,0.6305582291221,4.601923904591,0.6305582291221,-0.4282079011631,-0.04904673701008,0.4282246618397,0.0488923392284
17.57923613959,4.603439703904,0.6233831223946,4.603439703904,0.6233831223946,-0.4283183012066,-0.04849233469646,0.4283350629155,0.04833611107659
17.78279410039,4.604921636195,0.6162839377769,4.604921636195,0.6162839377769,-0.4284262336227,-0.04794388057727,0.4284429962212,0.04778581039621
17.98870915129,4.606370443934,0.6092599579069,4.606370443934,0.6092599579069,-0.4285317525615,-0.04740131794298,0.4285485159074,0.0472413802335
18.1970085861,4.607786853945,0.6023104680228,4.607786853945,0.6023104680228,-0.4286349110299,-0.0468645903381,0.4286516749812,0.04670276388594
18.40772001469,4.609171577702,0.595434756106,4.609171577702,0.595434756106,-0.4287357609131,-0.04633364157072,0.428752525328,0.04616990491175
18.62087136663,4.610525311627,0.5886321130174,4.610525311627,0.5886321130174,-0.4288343529967,-0.04580841572152,0.4288511177336,0.04564274713892
18.8364908949,4.611848737384,0.5819018326265,4.611848737384,0.5819018326265,-0.4289307369882,-0.04528885715239,0.4289475019056,0.04512123467371
19.05460717963,4.613142522169,0.5752432119342,4.613142522169,0.5752432119342,-0.429024961538,-0.04477491051446,0.4290417264944,0.04460531190873
19.27524913191,4.614407318986,0.5686555511889,4.614407318986,0.5686555511889,-0.4291170742601,-0.04426652075578,0.429133839114,0.0440949235305
19.49844599758,4.615643766935,0.5621381539971,4.615643766935,0.5621381539971,-0.4292071217531,-0.04376363312854,0.4292238863628,0.04359001452674
19.72422736115,4.616852491479,0.5556903274272,4.616852491479,0.5556903274272,-0.4292951496197,-0.04326619319584,0.4293119138432,0.04309053019301
19.95262314969,4.61803410472,0.5493113821084,4.61803410472,0.5493113821084,-0.4293812024866,-0.04277414683813,0.429397966182,0.04259641613919
20.18366363682,4.619189205661,0.5430006323232,4.619189205661,0.5430006323232,-0.4294653240246,-0.0422874402592,0.4294820870492,0.04210761829536
20.4173794467,4.620318380468,0.5367573960954,4.620318380468,0.5367573960954,-0.4295475569668,-0.04180601999182,0.4295643191778,0.04162408291747
20.65380155811,4.621422202729,0.5305809952725,4.621422202729,0.5305809952725,-0.4296279431283,-0.04132983290302,0.4296447043822,0.04114575659254
20.89296130854,4.622501233705,0.5244707556031,4.622501233705,0.5244707556031,-0.4297065234242,-0.04085882619898,0.429723283577,0.04067258624355
21.13489039837,4.623556022577,0.5184260068096,4.623556022577,0.5184260068096,-0.4297833378877,-0.04039294742968,0.429800096795,0.04020451913403
21.37962089502,4.624587106694,0.5124460826563,4.624587106694,0.5124460826563,-0.4298584256887,-0.03993214449315,0.429875183205,0.03974150287226
21.62718523727,4.625595011807,0.5065303210129,4.625595011807,0.5065303210129,-0.4299318251504,-0.03947636563939,0.4299485811297,0.03928348541518
21.8776162395,4.626580252313,0.5006780639139,4.626580252313,0.5006780639139,-0.4300035737673,-0.03902555947408,0.4300203280626,0.03883041507204
22.13094709606,4.627543331478,0.4948886576135,4.627543331478,0.4948886576135,-0.4300737082218,-0.03857967496191,0.4300904606852,0.03838224050771
22.38721138568,4.62848474167,0.4891614526372,4.62848474167,0.4891614526372,-0.4301422644009,-0.03813866142966,0.4301590148835,0.03793891074572
22.64644307593,4.629404964581,0.4834958038285,4.629404964581,0.4834958038285,-0.4302092774128,-0.03770246856908,0.4302260257646,0.03750037517107
22.90867652768,4.630304471446,0.4778910703929,4.630304471446,0.4778910703929,-0.4302747816025,-0.03727104643937,0.4302915276723,0.0370665835327
23.17394649969,4.631183723259,0.4723466159375,4.631183723259,0.4723466159375,-0.4303388105679,-0.03684434546957,0.4303555542033,0.03663748594583
23.4422881532,4.632043170982,0.4668618085082,4.632043170982,0.4668618085082,-0.4304013971753,-0.03642231646058,0.4304181382225,0.03621303289395
23.71373705662,4.632883255758,0.4614360206221,4.632883255758,0.4614360206221,-0.4304625735741,-0.03600491058703,0.430479311878,0.03579317523061
23.9883291902,4.633704409111,0.4560686292984,4.633704409111,0.4560686292984,-0.4305223712127,-0.03559207939891,0.4305391066166,0.03537786418105
24.26610095082,4.634507053145,0.4507590160847,4.634507053145,0.4507590160847,-0.4305808208519,-0.03518377482297,0.4305975531976,0.03496705134355
24.54708915685,4.635291600743,0.4455065670815,4.635291600743,0.4455065670815,-0.4306379525802,-0.03477994916393,0.4306546817079,0.03456068869058
24.83133105296,4.636058455761,0.4403106729633,4.636058455761,0.4403106729633,-0.4306937958276,-0.03438055510551,0.4307105215757,0.0341587285698
25.1188643151,4.636808013211,0.435170728997,4.636808013211,0.435170728997,-0.4307483793792,-0.03398554571123,0.4307651015842,0.0337611237048
25.40972705549,4.637540659453,0.4300861350581,4.637540659453,0.4300861350581,-0.430801731389,-0.0335948744251,0.4308184498857,0.03336782719575
25.70395782769,4.638256772373,0.4250562956437,4.638256772373,0.4250562956437,-0.4308538793931,-0.03320849507203,0.4308705940141,0.03297879251979
26.00159563165,4.638956721563,0.4200806198836,4.638956721563,0.4200806198836,-0.4309048503229,-0.0328263618582,0.4309215608988,0.03259397353133
26.30267991895,4.639640868495,0.4151585215492,4.639640868495,0.4151585215492,-0.4309546705175,-0.03244842937116,0.4309713768768,0.0322133244621
26.60725059799,4.640309566694,0.4102894190594,4.640309566694,0.4102894190594,-0.4310033657369,-0.03207465257987,0.4310200677057,0.03183679992115
26.91534803927,4.640963161905,0.4054727354857,4.640963161905,0.4054727354857,-0.4310509611733,-0.03170498683451,0.4310676585756,0.03146435489463
27.22701308078,4.641601992259,0.4007078985537,4.641601992259,0.4007078985537,-0.4310974814644,-0.03133938786623,0.4311141741215,0.03109594474545
27.54228703338,4.642226388433,0.3959943406437,4.642226388433,0.3959943406437,-0.4311429507041,-0.03097781178668,0.4311596384348,0.03073152521281
27.8612116863,4.642836673812,0.3913314987895,4.642836673812,0.3913314987895,-0.4311873924548,-0.03062021508752,0.4312040750754,0.03037105241162
28.18382931265,4.64343316464,0.3867188146742,4.64343316464,0.3867188146742,-0.4312308297584,-0.0302665546397,0.4312475070823,0.03001448283176
28.51018267504,4.644016170176,0.3821557346261,4.644016170176,0.3821557346261,-0.4312732851475,-0.02991678769269,0.4312899569855,0.02966177333724
28.84031503127,4.644585992843,0.3776417096112,4.644585992843,0.3776417096112,-0.4313147806565,-0.02957087187358,0.4313314468163,0.02931288116526
29.17427014001,4.645142928371,0.3731761952255,4.645142928371,0.3731761952255,-0.431355337832,-0.02922876518606,0.4313719981184,0.02896776392513
29.51209226666,4.645687265947,0.3687586516845,4.645687265947,0.3687586516845,-0.4313949777435,-0.02889042600933,0.4314116319581,0.02862637959716
29.85382618918,4.646219288347,0.3643885438127,4.646219288347,0.3643885438127,-0.4314337209935,-0.02855581309689,0.4314503689346,0.02828868653132
30.19951720402,4.646739272082,0.3600653410306,4.646739272082,0.3600653410306,-0.4314715877278,-0.02822488557523,0.4314882291905,0.02795464344597
30.54921113216,4.647247487527,0.3557885173407,4.647247487527,0.3557885173407,-0.4315085976451,-0.02789760294247,0.4315252324209,0.02762420942639
30.90295432514,4.647744199057,0.3515575513126,4.647744199057,0.3515575513126,-0.4315447700066,-0.02757392506687,0.4315613978836,0.02729734392323
31.26079367124,4.648229665174,0.3473719260665,4.648229665174,0.3473719260665,-0.4315801236459,-0.02725381218527,0.4315967444084,0.02697400675094
31.62277660168,4.648704138637,0.3432311292556,4.648704138637,0.3432311292556,-0.4316146769777,-0.0269372249015,0.4316312904063,0.02665415808609
31.98895109691,4.649167866582,0.3391346530476,4.649167866582,0.3391346530476,-0.4316484480073,-0.02662412418467,0.4316650538786,0.0263377584656
32.35936569296,4.649621090647,0.3350819941052,4.649621090647,0.3350819941052,-0.4316814543392,-0.0263144713674,0.431698052426,0.02602476878493
32.73406948788,4.65006404709,0.3310726535652,4.65006404709,0.3310726535652,-0.4317137131862,-0.02600822814398,0.4317303032569,0.02571515029618
33.11311214826,4.650496966908,0.3271061370174,4.650496966908,0.3271061370174,-0.4317452413773,-0.02570535656851,0.4317618231962,0.02540886460617
33.49654391578,4.650920075946,0.3231819544818,4.650920075946,0.3231819544818,-0.4317760553666,-0.02540581905294,0.4317926286936,0.02510587367441
33.88441561392,4.651333595017,0.3192996203855,4.651333595017,0.3192996203855,-0.4318061712413,-0.02510957836506,0.4318227358317,0.02480613981103
34.27677865465,4.651737740003,0.3154586535385,4.651737740003,0.3154586535385,-0.4318356047296,-0.02481659762645,0.4318521603342,0.0245096256747
34.67368504525,4.65213272197,0.3116585771092,4.65213272197,0.3116585771092,-0.4318643712087,-0.02452684031039,0.4318809175734,0.02421629427044
35.07518739526,4.652518747267,0.3078989185986,4.652518747267,0.3078989185986,-0.4318924857124,-0.0242402702397,0.4319090225782,0.02392610894742
35.48133892336,4.652896017634,0.3041792098143,4.652896017634,0.3041792098143,-0.4319199629384,-0.02395685158453,0.4319364900415,0.02363903339668
35.8921934645,4.653264730299,0.3004989868433,4.653264730299,0.3004989868433,-0.4319468172562,-0.02367654886018,0.4319633343273,0.02335503164889
36.30780547701,4.65362507808,0.296857790025,4.65362507808,0.296857790025,-0.4319730627137,-0.02339932692478,0.4319895694783,0.02307406807196
36.72823004981,4.653977249478,0.293255163923,4.653977249478,0.293255163923,-0.4319987130447,-0.023125150977,0.4320152092228,0.02279610736871
37.15352290972,4.654321428775,0.2896906572963,4.654321428775,0.2896906572963,-0.4320237816754,-0.02285398655374,0.4320402669814,0.02252111457443
37.58374042885,4.654657796124,0.2861638230709,4.654657796124,0.2861638230709,-0.4320482817315,-0.02258579952771,0.432064755874,0.02224905505449
38.01893963206,4.654986527641,0.2826742183096,4.654986527641,0.2826742183096,-0.4320722260447,-0.02232055610508,0.4320886887265,0.02197989450183
38.45917820454,4.655307795495,0.2792214041822,4.655307795495,0.2792214041822,-0.4320956271591,-0.02205822282302,0.4321120780768,0.0217135989345
38.90451449943,4.65562176799,0.2758049459356,4.65562176799,0.2758049459356,-0.4321184973376,-0.02179876654727,0.4321349361816,0.02145013469312
39.35500754558,4.655928609655,0.2724244128623,4.655928609655,0.2724244128623,-0.432140848568,-0.02154215446968,0.4321572750223,0.02118946843835
39.81071705535,4.656228481325,0.2690793782698,4.656228481325,0.2690793782698,-0.4321626925693,-0.02128835410568,0.4321791063112,0.02093156714833
40.27170343255,4.656521540224,0.2657694194491,4.656521540224,0.2657694194491,-0.4321840407973,-0.0210373332918,0.4322004414976,0.02067639811608
40.73802778041,4.656807940041,0.2624941176427,4.656807940041,0.2624941176427,-0.4322049044507,-0.02078906018313,0.4322212917731,0.02042392894694
41.20975190973,4.657087831011,0.2592530580126,4.657087831011,0.2592530580126,-0.4322252944767,-0.02054350325078,0.4322416680779,0.02017412755591
41.68693834703,4.657361359992,0.2560458296083,4.657361359992,0.2560458296083,-0.4322452215765,-0.02030063127932,0.4322615811058,0.01992696216501
42.16965034286,4.657628670536,0.2528720253337,4.657628670536,0.2528720253337,-0.4322646962108,-0.02006041336419,0.4322810413101,0.0196824013007
42.65795188016,4.657889902965,0.2497312419148,4.657889902965,0.2497312419148,-0.4322837286049,-0.01982281890917,0.4323000589085,0.01944041379115
43.15190768278,4.658145194442,0.2466230798666,4.658145194442,0.2466230798666,-0.4323023287545,-0.01958781762371,0.4323186438887,0.0192009687636
43.65158322402,4.65839467904,0.2435471434596,4.65839467904,0.2435471434596,-0.43232050643,-0.0193553795204,0.4323368060133,0.0189640356417
44.15704473533,4.65863848781,0.2405030406871,4.65863848781,0.2405030406871,-0.4323382711823,-0.01912547491234,0.4323545548247,0.0187295841428
44.6683592151,4.65887674885,0.237490383231,4.65887674885,0.237490383231,-0.432355632347,-0.0188980744105,0.4323718996502,0.01849758427527
45.18559443749,4.659109587369,0.2345087864289,4.659109587369,0.2345087864289,-0.4323725990496,-0.01867314892112,0.4323888496065,0.01826800633578
45.70881896149,4.659337125751,0.2315578692398,4.659337125751,0.2315578692398,-0.4323891802098,-0.01845066964311,0.4324054136047,0.01804082090663
46.23810213993,4.659559483617,0.2286372542107,4.659559483617,0.2286372542107,-0.4324053845467,-0.01823060806541,0.4324216003545,0.01781599885303
46.77351412872,4.659776777888,0.2257465674424,4.659776777888,0.2257465674424,-0.4324212205825,-0.01801293596432,0.4324374183688,0.01759351132037
47.31512589615,4.659989122845,0.2228854385556,4.659989122845,0.2228854385556,-0.4324366966473,-0.01779762540096,0.4324528759684,0.01737332973155
47.86300923226,4.660196630184,0.2200535006572,4.660196630184,0.2200535006572,-0.4324518208836,-0.01758464871856,0.4324679812857,0.01715542578423
48.41723675841,4.660399409078,0.2172503903056,4.660399409078,0.2172503903056,-0.4324666012498,-0.01737397853989,0.4324827422692,0.01693977144816
48.97788193685,4.660597566231,0.2144757474772,4.660597566231,0.2144757474772,-0.432481045525,-0.01716558776463,0.4324971666877,0.01672633896243
49.54501908048,4.660791205933,0.211729215532,4.660791205933,0.211729215532,-0.4324951613125,-0.0169594495667,0.4325112621341,0.01651510083277
50.11872336273,4.660980430112,0.2090104411795,4.660980430112,0.2090104411795,-0.432508956044,-0.01675553739171,0.4325250360291,0.01630602982889
50.69907082747,4.66116533839,0.2063190744445,4.66116533839,0.2063190744445,-0.4325224369833,-0.01655382495432,0.4325384956256,0.01609909898172
51.28613839914,4.661346028132,0.2036547686331,4.661346028132,0.2036547686331,-0.4325356112301,-0.01635428623564,0.4325516480119,0.01589428158073
51.8800038929,4.661522594497,0.2010171802986,4.661522594497,0.2010171802986,-0.4325484857237,-0.01615689548058,0.4325645001157,0.01569155117127
52.48074602498,4.661695130485,0.1984059692075,4.661695130485,0.1984059692075,-0.4325610672464,-0.01596162719536,0.4325770587076,0.01549088155183
53.0884444231,4.661863726988,0.1958207983052,4.661863726988,0.1958207983052,-0.4325733624273,-0.01576845614481,0.4325893304043,0.01529224677142
53.70317963703,4.662028472836,0.1932613336825,4.662028472836,0.1932613336825,-0.4325853777454,-0.01557735734988,0.4326013216725,0.01509562112683
54.32503314924,4.662189454843,0.1907272445411,4.662189454843,0.1907272445411,-0.4325971195332,-0.01538830608499,0.4326130388319,0.01490097916
54.95408738576,4.662346757849,0.1882182031602,4.662346757849,0.1882182031602,-0.4326085939799,-0.01520127787554,0.4326244880587,0.01470829565539
55.59042572704,4.662500464769,0.1857338848627,4.662500464769,0.1857338848627,-0.4326198071345,-0.01501624849532,0.4326356753884,0.01451754563724
56.23413251904,4.662650656633,0.1832739679814,4.662650656633,0.1832739679814,-0.4326307649091,-0.01483319396396,0.4326466067195,0.01432870436703
56.88529308439,4.662797412626,0.1808381338251,4.662797412626,0.1808381338251,-0.4326414730819,-0.0146520905444,0.4326572878161,0.01414174734076
57.54399373372,4.662940810135,0.1784260666457,4.662940810135,0.1784260666457,-0.4326519373001,-0.01447291474039,0.4326677243112,0.01395665028639
58.21032177709,4.663080924782,0.1760374536042,4.663080924782,0.1760374536042,-0.432662163083,-0.01429564329395,0.4326779217092,0.01377338916118
58.88436553556,4.663217830469,0.1736719847377,4.663217830469,0.1736719847377,-0.4326721558248,-0.01412025318289,0.4326878853894,0.0135919401491
59.5662143529,4.663351599413,0.1713293529261,4.663351599413,0.1713293529261,-0.4326819207973,-0.01394672161831,0.4326976206081,0.01341227965825
60.25595860744,4.663482302185,0.169009253859,4.663482302185,0.169009253859,-0.4326914631527,-0.01377502604211,0.4327071325018,0.01323438431826
60.95368972402,4.663610007746,0.1667113860025,4.663610007746,0.1667113860025,-0.4327007879265,-0.01360514412456,0.4327164260898,0.01305823097773
61.65950018615,4.663734783483,0.1644354505668,4.663734783483,0.1644354505668,-0.4327099000396,-0.0134370537618,0.4327255062765,0.01288379670165
62.37348354824,4.663856695244,0.162181151473,4.663856695244,0.162181151473,-0.4327188043015,-0.01327073307346,0.4327343778545,0.01271105876886
63.09573444802,4.663975807374,0.1599481953208,4.663975807374,0.1599481953208,-0.4327275054123,-0.01310616040018,0.4327430455064,0.01253999466952
63.82634861906,4.664092182744,0.1577362913557,4.664092182744,0.1577362913557,-0.4327360079653,-0.01294331430122,0.432751513808,0.01237058210258
64.56542290347,4.664205882789,0.155545151437,4.664205882789,0.155545151437,-0.4327443164497,-0.01278217355205,0.4327597872301,0.01220279897326
65.31305526475,4.664316967537,0.1533744900054,4.664316967537,0.1533744900054,-0.4327524352522,-0.01262271714199,0.432767870141,0.01203662339056
66.06934480076,4.66442549564,0.1512240240508,4.66442549564,0.1512240240508,-0.4327603686602,-0.01246492427182,0.4327757668089,0.01187203366475
66.83439175686,4.664531524407,0.1490934730807,4.664531524407,0.1490934730807,-0.4327681208633,-0.01230877435139,0.4327834814041,0.01170900830493
67.6082975392,4.664635109832,0.1469825590881,4.664635109832,0.1469825590881,-0.4327756959559,-0.01215424699736,0.432791018001,0.01154752601653
68.39116472814,4.664736306621,0.1448910065201,4.664736306621,0.1448910065201,-0.4327830979393,-0.01200132203079,0.4327983805804,0.01138756569888
69.1830970919,4.664835168227,0.1428185422463,4.664835168227,0.1428185422463,-0.4327903307234,-0.01184997947484,0.4328055730314,0.01122910644279
69.98419960023,4.664931746873,0.1407648955273,4.664931746873,0.1407648955273,-0.4327973981293,-0.01170019955252,0.4328125991537,0.01107212752807
70.79457843842,4.665026093577,0.138729797984,4.665026093577,0.138729797984,-0.432804303891,-0.01155196268435,0.4328194626594,0.01091660842119
71.61434102129,4.665118258188,0.136712983566,4.665118258188,0.136712983566,-0.4328110516573,-0.01140524948611,0.4328261671748,0.01076252877283
72.4435960075,4.6652082894,0.1347141885211,4.6652082894,0.1347141885211,-0.4328176449939,-0.01126004076659,0.4328327162428,0.01060986841553
73.28245331389,4.665296234788,0.1327331513645,4.665296234788,0.1327331513645,-0.432824087385,-0.01111631752535,0.4328391133243,0.01045860736129
74.13102413009,4.665382140825,0.1307696128483,4.665382140825,0.1307696128483,-0.4328303822356,-0.01097406095046,0.4328453617998,0.01030872579926
74.98942093325,4.665466052913,0.1288233159307,4.665466052913,0.1288233159307,-0.4328365328727,-0.01083325241635,0.432851464972,0.01016020409334
75.85775750292,4.6655480154,0.1268940057464,4.6655480154,0.1268940057464,-0.4328425425473,-0.01069387348156,0.4328574260668,0.01001302277989
76.73614893618,4.66562807161,0.124981429576,4.66562807161,0.124981429576,-0.4328484144362,-0.01055590588661,0.4328632482352,0.0098671625654
77.62471166287,4.66570626386,0.1230853368163,4.66570626386,0.1230853368163,-0.4328541516437,-0.01041933155177,0.432868934555,0.009722604324204
78.52356346101,4.665782633484,0.1212054789506,4.665782633484,0.1212054789506,-0.4328597572028,-0.01028413257497,0.4328744880323,0.009579329096168
79.43282347243,4.665857220859,0.1193416095189,4.665857220859,0.1193416095189,-0.4328652340774,-0.01015029122965,0.4328799116035,0.009437318084434
80.35261221856,4.665930065417,0.1174934840886,4.665930065417,0.1174934840886,-0.4328705851634,-0.01001778996261,0.432885208136,0.00929655265315
81.28305161641,4.666001205676,0.115660860225,4.666001205676,0.115660860225,-0.4328758132903,-0.009886611391959,0.4328903804306,0.009157014325228
82.22426499471,4.666070679251,0.1138434974625,4.666070679251,0.1138434974625,-0.4328809212229,-0.009756738304976,0.4328954312224,0.009018684780106
83.17637711027,4.666138522881,0.1120411572756,4.666138522881,0.1120411572756,-0.4328859116624,-0.009628153656066,0.4329003631824,0.008881545851531
84.13951416452,4.666204772444,0.1102536030496,4.666204772444,0.1102536030496,-0.4328907872484,-0.00950084056469,0.4329051789189,0.00874557952535
85.11380382024,4.666269462976,0.1084806000526,4.666269462976,0.1084806000526,-0.4328955505594,-0.009374782313327,0.4329098809791,0.008610767937316
86.09937521846,4.666332628692,0.1067219154067,4.666332628692,0.1067219154067,-0.432900204115,-0.00924996234544,0.4329144718498,0.008477093370913
87.09635899561,4.666394303003,0.1049773180595,4.666394303003,0.1049773180595,-0.4329047503768,-0.009126364263468,0.4329189539594,0.00834453825518
88.1048873008,4.666454518529,0.1032465787565,4.666454518529,0.1032465787565,-0.4329091917497,-0.009003971826825,0.4329233296789,0.008213085162567
89.12509381338,4.666513307125,0.1015294700123,4.666513307125,0.1015294700123,-0.4329135305833,-0.008882768949916,0.4329276013231,0.008082716806789
90.1571137606,4.66657069989,0.09982576608328,4.66657069989,0.09982576608328,-0.4329177691731,-0.008762739700167,0.4329317711517,0.007953416040697
91.20108393559,4.666626727186,0.0981352429398,4.666626727186,0.0981352429398,-0.4329219097615,-0.008643868296075,0.432935841371,0.00782516585417
92.25714271548,4.666681418655,0.09645767823849,4.666681418655,0.09645767823849,-0.4329259545395,-0.008526139105267,0.4329398141342,0.007697949372004
93.3254300797,4.666734803234,0.09479285129495,4.666734803234,0.09479285129495,-0.4329299056472,-0.008409536642572,0.4329436915436,0.007571749851834
94.40608762859,4.666786909167,0.09314054305647,4.666786909167,0.09314054305647,-0.4329337651753,-0.008294045568116,0.4329474756506,0.007446550682045
95.49925860215,4.666837764027,0.09150053607489,4.666837764027,0.09150053607489,-0.4329375351662,-0.008179650685423,0.4329511684578,0.007322335379721
96.60508789898,4.666887394723,0.08987261447971,4.666887394723,0.08987261447971,-0.4329412176149,-0.008066336939534,0.4329547719192,0.007199087588582
97.72372209558,4.666935827518,0.08825656395117,4.666935827518,0.08825656395117,-0.4329448144703,-0.007954089415142,0.4329582879418,0.007076791076954
98.8553094657,4.666983088044,0.08665217169369,4.666983088044,0.08665217169369,-0.432948327636,-0.007842893334737,0.4329617183863,0.006955429735737
100.0,4.667029201311,0.08505922640925,4.667029201311,0.08505922640925,-0.4329517589714,-0.007732734056766,0.4329650650683,0.00683498757639
101.157945426,4.667074191724,0.08347751827106,4.667074191724,0.08347751827106,-0.4329551102926,-0.007623597073813,0.4329683297591,0.006715448728932
102.3292992281,4.667118083096,0.08190683889724,4.667118083096,0.08190683889724,-0.4329583833736,-0.007515468010782,0.4329715141865,0.006596797439946
103.5142166679,4.667160898656,0.08034698132488,4.667160898656,0.08034698132488,-0.4329615799467,-0.007408332623104,0.4329746200362,0.006479018070603
104.7128548051,4.667202661068,0.07879773998384,4.667202661068,0.07879773998384,-0.4329647017042,-0.007302176794953,0.432977648952,0.006362095094694
105.9253725177,4.667243392436,0.07725891067111,4.667243392436,0.07725891067111,-0.4329677502985,-0.007196986537473,0.4329806025374,0.00624601309667
107.1519305238,4.667283114322,0.07573029052499,4.667283114322,0.07573029052499,-0.4329707273436,-0.007092747987025,0.4329834823558,0.006130756769703
108.3926914021,4.667321847753,0.07421167799959,4.667321847753,0.07421167799959,-0.4329736344154,-0.006989447403441,0.4329862899317,0.006016310913745
109.6478196143,4.667359613233,0.07270287283935,4.667359613233,0.07270287283935,-0.4329764730531,-0.006887071168296,0.4329890267515,0.005902660433612
110.9174815262,4.667396430755,0.07120367605373,4.667396430755,0.07120367605373,-0.4329792447596,-0.006785605783189,0.432991694264,0.005789790337065
112.2018454302,4.66743231981,0.06971388989204,4.66743231981,0.06971388989204,-0.4329819510023,-0.00668503786804,0.4329942938814,0.005677685732913
113.5010815672,4.667467299399,0.06823331781838,4.667467299399,0.06823331781838,-0.432984593214,-0.006585354159399,0.4329968269802,0.005566331829122
114.8153621497,4.667501388042,0.06676176448669,4.667501388042,0.06676176448669,-0.4329871727939,-0.006486541508766,0.4329992949016,0.005455713930933
116.144861384,4.667534603786,0.06529903571595,4.667534603786,0.06529903571595,-0.4329896911078,-0.006388586880927,0.4330016989521,0.005345817438991
117.489755494,4.667566964219,0.06384493846542,4.667566964219,0.06384493846542,-0.4329921494892,-0.006291477352297,0.4330040404047,0.005236627847486
118.8502227437,4.667598486475,0.06239928081016,4.667598486475,0.06239928081016,-0.4329945492399,-0.006195200109283,0.4330063204992,0.005128130742303
120.2264434617,4.667629187245,0.06096187191646,4.667629187245,0.06096187191646,-0.4329968916306,-0.006099742446652,0.4330085404429,0.005020311799183
121.6186000646,4.667659082785,0.05953252201754,4.667659082785,0.05953252201754,-0.4329991779019,-0.006005091765915,0.4330107014115,0.004913156781886
123.0268770812,4.667688188926,0.05811104238929,4.667688188926,0.05811104238929,-0.4330014092644,-0.005911235573719,0.4330128045491,0.004806651540379
124.4514611771,4.667716521081,0.05669724532608,4.667716521081,0.05669724532608,-0.4330035869,-0.005818161480259,0.4330148509695,0.004700782009013
125.8925411794,4.667744094253,0.05529094411686,4.667744094253,0.05529094411686,-0.4330057119618,-0.005725857197691,0.4330168417565,0.004595534204731
127.3503081017,4.667770923043,0.05389195302105,4.667770923043,0.05389195302105,-0.4330077855753,-0.005634310538565,0.4330187779644,0.004490894225264
128.8249551693,4.667797021661,0.05250008724482,4.667797021661,0.05250008724482,-0.4330098088389,-0.005543509414263,0.4330206606184,0.004386848247354
130.3166778452,4.667822403926,0.05111516291739,4.667822403926,0.05111516291739,-0.433011782824,-0.005453441833455,0.4330224907157,0.004283382524971
131.8256738556,4.667847083282,0.04973699706729,4.667847083282,0.04973699706729,-0.4330137085762,-0.005364095900558,0.4330242692255,0.004180483387548
133.3521432163,4.667871072799,0.04836540759887,4.667871072799,0.04836540759887,-0.4330155871155,-0.005275459814214,0.4330259970898,0.004078137238221
134.8962882592,4.667894385183,0.04700021326892,4.667894385183,0.04700021326892,-0.433017419437,-0.005187521865772,0.4330276752237,0.003976330552075
136.4583136589,4.667917032779,0.0456412336632,4.667917032779,0.0456412336632,-0.4330192065112,-0.005100270437788,0.433029304516,0.003875049874404
138.0384264603,4.667939027584,0.04428828917322,4.667939027584,0.04428828917322,-0.4330209492847,-0.005013694002525,0.4330308858297,0.003774281818971
139.6368361056,4.667960381246,0.04294120097306,4.667960381246,0.04294120097306,-0.4330226486807,-0.004927781120473,0.4330324200024,0.003674013066279
141.2537544623,4.667981105076,0.04159979099627,4.667981105076,0.04159979099627,-0.4330243055994,-0.004842520438878,0.4330339078466,0.003574230361856
142.8893958511,4.668001210051,0.04026388191291,4.668001210051,0.04026388191291,-0.4330259209185,-0.004757900690272,0.4330353501504,0.003474920514532
144.5439770746,4.668020706819,0.03893329710644,4.668020706819,0.03893329710644,-0.4330274954937,-0.004673910691029,0.4330367476779,0.003376070394741
146.2177174457,4.668039605708,0.037607860651,4.668039605708,0.037607860651,-0.4330290301591,-0.004590539339913,0.4330381011692,0.003277666932815
147.9108388168,4.668057916728,0.03628739728861,4.668057916728,0.03628739728861,-0.4330305257278,-0.004507775616649,0.4330394113414,0.003179697117293
149.6235656094,4.668075649578,0.03497173240637,4.668075649578,0.03497173240637,-0.433031982992,-0.004425608580495,0.4330406788885,0.003082147993233
151.3561248436,4.668092813652,0.03366069201387,4.668092813652,0.03366069201387,-0.4330334027239,-0.004344027368832,0.4330419044818,0.002985006660534
153.1087461682,4.668109418041,0.03235410272056,4.668109418041,0.03235410272056,-0.4330347856754,-0.004263021195754,0.4330430887707,0.002888260272259
154.8816618913,4.668125471541,0.03105179171331,4.668125471541,0.03105179171331,-0.4330361325794,-0.004182579350672,0.4330442323825,0.00279189603297
156.6751070108,4.668140982656,0.02975358673386,4.668140982656,0.02975358673386,-0.4330374441494,-0.004102691196929,0.433045335923,0.002695901197061
158.4893192461,4.668155959603,0.02845931605642,4.668155959603,0.02845931605642,-0.4330387210803,-0.004023346170416,0.4330463999769,0.002600263067106
160.324539069,4.668170410315,0.02716880846542,4.668170410315,0.02716880846542,-0.4330399640486,-0.003944533778205,0.4330474251078,0.002504968992204
162.1810097359,4.668184342447,0.02588189323312,4.668184342447,0.02588189323312,-0.4330411737129,-0.003866243597187,0.4330484118587,0.002410006366335
164.05897732,4.66819776338,0.02459840009739,4.66819776338,0.02459840009739,-0.4330423507142,-0.003788465272716,0.4330493607525,0.00231536262672
165.9586907438,4.668210680222,0.02331815923959,4.668210680222,0.02331815923959,-0.433043495676,-0.003711188517266,0.4330502722918,0.002221025252181
167.8804018123,4.668223099818,0.0220410012623,4.668223099818,0.0220410012623,-0.433044609205,-0.003634403109091,0.4330511469595,0.002126981761512
169.8243652462,4.668235028745,0.02076675716737,4.668235028745,0.02076675716737,-0.4330456918913,-0.003558098890899,0.4330519852191,0.002033219711854
171.7908387158,4.668246473323,0.01949525833372,4.668246473323,0.01949525833372,-0.4330467443084,-0.003482265768526,0.4330527875146,0.00193972669707
173.7800828749,4.668257439616,0.01822633649542,4.668257439616,0.01822633649542,-0.4330477670141,-0.003406893709624,0.433053554271,0.001846490346126
175.7923613959,4.668267933431,0.01695982371969,4.668267933431,0.01695982371969,-0.4330487605503,-0.003331972742354,0.4330542858947,0.001753498321481
177.8279410039,4.668277960329,0.01569555238492,4.668277960329,0.01569555238492,-0.4330497254433,-0.003257492954087,0.4330549827731,0.00166073831747
179.8870915129,4.66828752562,0.01443335515876,4.66828752562,0.01443335515876,-0.4330506622046,-0.00318344449011,0.4330556452755,0.001568198058705
181.970085861,4.668296634373,0.01317306497626,4.668296634373,0.01317306497626,-0.4330515713304,-0.003109817552342,0.433056273753,0.001475865298463
184.0772001469,4.668305291412,0.011914515018,4.668305291412,0.011914515018,-0.4330524533025,-0.003036602398054,0.4330568685384,0.001383727817093
186.2087136663,4.668313501323,0.01065753868824,4.668313501323,0.01065753868824,-0.4330533085884,-0.0029637893386,0.4330574299468,0.001291773420415
188.364908949,4.668321268455,0.009401969593111,4.668321268455,0.009401969593111,-0.4330541376411,-0.002891368738148,0.4330579582758,0.001199989938127
190.5460717963,4.668328596922,0.008147641518807,4.668328596922,0.008147641518807,-0.4330549409001,-0.002819331012425,0.4330584538052,0.001108365222214
192.7524913191,4.668335490606,0.006894388409855,4.668335490606,0.006894388409855,-0.433055718791,-0.002747666627463,0.4330589167976,0.001016887145358
194.9844599758,4.66834195316,0.00564204434727,4.66834195316,0.00564204434727,-0.433056471726,-0.00267636609835,0.4330593474982,0.0009255435993512
197.2422736115,4.668347988005,0.004390443526855,4.668347988005,0.004390443526855,-0.4330572001041,-0.002605419987995,0.4330597461353,0.0008343224935116
199.5262314969,4.668353598339,0.003139420237434,4.668353598339,0.003139420237434,-0.4330579043114,-0.002534818905888,0.4330601129199,0.000743211753102
201.8366363682,4.668358787133,0.001888808839163,4.668358787133,0.001888808839163,-0.433058584721,-0.002464553506874,0.4330604480466,0.0006521993177469
204.173794467,4.668363557134,0.0006384437416612,4.668363557134,0.0006384437416612,-0.4330592416935,-0.002394614489931,0.4330607516927,0.0005612731398549
206.5380155811,4.66836791087,-0.0006118406176305,4.66836791087,-0.0006118406176305,-0.433059875577,-0.00232499259695,0.4330610240191,0.0004704211830405
208.9296130854,4.668371850644,-0.00186220979513,4.668371850644,-0.00186220979513,-0.4330604867075,-0.002255678611522,0.4330612651702,0.0003796314205468
211.3489039837,4.668375378545,-0.003112829362999,4.668375378545,-0.003112829362999,-0.4330610754089,-0.002186663357733,0.4330614752737,0.0002888918336714
213.7962089502,4.668378496438,-0.004363864930813,4.668378496438,-0.004363864930813,-0.4330616419931,-0.002117937698958,0.4330616544408,0.0001981904101896
216.2718523727,4.668381205976,-0.005615482167356,4.668381205976,-0.005615482167356,-0.4330621867605,-0.002049492536667,0.4330618027665,0.0001075151427824
218.776162395,4.668383508591,-0.00686784682235,4.668383508591,-0.00686784682235,-0.4330627099996,-0.001981318809232,0.4330619203294,1.685402746164e-05
221.3094709606,4.668385405502,-0.008121124748283,4.668385405502,-0.008121124748283,-0.4330632119879,-0.001913407490733,0.4330620071916,-7.380493800293e-05
223.8721138568,4.668386897713,-0.009375481922219,4.668386897713,-0.009375481922219,-0.4330636929914,-0.001845749589784,0.4330620633992,-0.0001644737556565
226.4644307593,4.668387986012,-0.01063108446759,4.668387986012,-0.01063108446759,-0.4330641532649,-0.001778336148343,0.433062088982,-0.0002551644289335
229.0867652768,4.668388670974,-0.01188809867613,4.668388670974,-0.01188809867613,-0.4330645930525,-0.001711158240542,0.4330620839534,-0.0003458889642303
231.7394649969,4.66838895296,-0.01314669102962,4.66838895296,-0.01314669102962,-0.4330650125872,-0.001644206971517,0.4330620483107,-0.0004366593724797
234.422881532,4.668388832117,-0.01440702822192,4.668388832117,-0.01440702822192,-0.4330654120914,-0.001577473476236,0.4330619820351,-0.0005274876707255
237.1373705662,4.668388308379,-0.01566927718086,4.668388308379,-0.01566927718086,-0.4330657917767,-0.001510948918337,0.4330618850913,-0.0006183858836986
239.883291902,4.668387381465,-0.01693360509021,4.668387381465,-0.01693360509021,-0.4330661518445,-0.001444624488967,0.433061757428,-0.0007093660453928
242.6610095082,4.668386050883,-0.01820017941169,4.668386050883,-0.01820017941169,-0.4330664924855,-0.001378491405628,0.4330615989774,-0.0008004402006428
245.4708915685,4.668384315924,-0.019469167907,4.668384315924,-0.019469167907,-0.4330668138803,-0.001312540911018,0.4330614096556,-0.0008916204067042
248.3133105296,4.668382175666,-0.02074073865995,4.668382175666,-0.02074073865995,-0.4330671161993,-0.001246764271885,0.4330611893622,-0.0009829187348335
251.188643151,4.668379628973,-0.0220150600986,4.668379628973,-0.0220150600986,-0.4330673996026,-0.001181152777877,0.4330609379804,-0.001074347271871
254.0972705549,4.668376674493,-0.02329230101741,4.668376674493,-0.02329230101741,-0.4330676642405,-0.001115697740398,0.433060655377,-0.001165918121827
257.0395782769,4.668373310655,-0.02457263059946,4.668373310655,-0.02457263059946,-0.4330679102533,-0.001050390491468,0.4330603414021,-0.001257643407464
260.0159563165,4.668369535676,-0.02585621843888,4.668369535676,-0.02585621843888,-0.4330681377713,-0.0009852223825794,0.4330599958893,-0.001349535271892
263.0267991895,4.668365347551,-0.02714323456291,4.668365347551,-0.02714323456291,-0.4330683469151,-0.0009201847835623,0.4330596186556,-0.001441605880156
266.0725059799,4.668360744057,-0.02843384945465,4.668360744057,-0.02843384945465,-0.4330685377956,-0.0008552690814522,0.4330592095009,-0.00153386742083
269.1534803927,4.668355722752,-0.02972823407526,4.668355722752,-0.02972823407526,-0.4330687105139,-0.0007904666793532,0.4330587682085,-0.001626332107619
272.2701308078,4.66835028097,-0.03102655988659,4.66835028097,-0.03102655988659,-0.4330688651616,-0.0007257689953111,0.4330582945443,-0.001719012180953
275.4228703338,4.668344415826,-0.03232899887383,4.668344415826,-0.03232899887383,-0.4330690018207,-0.0006611674611823,0.4330577882574,-0.001811919909598
278.612116863,4.668338124205,-0.03363572356816,4.668338124205,-0.03363572356816,-0.4330691205636,-0.0005966535215094,0.4330572490795,-0.001905067592255
281.8382931265,4.668331402771,-0.03494690706926,4.668331402771,-0.03494690706926,-0.4330692214532,-0.0005322186323938,0.4330566767248,-0.00199846755918
285.1018267504,4.668324247957,-0.0362627230686,4.668324247957,-0.0362627230686,-0.433069304543,-0.000467854260373,0.4330560708898,-0.002092132173791
288.4031503127,4.668316655968,-0.03758334587188,4.668316655968,-0.03758334587188,-0.4330693698771,-0.000403551881299,0.4330554312537,-0.00218607383429
291.7427014001,4.668308622775,-0.03890895042224,4.668308622775,-0.03890895042224,-0.4330694174901,-0.0003393029792148,0.4330547574773,-0.00228030497529
295.1209226666,4.668300144117,-0.0402397123233,4.668300144117,-0.0402397123233,-0.4330694474073,-0.0002750990452376,0.4330540492036,-0.002374838069434
298.5382618918,4.668291215495,-0.04157580786233,4.668291215495,-0.04157580786233,-0.4330694596444,-0.0002109315764359,0.4330533060573,-0.002469685629036
301.9951720402,4.668281832174,-0.04291741403335,4.668281832174,-0.04291741403335,-0.433069454208,-0.0001467920747151,0.4330525276444,-0.002564860207712
305.4921113216,4.668271989176,-0.0442647085606,4.668271989176,-0.0442647085606,-0.4330694310953,-8.267204569521e-05,0.4330517135525,-0.002660374402025
309.0295432514,4.668261681278,-0.04561786992204,4.668261681278,-0.04561786992204,-0.4330693902939,-1.856299759744e-05,0.4330508633501,-0.002756240853133
312.6079367124,4.668250903013,-0.04697707737268,4.668250903013,-0.04697707737268,-0.4330693317823,4.554355987425e-05,0.4330499765867,-0.002852472248439
316.2277660168,4.668239648663,-0.04834251096839,4.668239648663,-0.04834251096839,-0.4330692555295,0.0001096561166518,0.4330490527923,-0.002949081323251
319.8895109692,4.668227912258,-0.04971435158951,4.668227912258,-0.04971435158951,-0.433069161495,0.0001737831634146,0.4330480914774,-0.003046080862446
323.5936569296,4.668215687573,-0.05109278096482,4.668215687573,-0.05109278096482,-0.4330690496291,0.0002379331927121,0.4330470921326,-0.003143483702142
327.3406948788,4.668202968121,-0.05247798169532,4.668202968121,-0.05247798169532,-0.4330689198724,0.000302114700075,0.4330460542282,-0.003241302731367
331.1311214826,4.668189747157,-0.05387013727864,4.668189747157,-0.05387013727864,-0.4330687721562,0.0003663361851382,0.4330449772143,-0.003339550893754
334.9654391578,4.668176017666,-0.05526943213276,4.668176017666,-0.05526943213276,-0.4330686064022,0.0004306061527537,0.4330438605202,-0.003438241189219
338.8441561392,4.668161772366,-0.05667605162077,4.668161772366,-0.05667605162077,-0.4330684225226,0.0004949331141092,0.433042703554,-0.00353738667566
342.7677865465,4.668147003699,-0.05809018207503,4.668147003699,-0.05809018207503,-0.4330682204199,0.0005593255878513,0.4330415057027,-0.003637000470666
346.7368504525,4.668131703833,-0.05951201082182,4.668131703833,-0.05951201082182,-0.433067999987,0.0006237921012001,0.4330402663316,-0.003737095753218
350.7518739526,4.66811586465,-0.06094172620608,4.66811586465,-0.06094172620608,-0.4330677611072,0.0006883411910728,0.4330389847839,-0.003837685765412
354.8133892336,4.668099477748,-0.06237951761603,4.668099477748,-0.06237951761603,-0.4330675036537,0.0007529814052049,0.4330376603805,-0.003938783814183
358.921934645,4.668082534435,-0.06382557550843,4.668082534435,-0.06382557550843,-0.4330672274903,0.0008177213032747,0.4330362924197,-0.004040403273036
363.0780547701,4.668065025722,-0.06528009143362,4.668065025722,-0.06528009143362,-0.4330669324705,0.0008825694580247,0.4330348801765,-0.004142557583787
367.2823004981,4.668046942322,-0.06674325806035,4.668046942322,-0.06674325806035,-0.433066618438,0.0009475344563922,0.4330334229028,-0.004245260258315
371.5352290972,4.668028274642,-0.06821526920183,4.668028274642,-0.06821526920183,-0.4330662852263,0.001012624900634,0.4330319198263,-0.004348524880314
375.8374042885,4.668009012779,-0.06969631984077,4.668009012779,-0.06969631984077,-0.433065932659,0.001077849409458,0.4330303701505,-0.004452365107062
380.1893963206,4.667989146514,-0.07118660615518,4.667989146514,-0.07118660615518,-0.4330655605491,0.001143216619153,0.4330287730545,-0.004556794671193
384.5917820454,4.66796866531,-0.07268632554436,4.66796866531,-0.07268632554436,-0.4330651686995,0.001208735184723,0.433027127692,-0.004661827382479
389.0451449943,4.6679475583,-0.07419567665484,4.6679475583,-0.07419567665484,-0.4330647569025,0.001274413781027,0.4330254331911,-0.004767477129628
393.5500754558,4.667925814288,-0.07571485940638,4.667925814288,-0.07571485940638,-0.4330643249399,0.001340261103909,0.4330236886542,-0.004873757882075
398.1071705535,4.667903421739,-0.07724407501851,4.667903421739,-0.07724407501851,-0.4330638725827,0.001406285871351,0.4330218931568,-0.004980683691805
402.7170343255,4.667880368774,-0.0787835260369,4.667880368774,-0.0787835260369,-0.4330633995914,0.001472496824604,0.4330200457478,-0.005088268695163
407.3802778041,4.667856643162,-0.08033341636008,4.667856643162,-0.08033341636008,-0.4330629057151,0.001538902729344,0.4330181454483,-0.005196527114688
412.0975190973,4.667832232317,-0.08189395126629,4.667832232317,-0.08189395126629,-0.4330623906923,0.001605512376816,0.4330161912515,-0.005305473260958
416.8693834704,4.667807123289,-0.08346533744043,4.667807123289,-0.08346533744043,-0.4330618542499,0.001672334584987,0.4330141821221,-0.005415121534429
421.6965034286,4.667781302757,-0.08504778300142,4.667781302757,-0.08504778300142,-0.4330612961038,0.001739378199706,0.4330121169958,-0.005525486427309
426.5795188016,4.667754757022,-0.0866414975293,4.667754757022,-0.0866414975293,-0.4330607159581,0.001806652095857,0.4330099947783,-0.005636582525418
431.5190768278,4.667727472002,-0.08824669209316,4.667727472002,-0.08824669209316,-0.4330601135054,0.001874165178525,0.4330078143455,-0.00574842451008
436.5158322402,4.667699433219,-0.08986357927863,4.667699433219,-0.08986357927863,-0.4330594884266,0.00194192638416,0.4330055745423,-0.005861027160007
441.5704473533,4.6676706258,-0.09149237321588,4.6676706258,-0.09149237321588,-0.4330588403903,0.00200994468175,0.4330032741821,-0.00597440535321
446.683592151,4.66764103446,-0.09313328960807,4.66764103446,-0.09313328960807,-0.4330581690532,0.002078229073991,0.4330009120462,-0.006088574068913
451.8559443749,4.667610643499,-0.09478654575915,4.667610643499,-0.09478654575915,-0.4330574740596,0.002146788598466,0.4329984868834,-0.006203548389477
457.0881896149,4.667579436794,-0.09645236060311,4.667579436794,-0.09645236060311,-0.4330567550411,0.002215632328829,0.4329959974091,-0.006319343502344
462.3810213993,4.667547397786,-0.09813095473207,4.667547397786,-0.09813095473207,-0.4330560116169,0.002284769375989,0.4329934423045,-0.006435974701982
467.7351412872,4.667514509478,-0.09982255042585,4.667514509478,-0.09982255042585,-0.4330552433929,0.002354208889299,0.4329908202162,-0.006553457391854
473.1512589615,4.667480754418,-0.1015273716807,4.667480754418,-0.1015273716807,-0.4330544499621,0.002423960057757,0.4329881297552,-0.006671807086389
478.6300923227,4.667446114698,-0.1032456442392,4.667446114698,-0.1032456442392,-0.4330536309042,0.002494032111199,0.4329853694965,-0.00679103941297
484.1723675841,4.667410571937,-0.1049775956195,4.667410571937,-0.1049775956195,-0.4330527857851,0.00256443432151,0.432982537978,-0.006911170113936
489.7788193685,4.667374107277,-0.1067234551453,4.667374107277,-0.1067234551453,-0.433051914157,0.002635176003828,0.4329796337001,-0.007032215048593
495.4501908048,4.667336701368,-0.1084834539761,4.667336701368,-0.1084834539761,-0.4330510155582,0.002706266517763,0.4329766551244,-0.007154190195241
501.1872336273,4.667298334364,-0.1102578251374,4.667298334364,-0.1102578251374,-0.4330500895125,0.002777715268617,0.4329736006735,-0.007277111653214
506.9907082747,4.667258985905,-0.1120468035513,4.667258985905,-0.1120468035513,-0.4330491355293,0.002849531708608,0.4329704687295,-0.00740099564493
512.8613839914,4.667218635111,-0.1138506260672,4.667218635111,-0.1138506260672,-0.4330481531031,0.002921725338101,0.4329672576338,-0.007525858517961
518.800038929,4.667177260571,-0.1156695314934,4.667177260571,-0.1156695314934,-0.4330471417134,0.002994305706847,0.4329639656858,-0.007651716747108
524.8074602498,4.66713484033,-0.1175037606274,4.66713484033,-0.1175037606274,-0.4330461008244,0.003067282415222,0.4329605911422,-0.007778586936499
530.884444231,4.667091351876,-0.1193535562886,4.667091351876,-0.1193535562886,-0.4330450298847,0.003140665115481,0.4329571322158,-0.007906485821694
537.0317963703,4.667046772132,-0.1212191633492,4.667046772132,-0.1212191633492,-0.4330439283267,0.003214463513006,0.432953587075,-0.008035430271806
543.2503314925,4.66700107744,-0.1231008287669,4.66700107744,-0.1231008287669,-0.4330427955671,0.003288687367574,0.4329499538425,-0.008165437291642
549.5408738576,4.66695424355,-0.1249988016168,4.66695424355,-0.1249988016168,-0.4330416310056,0.003363346494618,0.4329462305944,-0.008296524023848
555.9042572704,4.666906245608,-0.1269133331243,4.666906245608,-0.1269133331243,-0.4330404340253,0.003438450766505,0.4329424153591,-0.008428707751077
562.3413251904,4.666857058141,-0.1288446766978,4.666857058141,-0.1288446766978,-0.4330392039921,0.003514010113813,0.4329385061166,-0.008562005898171
568.8529308439,4.666806655043,-0.1307930879622,4.666806655043,-0.1307930879622,-0.4330379402544,0.003590034526624,0.4329345007969,-0.008696436034354
575.4399373372,4.666755009564,-0.1327588247918,4.666755009564,-0.1327588247918,-0.4330366421427,0.003666534055809,0.4329303972794,-0.008832015875442
582.1032177709,4.666702094294,-0.1347421473442,4.666702094294,-0.1347421473442,-0.4330353089694,0.003743518814339,0.4329261933914,-0.008968763286071
588.8436553556,4.666647881148,-0.1367433180947,4.666647881148,-0.1367433180947,-0.4330339400283,0.003820998978586,0.4329218869073,-0.00910669628194
595.662143529,4.666592341351,-0.1387626018702,4.666592341351,-0.1387626018702,-0.4330325345942,0.003898984789642,0.4329174755472,-0.009245833032059
602.5595860744,4.666535445424,-0.1408002658836,4.666535445424,-0.1408002658836,-0.4330310919226,0.003977486554643,0.4329129569757,-0.009386191861035
609.5368972402,4.666477163167,-0.1428565797694,4.666477163167,-0.1428565797694,-0.4330296112494,0.004056514648096,0.4329083288008,-0.009527791251349
616.5950018615,4.666417463643,-0.1449318156182,4.666417463643,-0.1449318156182,-0.4330280917904,0.00413607951322,0.4329035885725,-0.009670649845667
623.7348354824,4.666356315163,-0.1470262480124,4.666356315163,-0.1470262480124,-0.4330265327406,0.004216191663294,0.4328987337816,-0.00981478644916
630.9573444802,4.666293685267,-0.1491401540623,4.666293685267,-0.1491401540623,-0.4330249332744,0.004296861683007,0.4328937618585,-0.009960220031838
638.2634861906,4.666229540709,-0.1512738134417,4.666229540709,-0.1512738134417,-0.4330232925446,0.004378100229821,0.4328886701713,-0.01010696973091
645.6542290347,4.666163847437,-0.1534275084248,4.666163847437,-0.1534275084248,-0.4330216096821,0.004459918035348,0.4328834560252,-0.01025505485314
653.1305526475,4.666096570577,-0.1556015239226,4.666096570577,-0.1556015239226,-0.4330198837958,0.004542325906719,0.4328781166607,-0.01040449487726
660.6934480076,4.666027674411,-0.1577961475206,4.666027674411,-0.1577961475206,-0.4330181139715,0.00462533472798,0.4328726492517,-0.01055530945635
668.3439175686,4.665957122363,-0.1600116695153,4.665957122363,-0.1600116695153,-0.433016299272,0.004708955461485,0.4328670509051,-0.01070751842025
676.082975392,4.665884876975,-0.1622483829528,4.665884876975,-0.1622483829528,-0.4330144387362,0.004793199149296,0.432861318658,-0.01086114177804
683.9116472815,4.665810899889,-0.1645065836663,4.665810899889,-0.1645065836663,-0.4330125313789,0.00487807691461,0.4328554494773,-0.01101619972046
691.830970919,4.665735151829,-0.166786570315,4.665735151829,-0.166786570315,-0.4330105761899,0.004963599963166,0.4328494402571,-0.01117271262237
699.8419960023,4.665657592573,-0.1690886444224,4.665657592573,-0.1690886444224,-0.433008572134,0.005049779584688,0.432843287818,-0.01133070104529
707.9457843842,4.665578180939,-0.1714131104161,4.665578180939,-0.1714131104161,-0.4330065181499,0.005136627154323,0.4328369889047,-0.01149018573985
716.1434102129,4.665496874759,-0.1737602756666,4.665496874759,-0.1737602756666,-0.4330044131501,0.005224154134091,0.4328305401847,-0.01165118764836
724.435960075,4.665413630859,-0.1761304505276,4.665413630859,-0.1761304505276,-0.4330022560198,0.005312372074347,0.4328239382461,-0.0118137279073
732.8245331389,4.665328405032,-0.178523948376,4.665328405032,-0.178523948376,-0.4330000456171,0.005401292615247,0.4328171795965,-0.01197782784994
741.3102413009,4.665241152019,-0.1809410856525,4.665241152019,-0.1809410856525,-0.4329977807714,0.005490927488235,0.4328102606607,-0.01214350900886
749.8942093325,4.665151825482,-0.1833821819028,4.665151825482,-0.1833821819028,-0.4329954602838,0.005581288517527,0.4328031777787,-0.01231079311859
758.5775750292,4.66506037798,-0.1858475598187,4.66506037798,-0.1858475598187,-0.4329930829256,0.00567238762161,0.4327959272042,-0.0124797021182
767.3614893619,4.664966760944,-0.1883375452797,4.664966760944,-0.1883375452797,-0.4329906474383,0.005764236814755,0.4327885051022,-0.01265025815391
776.2471166287,4.664870924651,-0.1908524673953,4.664870924651,-0.1908524673953,-0.4329881525324,0.005856848208537,0.4327809075475,-0.01282248358178
785.2356346101,4.664772818196,-0.1933926585478,4.664772818196,-0.1933926585478,-0.4329855968874,0.005950234013364,0.432773130522,-0.01299640097033
794.3282347243,4.664672389467,-0.1959584544344,4.664672389467,-0.1959584544344,-0.4329829791502,0.006044406540017,0.4327651699132,-0.01317203310326
803.5261221857,4.664569585117,-0.1985501941112,4.664569585117,-0.1985501941112,-0.4329802979352,0.006139378201206,0.4327570215117,-0.01334940298215
812.8305161641,4.664464350534,-0.2011682200363,4.664464350534,-0.2011682200363,-0.4329775518232,0.006235161513125,0.432748681009,-0.01352853382913
822.2426499471,4.664356629812,-0.2038128781146,4.664356629812,-0.2038128781146,-0.4329747393607,0.006331769097032,0.4327401439952,-0.01370944908966
831.7637711027,4.664246365723,-0.2064845177416,4.664246365723,-0.2064845177416,-0.432971859059,0.006429213680831,0.4327314059572,-0.01389217243529
841.3951416452,4.664133499683,-0.2091834918485,4.664133499683,-0.2091834918485,-0.4329689093938,0.006527508100663,0.4327224622755,-0.01407672776639
851.1380382024,4.664017971726,-0.2119101569482,4.664017971726,-0.2119101569482,-0.4329658888039,0.006626665302518,0.4327133082224,-0.01426313921498
860.9937521846,4.663899720465,-0.2146648731797,4.663899720465,-0.2146648731797,-0.4329627956908,0.00672669834385,0.4327039389593,-0.0144514311475
870.9635899561,4.663778683066,-0.2174480043557,4.663778683066,-0.2174480043557,-0.4329596284176,0.006827620395203,0.4326943495343,-0.01464162816767
881.0488730081,4.66365479521,-0.2202599180083,4.66365479521,-0.2202599180083,-0.4329563853084,0.00692944474186,0.4326845348794,-0.01483375511929
891.2509381338,4.663527991061,-0.2231009854362,4.663527991061,-0.2231009854362,-0.4329530646469,0.007032184785481,0.4326744898079,-0.01502783708913
901.571137606,4.663398203227,-0.2259715817529,4.663398203227,-0.2259715817529,-0.4329496646762,0.007135854045781,0.4326642090119,-0.0152238994098
912.0108393559,4.66326536273,-0.2288720859332,4.66326536273,-0.2288720859332,-0.4329461835973,0.00724046616219,0.4326536870592,-0.01542196766262
922.5714271548,4.663129398963,-0.2318028808633,4.663129398963,-0.2318028808633,-0.4329426195685,0.007346034895553,0.4326429183908,-0.01562206768054
933.254300797,4.662990239656,-0.2347643533881,4.662990239656,-0.2347643533881,-0.4329389707042,0.007452574129825,0.4326318973176,-0.01582422555109
944.060876286,4.662847810838,-0.2377568943616,4.662847810838,-0.2377568943616,-0.4329352350741,0.007560097873776,0.432620618018,-0.01602846761928
954.9925860215,4.662702036791,-0.2407808986958,4.662702036791,-0.2407808986958,-0.4329314107021,0.007668620262718,0.4326090745341,-0.01623482049057
966.0508789899,4.66255284002,-0.2438367654117,4.66255284002,-0.2438367654117,-0.4329274955652,0.007778155560241,0.4325972607692,-0.01644331103386
977.2372209559,4.6624001412,-0.2469248976893,4.6624001412,-0.2469248976893,-0.4329234875924,0.007888718159956,0.4325851704844,-0.01665396638445
988.553094657,4.662243859142,-0.2500457029194,4.662243859142,-0.2500457029194,-0.432919384664,0.00800032258726,0.4325727972954,-0.01686681394709
1000.0,4.662083910747,-0.2531995927543,4.662083910747,-0.2531995927543,-0.43291518461,0.008112983501099,0.432560134669,-0.01708188139892
1011.57945426,4.661920210958,-0.256386983161,4.661920210958,-0.256386983161,-0.4329108852092,0.008226715695758,0.43254717592,-0.01729919669259
1023.292992281,4.661752672719,-0.2596082944731,4.661752672719,-0.2596082944731,-0.432906484188,0.008341534102656,0.4325339142074,-0.01751878805925
1035.142166679,4.661581206928,-0.262863951444,4.661581206928,-0.262863951444,-0.4329019792191,0.00845745379215,0.4325203425309,-0.01774068401164
1047.128548051,4.661405722386,-0.2661543833004,4.661405722386,-0.2661543833004,-0.4328973679205,0.008574489975365,0.4325064537276,-0.01796491334715
1059.253725177,4.661226125749,-0.2694800237969,4.661226125749,-0.2694800237969,-0.4328926478542,0.008692658006018,0.4324922404677,-0.0181915051509
1071.519305238,4.66104232148,-0.2728413112696,4.66104232148,-0.2728413112696,-0.4328878165248,0.008811973382264,0.4324776952512,-0.01842048879886
1083.926914021,4.660854211798,-0.276238688692,4.660854211798,-0.276238688692,-0.432882871378,0.008932451748569,0.4324628104038,-0.01865189396099
1096.478196143,4.66066169662,-0.2796726037301,4.66066169662,-0.2796726037301,-0.4328778097999,0.009054108897558,0.4324475780726,-0.01888575060427
1109.174815262,4.660464673513,-0.2831435087987,4.660464673513,-0.2831435087987,-0.4328726291149,0.009176960771916,0.4324319902227,-0.01912208899595
1122.018454302,4.660263037638,-0.2866518611181,4.660263037638,-0.2866518611181,-0.432867326585,0.009301023466279,0.4324160386324,-0.01936093970662
1135.010815672,4.660056681692,-0.2901981227706,4.660056681692,-0.2901981227706,-0.4328618994075,0.009426313229139,0.4323997148892,-0.0196023336134
1148.153621497,4.659845495849,-0.2937827607586,4.659845495849,-0.2937827607586,-0.4328563447146,0.009552846464771,0.4323830103855,-0.01984630190308
1161.44861384,4.659629367705,-0.297406247063,4.659629367705,-0.297406247063,-0.432850659571,0.009680639735162,0.432365916314,-0.02009287607533
1174.89755494,4.659408182215,-0.3010690587014,4.659408182215,-0.3010690587014,-0.4328448409726,0.009809709761958,0.4323484236632,-0.02034208794586
1188.502227437,4.65918182163,-0.3047716777871,4.65918182163,-0.3047716777871,-0.4328388858454,0.009940073428427,0.4323305232127,-0.02059396964962
1202.264434617,4.658950165437,-0.308514591589,4.658950165437,-0.308514591589,-0.4328327910433,0.01007174778142,0.4323122055283,-0.02084855364397
1216.186000646,4.658713090289,-0.3122982925928,4.658713090289,-0.3122982925928,-0.4328265533466,0.01020475003338,0.4322934609576,-0.02110587271194
1230.268770812,4.658470469944,-0.3161232785599,4.658470469944,-0.3161232785599,-0.4328201694606,0.01033909756428,0.4322742796243,-0.02136595996535
1244.514611771,4.658222175193,-0.3199900525904,4.658222175193,-0.3199900525904,-0.4328136360134,0.01047480792372,0.4322546514237,-0.02162884884813
1258.925411794,4.657968073794,-0.3238991231838,4.657968073794,-0.3238991231838,-0.4328069495548,0.01061189883285,0.4322345660172,-0.02189457313943
1273.503081017,4.657708030394,-0.3278510043022,4.657708030394,-0.3278510043022,-0.4328001065539,0.01075038818647,0.4322140128269,-0.02216316695691
1288.249551693,4.657441906465,-0.3318462154328,4.657441906465,-0.3318462154328,-0.4327931033973,0.01089029405507,0.4321929810303,-0.02243466475992
1303.166778452,4.657169560222,-0.3358852816511,4.657169560222,-0.3358852816511,-0.4327859363878,0.01103163468683,0.4321714595547,-0.02270910135272
1318.256738556,4.656890846548,-0.339968733686,4.656890846548,-0.339968733686,-0.4327786017416,0.01117442850976,0.4321494370715,-0.02298651188772
1333.521432163,4.656605616918,-0.3440971079826,4.656605616918,-0.3440971079826,-0.4327710955873,0.01131869413372,0.4321269019903,-0.02326693186867
1348.962882592,4.656313719317,-0.3482709467692,4.656313719317,-0.3482709467692,-0.4327634139629,0.01146445035257,0.4321038424528,-0.02355039715385
1364.583136589,4.656014998157,-0.3524907981213,4.656014998157,-0.3524907981213,-0.4327555528145,0.0116117161462,0.4320802463272,-0.02383694395935
1380.384264603,4.655709294194,-0.3567572160293,4.655709294194,-0.3567572160293,-0.4327475079938,0.0117605106827,0.4320561012014,-0.02412660886218
1396.368361056,4.655396444441,-0.3610707604635,4.655396444441,-0.3610707604635,-0.4327392752561,0.01191085332047,0.4320313943769,-0.0244194288035
1412.537544623,4.655076282081,-0.3654319974435,4.655076282081,-0.3654319974435,-0.432730850258,0.01206276361035,0.4320061128622,-0.02471544109181
1428.893958511,4.654748636375,-0.3698414991037,4.654748636375,-0.3698414991037,-0.4327222285552,0.01221626129774,0.4319802433664,-0.02501468340613
1445.439770746,4.65441333257,-0.3742998437634,4.65441333257,-0.3742998437634,-0.4327134056002,0.01237136632481,0.4319537722919,-0.02531719379909
1462.177174457,4.654070191804,-0.3788076159952,4.654070191804,-0.3788076159952,-0.4327043767399,0.01252809883262,0.431926685728,-0.02562301070016
1479.108388168,4.653719031011,-0.3833654066942,4.653719031011,-0.3833654066942,-0.4326951372131,0.01268647916331,0.4318989694433,-0.02593217291872
1496.235656094,4.653359662816,-0.3879738131481,4.653359662816,-0.3879738131481,-0.4326856821483,0.01284652786231,0.4318706088787,-0.0262447196472
1513.561248436,4.652991895441,-0.3926334391082,4.652991895441,-0.3926334391082,-0.4326760065608,0.01300826568046,0.4318415891401,-0.02656069046414
1531.087461682,4.652615532594,-0.3973448948594,4.652615532594,-0.3973448948594,-0.4326661053505,0.01317171357631,0.4318118949902,-0.02688012533729
1548.816618913,4.652230373366,-0.402108797293,4.652230373366,-0.402108797293,-0.4326559732991,0.01333689271824,0.4317815108415,-0.02720306462663
1566.751070108,4.651836212119,-0.4069257699783,4.651836212119,-0.4069257699783,-0.4326456050672,0.01350382448675,0.431750420748,-0.02752954908741
1584.893192461,4.651432838379,-0.4117964432347,4.651432838379,-0.4117964432347,-0.4326349951919,0.01367253047665,0.4317186083968,-0.02785961987311
1603.24539069,4.651020036713,-0.4167214542062,4.651020036713,-0.4167214542062,-0.4326241380836,0.01384303249929,0.4316860571005,-0.02819331853842
1621.810097359,4.65059758662,-0.4217014469335,4.65059758662,-0.4217014469335,-0.4326130280236,0.01401535258482,0.4316527497881,-0.02853068704217
1640.5897732,4.650165262404,-0.4267370724296,4.650165262404,-0.4267370724296,-0.4326016591605,0.01418951298443,0.4316186689966,-0.0288717677502
1659.586907438,4.649722833058,-0.4318289887535,4.649722833058,-0.4318289887535,-0.4325900255077,0.01436553617258,0.4315837968623,-0.02921660343824
1678.804018123,4.649270062129,-0.4369778610858,4.649270062129,-0.4369778610858,-0.4325781209404,0.01454344484931,0.4315481151115,-0.02956523729466
1698.243652462,4.648806707596,-0.4421843618048,4.648806707596,-0.4421843618048,-0.4325659391917,0.01472326194246,0.4315116050514,-0.02991771292334
1717.908387158,4.648332521735,-0.447449170562,4.648332521735,-0.447449170562,-0.4325534738503,0.01490501060993,0.4314742475606,-0.03027407434626
1737.800828749,4.64784725098,-0.4527729743587,4.64784725098,-0.4527729743587,-0.4325407183564,0.01508871424201,0.4314360230795,-0.03063436600629
1757.923613959,4.647350635792,-0.4581564676238,4.647350635792,-0.4581564676238,-0.432527665999,0.01527439646357,0.4313969116006,-0.03099863276972
1778.279410039,4.646842410508,-0.4636003522908,4.646842410508,-0.4636003522908,-0.432514309912,0.01546208113642,0.4313568926581,-0.03136691992885
1798.870915129,4.646322303203,-0.4691053378765,4.646322303203,-0.4691053378765,-0.4325006430709,0.01565179236153,0.4313159453178,-0.03173927320449
1819.70085861,4.645790035535,-0.4746721415581,4.645790035535,-0.4746721415581,-0.4324866582889,0.01584355448132,0.4312740481667,-0.0321157387484
1840.772001469,4.645245322593,-0.4803014882538,4.645245322593,-0.4803014882538,-0.4324723482137,0.01603739208198,0.4312311793023,-0.03249636314563
1862.087136663,4.644687872744,-0.4859941107006,4.644687872744,-0.4859941107006,-0.4324577053233,0.01623332999568,0.4311873163213,-0.03288119341683
1883.64908949,4.644117387468,-0.4917507495351,4.644117387468,-0.4917507495351,-0.4324427219224,0.01643139330292,0.4311424363086,-0.03327027702047
1905.460717963,4.643533561196,-0.4975721533725,4.643533561196,-0.4975721533725,-0.4324273901382,0.01663160733474,0.4310965158261,-0.03366366185498
1927.524913191,4.642936081143,-0.5034590788883,4.642936081143,-0.5034590788883,-0.4324117019168,0.01683399767504,0.4310495309007,-0.03406139626078
1949.844599758,4.64232462713,-0.5094122908977,4.64232462713,-0.5094122908977,-0.4323956490187,0.01703859016283,0.4310014570124,-0.03446352902228
1972.422736115,4.641698871414,-0.5154325624378,4.641698871414,-0.5154325624378,-0.4323792230148,0.01724541089449,0.4309522690825,-0.03487010936972
1995.262314969,4.641058478503,-0.5215206748485,4.641058478503,-0.5215206748485,-0.4323624152819,0.01745448622603,0.4309019414605,-0.03528118698096
2018.366363682,4.640403104969,-0.5276774178544,4.640403104969,-0.5276774178544,-0.4323452169986,0.01766584277535,0.4308504479121,-0.03569681198315
2041.73794467,4.639732399264,-0.533903589646,4.639732399264,-0.533903589646,-0.4323276191406,0.01787950742446,0.4307977616058,-0.03611703495427
2065.380155811,4.639046001516,-0.540199996964,4.639046001516,-0.540199996964,-0.4323096124762,0.01809550732173,0.4307438550996,-0.03654190692458
2089.296130854,4.63834354334,-0.5465674551784,4.63834354334,-0.5465674551784,-0.4322911875616,0.01831386988412,0.430688700328,-0.03697147937797
2113.489039837,4.637624647623,-0.5530067883746,4.637624647623,-0.5530067883746,-0.432272334736,0.01853462279934,0.4306322685875,-0.03740580425311
2137.962089502,4.636888928325,-0.5595188294342,4.636888928325,-0.5595188294342,-0.432253044117,0.01875779402813,0.4305745305231,-0.03784493394455
2162.718523727,4.636135990254,-0.5661044201177,4.636135990254,-0.5661044201177,-0.4322333055952,0.01898341180636,0.4305154561137,-0.03828892130367
2187.76162395,4.635365428854,-0.5727644111493,4.635365428854,-0.5727644111493,-0.4322131088294,0.01921150464724,0.4304550146572,-0.03873781963938
2213.094709606,4.634576829974,-0.579499662298,4.634576829974,-0.579499662298,-0.4321924432412,0.01944210134344,0.4303931747559,-0.03919168271885
2238.721138568,4.633769769641,-0.5863110424622,4.633769769641,-0.5863110424622,-0.4321712980099,0.01967523096926,0.430329904301,-0.03965056476788
2264.644307593,4.63294381382,-0.5931994297519,4.63294381382,-0.5931994297519,-0.4321496620668,0.0199109228827,0.4302651704571,-0.04011452047131
2290.867652768,4.632098518173,-0.6001657115724,4.632098518173,-0.6001657115724,-0.4321275240895,0.02014920672756,0.4301989396461,-0.04058360497307
2317.394649969,4.63123342781,-0.6072107847073,4.63123342781,-0.6072107847073,-0.4321048724968,0.0203901124355,0.4301311775311,-0.04105787387615
2344.22881532,4.630348077035,-0.6143355554008,4.630348077035,-0.6143355554008,-0.4320816954423,0.02063367022806,0.4300618489998,-0.04153738324238
2371.373705662,4.629441989083,-0.6215409394415,4.629441989083,-0.6215409394415,-0.4320579808087,0.0208799106187,0.4299909181475,-0.04202218959198
2398.83291902,4.628514675851,-0.6288278622438,4.628514675851,-0.6288278622438,-0.4320337162016,0.02112886441474,0.4299183482601,-0.04251234990291
2426.610095083,4.627565637628,-0.6361972589301,4.627565637628,-0.6361972589301,-0.4320088889438,0.02138056271934,0.4298441017961,-0.04300792161001
2454.708915685,4.62659436281,-0.6436500744147,4.62659436281,-0.6436500744147,-0.431983486068,0.02163503693336,0.429768140369,-0.04350896260394
2483.133105296,4.625600327612,-0.6511872634831,4.625600327612,-0.6511872634831,-0.4319574943116,0.02189231875731,0.4296904247287,-0.0440155312298
2511.88643151,4.624582995774,-0.6588097908735,4.624582995774,-0.6588097908735,-0.4319309001088,0.0221524401931,0.4296109147432,-0.04452768628565
2540.972705549,4.623541818255,-0.6665186313587,4.623541818255,-0.6665186313587,-0.4319036895848,0.02241543354589,0.4295295693792,-0.04504548702061
2570.395782769,4.622476232926,-0.6743147698244,4.622476232926,-0.6743147698244,-0.4318758485487,0.02268133142583,0.4294463466829,-0.04556899313283
2600.159563165,4.621385664248,-0.6821992013507,4.621385664248,-0.6821992013507,-0.4318473624862,0.02295016674975,0.4293612037599,-0.04609826476712
2630.267991896,4.620269522947,-0.6901729312882,4.620269522947,-0.6901729312882,-0.4318182165525,0.02322197274283,0.4292740967555,-0.04663336251229
2660.725059799,4.61912720568,-0.6982369753382,4.61912720568,-0.6982369753382,-0.4317883955653,0.02349678294018,0.4291849808338,-0.04717434739821
2691.534803927,4.617958094689,-0.7063923596284,4.617958094689,-0.7063923596284,-0.4317578839968,0.02377463118845,0.4290938101567,-0.04772128089255
2722.701308078,4.616761557451,-0.7146401207896,4.616761557451,-0.7146401207896,-0.4317266659667,0.02405555164721,0.4290005378627,-0.04827422489722
2754.228703338,4.615536946319,-0.7229813060299,4.615536946319,-0.7229813060299,-0.4316947252337,0.02433957879051,0.428905116045,-0.04883324174442
2786.12116863,4.614283598147,-0.7314169732098,4.614283598147,-0.7314169732098,-0.4316620451881,0.02462674740814,0.4288074957295,-0.04939839419238
2818.382931265,4.613000833913,-0.7399481909146,4.613000833913,-0.7399481909146,-0.4316286088433,0.024917092607,0.4287076268519,-0.04996974542077
2851.018267504,4.611687958331,-0.7485760385237,4.611687958331,-0.7485760385237,-0.4315943988278,0.0252106498123,0.4286054582348,-0.05054735902562
2884.031503127,4.610344259449,-0.7573016062837,4.610344259449,-0.7573016062837,-0.4315593973764,0.02550745476868,0.4285009375645,-0.05113129901399
2917.427014001,4.608969008244,-0.7661259953736,4.608969008244,-0.7661259953736,-0.4315235863219,0.02580754354137,0.4283940113665,-0.05172162979812
2951.209226667,4.607561458198,-0.7750503179734,4.607561458198,-0.7750503179734,-0.4314869470862,0.02611095251711,0.4282846249818,-0.05231841618919
2985.382618918,4.606120844867,-0.7840756973276,4.606120844867,-0.7840756973276,-0.4314494606709,0.02641771840507,0.4281727225419,-0.05292172339069
3019.951720402,4.604646385443,-0.7932032678093,4.604646385443,-0.7932032678093,-0.4314111076488,0.02672787823772,0.4280582469433,-0.05353161699126
3054.921113216,4.603137278301,-0.8024341749789,4.603137278301,-0.8024341749789,-0.4313718681541,0.02704146937147,0.4279411398222,-0.05414816295709
3090.295432514,4.601592702528,-0.8117695756438,4.601592702528,-0.8117695756438,-0.4313317218728,0.02735852948738,0.4278213415283,-0.05477142762384
3126.079367124,4.600011817456,-0.8212106379139,4.600011817456,-0.8212106379139,-0.4312906480332,0.02767909659162,0.4276987910981,-0.05540147768805
3162.277660169,4.598393762164,-0.8307585412558,4.598393762164,-0.8307585412558,-0.4312486253958,0.0280032090159,0.4275734262279,-0.056038380198
3198.895109692,4.596737654982,-0.840414476541,4.596737654982,-0.840414476541,-0.4312056322431,0.0283309054178,0.4274451832462,-0.05668220254401
3235.936569296,4.595042592975,-0.8501796460973,4.595042592975,-0.8501796460973,-0.4311616463696,0.0286622247809,0.4273139970857,-0.05733301244824
3273.406948789,4.593307651414,-0.86005526375,4.593307651414,-0.86005526375,-0.4311166450706,0.0289972064149,0.4271798012551,-0.05799087795383
3311.311214826,4.591531883237,-0.8700425548635,4.591531883237,-0.8700425548635,-0.4310706051323,0.02933588995548,0.4270425278098,-0.0586558674135
3349.654391578,4.589714318488,-0.8801427563808,4.589714318488,-0.8801427563808,-0.43102350282,0.02967831536417,0.4269021073226,-0.05932804947741
3388.441561392,4.587853963752,-0.8903571168563,4.587853963752,-0.8903571168563,-0.4309753138674,0.03002452292794,0.4267584688539,-0.06000749308051
3427.677865465,4.58594980157,-0.9006868964843,4.58594980157,-0.9006868964843,-0.4309260134652,0.03037455325877,0.426611539921,-0.06069426742909
3467.368504525,4.584000789834,-0.9111333671258,4.584000789834,-0.9111333671258,-0.4308755762493,0.03072844729295,0.4264612464675,-0.06138844198671
3507.518739526,4.582005861174,-0.92169781233,4.582005861174,-0.92169781233,-0.4308239762889,0.03108624629032,0.4263075128317,-0.06209008645935
3548.133892336,4.579963922325,-0.9323815273491,4.579963922325,-0.9323815273491,-0.4307711870747,0.0314479918333,0.4261502617149,-0.06279927077986
3589.21934645,4.577873853478,-0.9431858191502,4.577873853478,-0.9431858191502,-0.4307171815065,0.03181372582571,0.4259894141488,-0.06351606509158
3630.780547701,4.575734507616,-0.9541120064202,4.575734507616,-0.9541120064202,-0.4306619318804,0.03218349049151,0.425824889463,-0.06424053973121
3672.823004981,4.573544709827,-0.965161419567,4.573544709827,-0.965161419567,-0.4306054098764,0.03255732837325,0.4256566052511,-0.06497276521081
3715.352290972,4.571303256605,-0.9763354007119,4.571303256605,-0.9763354007119,-0.4305475865453,0.0329352823304,0.4254844773374,-0.06571281219897
3758.374042885,4.569008915128,-0.9876353036779,4.569008915128,-0.9876353036779,-0.4304884322953,0.03331739553743,0.4253084197423,-0.06646075150105
3801.893963206,4.566660422521,-0.9990624939701,4.566660422521,-0.9990624939701,-0.4304279168787,0.03370371148172,0.4251283446474,-0.06721665403858
3845.917820454,4.564256485096,-1.010618348749,4.564256485096,-1.010618348749,-0.4303660093778,0.03409427396118,0.4249441623602,-0.0679805908276
3890.451449943,4.561795777575,-1.022304256798,4.561795777575,-1.022304256798,-0.4303026781916,0.03448912708178,0.4247557812786,-0.06875263295615
3935.500754558,4.559276942285,-1.034121618477,4.559276942285,-1.034121618477,-0.4302378910207,0.03488831525468,0.424563107854,-0.06953285156063
3981.071705535,4.556698588346,-1.046071845678,4.556698588346,-1.046071845678,-0.4301716148536,0.03529188319325,0.4243660465554,-0.07032131780119
4027.170343255,4.554059290821,-1.058156361758,4.554059290821,-1.058156361758,-0.4301038159514,0.03569987590973,0.4241644998312,-0.07111810283601
4073.802778041,4.551357589852,-1.070376601478,4.551357589852,-1.070376601478,-0.4300344598329,0.0361123387117,0.4239583680723,-0.07192327779446
4120.975190974,4.548591989778,-1.082734010917,4.548591989778,-1.082734010917,-0.4299635112595,0.0365293171983,0.4237475495735,-0.07273691374918
4168.693834704,4.545760958213,-1.095230047387,4.545760958213,-1.095230047387,-0.4298909342196,0.03695085725603,0.4235319404949,-0.07355908168683
4216.965034286,4.542862925118,-1.107866179329,4.542862925118,-1.107866179329,-0.4298166919126,0.03737700505442,0.4233114348231,-0.07438985247779
4265.795188016,4.539896281837,-1.120643886203,4.539896281837,-1.120643886203,-0.4297407467331,0.03780780704128,0.4230859243314,-0.07522929684443
4315.190768278,4.536859380109,-1.133564658361,4.536859380109,-1.133564658361,-0.4296630602542,0.03824330993768,0.4228552985403,-0.0760774853282
4365.158322402,4.533750531053,-1.146629996912,4.533750531053,-1.146629996912,-0.4295835932115,0.03868356073263,0.4226194446766,-0.07693448825536
4415.704473533,4.530568004132,-1.159841413564,4.530568004132,-1.159841413564,-0.4295023054854,0.03912860667734,0.4223782476331,-0.07780037570124
4466.83592151,4.52731002608,-1.173200430467,4.52731002608,-1.173200430467,-0.4294191560844,0.03957849527918,0.4221315899276,-0.07867521745317
4518.559443749,4.523974779803,-1.186708580022,4.523974779803,-1.186708580022,-0.4293341031279,0.0400332742953,0.4218793516609,-0.0795590829719
4570.881896149,4.520560403257,-1.200367404688,4.520560403257,-1.200367404688,-0.4292471038278,0.04049299172585,0.4216214104752,-0.08045204135153
4623.810213993,4.517064988288,-1.214178456767,4.517064988288,-1.214178456767,-0.429158114471,0.04095769580676,0.4213576415124,-0.08135416127782
4677.351412872,4.513486579441,-1.228143298169,4.513486579441,-1.228143298169,-0.4290670904011,0.04142743500217,0.4210879173708,-0.08226551098498
4731.512589615,4.509823172742,-1.242263500162,4.509823172742,-1.242263500162,-0.4289739859996,0.04190225799645,0.4208121080629,-0.08318615821072
4786.300923227,4.506072714442,-1.256540643098,4.506072714442,-1.256540643098,-0.4288787546673,0.04238221368576,0.4205300809719,-0.0841161701497
4841.723675841,4.502233099734,-1.270976316121,4.502233099734,-1.270976316121,-0.4287813488049,0.04286735116916,0.4202417008091,-0.08505561340514
4897.788193685,4.498302171423,-1.285572116853,4.498302171423,-1.285572116853,-0.4286817197941,0.04335771973929,0.4199468295695,-0.08600455393866
4954.501908048,4.494277718576,-1.300329651055,4.494277718576,-1.300329651055,-0.4285798179773,0.04385336887251,0.4196453264885,-0.08696305701829
5011.872336273,4.490157475122,-1.31525053226,4.490157475122,-1.31525053226,-0.4284755926382,0.04435434821864,0.4193370479983,-0.08793118716459
5069.907082747,4.485939118421,-1.330336381392,4.485939118421,-1.330336381392,-0.4283689919812,0.04486070759009,0.4190218476831,-0.08890900809474
5128.613839914,4.481620267793,-1.34558882634,4.481620267793,-1.34558882634,-0.4282599631113,0.04537249695052,0.4186995762357,-0.08989658266471
5188.00038929,4.477198483008,-1.361009501518,4.477198483008,-1.361009501518,-0.4281484520127,0.04588976640295,0.418370081413,-0.0908939728093
5248.074602498,4.472671262735,-1.376600047392,4.472671262735,-1.376600047392,-0.4280344035285,0.04641256617728,0.4180332079916,-0.09190123948012
5308.84444231,4.468036042946,-1.392362109965,4.468036042946,-1.392362109965,-0.4279177613389,0.04694094661731,0.4176887977239,-0.09291844258138
5370.317963703,4.463290195283,-1.408297340244,4.463290195283,-1.408297340244,-0.4277984679399,0.04747495816702,0.4173366892939,-0.09394564090337
5432.503314925,4.458431025377,-1.424407393657,4.458431025377,-1.424407393657,-0.4276764646212,0.04801465135637,0.4169767182727,-0.09498289205378
5495.408738577,4.453455771123,-1.440693929441,4.453455771123,-1.440693929441,-0.4275516914445,0.04856007678636,0.4166087170752,-0.09603025238661
5559.042572704,4.448361600907,-1.457158609992,4.448361600907,-1.457158609992,-0.4274240872209,0.04911128511355,0.4162325149162,-0.09708777692862
5623.413251904,4.44314561179,-1.473803100167,4.44314561179,-1.473803100167,-0.4272935894883,0.04966832703374,0.4158479377666,-0.09815551930346
5688.529308439,4.437804827639,-1.490629066546,4.437804827639,-1.490629066546,-0.4271601344888,0.05023125326512,0.4154548083109,-0.09923353165309
5754.399373372,4.432336197208,-1.507638176651,4.432336197208,-1.507638176651,-0.4270236571457,0.05080011453058,0.4150529459036,-0.1003218645568
5821.032177709,4.426736592176,-1.524832098111,4.426736592176,-1.524832098111,-0.4268840910399,0.05137496153934,0.4146421665276,-0.1014205669474
5888.436553556,4.421002805119,-1.54221249778,4.421002805119,-1.54221249778,-0.4267413683868,0.05195584496775,0.4142222827522,-0.1025296860248
5956.62143529,4.415131547442,-1.559781040803,4.415131547442,-1.559781040803,-0.4265954200124,0.05254281543945,0.4137931036915,-0.103649267167
6025.595860744,4.409119447248,-1.57753938962,4.409119447248,-1.57753938962,-0.4264461753294,0.05313592350453,0.4133544349639,-0.1047793538377
6095.368972402,4.402963047156,-1.595489202914,4.402963047156,-1.595489202914,-0.4262935623135,0.05373521961798,0.4129060786527,-0.1059199874918
6165.950018615,4.396658802057,-1.6136321345,4.396658802057,-1.6136321345,-0.4261375074785,0.05434075411724,0.4124478332663,-0.1070712074771
6237.348354825,4.390203076815,-1.631969832143,4.390203076815,-1.631969832143,-0.4259779358526,0.05495257719893,0.4119794937003,-0.1082330509337
6309.573444802,4.38359214391,-1.650503936308,4.38359214391,-1.650503936308,-0.4258147709533,0.05557073889456,0.4115008512005,-0.1094055526899
6382.634861906,4.376822181015,-1.669236078842,4.376822181015,-1.669236078842,-0.425647934763,0.05619528904541,0.4110116933265,-0.110588745155
6456.542290347,4.369889268516,-1.688167881572,4.369889268516,-1.688167881572,-0.4254773477041,0.0568262772764,0.4105118039165,-0.1117826582092
6531.305526475,4.362789386965,-1.707300954827,4.362789386965,-1.707300954827,-0.425302928614,0.05746375296902,0.4100009630542,-0.1129873190899
6606.934480076,4.355518414471,-1.726636895877,4.355518414471,-1.726636895877,-0.4251245947202,0.05810776523319,0.4094789470359,-0.1142027522744
6683.439175686,4.348072124027,-1.746177287277,4.348072124027,-1.746177287277,-0.424942261615,0.05875836287813,0.4089455283401,-0.1154289793602
6760.82975392,4.340446180762,-1.765923695124,4.340446180762,-1.765923695124,-0.4247558432308,0.05941559438219,0.408400475598,-0.1166660189411
6839.116472815,4.332636139139,-1.785877667208,4.332636139139,-1.785877667208,-0.4245652518142,0.06007950786149,0.4078435535662,-0.1179138864797
6918.30970919,4.32463744007,-1.806040731065,4.32463744007,-1.806040731065,-0.4243703979013,0.06075015103756,0.4072745231009,-0.1191725941767
6998.419960023,4.31644540797,-1.826414391923,4.31644540797,-1.826414391923,-0.4241711902926,0.06142757120372,0.4066931411346,-0.1204421508367
7079.457843842,4.308055247741,-1.847000130519,4.308055247741,-1.847000130519,-0.4239675360272,0.06211181519041,0.4060991606542,-0.12172256173
7161.434102129,4.299462041675,-1.867799400815,4.299462041675,-1.867799400815,-0.4237593403586,0.06280292932922,0.4054923306822,-0.1230138284508
7244.35960075,4.290660746297,-1.888813627572,4.290660746297,-1.888813627572,-0.4235465067286,0.06350095941568,0.4048723962598,-0.1243159487717
7328.245331389,4.281646189129,-1.910044203794,4.281646189129,-1.910044203794,-0.4233289367434,0.06420595067086,0.4042390984325,-0.1256289164944
7413.10241301,4.272413065376,-1.931492488035,4.272413065376,-1.931492488035,-0.4231065301481,0.06491794770164,0.4035921742391,-0.1269527212968
7498.942093325,4.262955934547,-1.953159801557,4.262955934547,-1.953159801557,-0.4228791848023,0.06563699445967,0.4029313567027,-0.1282873485753
7585.775750292,4.253269216999,-1.975047425326,4.253269216999,-1.975047425326,-0.4226467966559,0.06636313419892,0.402256374826,-0.1296327792845
7673.614893619,4.2433471904,-1.997156596856,4.2433471904,-1.997156596856,-0.4224092597246,0.06709640943196,0.4015669535882,-0.1309889897721
7762.471166287,4.233183986131,-2.019488506869,4.233183986131,-2.019488506869,-0.4221664660662,0.06783686188471,0.4008628139473,-0.1323559516098
7852.356346101,4.222773585598,-2.042044295785,4.222773585598,-2.042044295785,-0.4219183057568,0.06858453244989,0.4001436728443,-0.1337336314206
7943.282347243,4.212109816485,-2.064825050016,4.212109816485,-2.064825050016,-0.4216646668678,0.06933946113885,0.3994092432129,-0.1351219907021
8035.261221857,4.201186348925,-2.087831798062,4.201186348925,-2.087831798062,-0.421405435443,0.07010168703201,0.3986592339915,-0.1365209856452
8128.305161641,4.189996691603,-2.111065506395,4.189996691603,-2.111065506395,-0.4211404954759,0.07087124822772,0.3978933501412,-0.1379305669493
8222.426499471,4.178534187785,-2.134527075127,4.178534187785,-2.134527075127,-0.4208697288882,0.0716481817896,0.3971112926673,-0.1393506796336
8317.637711027,4.166792011283,-2.158217333448,4.166792011283,-2.158217333448,-0.4205930155079,0.0724325236923,0.3963127586454,-0.1407812628435
8413.951416452,4.15476316235,-2.182137034815,4.15476316235,-2.182137034815,-0.420310233049,0.07322430876557,0.3954974412535,-0.1422222496541
8511.380382024,4.142440463507,-2.206286851887,4.142440463507,-2.206286851887,-0.4200212570907,0.0740235706368,0.3946650298083,-0.1436735668688
8609.937521846,4.129816555313,-2.230667371199,4.129816555313,-2.230667371199,-0.4197259610584,0.07483034167181,0.3938152098075,-0.1451351348145
8709.635899561,4.116883892075,-2.255279087543,4.116883892075,-2.255279087543,-0.4194242162046,0.07564465291401,0.3929476629777,-0.1466068671324
8810.488730081,4.103634737499,-2.280122398069,4.103634737499,-2.280122398069,-0.4191158915909,0.07646653402179,0.392062067328,-0.1480886705655
8912.509381338,4.090061160295,-2.305197596065,4.090061160295,-2.305197596065,-0.4188008540712,0.07729601320419,0.3911580972108,-0.1495804447415
9015.71137606,4.076155029733,-2.330504864412,4.076155029733,-2.330504864412,-0.418478968275,0.07813311715484,0.390235423388,-0.1510820819529
9120.10839356,4.061908011157,-2.356044268709,4.061908011157,-2.356044268709,-0.4181500965925,0.078977870984,0.3892937131048,-0.1525934669321
9225.714271548,4.047311561469,-2.381815750028,4.047311561469,-2.381815750028,-0.4178140991605,0.07983029814896,0.3883326301705,-0.1541144766243
9332.54300797,4.032356924581,-2.407819117303,4.032356924581,-2.407819117303,-0.417470833849,0.08069042038245,0.3873518350463,-0.1556449799558
9440.60876286,4.01703512685,-2.434054039329,4.01703512685,-2.434054039329,-0.4171201562498,0.0815582576193,0.3863509849416,-0.1571848375998
9549.925860215,4.001336972504,-2.460520036336,4.001336972504,-2.460520036336,-0.4167619196656,0.08243382792118,0.3853297339178,-0.1587339017376
9660.508789899,3.98525303906,-2.487216471153,3.98525303906,-2.487216471153,-0.416395975101,0.08331714739949,0.3842877330006,-0.1602920158183
9772.372209559,3.968773672762,-2.514142539907,3.968773672762,-2.514142539907,-0.4160221712546,0.08420823013636,0.3832246303011,-0.1618590143144
9885.53094657,3.951888984032,-2.541297262254,3.951888984032,-2.541297262254,-0.415640354513,0.08510708810372,0.3821400711455,-0.1634347224748
10000.0,3.93458884296,-2.568679471118,3.93458884296,-2.568679471118,-0.4152503689459,0.08601373108043,0.3810336982154,-0.1650189560755
10115.7945426,3.91686287485,-2.596287801917,3.91686287485,-2.596287801917,-0.4148520563035,0.0869281665676,0.3799051516959,-0.1666115211674
10232.92992281,3.898700455816,-2.62412068125,3.898700455816,-2.62412068125,-0.414445256015,0.08785039970184,0.3787540694355,-0.1682122138223
10351.42166679,3.880090708482,-2.652176315017,3.880090708482,-2.652176315017,-0.4140298051897,0.08878043316668,0.3775800871154,-0.1698208198764
10471.28548051,3.861022497772,-2.680452675953,3.861022497772,-2.680452675953,-0.4136055386197,0.08971826710201,0.37638283843,-0.1714371146731
10592.53725177,3.841484426826,-2.708947490557,3.841484426826,-2.708947490557,-0.4131722887847,0.09066389901159,0.3751619552779,-0.1730608628029
10715.19305238,3.821464833074,-2.737658225367,3.821464833074,-2.737658225367,-0.4127298858591,0.09161732366873,0.3739170679656,-0.1746918178434
10839.26914021,3.80095178447,-2.766582072591,3.80095178447,-2.766582072591,-0.4122781577213,0.09257853301997,0.3726478054213,-0.1763297220982
10964.78196143,3.779933075944,-2.795715935017,3.779933075944,-2.795715935017,-0.4118169299658,0.09354751608688,0.3713537954225,-0.1779743063345
11091.74815262,3.758396226068,-2.825056410228,3.758396226068,-2.825056410228,-0.4113460259171,0.09452425886602,0.3700346648349,-0.1796252895218
11220.18454302,3.736328474003,-2.854599774049,3.736328474003,-2.854599774049,-0.4108652666471,0.09550874422705,0.3686900398649,-0.1812823785703
11350.10815672,3.713716776741,-2.88434196322,3.713716776741,-2.88434196322,-0.4103744709943,0.09650095180898,0.367319546325,-0.1829452680695
11481.53621497,3.690547806686,-2.914278557264,3.690547806686,-2.914278557264,-0.4098734555873,0.09750085791464,0.3659228099131,-0.1846136400291
11614.4861384,3.666807949619,-2.944404759508,3.666807949619,-2.944404759508,-0.4093620348695,0.09850843540345,0.3644994565051,-0.1862871636203
11748.9755494,3.642483303095,-2.974715377242,3.642483303095,-2.974715377242,-0.4088400211285,0.09952365358233,0.3630491124625,-0.18796549492
11885.02227437,3.617559675313,-3.005204800973,3.617559675313,-3.005204800973,-0.4083072245282,0.1005464780952,0.3615714049539,-0.1896482766575
12022.64434617,3.59202258452,-3.035866982755,3.59202258452,-3.035866982755,-0.4077634531437,0.1015768708103,0.3600659622921,-0.1913351379636
12161.86000646,3.565857259004,-3.066695413555,3.565857259004,-3.066695413555,-0.4072085130011,0.1026147897071,0.3585324142856,-0.1930256941247
12302.68770812,3.539048637742,-3.097683099631,3.539048637742,-3.097683099631,-0.4066422081195,0.1036601887602,0.3569703926063,-0.1947195463404
12445.14611771,3.511581371763,-3.128822537898,3.511581371763,-3.128822537898,-0.4060643405577,0.1047130178229,0.3553795311726,-0.1964162814863
12589.25411794,3.483439826306,-3.160105690238,3.483439826306,-3.160105690238,-0.405474710465,0.105773222509,0.3537594665486,-0.1981154718823
12735.03081017,3.454608083838,-3.191523956753,3.454608083838,-3.191523956753,-0.404873116135,0.1068407440737,0.3521098383602,-0.1998166750677
12882.49551693,3.425069948044,-3.223068147907,3.425069948044,-3.223068147907,-0.4042593540651,0.1079155192927,0.3504302897265,-0.201519433583
13031.66778452,3.394808948834,-3.254728455563,3.394808948834,-3.254728455563,-0.4036332190189,0.1089974803408,0.3487204677088,-0.2032232747599
13182.56738556,3.363808348508,-3.286494422861,3.363808348509,-3.286494422861,-0.4029945040946,0.1100865546693,0.3469800237772,-0.2049277105194
13335.21432163,3.332051149151,-3.318354912961,3.332051149151,-3.318354912961,-0.4023430007964,0.1111826648824,0.3452086142923,-0.2066322371802
13489.62882592,3.29952010137,-3.350298076598,3.29952010137,-3.350298076598,-0.4016784991124,0.1122857286134,0.3434059010062,-0.2083363352767
13645.83136589,3.266197714522,-3.382311318451,3.266197714522,-3.382311318451,-0.4010007875961,0.1133956583995,0.3415715515799,-0.2100394693886
13803.84264603,3.232066268494,-3.41438126234,3.232066268494,-3.41438126234,-0.4003096534536,0.114512361557,0.3397052401175,-0.211741087983
13963.68361056,3.197107827244,-3.446493715211,3.197107827244,-3.446493715211,-0.3996048826364,0.1156357400556,0.3378066477196,-0.2134406232688
14125.37544623,3.161304254168,-3.478633629962,3.161304254168,-3.478633629962,-0.3988862599381,0.1167656903926,0.3358754630519,-0.215137491066
14288.93958511,3.124637229505,-3.510785067067,3.124637229505,-3.510785067067,-0.3981535690988,0.1179021034678,0.3339113829333,-0.2168310906895
14454.39770746,3.087088269893,-3.54293115506,3.087088269893,-3.54293115506,-0.3974065929129,0.1190448644573,0.33191411294,-0.21852080485
14621.77174457,3.048638750258,-3.575054049907,3.048638750258,-3.575054049907,-0.3966451133445,0.1201938526892,0.3298833680267,-0.220205999571
14791.08388168,3.009269928224,-3.607134893259,3.009269928224,-3.607134893259,-0.3958689116473,0.1213489415187,0.3278188731661,-0.2218860241248
14962.35656095,2.968962971198,-3.639153769693,2.968962971198,-3.639153769693,-0.3950777684916,0.1225099982046,0.3257203640035,-0.2235602109884
15135.61248436,2.927698986349,-3.67108966296,2.927698986349,-3.67108966296,-0.3942714640968,0.1236768837867,0.3235875875292,-0.2252278758188
15310.87461682,2.885459053676,-3.702920411341,2.885459053676,-3.702920411341,-0.3934497783703,0.1248494529646,0.3214203027661,-0.2268883174516
15488.16618913,2.842224262358,-3.734622662181,2.842224262358,-3.734622662181,-0.3926124910528,0.1260275539774,0.3192182814736,-0.2285408179214
15667.51070108,2.797975750644,-3.766171825717,2.797975750644,-3.766171825717,-0.3917593818705,0.127211028486,0.3169813088663,-0.2301846425071
15848.93192461,2.752694749468,-3.797542028331,2.752694749468,-3.797542028331,-0.3908902306928,0.1283997114568,0.314709184348,-0.2318190398023
16032.4539069,2.706362630043,-3.828706065364,2.706362630043,-3.828706065364,-0.3900048176981,0.1295934310478,0.312401722259,-0.2334432418128
16218.10097359,2.658960955696,-3.859635353655,2.658960955696,-3.859635353655,-0.389102923545,0.1307920084977,0.3100587526375,-0.2350564640815
16405.897732,2.610471538149,-3.890299884012,2.610471538149,-3.890299884012,-0.3881843295512,0.1319952580172,0.3076801219933,-0.2366579058428
16595.86907438,2.560876498548,-3.920668173812,2.560876498548,-3.920668173812,-0.3872488178791,0.1332029866838,0.305265694093,-0.2382467502078
16788.04018123,2.510158333438,-3.950707219999,2.510158333438,-3.950707219999,-0.3862961717278,0.1344149943404,0.302815350757,-0.2398221643803
16982.43652462,2.458299986021,-3.980382452737,2.458299986021,-3.980382452737,-0.3853261755331,0.1356310734972,0.3003289926657,-0.2413832999066
17179.08387158,2.405284922874,-4.009657690036,2.405284922874,-4.009657690036,-0.3843386151733,0.136851009238,0.2978065401743,-0.2429292929595
17378.00828749,2.351097216448,-4.038495093702,2.351097216448,-4.038495093702,-0.383333278183,0.1380745791313,0.2952479341358,-0.2444592646566
17579.23613959,2.295721633561,-4.066855126987,2.295721633561,-4.066855126987,-0.3823099539736,0.1393015531457,0.2926531367301,-0.2459723214171
17782.79410039,2.239143730154,-4.094696514363,2.239143730154,-4.094696514363,-0.3812684340603,0.140531693571,0.290022132298,-0.2474675553546
17988.70915129,2.181349952531,-4.121976203889,2.181349952531,-4.121976203889,-0.3802085122968,0.1417647549448,0.2873549281786,-0.2489440447104
18197.0085861,2.122327745313,-4.148649332679,2.122327745313,-4.148649332679,-0.3791299851166,0.1430004839853,0.2846515555491,-0.2504008543254
18407.72001469,2.062065666277,-4.174669196052,2.062065666277,-4.174669196052,-0.3780326517811,0.1442386195299,0.2819120702646,-0.2518370361547
18620.87136663,2.000553508305,-4.199987220926,2.000553508305,-4.199987220926,-0.3769163146344,0.1454788924817,0.2791365536963,-0.2532516298233
18836.4908949,1.937782428546,-4.224552944162,1.937782428546,-4.224552944162,-0.3757807793653,0.1467210257618,0.2763251135671,-0.2546436632253
19054.60717963,1.873745084916,-4.248313996543,1.873745084916,-4.248313996543,-0.3746258552747,0.1479647342708,0.273477884781,-0.256012153167
19275.24913191,1.808435780011,-4.271216093161,1.808435780011,-4.271216093161,-0.3734513555509,0.1492097248572,0.2705950302461,-0.2573561060555
19498.44599758,1.741850612431,-4.293203031036,1.741850612431,-4.293203031036,-0.3722570975499,0.1504556962947,0.2676767416877,-0.258674518632
19724.22736115,1.673987635516,-4.314216694814,1.673987635516,-4.314216694814,-0.3710429030821,0.1517023392686,0.2647232404501,-0.2599663787524
19952.62314969,1.604847023321,-4.334197071514,1.604847023321,-4.334197071514,-0.3698085987053,0.1529493363714,0.2617347782839,-0.2612306662136
20183.66363682,1.534431243728,-4.353082275255,1.534431243728,-4.353082275255,-0.3685540160223,0.1541963621078,0.2587116381177,-0.2624663536285
20417.3794467,1.46274523836,-4.370808583015,1.46274523836,-4.370808583015,-0.3672789919848,0.1554430829108,0.2556541348103,-0.2636724073478
20653.80155811,1.389796608981,-4.387310482481,1.389796608981,-4.387310482481,-0.3659833692019,0.1566891571677,0.2525626158814,-0.2648477884299
20892.96130854,1.315595809898,-4.402520733104,1.315595809898,-4.402520733104,-0.3646669962528,0.1579342352573,0.2494374622188,-0.2659914536592
21134.89039837,1.240156345767,-4.416370441495,1.240156345767,-4.416370441495,-0.363329728005,0.1591779595991,0.2462790887579,-0.2671023566123
21379.62089502,1.163494974134,-4.428789152328,1.163494974134,-4.428789152328,-0.3619714259352,0.1604199647136,0.2430879451321,-0.2681794487718
21627.18523727,1.085631911798,-4.439704955938,1.085631911798,-4.439704955938,-0.360591958455,0.1616598772957,0.2398645162903,-0.2692216806883
21877.6162395,1.006591044059,-4.449044613783,1.006591044059,-4.449044613783,-0.3591912012386,0.1628973163003,0.2366093230791,-0.2702280031889
22130.94709606,0.926400135624,-4.456733702968,0.926400135624,-4.456733702968,-0.357769037554,0.1641318930414,0.2333229227863,-0.2711973686328
22387.21138568,0.8450910418881,-4.46269678094,0.8450910418881,-4.46269678094,-0.3563253585963,0.1653632113046,0.2300059096432,-0.2721287322121
22646.44307593,0.7626999190811,-4.466857571469,0.7626999190811,-4.466857571469,-0.3548600638219,0.166590867473,0.2266589152817,-0.2730210532975
22908.67652768,0.6792674314892,-4.469139172974,0.6792674314892,-4.469139172974,-0.3533730612853,0.167814450668,0.2232826091447,-0.2738732968274
23173.94649969,0.5948389539932,-4.469464290074,0.5948389539932,-4.469464290074,-0.3518642679749,0.1690335429046,0.219877698845,-0.2746844347391
23442.2881532,0.5094647677369,-4.467755489238,0.5094647677369,-4.467755489238,-0.3503336101499,0.1702477192605,0.2164449304709,-0.2754534474412
23713.73705662,0.4232002466263,-4.463935479211,0.4232002466263,-4.463935479211,-0.3487810236758,0.1714565480619,0.2129850888348,-0.2761793253237
23988.3291902,0.3361060322634,-4.457927416691,0.3361060322634,-4.457927416691,-0.3472064543589,0.1726595910836,0.2094989976615,-0.2768610703056
24266.10095083,0.2482481945491,-4.449655237588,0.2482481945491,-4.449655237588,-0.3456098582788,0.1738564037648,0.2059875197145,-0.2774976974174
24547.08915685,0.1596983751306,-4.439044013921,0.1596983751306,-4.439044013921,-0.3439912021183,0.1750465354412,0.2024515568557,-0.2780882364145
24831.33105296,0.07053391069323,-4.42602033613,0.07053391069323,-4.42602033613,-0.3423504634889,0.176229529593,0.1988920500366,-0.2786317334221
25118.8643151,-0.01916206710478,-4.410512720281,-0.01916206710478,-4.410512720281,-0.3406876312536,0.1774049241082,0.1953099792184,-0.2791272526047
25409.72705549,-0.1093005583116,-4.39245203931,-0.1093005583116,-4.39245203931,-0.3390027058432,0.1785722515637,0.1917063632173,-0.2795738778611
25703.95782769,-0.1997866513593,-4.371771977043,-0.1997866513593,-4.371771977043,-0.3372956995677,0.1797310395211,0.1880822594737,-0.2799707145383
26001.59563165,-0.2905195131734,-4.348409503348,-0.2905195131734,-4.348409503348,-0.3355666369207,0.1808808108401,0.1844387637416,-0.2803168911632
26302.67991896,-0.3813924160814,-4.32230536831,-0.3813924160814,-4.32230536831,-0.3338155548761,0.1820210840071,0.180777009697,-0.2806115611867
26607.25059799,-0.4722928049618,-4.293404612871,-0.4722928049618,-4.293404612871,-0.3320425031773,0.1831513734809,0.1770981684624,-0.2808539047379
26915.34803927,-0.5631024078674,-4.261657092894,-0.5631024078674,-4.261657092894,-0.3302475446157,0.1842711900547,0.1734034480462,-0.2810431303823
27227.01308078,-0.6536973931933,-4.227018013087,-0.6536973931933,-4.227018013087,-0.3284307553005,0.1853800412327,0.1696940926945,-0.2811784768817
27542.28703338,-0.7439485762771,-4.189448466754,-0.7439485762771,-4.189448466754,-0.3265922249169,0.1864774316245,0.1659713821539,-0.2812592149498
27861.2116863,-0.8337216779294,-4.148915976816,-0.8337216779294,-4.148915976816,-0.3247320569721,0.1875628633533,0.1622366308448,-0.2812846489993
28183.82931265,-0.9228776371008,-4.105395033063,-0.9228776371008,-4.105395033063,-0.322850369029,0.1886358364805,0.1584911869435,-0.2812541188764
28510.18267504,-1.01127297921,-4.058867620166,-1.01127297921,-4.058867620166,-0.3209472929261,0.1896958494444,0.1547364313721,-0.2811670015763
28840.31503127,-1.098760241393,-4.009323730514,-1.098760241393,-4.009323730514,-0.3190229749823,0.1907423995144,0.1509737766963,-0.2810227129357
29174.27014001,-1.185188455014,-3.956761855634,-1.185188455014,-3.956761855634,-0.3170775761872,0.1917749832576,0.147204665931,-0.2808207092964
29512.09226667,-1.270403685282,-3.901189449599,-1.270403685282,-3.901189449599,-0.3151112723739,0.1927930970208,0.1434305712529,-0.2805604891355
29853.82618918,-1.35424962686,-3.842623357668,-1.35424962686,-3.842623357668,-0.3131242543752,0.1937962374241,0.1396529926215,-0.2802415946555
30199.51720402,-1.436568253691,-3.781090203234,-1.436568253691,-3.781090203234,-0.3111167281616,0.1947839018672,0.1358734563092,-0.2798636133299
30549.21113216,-1.517200520202,-3.716626726182,-1.517200520202,-3.716626726182,-0.3090889149606,0.1957555890473,0.1320935133413,-0.2794261793983
30902.95432514,-1.595987110275,-3.649280065848,-1.595987110275,-3.649280065848,-0.3070410513556,0.196710799488,0.1283147378467,-0.2789289753051
31260.79367124,-1.672769229291,-3.579107982027,-1.672769229291,-3.579107982027,-0.304973389365,0.1976490360783,0.1245387253234,-0.2783717330778
31622.77660169,-1.747389433792,-3.506179007822,-1.747389433792,-3.506179007822,-0.3028861964997,0.1985698046203,0.1207670908181,-0.2777542356368
31988.95109692,-1.819692492207,-3.430572528691,-1.819692492207,-3.430572528691,-0.3007797557986,0.1994726143857,0.117001467025,-0.2770763180338
32359.36569296,-1.889526269345,-3.35237878266,-1.889526269345,-3.35237878266,-0.2986543658415,0.2003569786799,0.1132435023054,-0.2763378686114
32734.06948789,-1.956742626542,-3.271698777505,-1.956742626542,-3.271698777505,-0.2965103407394,0.2012224154118,0.1094948586311,-0.2755388300809
33113.11214826,-2.02119832859,-3.18864412162,-2.02119832859,-3.18864412162,-0.2943480100995,0.2020684476691,0.1057572094572,-0.2746792005099
33496.54391578,-2.082755948075,-3.103336766334,-2.082755948075,-3.103336766334,-0.2921677189673,0.2028946042983,0.102032237526,-0.2737590342184
33884.41561392,-2.141284757215,-3.015908658611,-2.141284757215,-3.015908658611,-0.2899698277433,0.203700420487,0.09832163260839,-0.272778442576
34276.77865465,-2.196661597087,-2.926501304281,-2.196661597087,-2.926501304281,-0.2877547120741,0.2044854383488,0.09462708918595,-0.2717375946965
34673.68504526,-2.248771713903,-2.835265243294,-2.248771713903,-2.835265243294,-0.2855227627185,0.2052492075079,0.09095030408059,-0.2706367180258
35075.18739526,-2.297509552241,-2.742359439745,-2.297509552241,-2.742359439745,-0.2832743853874,0.2059912856845,0.08729297403539,-0.2694760988189
35481.33892336,-2.342779495149,-2.647950590857,-2.342779495149,-2.647950590857,-0.2810100005578,0.2067112392769,0.08365679325385,-0.2682560825022
35892.1934645,-2.384496541757,-2.552212360327,-2.384496541757,-2.552212360327,-0.27873004326,0.2074086439411,0.08004345090289,-0.2669770739175
36307.80547701,-2.422586913495,-2.455324542752,-2.422586913495,-2.455324542752,-0.2764349628393,0.2080830851659,0.0764546285862,-0.2656395374454
36728.23004981,-2.456988580963,-2.357472166974,-2.456988580963,-2.357472166974,-0.2741252226911,0.2087341588422,0.07289199779449,-0.2642439970044
37153.52290972,-2.487651704406,-2.258844547275,-2.487651704406,-2.258844547275,-0.2718012999687,0.2093614718242,0.06935721733932,-0.2627910359244
37583.74042885,-2.514538982023,-2.159634292192,-2.514538982023,-2.159634292192,-0.2694636852672,0.2099646424833,0.06585193077817,-0.2612812966917
38018.93963206,-2.537625901507,-2.060036281473,-2.537625901507,-2.060036281473,-0.267112882279,0.2105433012511,0.06237776383705,-0.2597154805655
38459.17820454,-2.556900891681,-1.960246622242,-2.556900891681,-1.960246622242,-0.264749407426,0.2110970911512,0.0589363218387,-0.2580943470634
38904.51449943,-2.572365372437,-1.860461595769,-2.572365372437,-1.860461595769,-0.2623737894647,0.2116256683185,0.05552918714382,-0.2564187133164
39355.00754558,-2.584033702817,-1.760876606305,-2.584033702817,-1.760876606305,-0.2599865690686,0.2121287025043,0.05215791661247,-0.2546894532931
39810.71705535,-2.591933028394,-1.661685143431,-2.591933028394,-1.661685143431,-0.2575882983845,0.2126058775656,0.04882403909383,-0.2529074968937
40271.70343255,-2.596103030657,-1.563077768999,-2.596103030657,-1.563077768999,-0.255179540567,0.2130568919388,0.04552905295137,-0.2510738289142
40738.02778041,-2.596595582438,-1.465241139241,-2.596595582438,-1.465241139241,-0.252760869289,0.213481459094,0.04227442363155,-0.2491894878834
41209.75190974,-2.593474314678,-1.368357071975,-2.593474314678,-1.368357071975,-0.2503328682312,0.2138793079709,0.03906158128336,-0.2472555647733
41686.93834704,-2.586814101036,-1.272601667878,-2.586814101036,-1.272601667878,-0.2478961305499,0.2142501833941,0.0358919184361,-0.2452732015866
42169.65034286,-2.576700467749,-1.178144493922,-2.576700467749,-1.178144493922,-0.2454512583249,0.2145938464669,0.03276678774286,-0.2432435898234
42657.95188016,-2.563228937077,-1.085147835833,-2.563228937077,-1.085147835833,-0.2429988619885,0.2149100749417,0.02968749979693,-0.241167968831
43151.90768278,-2.546504313257,-0.9937660252884,-2.546504313257,-0.9937660252884,-0.240539559736,0.2151986635675,0.02665532102773,-0.2390476240409
43651.58322402,-2.526639920385,-0.9041448463011,-2.526639920385,-0.9041448463011,-0.2380739769196,0.2154594244124,0.02367147168355,-0.2368838850965
44157.04473533,-2.50375680188,-0.8164210239966,-2.50375680188,-0.8164210239966,-0.2356027454273,0.2156921871595,0.02073712390692,-0.2346781238778
44668.3592151,-2.477982891362,-0.7307217975904,-2.477982891362,-0.7307217975904,-0.2331265030461,0.2158967993778,0.01785339990924,-0.2324317524268
45185.5944375,-2.449452164561,-0.647164578334,-2.449452164561,-0.647164578334,-0.2306458928132,0.2160731267641,0.01502137025028,-0.2301462207807
45708.81896149,-2.418303781781,-0.5658566917664,-2.418303781781,-0.5658566917664,-0.2281615623558,0.2162210533581,0.01224205222773,-0.2278230147177
46238.10213993,-2.384681229885,-0.4868952027462,-2.384681229885,-0.4868952027462,-0.2256741632193,0.216340481728,0.009516408382491,-0.2254636534233
46773.51412872,-2.348731472367,-0.4103668205588,-2.348731472367,-0.4103668205588,-0.2231843501884,0.2164313331271,0.006845345123369,-0.2230696870818
47315.12589615,-2.310604115375,-0.3363478805879,-2.310604115375,-0.3363478805879,-0.2206927805999,0.2164935476204,0.004229711476547,-0.2206426944028
47863.00923227,-2.270450596832,-0.2649043982389,-2.270450596832,-0.2649043982389,-0.2182001136498,0.2165270841821,0.001670297961907,-0.2181842800871
48417.23675841,-2.228423405023,-0.1960921901972,-2.228423405023,-0.1960921901972,-0.215707009697,0.2165319207606,-0.0008321643986553,-0.2156960722415
48977.88193685,-2.184675332188,-0.1299570575103,-2.184675332188,-0.1299570575103,-0.2132141295635,0.2165080543156,-0.003277004940057,-0.2131797197501
49545.01908048,-2.13935876778,-0.06653502474534,-2.13935876778,-0.06653502474534,-0.2107221338342,0.2164555008218,-0.005663614076418,-0.2106368896087
50118.72336273,-2.092625035199,-0.005852629068447,-2.092625035199,-0.005852629068447,-0.2082316821566,0.216374295244,-0.007991443886327,-0.2080692642322
50699.07082747,-2.044623774986,0.05207274695395,-2.044623774986,0.05207274695395,-0.2057434325432,0.2162644914804,-0.01026000855899,-0.2054785387407
51286.13839914,-1.995502376597,0.1072325050337,-1.995502376597,0.1072325050337,-0.2032580406775,0.2161261622754,-0.01246888470176,-0.2028664182353
51880.0038929,-1.945405460143,0.1596264295169,-1.945405460143,0.1596264295169,-0.2007761592246,0.2159593991031,-0.01461771150751,-0.2002346150696
52480.74602498,-1.894474408744,0.209262260414,-1.894474408744,0.209262260414,-0.1982984371495,0.2157643120195,-0.01670619078391,-0.1975848461249
53088.4444231,-1.842846951471,0.2561552468238,-1.842846951471,0.2561552468238,-0.195825519043,0.2155410294869,-0.01873408684451,-0.1949188300996
53703.17963703,-1.790656796275,0.3003276862429,-1.790656796275,0.3003276862429,-0.1933580444577,0.2152896981677,-0.02070122626325,-0.192238284817
54325.03314925,-1.738033311764,0.3418084547985,-1.738033311764,0.3418084547985,-0.1908966472546,0.2150104826914,-0.02260749749523,-0.189544924563
54954.08738577,-1.685101256224,0.3806325331515,-1.685101256224,0.3806325331515,-0.1884419549633,0.214703565393,-0.02445285036501,-0.186840457458
55590.42572704,-1.631980551943,0.4168405323221,-1.631980551943,0.4168405323221,-0.1859945881552,0.214369146025,-0.02623729542667,-0.1841265828731
56234.13251904,-1.578786102518,0.4504782232808,-1.578786102518,0.4504782232808,-0.1835551598323,0.2140074414432,-0.02796090319802,-0.1814049888955
56885.29308439,-1.525627650651,0.4815960736877,-1.525627650651,0.4815960736877,-0.1811242748324,0.2136186852674,-0.02962380327352,-0.1786773498513
57543.99373372,-1.472609673711,0.5102487947457,-1.472609673711,0.5102487947457,-0.1787025292521,0.2132031275185,-0.03122618332002,-0.175945323892
58210.32177709,-1.419831314238,0.5364949006924,-1.419831314238,0.5364949006924,-0.1762905098883,0.2127610342317,-0.03276828795958,-0.1732105506498
58884.36553556,-1.367386342498,0.5603962830052,-1.367386342498,0.5603962830052,-0.1738887936996,0.2122926870479,-0.03425041754509,-0.1704746489694
59566.2143529,-1.315363148176,0.5820178010402,-1.315363148176,0.5820178010402,-0.1714979472884,0.2117983827852,-0.03567292683325,-0.1677392147196
60255.95860744,-1.26384475832,0.6014268904298,-1.26384475832,0.6014268904298,-0.1691185264053,0.2112784329894,-0.03703622356136,-0.1650058186916
60953.68972402,-1.212908878698,0.6186931902156,-1.212908878698,0.6186931902156,-0.1667510754746,0.2107331634668,-0.03834076693278,-0.1622760045876
61659.50018615,-1.162627955848,0.6338881893736,-1.162627955848,0.6338881893736,-0.1643961271446,0.2101629138002,-0.03958706601839,-0.1595512871033
62373.48354825,-1.113069257185,0.6470848931298,-1.113069257185,0.6470848931298,-0.1620542018609,0.2095680368481,-0.04077567807899,-0.1568331501102
63095.73444802,-1.064294966698,0.6583575091586,-1.064294966698,0.6583575091586,-0.1597258074643,0.2089488982304,-0.04190720681646,-0.154123044938
63826.34861906,-1.0163622939,0.6677811535832,-1.0163622939,0.6677811535832,-0.1574114388143,0.2083058758001,-0.04298230055894,-0.1514223887632
64565.42290347,-0.9693235938819,0.6754315764561,-0.9693235938819,0.6754315764561,-0.1551115774366,0.2076393591038,-0.04400165038802,-0.1487325631027
65313.05526475,-0.9232264964739,0.681384906274,-0.9232264964739,0.681384906274,-0.1528266911986,0.2069497488315,-0.04496598821338,-0.146054912418
66069.34480076,-0.8781140427118,0.6857174129174,-0.8781140427118,0.6857174129174,-0.1505572340086,0.2062374562575,-0.04587608480273,-0.1433907428285
66834.39175687,-0.8340248269751,0.6885052883082,-0.8340248269751,0.6885052883082,-0.1483036455427,0.205502902673,-0.04673274777302,-0.1407413209366
67608.2975392,-0.7909931433569,0.6898244439705,-0.7909931433569,0.6898244439705,-0.1460663509977,0.2047465188136,-0.04753681955009,-0.1381078727649
68391.16472815,-0.7490491349553,0.6897503246846,-0.7490491349553,0.6897503246846,-0.1438457608701,0.2039687442807,-0.0482891753031,-0.1354915828049
69183.0970919,-0.7082189450415,0.6883577372409,-0.7082189450415,0.6883577372409,-0.1416422707612,0.2031700269596,-0.04899072086067,-0.132893593178
69984.19960023,-0.668524869051,0.6857206935131,-0.668524869051,0.6857206935131,-0.1394562612094,0.2023508224358,-0.04964239061455,-0.1303150029076
70794.57843842,-0.6299855067024,0.6819122667827,-0.6299855067024,0.6819122667827,-0.1372880975468,0.2015115934092,-0.05024514541782,-0.1277568673012
71614.34102129,-0.5926159135248,0.6770044604806,-0.5926159135248,0.6770044604806,-0.1351381297832,0.2006528091102,-0.0507999704831,-0.1252201974415
72443.5960075,-0.5564277512715,0.6710680884436,-0.5564277512715,0.6710680884436,-0.1330066925144,0.1997749447151,-0.05130787328689,-0.1227059597838
73282.4533139,-0.5214294368057,0.6641726658272,-0.5214294368057,0.6641726658272,-0.1308941048555,0.1988784807667,-0.05176988148623,-0.1202150758594
74131.0241301,-0.4876262891788,0.6563863098391,-0.4876262891788,0.6563863098391,-0.1288006703995,0.1979639025961,-0.05218704085196,-0.1177484220805
74989.42093325,-0.4550206746387,0.6477756495825,-0.4550206746387,0.6477756495825,-0.1267266771989,0.1970316997519,-0.05256041322524,-0.1153068296452
75857.75750292,-0.4236121494831,0.6384057442628,-0.4236121494831,0.6384057442628,-0.1246723977716,0.1960823654335,-0.05289107450096,-0.1128910845399
76736.14893619,-0.3933976006644,0.6283400091496,-0.3933976006644,0.6283400091496,-0.1226380891288,0.1951163959327,-0.05318011264391,-0.1105019276345
77624.71166287,-0.3643713841361,0.6176401487204,-0.3643713841361,0.6176401487204,-0.1206239928263,0.1941342900827,-0.05342862574093,-0.1081400548684
78523.56346101,-0.3365254610006,0.6063660964652,-0.3365254610006,0.6063660964652,-0.1186303350359,0.1931365487158,-0.05363772009419,-0.1058061175233
79432.82347243,-0.3098495315044,0.594575960932,-0.3098495315044,0.594575960932,-0.1166573266381,0.1921236741321,-0.05380850835882,-0.1035007225787
80352.61221857,-0.2843311669807,0.582325977636,-0.2843311669807,0.582325977636,-0.1147051633357,0.1910961695773,-0.05394210772835,-0.1012244331464
81283.05161642,-0.2599559398466,0.5696704665211,-0.2599559398466,0.5696704665211,-0.1127740257846,0.1900545387328,-0.05403963817163,-0.09897776897981
82224.26499471,-0.2367075517492,0.556661794734,-0.2367075517492,0.556661794734,-0.1108640797454,0.1889992852177,-0.05410222072345,-0.09676120705483
83176.37711027,-0.2145679599837,0.5433503445047,-0.2145679599837,0.5433503445047,-0.1089754762501,0.1879309121035,-0.05413097583231,-0.09457518221647
84139.51416453,-0.1935175022485,0.5297844860025,-0.1935175022485,0.5297844860025,-0.1071083517872,0.186849921442,-0.0541270217666,-0.09242008788845
85113.80382024,-0.1735350198169,0.516010555063,-0.1735350198169,0.516010555063,-0.1052628285021,0.1857568138071,-0.05409147308217,-0.09029627684055
86099.37521847,-0.154597979177,0.5020728357192,-0.154597979177,0.5020728357192,-0.1034390144118,0.1846520878516,-0.05402543915225,-0.08820406200987
87096.35899561,-0.1366825921534,0.4880135475095,-0.1366825921534,0.4880135475095,-0.1016370036345,0.1835362398774,-0.05393002276146,-0.08614371737149
88104.88730081,-0.1197639344775,0.4738728375557,-0.1197639344775,0.4738728375557,-0.0998568766317,0.1824097634219,-0.05380631876507,-0.08411547885422
89125.09381338,-0.1038160627924,0.4596887774084,-0.1038160627924,0.4596887774084,-0.09809870046266,0.18127314886,-0.05365541281415,-0.08211954529733
90157.1137606,-0.08881212997777,0.4454973646845,-0.08881212997777,0.4454973646845,-0.09636252905026,0.1801268830208,-0.05347838014741,-0.08015607944385
91201.0839356,-0.0747244986984,0.4313325295062,-0.0747244986984,0.4313325295062,-0.09464840345702,0.1789714488211,-0.05327628445007,-0.07822520896656
92257.14271548,-0.06152485302676,0.417226145754,-0.06152485302676,0.417226145754,-0.09295635217107,0.177807324915,-0.05305017677953,-0.07632702752245
93325.43007971,-0.04918430794407,0.4032080471363,-0.04918430794407,0.4032080471363,-0.09128639140012,0.1766349853591,-0.05280109455838,-0.07446159583167
94406.0876286,-0.03767351654881,0.3893060480516,-0.03767351654881,0.3893060480516,-0.08963852537394,0.1754548992946,-0.05253006063363,-0.07262894277736
95499.25860215,-0.02696277470126,0.3755459692105,-0.02696277470126,0.3755459692105,-0.08801274665305,0.1742675306455,-0.05223808240237,-0.07082906652231
96605.08789899,-0.01702212290501,0.3619516679444,-0.01702212290501,0.3619516679444,-0.0864090364442,0.1730733378331,-0.05192615100243,-0.06906193563917
97723.72209559,-0.007821445129271,0.3485450731121,-0.007821445129271,0.3485450731121,-0.08482736492055,0.1718727735068,-0.05159524056779,-0.06732749025051
98855.3094657,0.0006694356743647,0.3353462244721,0.0006694356743646,0.3353462244721,-0.08326769154656,0.1706662842913,-0.05124630754725,-0.06562564317545
100000.0,0.008480665634369,0.3223733163637,0.008480665634369,0.3223733163637,-0.08172996540688,0.1694543105493,-0.05088029008513,-0.06395628107987
101157.945426,0.01564227185919,0.309642745503,0.01564227185919,0.309642745503,-0.0802141255377,0.1682372861604,-0.05049810746303,-0.06231926562688
102329.2992281,0.02218407845418,0.2971691626649,0.02218407845418,0.2971691626649,-0.07872010126077,0.1670156383162,-0.0501006596007,-0.06071443462489
103514.2166679,0.02813562685656,0.2849655279972,0.02813562685656,0.2849655279972,-0.07724781251879,0.1657897873296,-0.04968882661481,-0.05914160317048
104712.8548051,0.03352610075434,0.2730431696735,0.03352610075434,0.2730431696735,-0.07579717021155,0.164560146461,-0.0492634684337,-0.05760056478349
105925.3725177,0.03838425575181,0.2614118455757,0.03838425575181,0.2614118455757,-0.07436807653292,0.1633271217574,-0.04882542446635,-0.05609109253213
107151.9305238,0.04273835398821,0.2500798076604,0.04273835398821,0.2500798076604,-0.07296042530648,0.1620911119082,-0.04837551332397,-0.0546129401454
108392.6914021,0.04661610380839,0.2390538686611,0.04661610380839,0.2390538686611,-0.0715741023212,0.1608525081142,-0.04791453259194,-0.05316584311145
109647.8196143,0.05004460462937,0.2283394707445,0.05004460462938,0.2283394707445,-0.07020898566514,0.15961169397,-0.04744325865031,-0.05174951975927
110917.4815262,0.05305029706464,0.2179407557374,0.05305029706464,0.2179407557374,-0.06886494605672,0.158369045362,-0.04696244654111,-0.05036367232223
112201.8454302,0.0556589183238,0.2078606365413,0.0556589183238,0.2078606365413,-0.06754184717447,0.1571249303771,-0.04647282987982,-0.04900798798215
113501.0815672,0.05789546291023,0.1981008693353,0.05789546291023,0.1981008693353,-0.06623954598271,0.1558797092268,-0.04597512080961,-0.0476821398918
114815.3621497,0.05978414857081,0.1886621261808,0.05978414857081,0.1886621261808,-0.0649578930546,0.1546337341815,-0.0454700099958,-0.04638578817512
116144.861384,0.06134838741974,0.1795440676489,0.06134838741974,0.1795440676489,-0.0636967328909,0.1533873495185,-0.04495816665872,-0.04511858090359
117489.755494,0.06261076213117,0.1707454151024,0.06261076213117,0.1707454151024,-0.06245590423434,0.1521408914809,-0.04444023864289,-0.0438801550478
118850.2227437,0.06359300707299,0.1622640222714,0.06359300707299,0.1622640222714,-0.06123524038025,0.1508946882477,-0.04391685252022,-0.04267013740365
120226.4434617,0.06431599418809,0.1540969458027,0.06431599418809,0.1540969458027,-0.06003456948106,0.1496490599148,-0.0433886137256,-0.04148814549169
121618.6000646,0.06479972346071,0.1462405144504,0.06479972346071,0.1462405144504,-0.05885371484651,0.1484043184868,-0.0428561067225,-0.0403337884297
123026.8770812,0.06506331771461,0.1386903966419,0.06506331771461,0.1386903966419,-0.05769249523815,0.1471607678777,-0.04231989519672,-0.03920666777753
124451.4611771,0.06512502153298,0.1314416661384,0.06512502153298,0.1314416661384,-0.05655072515773,0.1459187039222,-0.04178052227647,-0.03810637835382
125892.5411794,0.06500220402201,0.1244888655707,0.06500220402201,0.1244888655707,-0.05542821513009,0.1446784143953,-0.04123851077663,-0.03703250902443
127350.3081017,0.06471136516542,0.1178260676358,0.06471136516542,0.1178260676358,-0.0543247719797,0.1434401790409,-0.04069436346555,-0.03598464346223
128824.9551693,0.06426814547855,0.1114469337867,0.06426814547855,0.1114469337867,-0.0532401991008,0.1422042696087,-0.04014856335239,-0.03496236087819
130316.6778452,0.06368733868979,0.1053447702594,0.06368733868979,0.1053447702594,-0.0521742967211,0.1409709498981,-0.0396015739934,-0.03396523672363
131825.6738556,0.06298290714546,0.09951258133457,0.06298290714546,0.09951258133457,-0.05112686215899,0.139740475811,-0.03905383981525,-0.03299284336386
133352.1432163,0.06216799966685,0.09394311972955,0.06216799966685,0.09394311972955,-0.05009769007366,0.1385130954095,-0.03850578645398,-0.03204475072307
134896.2882592,0.06125497156082,0.08862893407184,0.06125497156082,0.08862893407184,-0.04908657270896,0.1372890489824,-0.03795782110761,-0.03112052690105
136458.3136589,0.06025540651522,0.08356241340829,0.06025540651522,0.08356241340829,-0.04809330012956,0.1360685691157,-0.03741033290147,-0.0302197387614
138038.4264603,0.05918014009895,0.07873582874629,0.05918014009895,0.07873582874629,-0.04711766045116,0.1348518807706,-0.03686369326397,-0.02934195249235
139636.8361056,0.05803928460941,0.07414137163426,0.05803928460941,0.07414137163426,-0.0461594400628,0.1336392013657,-0.03631825631218,-0.02848673413974
141253.7544623,0.05684225501863,0.06977118980951,0.05684225501863,0.06977118980951,-0.04521842384264,0.1324307408649,-0.03577435924532,-0.0276536501132
142889.3958511,0.05559779577612,0.06561741996957,0.05559779577612,0.06561741996957,-0.04429439536654,0.1312267018694,-0.03523232274521,-0.02684226766571
144543.9770746,0.05431400824951,0.06167221772757,0.05431400824951,0.06167221772757,-0.04338713711006,0.1300272797146,-0.03469245138211,-0.02605215534717
146217.7174457,0.05299837859322,0.05792778483421,0.05299837859322,0.05792778483421,-0.04249643064261,0.1288326625704,-0.03415503402521,-0.02528288343234
147910.8388168,0.05165780585189,0.05437639375973,0.05165780585189,0.05437639375973,-0.04162205681567,0.1276430315453,-0.03362034425627,-0.0245340243241
149623.5656095,0.05029863012281,0.05101040973791,0.05029863012281,0.05101040973791,-0.04076379594324,0.1264585607939,-0.03308864078568,-0.02380515293218
151356.1248436,0.04892666061876,0.04782231037799,0.04892666061876,0.04782231037799,-0.03992142797606,0.1252794176271,-0.03256016786965,-0.02309584702839
153108.7461682,0.04754720347968,0.04480470297559,0.04754720347968,0.04480470297559,-0.03909473266882,0.1241057626252,-0.03203515572792,-0.0224056875788
154881.6618913,0.04616508921281,0.04195033962759,0.04616508921281,0.04195033962759,-0.03828348974055,0.1229377497536,-0.03151382096095,-0.02173425905358
156675.1070108,0.04478469963895,0.03925213029314,0.04478469963895,0.03925213029314,-0.03748747902868,0.1217755264797,-0.03099636696575,-0.02108114971517
158489.3192461,0.04340999425116,0.03670315391662,0.04340999425116,0.03670315391662,-0.03670648063622,0.1206192338928,-0.03048298434976,-0.0204459518855
160324.539069,0.04204453589745,0.03429666774621,0.04204453589745,0.03429666774621,-0.03594027507327,0.1194690068248,-0.02997385134183,-0.01982826219314
162181.0097359,0.04069151571675,0.03202611497303,0.04069151571675,0.03202611497303,-0.03518864339098,0.1183249739723,-0.02946913420005,-0.01922768180053
164058.97732,0.03935377726617,0.02988513082149,0.03935377726617,0.02988513082149,-0.03445136731078,0.1171872580204,-0.02896898761531,-0.01864381661284
165958.6907438,0.03803383979492,0.02786754720478,0.03803383979492,0.02786754720478,-0.03372822934634,0.1160559757663,-0.02847355511055,-0.01807627746833
167880.4018123,0.03673392062437,0.02596739607387,0.03673392062437,0.02596739607387,-0.03301901292029,0.1149312382448,-0.02798296943483,-0.01752468031156
169824.3652462,0.03545595660819,0.02417891157186,0.03545595660819,0.02417891157186,-0.03232350247483,0.1138131508531,-0.02749735295202,-0.0169886463498
171790.8387158,0.03420162465384,0.02249653110557,0.03420162465384,0.02249653110557,-0.03164148357676,0.1127018134767,-0.02701681802344,-0.0164678021934
173780.082875,0.03297236129516,0.02091489543993,0.03297236129516,0.02091489543993,-0.03097274301696,0.1115973206152,-0.02654146738441,-0.01596177998096
175792.3613959,0.03176938131258,0.0194288479187,0.03176938131258,0.0194288479187,-0.03031706890437,0.1104997615074,-0.02607139451399,-0.0154702174898
177827.9410039,0.03059369540485,0.01803343290427,0.03059369540485,0.01803343290427,-0.02967425075494,0.1094092202571,-0.025606683998,-0.0149927582325
179887.0915129,0.02944612692097,0.01672389352931,0.02944612692097,0.01672389352931,-0.02904407957507,0.1083257759579,-0.02514741188476,-0.01452905154012
181970.085861,0.02832732766671,0.0154956688421,0.02832732766671,0.0154956688421,-0.0284263479403,0.1072495028174,-0.02469364603347,-0.01407875263283
184077.2001469,0.02723779280359,0.01434439042825,0.02723779280359,0.01434439042825,-0.0278208500693,0.106180470281,-0.02424544645509,-0.01364152267848
186208.7136663,0.02617787486276,0.01326587857755,0.02617787486276,0.01326587857755,-0.0272273818928,0.105118743155,-0.02380286564533,-0.01321702883979
188364.908949,0.02514779689825,0.01225613806859,0.02514779689825,0.01225613806859,-0.02664574111828,0.1040643817282,-0.02336594890991,-0.01280494431082
190546.0717963,0.02414766480729,0.01131135362872,0.02414766480729,0.01131135362872,-0.02607572728999,0.1030174418929,-0.02293473468178,-0.01240494834309
192752.4913191,0.02317747884693,0.01042788513183,0.02317747884693,0.01042788513183,-0.0255171418448,0.1019779752649,-0.02250925483026,-0.01201672626225
194984.4599758,0.02223714437771,0.009602262581532,0.02223714437771,0.009602262581532,-0.02496978816404,0.1009460293018,-0.02208953496208,-0.01163996947555
197242.2736115,0.02132648186659,0.008831180931751,0.02132648186659,0.008831180931751,-0.02443347162132,0.09992164742021,-0.02167559471426,-0.01127437547092
199526.2314969,0.02044523618148,0.008111494783942,0.02044523618148,0.008111494783942,-0.02390799962609,0.09890486911185,-0.02126744803886,-0.01091964780781
201836.6363682,0.01959308521067,0.007440213002999,0.01959308521067,0.007440213002999,-0.02339318166425,0.09789573005751,-0.02086510347945,-0.01057549610085
204173.794467,0.01876964784021,0.006814493284538,0.01876964784021,0.006814493284538,-0.02288882933425,0.09689426224015,-0.02046856443958,-0.01024163599611
206538.0155811,0.01797449132218,0.006231636705802,0.01797449132218,0.006231636705802,-0.02239475638073,0.09590049405595,-0.02007782944301,-0.009917789141224
208929.6130854,0.01720713806671,0.005689082286891,0.01720713806671,0.005689082286891,-0.02191077872405,0.09491445042396,-0.01969289238594,-0.009603683149052
211348.9039837,0.01646707188974,0.005184401587454,0.01646707188974,0.005184401587454,-0.02143671448701,0.09393615289389,-0.01931374278128,-0.009299051555917
213796.2089502,0.01575374374784,0.004715293358891,0.01575374374784,0.004715293358891,-0.02097238401855,0.09296561975224,-0.01894036599491,-0.009003633774506
216271.8523727,0.0150665769911,0.004279578272147,0.0150665769911,0.004279578272147,-0.0205176099143,0.09200286612666,-0.01857274347422,-0.008717175041929
218776.162395,0.0144049721631,0.003875193734381,0.0144049721631,0.003875193734381,-0.02007221703444,0.09104790408842,-0.01821085296889,-0.008439426363318
221309.4709606,0.0137683113772,0.003500188810501,0.0137683113772,0.003500188810501,-0.01963603251904,0.09010074275311,-0.01785466874401,-0.008170144451383
223872.1138569,0.01315596229681,0.003152719260407,0.01315596229681,0.003152719260407,-0.01920888580046,0.08916138837941,-0.01750416178576,-0.00790909166214
226464.4307593,0.01256728174513,0.002831042698433,0.01256728174513,0.002831042698433,-0.0187906086135,0.08822984446609,-0.01715929999972,-0.007656035927266
229086.7652768,0.01200161897118,0.002533513887522,0.01200161897118,0.002533513887522,-0.0183810350035,0.0873061118469,-0.01682004840191,-0.007410750683433
231739.4649969,0.01145831859484,0.002258580169339,0.01145831859484,0.002258580169339,-0.01798000133154,0.08639018878378,-0.01648636930274,-0.007173014798712
234422.881532,0.01093672325491,0.00200477703812,0.01093672325491,0.00200477703812,-0.01758734627808,0.08548207105801,-0.01615822248404,-0.006942612496606
237137.3705662,0.01043617598128,0.001770723859549,0.01043617598128,0.001770723859549,-0.01720291084425,0.08458175205944,-0.01583556536923,-0.006719333277771
239883.291902,0.009956022312401,0.001555119738329,0.009956022312401,0.001555119738329,-0.01682653835151,0.08368922287385,-0.01551835318684,-0.006502971839851
242661.0095083,0.009495612177112,0.001356739534087,0.009495612177112,0.001356739534087,-0.01645807443915,0.08280447236831,-0.01520653912756,-0.006293327995523
245470.8915685,0.009054301559363,0.001174430026769,0.009054301559363,0.001174430026769,-0.01609736706028,0.08192748727471,-0.01490007449492,-0.006090206589088
248313.3105296,0.008631453963331,0.001007106230998,0.008631453963331,0.001007106230998,-0.01574426647614,0.08105825227123,-0.01459890884976,-0.005893417411805
251188.643151,0.008226441694748,0.0008537478574648,0.008226441694748,0.0008537478574648,-0.01539862524875,0.08019675006207,-0.01430299014869,-0.005702775116141
254097.2705549,0.00783864697402,0.0007133959202557,0.00783864697402,0.0007133959202556,-0.01506029823221,0.07934296145517,-0.01401226487669,-0.00551809912917
257039.5782769,0.007467462895224,0.0005851494874882,0.007467462895224,0.0005851494874882,-0.01472914256256,0.07849686543805,-0.01372667817397,-0.005339213565296
260015.9563165,0.007112294244209,0.0004681625724131,0.007112294244209,0.0004681625724131,-0.01440501764635,0.07765843925183,-0.01344617395728,-0.005165947138466
263026.7991896,0.006772558188442,0.0003616411622803,0.006772558188442,0.0003616411622803,-0.01408778514805,0.07682765846334,-0.01317069503588,-0.004998133074046
266072.5059799,0.006447684849814,0.0002648403810566,0.006447684849814,0.0002648403810566,-0.01377730897624,0.07600449703545,-0.01290018322219,-0.004835609020499
269153.4803927,0.006137117771554,0.0001770617830057,0.006137117771554,0.0001770617830057,-0.01347345526846,0.07518892739556,-0.01263457943747,-0.004678216960966
272270.1308078,0.00584031428883,9.765077279889e-05,0.00584031428883,9.765077279888e-05,-0.01317609237564,0.07438092050226,-0.0123738238125,-0.004525803125024
275422.8703338,0.005556745812391,2.599414835405e-05,0.005556745812391,2.599414835405e-05,-0.0128850908453,0.07358044591024,-0.01211785578351,-0.004378217900599
278612.116863,0.005285898034119,-3.848223723337e-05,0.005285898034119,-3.848223723337e-05,-0.0126003234034,0.07278747183353,-0.0118666141836,-0.004235315746127
281838.2931265,0.005027271061818,-9.631569945307e-05,0.005027271061818,-9.631569945307e-05,-0.01232166493616,0.07200196520687,-0.01162003732955,-0.004096955103264
285101.8267504,0.00478037949096,-0.0001480088354847,0.00478037949096,-0.0001480088354847,-0.01204899247067,0.07122389174548,-0.01137806310445,-0.003962998310044
288403.1503127,0.00454475242005,-0.0001940315308527,0.00454475242005,-0.0001940315308527,-0.01178218515502,0.07045321600308,-0.01114062903611,-0.003833311514689
291742.7014001,0.004319933415676,-0.0002348228639439,0.004319933415676,-0.0002348228639439,-0.01152112423737,0.06968990142842,-0.01090767237146,-0.003707764590046
295120.9226667,0.004105480432815,-0.0002707929125506,0.004105480432815,-0.0002707929125506,-0.01126569304491,0.06893391041997,-0.01067913014711,-0.003586231048878
298538.2618918,0.003900965696096,-0.0003023244659959,0.003900965696096,-0.0003023244659959,-0.01101577696204,0.06818520437919,-0.01045493925615,-0.003468587959956
301995.1720402,0.003705975546131,-0.0003297746475261,0.003705975546131,-0.0003297746475261,-0.01077126340827,0.06744374376211,-0.01023503651133,-0.003354715865103
305492.1113216,0.003520110255866,-0.0003534764503106,0.003520110255866,-0.0003534764503106,-0.01053204181508,0.06670948812954,-0.01001935870484,-0.003244498697092
309029.5432514,0.003342983820508,-0.0003737401912342,0.003342983820508,-0.0003737401912342,-0.01029800360317,0.06598239619557,-0.009807842664712,-0.003137823698706
312607.9367124,0.003174223725074,-0.000390854885878,0.003174223725074,-0.000390854885878,-0.01006904215895,0.06526242587473,-0.009600425308002,-0.003034581342784
316227.7660169,0.003013470692288,-0.0004050895488478,0.003013470692288,-0.0004050895488478,-0.009845052810508,0.06454953432767,-0.009397043690933,-0.002934665253358
319889.5109692,0.002860378414656,-0.000416694422187,0.002860378414656,-0.000416694422187,-0.009625932803608,0.06384367800542,-0.00919763505605,-0.002837972127965
323593.6569297,0.002714613272453,-0.0004259021361827,0.002714613272453,-0.0004259021361827,-0.009411581277452,0.06314481269225,-0.009002136876536,-0.002744401661162
327340.6948789,0.00257585404121,-0.0004329288048976,0.00257585404121,-0.0004329288048976,-0.009201899240136,0.06245289354714,-0.008810486897794,-0.002653856469205
331131.1214826,0.002443791589782,-0.0004379750605729,0.002443791589782,-0.0004379750605729,-0.008996789543653,0.06176787514403,-0.008622623176435,-0.002566242015945
334965.4391579,0.002318128572009,-0.0004412270291099,0.002318128572009,-0.0004412270291099,-0.008796156859141,0.06108971151066,-0.008438484116733,-0.002481466540019
338844.1561392,0.002198579113002,-0.000442857250199,0.002198579113002,-0.000442857250199,-0.008599907652283,0.06041835616611,-0.008258008504669,-0.002399440983352
342767.7865465,0.002084868492301,-0.0004430255444959,0.002084868492301,-0.0004430255444959,-0.008407950157513,0.05975376215728,-0.008081135539717,-0.002320078920791
346736.8504526,0.001976732824827,-0.0004418798308546,0.001976732824827,-0.0004418798308546,-0.008220194353315,0.05909588209397,-0.007907804864386,-0.002243296491195
350751.8739526,0.001873918741315,-0.0004395568960054,0.001873918741315,-0.0004395568960054,-0.008036551936857,0.05844466818286,-0.007737956591671,-0.002169012329744
354813.3892336,0.001776183069212,-0.000436183119243,0.001776183069212,-0.000436183119243,-0.007856936298981,0.0578000722603,-0.007571531330486,-0.002097147501611
358921.934645,0.001683292514934,-0.0004318751546005,0.001683292514934,-0.0004318751546005,-0.007681262498803,0.05716204582401,-0.007408470209187,-0.00202762543689
363078.0547701,0.001595023348711,-0.0004267405725569,0.001595023348711,-0.0004267405725569,-0.007509447238539,0.05653054006366,-0.007248714897244,-0.001960371866872
367282.3004981,0.001511161092507,-0.0004208784636276,0.001511161092507,-0.0004208784636276,-0.007341408838468,0.05590550589039,-0.007092207625168,-0.001895314761642
371535.2290972,0.001431500211782,-0.000414380005867,0.001431500211782,-0.000414380005867,-0.007177067212093,0.05528689396522,-0.006938891202756,-0.00183238426901
375837.4042885,0.001355843811819,-0.0004073289981805,0.001355843811819,-0.0004073289981805,-0.00701634384051,0.05467465472661,-0.006788709035776,-0.001771512654631
380189.3963206,0.001284003338951,-0.0003998023613887,0.001284003338951,-0.0003998023613887,-0.006859161748325,0.05406873841678,-0.006641605141083,-0.001712634243617
384591.7820454,0.00121579828722,-0.0003918706088186,0.00121579828722,-0.0003918706088186,-0.006705445478538,0.05346909510729,-0.006497524160337,-0.001655685363284
389045.1449943,0.00115105591096,-0.0003835982880334,0.00115105591096,-0.0003835982880334,-0.006555121067866,0.05287567472358,-0.006356411372327,-0.001600604287238
393550.0754558,0.001089610943201,-0.0003750443955086,0.001089610943201,-0.0003750443955086,-0.006408116022395,0.05228842706858,-0.006218212703996,-0.001547331180738
398107.1705535,0.001031305320762,-0.0003662627655003,0.001031305320762,-0.0003662627655003,-0.006264359293482,0.05170730184545,-0.00608287474021,-0.001495808047349
402717.0343255,0.0009759879156296,-0.0003573024348442,0.0009759879156296,-0.0003573024348442,-0.006123781253116,0.05113224867954,-0.005950344732381,-0.001445978676741
407380.2778041,0.0009235142732425,-0.00034820798483,0.0009235142732425,-0.00034820798483,-0.005986313670626,0.05056321713935,-0.005820570605936,-0.001397788593869
412097.5190974,0.0008737463574727,-0.0003390198616351,0.0008737463574727,-0.0003390198616351,-0.005851889688286,0.05000015675681,-0.00569350096676,-0.001351185009223
416869.3834704,0.0008265523026736,-0.0003297746763966,0.0008265523026736,-0.0003297746763966,-0.005720443798348,0.04944301704667,-0.005569085106606,-0.001306116770412
421696.5034286,0.0007818061725505,-0.0003205054862448,0.0007818061725505,-0.0003205054862448,-0.00559191181931,0.04889174752521,-0.005447273007585,-0.001262534314838
426579.5188016,0.000739387726128,-0.0003112420572851,0.000739387726128,-0.0003112420572851,-0.005466230873035,0.04834629772813,-0.005328015345732,-0.001220389623598
431519.0768278,0.0006991821906346,-0.0003020111106616,0.0006991821906346,-0.0003020111106616,-0.005343339361583,0.04780661722777,-0.00521126349375,-0.001179636176491
436515.8322402,0.0006610800414184,-0.0002928365526302,0.0006610800414184,-0.0002928365526302,-0.005223176945111,0.04727265564953,-0.005096969522918,-0.001140228908248
441570.4473533,0.0006249767886741,-0.0002837396896588,0.0006249767886741,-0.0002837396896588,-0.005105684518954,0.04674436268773,-0.004985086204281,-0.001102124165761
446683.592151,0.0005907727711356,-0.000274739429359,0.0005907727711356,-0.000274739429359,-0.00499080419157,0.04622168812074,-0.004875567009108,-0.00106527966648
451855.944375,0.0005583729564217,-0.0002658524681612,0.0005583729564217,-0.0002658524681612,-0.004878479262912,0.04570458182543,-0.004768366108679,-0.001029654457905
457088.1896149,0.0005276867481229,-0.0002570934664855,0.0005276867481229,-0.0002570934664855,-0.004768654202412,0.04519299379112,-0.004663438373449,-0.0009952088780675
462381.0213993,0.000498627799472,-0.0002484752121633,0.000498627799472,-0.0002484752121633,-0.004661274627842,0.04468687413275,-0.004560739371618,-0.0009619045171187
467735.1412872,0.0004711138333775,-0.0002400087728477,0.0004711138333775,-0.0002400087728477,-0.004556287284184,0.04418617310364,-0.004460225367144,-0.0009297041799103
473151.2589615,0.0004450664688947,-0.0002317036380393,0.0004450664688947,-0.0002317036380393,-0.004453640022601,0.04369084110754,-0.004361853317239,-0.0008985718495567
478630.0923227,0.0004204110538517,-0.0002235678513876,0.0004204110538517,-0.0002235678513876,-0.00435328178003,0.04320082871024,-0.004265580869375,-0.000868472652015
484172.3675841,0.0003970765034937,-0.0002156081338649,0.0003970765034937,-0.0002156081338649,-0.00425516255887,0.04271608665056,-0.004171366357836,-0.0008393728216053
489778.8193685,0.0003749951451542,-0.0002078299983519,0.0003749951451542,-0.0002078299983519,-0.004159233406766,0.04223656585091,-0.004079168799851,-0.0008112396674558
495450.1908048,0.0003541025686337,-0.0002002378561889,0.0003541025686337,-0.0002002378561889,-0.004065446397138,0.04176221742723,-0.003988947891321,-0.0007840415409118
501187.2336273,0.0003343374822188,-0.0001928351161888,0.0003343374822188,-0.0001928351161888,-0.003973754609189,0.04129299269862,-0.003900664002195,-0.0007577478037702
506990.7082747,0.0003156415742208,-0.0001856242765657,0.0003156415742208,-0.0001856242765657,-0.003884112109429,0.04082884319632,-0.003814278171483,-0.0007323287975116
512861.3839914,0.0002979593798365,-0.0001786070102493,0.0002979593798365,-0.0001786070102493,-0.003796473932236,0.04036972067235,-0.003729752101976,-0.0007077558132767
518800.038929,0.0002812381531706,-0.0001717842439885,0.0002812381531706,-0.0001717842439885,-0.003710796061219,0.03991557710772,-0.003647048154662,-0.0006840010627328
524807.4602498,0.0002654277443355,-0.0001651562316385,0.0002654277443355,-0.0001651562316385,-0.003627035411062,0.03946636472013,-0.003566129342874,-0.0006610376497829
530884.444231,0.0002504804814114,-0.0001587226220114,0.0002504804814114,-0.0001587226220114,-0.003545149809326,0.03902203597134,-0.003486959326194,-0.0006388395430467
537031.7963703,0.0002363510571381,-0.0001524825216344,0.0002363510571381,-0.0001524825216344,-0.003465097978583,0.03858254357414,-0.003409502404134,-0.0006173815491325
543250.3314925,0.0002229964202076,-0.0001464345527455,0.0002229964202076,-0.0001464345527455,-0.00338683951904,0.03814784049888,-0.003333723509598,-0.0005966392866926
549540.8738577,0.0002103756709984,-0.0001405769068404,0.0002103756709984,-0.0001405769068404,-0.003310334891119,0.0377178799797,-0.003259588202175,-0.0005765891611977
555904.2572704,0.000198449961597,-0.0001349073940589,0.000198449961597,-0.0001349073940589,-0.003235545398484,0.03729261552038,-0.003187062661248,-0.0005572083404559
562341.3251904,0.0001871823999694,-0.0001294234886846,0.0001871823999694,-0.0001294234886846,-0.003162433171722,0.03687200089981,-0.003116113678947,-0.000538474730874
568852.9308439,0.0001765379581624,-0.0001241223710257,0.0001765379581624,-0.0001241223710257,-0.003090961151019,0.0364559901772,-0.00304670865299,-0.0005203669543037
575439.9373372,0.0001664833843699,-0.0001190009659012,0.0001664833843699,-0.0001190009659012,-0.003021093071127,0.03604453769689,-0.002978815579364,-0.0005028643257348
582103.2177709,0.0001569871187305,-0.0001140559779836,0.0001569871187305,-0.0001140559779836,-0.002952793444345,0.03563759809298,-0.002912403044936,-0.0004859468314564
588843.6553556,0.0001480192127507,-0.00010928392419,0.0001480192127507,-0.00010928392419,-0.002886027546001,0.03523512629345,-0.002847440219936,-0.0004695951080466
595662.1435291,0.0001395512521894,-0.0001046811633442,0.0001395512521894,-0.0001046811633442,-0.002820761398082,0.03483707752424,-0.002783896850394,-0.0004537904218116
602559.5860744,0.0001315562832986,-0.0001002439232802,0.0001315562832986,-0.0001002439232802,-0.002756961754846,0.03444340731284,-0.002721743250473,-0.0004385146489748
609536.8972402,0.0001240087422977,-9.596832557973e-05,0.0001240087422977,-9.596832557973e-05,-0.002694596087515,0.03405407149179,-0.002660950294773,-0.0004237502563625
616595.0018615,0.0001168843879441,-9.18504080995e-05,0.0001168843879441,-9.18504080995e-05,-0.002633632570154,0.03366902620177,-0.002601489410572,-0.0004094802827406
623734.8354825,0.0001101602371064,-8.788614545484e-05,0.0001101602371064,-8.788614545484e-05,-0.002574040064753,0.03328822789459,-0.002543332570034,-0.0003956883206298
630957.3444802,0.0001038145031887,-8.407146759241e-05,0.0001038145031887,-8.407146759241e-05,-0.002515788107965,0.03291163333577,-0.002486452282391,-0.0003823584987762
638263.4861906,9.782653735194e-05,-8.040227660984e-05,9.782653735194e-05,-8.040227660984e-05,-0.002458846896217,0.0325391996071,-0.002430821586116,-0.0003694754650092
645654.2290347,9.21767723604e-05,-7.687446192694e-05,9.21767723604e-05,-7.687446192694e-05,-0.002403187273198,0.03217088410877,-0.002376414041066,-0.0003570243697784
653130.5526475,8.684666899889e-05,-7.348391395038e-05,8.684666899889e-05,-7.348391395038e-05,-0.00234878071604,0.03180664456142,-0.002323203720642,-0.0003449908500758
660693.4480076,8.181866493699e-05,-7.022653633511e-05,8.181866493699e-05,-7.022653633511e-05,-0.002295599321939,0.03144643900799,-0.002271165203953,-0.0003333610138621
668343.9175687,7.70761259336e-05,-6.709825694423e-05,7.70761259336e-05,-6.709825694423e-05,-0.002243615795993,0.03109022581529,-0.002220273567983,-0.0003221214250408
676082.975392,7.260329930757e-05,-6.409503761755e-05,7.260329930757e-05,-6.409503761755e-05,-0.002192803437951,0.03073796367544,-0.002170504379791,-0.0003112590887968
683911.6472815,6.838526957239e-05,-6.121288283246e-05,6.838526957239e-05,-6.121288283246e-05,-0.002143136130264,0.03038961160711,-0.002121833688724,-0.0003007614374616
691830.970919,6.440791613557e-05,-5.844784734591e-05,6.440791613557e-05,-5.844784734591e-05,-0.002094588325887,0.03004512895659,-0.002074238018672,-0.00029061631678
699841.9960023,6.06578729971e-05,-5.579604290235e-05,6.06578729971e-05,-5.579604290235e-05,-0.002047135035962,0.02970447539873,-0.00202769436036,-0.0002808119725774
707945.7843842,5.712249034137e-05,-5.325364407444e-05,5.712249034137e-05,-5.325364407444e-05,-0.002000751818727,0.02936761093765,-0.001982180163675,-0.0002713370379077
716143.410213,5.378979796411e-05,-5.081689331776e-05,5.378979796411e-05,-5.081689331776e-05,-0.001955414767681,0.02903449590733,-0.001937673330042,-0.0002621805205345
724435.960075,5.064847043094e-05,-4.848210529459e-05,5.064847043094e-05,-4.848210529459e-05,-0.001911100500291,0.02870509097206,-0.001894152204859,-0.0002533317908243
732824.533139,4.768779392029e-05,-4.624567053639e-05,4.768779392029e-05,-4.624567053639e-05,-0.001867786147117,0.02837935712677,-0.001851595569978,-0.0002447805700289
741310.241301,4.48976346569e-05,-4.410405849685e-05,4.48976346569e-05,-4.410405849685e-05,-0.001825449340902,0.02805725569716,-0.00180998263625,-0.0002365169189186
749894.2093325,4.226840887546e-05,-4.205382004988e-05,4.226840887546e-05,-4.205382004988e-05,-0.001784068206178,0.02773874833973,-0.001769293036126,-0.0002285312267906
758577.5750292,3.979105424456e-05,-4.009158948337e-05,3.979105424456e-05,-4.009158948337e-05,-0.0017436213483,0.02742379704176,-0.001729506816335,-0.000220814200772
767361.4893619,3.745700269162e-05,-3.821408603217e-05,3.745700269162e-05,-3.821408603217e-05,-0.001704087843973,0.02711236412099,-0.001690604430617,-0.0002133568555412
776247.1166288,3.525815455482e-05,-3.641811499419e-05,3.525815455482e-05,-3.641811499419e-05,-0.001665447230545,0.02680441222542,-0.001652566732542,-0.0002061505032825
785235.6346101,3.318685401732e-05,-3.470056846945e-05,3.318685401732e-05,-3.470056846945e-05,-0.001627679496673,0.02649990433279,-0.001615374968384,-0.000199186744031
794328.2347243,3.123586575173e-05,-3.305842575674e-05,3.123586575173e-05,-3.305842575674e-05,-0.00159076507262,0.02619880375011,-0.001579010770087,-0.0001924574562869
803526.1221857,2.93983527338e-05,-3.148875344636e-05,2.93983527338e-05,-3.148875344636e-05,-0.001554684820654,0.02590107411295,-0.001543456148299,-0.000185954787923
812830.5161642,2.76678551528e-05,-2.998870523202e-05,2.76678551528e-05,-2.998870523202e-05,-0.001519420025806,0.02560667938481,-0.001508693485492,-0.0001796711473896
822242.6499471,2.603827039397e-05,-2.85555214818e-05,2.603827039397e-05,-2.85555214818e-05,-0.001484952387057,0.02531558385622,-0.001474705529158,-0.0001735991952143
831763.7711027,2.450383401807e-05,-2.718652858513e-05,2.450383401807e-05,-2.718652858513e-05,-0.00145126400835,0.02502775214386,-0.001441475385083,-0.00016773183575
841395.1416453,2.305910170632e-05,-2.587913810641e-05,2.305910170632e-05,-2.587913810641e-05,-0.001418337389694,0.02474314918959,-0.00140898651072,-0.0001620622091818
851138.0382024,2.169893212375e-05,-2.463084576653e-05,2.169893212375e-05,-2.463084576653e-05,-0.001386155418907,0.02446174025935,-0.001377222708632,-0.0001565836838152
860993.7521847,2.041847065196e-05,-2.343923027179e-05,2.041847065196e-05,-2.343923027179e-05,-0.001354701363228,0.02418349094205,-0.001346168120022,-0.0001512898485938
870963.5899562,1.92131339567e-05,-2.230195201258e-05,1.92131339567e-05,-2.230195201258e-05,-0.001323958860842,0.02390836714834,-0.001315807218361,-0.0001461745058417
881048.8730081,1.807859534545e-05,-2.121675164565e-05,1.807859534545e-05,-2.121675164565e-05,-0.001293911913256,0.02363633510933,-0.00128612480309,-0.0001412316642768
891250.9381338,1.7010770882e-05,-2.018144858058e-05,1.7010770882e-05,-2.018144858058e-05,-0.001264544877278,0.02336736137524,-0.001257105993412,-0.0001364555322176
901571.137606,1.600580621556e-05,-1.919393938113e-05,1.600580621556e-05,-1.919393938113e-05,-0.001235842457265,0.02310141281401,-0.001228736222181,-0.000131840511014
912010.839356,1.506006409648e-05,-1.825219609843e-05,1.506006409648e-05,-1.825219609843e-05,-0.001207789697802,0.02283845660981,-0.00120100122987,-0.0001273811887043
922571.4271548,1.417011253811e-05,-1.735426454584e-05,1.417011253811e-05,-1.735426454584e-05,-0.001180371975776,0.02257846026159,-0.001173887058628,-0.000123072333836
933254.3007971,1.333271360091e-05,-1.649826252858e-05,1.333271360091e-05,-1.649826252858e-05,-0.001153574993996,0.02232139158139,-0.001147380046431,-0.00011890888956
944060.876286,1.254481276132e-05,-1.568237803766e-05,1.254481276132e-05,-1.568237803766e-05,-0.001127384773503,0.02206721869282,-0.001121466821317,-0.0001148859678388
954992.5860215,1.180352884022e-05,-1.490486741729e-05,1.180352884022e-05,-1.490486741729e-05,-0.001101787646646,0.02181591002939,-0.001096134295712,-0.0001109988438739
966050.8789899,1.110614446362e-05,-1.41640535147e-05,1.110614446362e-05,-1.41640535147e-05,-0.001076770250592,0.02156743433272,-0.001071369660842,-0.0001072429507294
977237.2209559,1.045009702546e-05,-1.345832381886e-05,1.045009702546e-05,-1.345832381886e-05,-0.001052319520434,0.02132176065089,-0.001047160381238,-0.0001036138741015
988553.094657,9.832970132495e-06,-1.278612859674e-05,9.832970132495e-06,-1.278612859674e-05,-0.00102842268292,0.02107885833658,-0.001023494189319,-0.0001001073472818
1000000.0,9.252485503259e-06,-1.21459790323e-05,9.252485503259e-06,-1.21459790323e-05,-0.00100506724979,0.02083869704527,-0.001000359080074,-9.671924625913e-05
