frequency_hz,left_real,left_imag,right_real,right_imag,opneg_real,opneg_imag,oppos_real,oppos_imag
1.0,-0.3014830634568,2.12850290819,-0.3014830634568,2.12850290819,-0.04931772204374,-0.2069573066221,0.04932191453307,0.2069558700436
1.01157945426,-0.2783387281221,2.155315965776,-0.2783387281221,2.155315965776,-0.05152682269249,-0.2084732553233,0.05153109224762,0.2084717575343
1.023292992281,-0.2546692897595,2.181905105814,-0.2546692897595,2.181905105814,-0.05376448349272,-0.2099703988953,0.05376883096921,0.2099688381174
1.035142166679,-0.230479007473,2.208258616121,-0.230479007473,2.208258616121,-0.05603043629108,-0.211448103792,0.056034862537,0.2114464782122
1.047128548051,-0.2057724532503,2.234364861942,-0.2057724532503,2.234364861942,-0.05832439489218,-0.2129057381445,0.05832890074755,0.2129040459157
1.059253725177,-0.1805545113962,2.260212295,-0.1805545113962,2.260212295,-0.06064605491628,-0.2143426723578,0.06065064121241,0.214340911598
1.071519305238,-0.1548303776856,2.285789462651,-0.1548303776856,2.285789462651,-0.06299509367927,-0.2157582797193,0.0629997612382,0.2157564485122
1.083926914021,-0.1286055582261,2.311085017118,-0.1286055582261,2.311085017118,-0.0653711700961,-0.217151937022,0.06537591972993,0.2171500334166
1.096478196143,-0.1018858680176,2.336087724814,-0.1018858680176,2.336087724814,-0.06777392460848,-0.2185230251996,0.06777875711878,0.21852104721
1.109174815262,-0.07467742920027,2.360786475733,-0.07467742920027,2.360786475733,-0.07020297913797,-0.2198709299715,0.07020789531516,0.219868875577
1.122018454302,-0.04698666897773,2.385170292895,-0.04698666897773,2.385170292895,-0.07265793706511,-0.2211950424994,0.07266293768784,0.2211929096447
1.135010815672,-0.01882031720803,2.409228341841,-0.01882031720803,2.409228341841,-0.07513838323566,-0.2224947600518,0.07514346907015,0.2224925466465
1.148153621497,0.009814596348577,2.432949940157,0.009814596348577,2.432949940157,-0.07764388399447,-0.223769486676,0.07764905579393,0.2237671905949
1.16144861384,0.03891074513313,2.456324567013,0.03891074513313,2.456324567013,-0.08017398724789,-0.2250186338766,0.08017924575189,0.22501625296
1.17489755494,0.06846050925068,2.47934187271,0.06846050925068,2.47934187271,-0.08272822255533,-0.2262416212994,0.08273356848918,0.2262391533527
1.188502227437,0.0984559792997,2.501991688208,0.0984559792997,2.501991688208,-0.08530610125047,-0.227437877418,0.08531153532459,0.227435320212
1.202264434617,0.1288889605743,2.524264034621,0.1288889605743,2.524264034621,-0.08790711659269,-0.228606840223,0.08791263950201,0.228604191494
1.216186000646,0.1597509776449,2.546149132673,0.1597509776449,2.546149132673,-0.09053074394912,-0.2297479579117,0.0905363563725,0.2297452153616
1.230268770812,0.1910332793215,2.567637412075,0.1910332793215,2.567637412075,-0.09317644100775,-0.2308606895769,0.09318214360735,0.2308578508735
1.244514611771,0.2227268440033,2.588719520824,0.2227268440033,2.588719520824,-0.09584364802171,-0.2319445058931,0.09584944144242,0.23194156867
1.258925411794,0.2548223854168,2.609386334395,0.2548223854168,2.609386334395,-0.09853178808502,-0.2329988897989,0.09853767295388,0.2329958516557
1.273503081017,0.2873103587433,2.629628964806,0.2873103587433,2.629628964806,-0.1012402674398,-0.234023337173,0.1012462443655,0.2340201956759
1.288249551693,0.3201809671362,2.649438769541,0.3201809671362,2.649438769541,-0.1039684758152,-0.2350173575036,0.1039745453872,0.2350141101851
1.303166778452,0.3534241686268,2.668807360307,0.3534241686268,2.668807360307,-0.1067157867974,-0.2359804745481,0.1067219495859,0.2359771189077
1.318256738556,0.3870296834152,2.687726611599,0.3870296834152,2.687726611599,-0.1094815582309,-0.2369122269829,0.109487814786,0.2369087604871
1.333521432163,0.4209870015441,2.706188669065,0.4209870015441,2.706188669065,-0.1122651326513,-0.2378121690396,0.1122714835023,0.2378085891223
1.348962882592,0.4552853909484,2.724185957639,0.4552853909484,2.724185957639,-0.1150658377473,-0.2386798711286,0.1150722834027,0.2386761751913
1.364583136589,0.4899139058756,2.741711189425,0.4899139058756,2.741711189425,-0.1178829868545,-0.2395149204454,0.117889527801,0.2395111058577
1.380384264603,0.5248613956687,2.758757371312,0.5248613956687,2.758757371312,-0.1207158794768,-0.2403169215611,0.1207225161792,0.2403129856609
1.396368361056,0.560116513902,2.775317812295,0.560116513902,2.775317812295,-0.1235638018376,-0.2410854969929,0.1235705347382,0.2410814370868
1.412537544623,0.5956677278603,2.791386130495,0.5956677278603,2.791386130495,-0.1264260274591,-0.2418202877543,0.1264328569772,0.241816101118
1.428893958511,0.6315033283477,2.806956259834,0.6315033283477,2.806956259834,-0.1293018177676,-0.2425209538833,0.1293087442991,0.242516637762
1.445439770746,0.6676114398161,2.822022456374,0.6676114398161,2.822022456374,-0.1321904227257,-0.2431871749469,0.132197446643,0.2431827265556
1.462177174457,0.7039800307952,2.836579304281,0.7039800307952,2.836579304281,-0.1350910814893,-0.2438186505206,0.1350982031404,0.2438140670446
1.479108388168,0.7405969246112,2.850621721405,0.7405969246112,2.850621721405,-0.1380030230881,-0.2444151006411,0.1380102427968,0.2444103792366
1.496235656094,0.7774498103762,2.864144964454,0.7774498103762,2.864144964454,-0.1409254671288,-0.2449762662319,0.140932785194,0.2449714040261
1.513561248436,0.8145262542304,2.877144633751,0.8145262542304,2.877144633751,-0.1438576245197,-0.2455019094991,0.1438650412151,0.2454969035909
1.531087461682,0.8518137108175,2.889616677562,0.8518137108175,2.889616677562,-0.1467986982144,-0.2459918142972,0.1468062137886,0.2459866617577
1.548816618912,0.8892995349745,2.901557395961,0.8892995349745,2.901557395961,-0.1497478839746,-0.2464457864638,0.1497554986504,0.2464404843365
1.566751070108,0.9269709936134,2.912963444249,0.9269709936134,2.912963444249,-0.1527043711486,-0.2468636541213,0.152712085123,0.2468581994229
1.584893192461,0.9648152777734,2.923831835886,0.9648152777734,2.923831835886,-0.1556673434659,-0.2472452679458,0.15567515691,0.2472396576665
1.60324539069,1.002819514821,2.93415994495,1.002819514821,2.93415994495,-0.1586359798445,-0.2475905014017,0.1586438929029,0.2475847325057
1.621810097359,1.040970780774,2.943945508095,1.040970780774,2.943945508095,-0.1616094552097,-0.247899250941,0.1616174680009,0.2478933203672
1.6405897732,1.079256112726,2.953186626006,1.079256112726,2.953186626006,-0.1645869413231,-0.2481714361677,0.164595053939,0.2481653408299
1.659586907438,1.117662521344,2.961881764357,1.117662521344,2.961881764357,-0.1675676076197,-0.2484069999654,0.1675758201257,0.2484007367529
1.678804018123,1.156177003419,2.970029754239,1.156177003419,2.970029754239,-0.1705506220505,-0.2486059085888,0.1705589344855,0.2485994743671
1.698243652462,1.19478655444,2.97762979209,1.19478655444,2.97762979209,-0.1735351519302,-0.2487681517183,0.1735435643061,0.2487615433293
1.717908387158,1.233478181164,2.984681439089,1.233478181164,2.984681439089,-0.1765203647863,-0.2488937424774,0.1765288770887,0.2488869567401
1.737800828749,1.272238914163,2.991184620042,1.272238914163,2.991184620042,-0.1795054292097,-0.2489827174129,0.1795140413972,0.248975751124
1.757923613959,1.311055820316,2.997139621747,1.311055820316,2.997139621747,-0.1824895157028,-0.2490351364384,0.1824982277077,0.2490279863725
1.778279410039,1.34991601522,3.002547090838,1.34991601522,3.002547090838,-0.185471797525,-0.2490510827403,0.1854806092529,0.2490437456504
1.798870915129,1.388806675499,3.007408031126,1.388806675499,3.007408031126,-0.1884514515323,-0.2490306626469,0.1884603628625,0.2490231352653
1.81970085861,1.427715050981,3.011723800428,1.427715050981,3.011723800428,-0.1914276590106,-0.2489740054621,0.191436669796,0.2489662845003
1.840772001469,1.466628476717,3.015496106895,1.466628476717,3.015496106895,-0.1943996064988,-0.2488812632618,0.1944087165663,0.2488733454114
1.862087136663,1.505534384825,3.018727004857,1.505534384825,3.018727004857,-0.1973664866021,-0.2487526106557,0.1973756957526,0.2487444925887
1.88364908949,1.544420316127,3.021418890181,1.544420316127,3.021418890181,-0.2003274987922,-0.2485882445147,0.2003368068009,0.2485799228838
1.905460717963,1.583273931556,3.02357449516,1.583273931556,3.02357449516,-0.2032818501933,-0.2483883836632,0.20329125681,0.2483798551024
1.927524913191,1.622083023313,3.02519688295,1.622083023313,3.02519688295,-0.2062287563523,-0.2481532685395,0.2062382613013,0.2481445296645
1.949844599758,1.660835525757,3.026289441559,1.660835525757,3.026289441559,-0.2091674419905,-0.2478831608236,0.2091770449715,0.2478742082322
1.972422736115,1.699519525992,3.026855877411,1.699519525992,3.026855877411,-0.2120971417376,-0.2475783430339,0.2121068424255,0.2475691733063
1.995262314969,1.738123274147,3.0269002085,1.738123274147,3.0269002085,-0.2150171008437,-0.2472391180941,0.2150268988892,0.2472297277932
2.018366363682,1.776635193325,3.026426757147,1.776635193325,3.026426757147,-0.2179265758699,-0.2468658088712,0.2179364708996,0.2468561945431
2.04173794467,1.815043889192,3.025440142386,1.815043889192,3.025440142386,-0.2208248353553,-0.2464587576865,0.2208348269727,0.2464489158609
2.065380155811,1.85333815921,3.023945271987,1.85333815921,3.023945271987,-0.2237111604599,-0.2460183258004,0.2237212482449,0.2460082529905
2.089296130854,1.891507001482,3.021947334152,1.891507001482,3.021947334152,-0.2265848455807,-0.2455448928719,0.2265950290908,0.2455345855751
2.113489039837,1.929539623198,3.019451788888,1.929539623198,3.019451788888,-0.2294451989419,-0.2450388563961,0.2294554777123,0.2450283110941
2.137962089502,1.967425448676,3.016464359092,1.967425448676,3.016464359092,-0.2322915431573,-0.2445006311188,0.2323019167012,0.2444898442779
2.162718523727,2.00515412698,3.01299102136,2.00515412698,3.01299102136,-0.2351232157628,-0.2439306484322,0.2351336835723,0.2439196165033
2.18776162395,2.042715539102,3.009037996553,2.042715539102,3.009037996553,-0.2379395697215,-0.2433293557511,0.2379501312678,0.2433180751702
2.213094709606,2.080099804715,3.004611740131,2.080099804715,3.004611740131,-0.2407399738964,-0.2426972158727,0.2407506286305,0.2426856830608
2.238721138568,2.117297288463,2.999718932287,2.117297288463,2.999718932287,-0.2435238134948,-0.2420347063213,0.2435345608477,0.2420229176847
2.264644307593,2.154298605811,2.994366467906,2.154298605811,2.994366467906,-0.246290490479,-0.2413423186788,0.2463013298627,0.2413302706092
2.290867652768,2.191094628426,2.98856144636,2.191094628426,2.98856144636,-0.2490394239477,-0.240620557904,0.2490503547554,0.2406082467785
2.317394649968,2.227676489104,2.982311161179,2.227676489104,2.982311161179,-0.2517700504844,-0.2398699416414,0.2517810720911,0.2398573638225
2.34422881532,2.264035586225,2.97562308961,2.264035586225,2.97562308961,-0.2544818244735,-0.2390909995211,0.2544929362369,0.239078151357
2.371373705662,2.300163587752,2.96850488209,2.300163587752,2.96850488209,-0.2571742183856,-0.2382842724524,0.2571854196462,0.2382711502767
2.39883291902,2.336052434761,2.96096435166,2.336052434761,2.96096435166,-0.2598467230291,-0.2374503119115,0.2598580131113,0.2374369120435
2.426610095082,2.37169434451,2.953009463339,2.37169434451,2.953009463339,-0.2624988477716,-0.2365896792262,0.2625102259838,0.2365759979705
2.454708915685,2.407081813046,2.944648323479,2.407081813046,2.944648323479,-0.2651301207274,-0.2357029448578,0.265141586363,0.2356889785046
2.483133105296,2.44220761737,2.935889169128,2.44220761737,2.935889169128,-0.2677400889157,-0.2347906876835,0.2677516412535,0.234776432508
2.51188643151,2.477064817133,2.926740357421,2.477064817133,2.926740357421,-0.2703283183857,-0.2338534942785,0.2703399566906,0.2338389465413
2.540972705549,2.511646755911,2.917210355014,2.511646755911,2.917210355014,-0.2728943943124,-0.2328919582018,0.272906117836,0.2328771141485
2.570395782769,2.54594706203,2.907307727588,2.54594706203,2.907307727588,-0.2754379210613,-0.2319066792857,0.2754497290425,0.2318915351464
2.600159563165,2.579959648973,2.897041129445,2.579959648973,2.897041129445,-0.2779585222235,-0.2308982629297,0.2779704138892,0.2308828149195
2.630267991895,2.613678715367,2.8864192932,2.613678715367,2.8864192932,-0.2804558406227,-0.2298673194026,0.2804678151884,0.2298515637206
2.660725059799,2.647098744567,2.875451019607,2.647098744567,2.875451019607,-0.2829295382926,-0.2288144631513,0.2829415949629,0.2287983959809
2.691534803927,2.680214503844,2.86414516752,2.680214503843,2.86414516752,-0.2853792964277,-0.2277403121194,0.2853914343971,0.2277239296276
2.722701308078,2.713021043188,2.852510644013,2.713021043188,2.852510644013,-0.2878048153072,-0.2266454870758,0.2878170337605,0.2266287854132
2.754228703338,2.745513693748,2.840556394673,2.745513693748,2.840556394673,-0.2902058141926,-0.2255306109551,0.2902181123059,0.2255135862553
2.78612116863,2.777688065906,2.828291394079,2.777688065906,2.828291394079,-0.2925820312012,-0.2243963082103,0.2925944081422,0.2243789565897
2.818382931264,2.809540047016,2.815724636484,2.809540047016,2.815724636484,-0.2949332231551,-0.2232432041786,0.2949456780837,0.2232255217357
2.851018267504,2.841065798807,2.802865126705,2.841065798807,2.802865126705,-0.297259165407,-0.222071924462,0.297271697476,0.2220539072775
2.884031503127,2.872261754481,2.789721871246,2.872261754481,2.789721871246,-0.2995596516444,-0.220883094323,0.2995722600001,0.2208647384587
2.917427014001,2.903124615502,2.776303869644,2.903124615502,2.776303869644,-0.3018344936731,-0.2196773380959,0.3018471774559,0.2196586395947
2.951209226666,2.933651348109,2.762620106074,2.933651348109,2.762620106074,-0.3040835211801,-0.2184552786147,0.304096279525,0.2184362335001
2.985382618918,2.963839179556,2.748679541196,2.963839179556,2.748679541196,-0.3063065814784,-0.2172175366591,0.3063194135158,0.2171981409343
3.019951720402,2.993685594104,2.734491104269,2.993685594104,2.734491104269,-0.3085035392337,-0.2159647304171,0.3085164440894,0.2159449800647
3.054921113216,3.023188328768,2.720063685534,3.023188328768,2.720063685534,-0.3106742761743,-0.2146974749666,0.3106872529708,0.214677365948
3.090295432514,3.052345368853,2.705406128863,3.052345368853,2.705406128863,-0.3128186907862,-0.2134163817756,0.3128317386429,0.2133959100304
3.126079367124,3.081154943277,2.690527224698,3.081154943277,2.690527224698,-0.3149366979932,-0.2121220582213,0.3149498160266,0.2121012196667
3.162277660168,3.109615519708,2.675435703263,3.109615519708,2.675435703263,-0.3170282288236,-0.210815107129,0.3170414161484,0.2107938976593
3.198895109691,3.137725799525,2.660140228069,3.137725799525,2.660140228069,-0.3190932300651,-0.2094961263302,0.3191064857945,0.2094745418158
3.235936569296,3.165484712625,2.644649389705,3.165484712625,2.644649389705,-0.3211316639083,-0.2081657082406,0.3211449871542,0.2081437445275
3.273406948788,3.192891412077,2.628971699915,3.192891412077,2.628971699915,-0.3231435075801,-0.2068244394581,0.3231568974541,0.2068020923674
3.311311214826,3.219945268658,2.613115585972,3.219945268658,2.613115585972,-0.325128752968,-0.2054729003809,0.3251422085816,0.2054501657077
3.349654391578,3.246645865271,2.597089385338,3.246645865271,2.597089385338,-0.3270874062368,-0.2041116648451,0.3271009267017,0.2040885383583
3.388441561392,3.272992991262,2.580901340616,3.272992991262,2.580901340616,-0.3290194874373,-0.2027412997833,0.3290330718663,0.2027177772242
3.427677865465,3.298986636653,2.564559594794,3.298986636653,2.564559594794,-0.3309250301105,-0.2013623649016,0.3309386776174,0.2013384419836
3.467368504525,3.324626986307,2.548072186765,3.324626986307,2.548072186765,-0.3328040808851,-0.1999754123779,0.3328177905856,0.1999510847856
3.507518739526,3.349914414027,2.531447047142,3.349914414027,2.531447047142,-0.334656699072,-0.1985809865783,0.3346704700838,0.1985562499667
3.548133892336,3.374849476618,2.514691994348,3.374849476618,2.514691994348,-0.3364829562549,-0.1971796237944,0.3364967876984,0.197154473788
3.58921934645,3.399432907911,2.497814730985,3.399432907911,2.497814730985,-0.3382829358792,-0.1957718519982,0.3382968268775,0.1957462841904
3.630780547701,3.423665612766,2.480822840473,3.423665612766,2.480822840473,-0.3400567328386,-0.1943581906169,0.3400706825181,0.194332200569
3.672823004981,3.447548661068,2.463723783962,3.447548661068,2.463723783962,-0.3418044530613,-0.192939150326,0.3418184605522,0.1929127335662
3.715352290972,3.47108328172,2.446524897499,3.47108328172,2.446524897499,-0.3435262130965,-0.1915152328597,0.3435402775328,0.1914883848825
3.758374042884,3.494270856654,2.429233389459,3.494270856654,2.429233389459,-0.3452221397013,-0.1900869308404,0.3452362602213,0.1900596471057
3.801893963206,3.51711291486,2.411856338228,3.51711291486,2.411856338228,-0.3468923694291,-0.1886547276249,0.3469065451757,0.1886270035569
3.845917820454,3.539611126444,2.394400690125,3.539611126444,2.394400690125,-0.3485370482204,-0.1872190971669,0.3485512783415,0.1871909281534
3.890451449943,3.561767296732,2.376873257566,3.561767296732,2.376873257566,-0.3501563309959,-0.1857805038974,0.3501706146446,0.1857518852888
3.935500754558,3.583583360418,2.359280717464,3.583583360418,2.359280717464,-0.3517503812536,-0.1843394026201,0.3517647175885,0.1843103297286
3.981071705535,3.605061375775,2.341629609848,3.605061375775,2.341629609848,-0.3533193706694,-0.1828962384227,0.3533337588548,0.1828667065211
4.027170343255,3.62620351892,2.323926336702,3.62620351892,2.323926336702,-0.354863478702,-0.1814514466029,0.3548779179082,0.1814214509239
4.073802778041,3.64701207816,2.306177161017,3.64701207816,2.306177161017,-0.3563828922032,-0.1800054526099,0.3563973816068,0.1799749883451
4.120975190973,3.667489448411,2.288388206046,3.667489448411,2.288388206046,-0.357877805033,-0.1785586719988,0.3578923438171,0.1785277342976
4.168693834703,3.687638125704,2.27056545475,3.687638125704,2.27056545475,-0.3593484176813,-0.1771115103991,0.3593630050356,0.1770800943681
4.216965034286,3.70746070177,2.252714749442,3.70746070177,2.252714749442,-0.3607949368951,-0.1756643634965,0.3608095720161,0.1756324641981
4.265795188016,3.726959858739,2.234841791597,3.726959858739,2.234841791597,-0.3622175753121,-0.1742176170266,0.3622322574036,0.1741852294781
4.315190768278,3.746138363912,2.216952141856,3.746138363912,2.216952141856,-0.3636165511021,-0.1727716467808,0.363631279375,0.1727387659537
4.365158322402,3.764999064662,2.199051220172,3.764999064662,2.199051220172,-0.3649920876148,-0.1713268186236,0.3650068612874,0.1712934394424
4.415704473533,3.78354488342,2.181144306134,3.78354488342,2.181144306134,-0.3663444130352,-0.169883488521,0.3663592313333,0.169849605862
4.46683592151,3.801778812784,2.163236539429,3.801778812784,2.163236539429,-0.3676737600463,-0.1684420025789,0.3676886222037,0.1684076112695
4.518559443749,3.81970391074,2.145332920453,3.81970391074,2.145332920453,-0.3689803655007,-0.1670026970915,0.3689952707587,0.1669677919091
4.570881896149,3.837323295988,2.127438311054,3.837323295988,2.127438311054,-0.370264470099,-0.1655658985993,0.3702794177071,0.1655304742703
4.623810213993,3.854640143399,2.109557435407,3.854640143399,2.109557435407,-0.3715263180771,-0.1641319239554,0.3715413072927,0.1640959751539
4.677351412872,3.871657679583,2.091694881003,3.871657679583,2.091694881003,-0.3727661569016,-0.1627010804007,0.3727811869905,0.1626646017478
4.731512589615,3.888379178579,2.073855099764,3.888379178579,2.073855099764,-0.3739842369738,-0.1612736656464,0.3739993072098,0.1612366517091
4.786300923226,3.904807957671,2.056042409251,3.904807957671,2.056042409251,-0.3751808113418,-0.1598499679642,0.3751959210072,0.1598124132542
4.841723675841,3.920947373317,2.038260993982,3.920947373317,2.038260993982,-0.3763561354213,-0.1584302662832,0.3763712838069,0.1583921652561
4.897788193685,3.936800817216,2.020514906841,3.936800817216,2.020514906841,-0.3775104667253,-0.1570148302936,0.3775256531303,0.1569761773475
4.954501908048,3.952371712483,2.00280807057,3.952371712483,2.00280807057,-0.3786440646022,-0.1556039205555,0.3786592883342,0.1555647100302
5.011872336273,3.967663509958,1.985144279348,3.967663509958,1.985144279348,-0.3797571899819,-0.1541977886141,0.3797724503573,0.1541580147899
5.069907082747,3.982679684632,1.967527200442,3.982679684632,1.967527200442,-0.3808501051317,-0.1527966771195,0.3808654014755,0.1527563342163
5.128613839914,3.997423732202,1.949960375922,3.997423732202,1.949960375922,-0.3819230734196,-0.1514008199513,0.3819384050654,0.1513599021273
5.18800038929,4.011899165742,1.932447224446,4.011899165742,1.932447224446,-0.3829763590867,-0.1500104423477,0.3829917253767,0.1499689436983
5.248074602498,4.026109512495,1.914991043098,4.026109512495,1.914991043098,-0.384010227028,-0.1486257610377,0.3840256273133,0.1485836755948
5.30884444231,4.040058310791,1.89759500928,4.040058310791,1.89759500928,-0.3850249425811,-0.147246984378,0.3850403762214,0.1472043061085
5.370317963703,4.053749107078,1.880262182645,4.053749107078,1.880262182645,-0.386020771324,-0.1458743124919,0.3860362376877,0.1458310352968
5.432503314924,4.067185453073,1.862995507082,4.067185453073,1.862995507082,-0.3869979788801,-0.1445079374119,0.3870134773443,0.144464055125
5.495408738576,4.080370903025,1.845797812724,4.080370903025,1.845797812724,-0.3879568307319,-0.1431480432238,0.3879723606825,0.1431035496109
5.559042572704,4.093309011099,1.828671818002,4.093309011099,1.828671818002,-0.3888975920427,-0.1417948062139,0.3889131528741,0.1417496949715
5.623413251904,4.106003328863,1.811620131715,4.106003328863,1.811620131715,-0.3898205274854,-0.1404483950173,0.3898361186009,0.1404026597714
5.688529308438,4.118457402895,1.79464525513,4.118457402895,1.79464525513,-0.3907259010798,-0.1391089707683,0.3907415218912,0.1390626050735
5.754399373372,4.13067477249,1.777749584102,4.13067477249,1.777749584102,-0.3916139760368,-0.1377766872515,0.3916296259645,0.1377296845897
5.821032177709,4.142658967476,1.760935411201,4.142658967476,1.760935411201,-0.3924850146106,-0.1364516910541,0.3925006930836,0.1364040448335
5.888436553556,4.154413506137,1.744204927863,4.154413506137,1.744204927863,-0.3933392779573,-0.1351341217192,0.3933549844131,0.1350858252729
5.95662143529,4.16594189323,1.727560226537,4.16594189323,1.727560226537,-0.3941770260014,-0.1338241118989,0.394192759886,0.1337751584841
6.025595860744,4.177247618112,1.711003302849,4.177247618112,1.711003302849,-0.3949985173087,-0.1325217875086,0.3950142780765,0.1324721703053
6.095368972402,4.188334152951,1.694536057754,4.188334152951,1.694536057754,-0.3958040089659,-0.1312272678803,0.3958197960797,0.13117697999
6.165950018615,4.199204951044,1.678160299703,4.199204951044,1.678160299703,-0.3965937564673,-0.1299406659164,0.3966095693982,0.1298897003613
6.237348354824,4.209863445218,1.661877746788,4.209863445218,1.661877746788,-0.3973680136074,-0.128662088243,0.3973838518348,0.1286104379644
6.309573444802,4.220313046326,1.645690028896,4.220313046326,1.645690028896,-0.3981270323794,-0.1273916353624,0.3981428953909,0.1273392932198
6.382634861906,4.230557141825,1.629598689848,4.230557141825,1.629598689848,-0.3988710628812,-0.1261294018052,0.3988869501724,0.1260763605752
6.456542290347,4.240599094443,1.613605189518,4.240599094443,1.613605189518,-0.3996003532251,-0.1248754762814,0.3996162642998,0.1248217286562
6.531305526475,4.25044224093,1.597710905957,4.25044224093,1.597710905957,-0.4003151494554,-0.1236299418301,0.4003310838253,0.1235754804165
6.606934480076,4.260089890878,1.581917137482,4.260089890878,1.581917137482,-0.4010156954699,-0.1223928759686,0.4010316526546,0.122337693287
6.683439175686,4.269545325631,1.566225104762,4.269545325631,1.566225104762,-0.4017022329474,-0.1211643508401,0.4017182124745,0.1211084393227
6.76082975392,4.278811797261,1.550635952873,4.278811797261,1.550635952873,-0.4023750012807,-0.1199444333591,0.4023910026853,0.1198877853495
6.839116472814,4.287892527622,1.535150753345,4.287892527622,1.535150753345,-0.4030342375139,-0.1187331853569,0.4030502603388,0.118675793108
6.918309709189,4.296790707467,1.519770506173,4.296790707467,1.519770506173,-0.4036801762849,-0.1175306637235,0.4036962200805,0.1174725193971
6.998419960023,4.305509495636,1.504496141814,4.305509495636,1.504496141814,-0.4043130497725,-0.1163369205497,0.4043291140968,0.1162780162147
7.079457843841,4.314052018314,1.489328523154,4.314052018314,1.489328523154,-0.4049330876482,-0.1151520032658,0.4049491720664,0.1150923308971
7.161434102129,4.322421368339,1.474268447453,4.322421368339,1.474268447453,-0.405540517032,-0.113975954779,0.4055566211168,0.1139155062565
7.24435960075,4.330620604584,1.459316648257,4.330620604584,1.459316648257,-0.4061355624526,-0.1128088136096,0.4061516857838,0.1127475807164
7.328245331389,4.338652751384,1.444473797287,4.338652751384,1.444473797287,-0.4067184458113,-0.1116506140234,0.4067345879758,0.1115885884452
7.413102413009,4.346520798032,1.429740506295,4.346520798032,1.429740506295,-0.4072893863502,-0.1105013861638,0.4073055469421,0.110438559487
7.498942093325,4.354227698316,1.415117328898,4.354227698316,1.415117328898,-0.4078486006237,-0.1093611561805,0.4078647792438,0.1092975198915
7.585775750292,4.361776370114,1.400604762367,4.361776370114,1.400604762367,-0.4083963024739,-0.1082299463569,0.40841249873,0.1081654918401
7.673614893618,4.369169695039,1.386203249403,4.369169695039,1.386203249403,-0.408932703009,-0.1071077752343,0.4089489165155,0.1070424937716
7.762471166287,4.376410518126,1.371913179865,4.376410518126,1.371913179865,-0.4094580105849,-0.1059946577351,0.4094742409631,0.105928540504
7.852356346101,4.38350164757,1.35773489248,4.38350164757,1.35773489248,-0.4099724307908,-0.1048906052822,0.4099886776682,0.1048236433547
7.943282347243,4.390445854499,1.343668676511,4.390445854499,1.343668676511,-0.4104761664364,-0.1037956259178,0.4104924294472,0.1037278102589
8.035261221856,4.397245872798,1.329714773395,4.397245872798,1.329714773395,-0.4109694175431,-0.1027097244181,0.4109856963277,0.1026410458847
8.128305161641,4.403904398965,1.315873378355,4.403904398965,1.315873378355,-0.4114523813371,-0.1016329024071,0.4114686755423,0.1015633517466
8.222426499471,4.410424092008,1.302144641967,4.410424092008,1.302144641967,-0.4119252522457,-0.1005651584673,0.4119415615243,0.100494726316
8.317637711027,4.416807573372,1.288528671705,4.416807573372,1.288528671705,-0.4123882218953,-0.09950648824821,0.4124045459062,0.09943516513008
8.413951416452,4.42305742691,1.275025533446,4.42305742691,1.275025533446,-0.4128414791127,-0.09845688457249,0.4128578175207,0.09838466089792
8.511380382024,4.429176198876,1.261635252949,4.429176198876,1.261635252949,-0.4132852099277,-0.09741633753987,0.4133015624036,0.0973432036041
8.609937521846,4.435166397953,1.248357817293,4.435166397953,1.248357817293,-0.4137195975781,-0.09638483462857,0.4137359637983,0.09631078061029
8.709635899561,4.441030495311,1.235193176286,4.441030495311,1.235193176286,-0.414144822517,-0.0953623607944,0.4141612021636,0.09528737675437
8.81048873008,4.446770924693,1.222141243847,4.446770924693,1.222141243847,-0.4145610624217,-0.09434889856758,0.4145774551822,0.09427297444718
8.912509381338,4.452390082519,1.209201899342,4.452390082519,1.209201899342,-0.4149684922038,-0.09334442814728,0.4149848977714,0.09326755376705
9.01571137606,4.457890328025,1.196374988904,4.457890328025,1.196374988904,-0.4153672840225,-0.09234892749374,0.4153837020955,0.09227109255193
9.120108393559,4.463273983421,1.183660326709,4.463273983421,1.183660326709,-0.4157576072975,-0.09136237241823,0.4157740375797,0.09128356648931
9.225714271548,4.468543334066,1.171057696222,4.468543334066,1.171057696222,-0.4161396287252,-0.09038473667069,0.4161560709253,0.0903049492039
9.33254300797,4.473700628671,1.15856685142,4.473700628671,1.15856685142,-0.4165135122949,-0.08941599202518,0.4165299661269,0.08933521234297
9.440608762859,4.478748079519,1.146187517974,4.478748079519,1.146187517974,-0.4168794193073,-0.08845610836308,0.4168958844899,0.08837432565963
9.549925860214,4.483687862699,1.133919394402,4.483687862699,1.133919394402,-0.4172375083935,-0.08750505375408,0.4172539846504,0.08742225709378
9.660508789898,4.488522118358,1.121762153201,4.488522118358,1.121762153201,-0.4175879355353,-0.08656279453515,0.417604422595,0.08647897285101
9.772372209558,4.493252950978,1.109715441936,4.493252950978,1.109715441936,-0.4179308540873,-0.0856292953872,0.4179473516827,0.08554443747933
9.88553094657,4.497882429651,1.097778884305,4.497882429651,1.097778884305,-0.4182664147985,-0.08470451940976,0.4182829226673,0.08461861394378
10.0,4.502412588382,1.085952081182,4.502412588382,1.085952081182,-0.4185947658363,-0.08378842819358,0.4186112837207,0.08370146369903
10.1157945426,4.506845426399,1.074234611617,4.506845426399,1.074234611617,-0.4189160528104,-0.08288098189116,0.4189325804569,0.08279294675991
10.23292992281,4.511182908474,1.062626033819,4.511182908474,1.062626033819,-0.4192304187982,-0.08198213928532,0.4192469559574,0.08189302176991
10.35142166679,4.515426965253,1.051125886111,4.515426965253,1.051125886111,-0.4195380043696,-0.08109185785574,0.4195545507966,0.08100164606778
10.47128548051,4.519579493604,1.039733687848,4.519579493604,1.039733687848,-0.4198389476145,-0.08021009384364,0.4198555030683,0.08011877575214
10.59253725177,4.523642356965,1.02844894032,4.523642356965,1.02844894032,-0.4201333841688,-0.07933680231454,0.4201499484124,0.07924436574425
10.71519305238,4.527617385705,1.017271127622,4.527617385705,1.017271127622,-0.4204214472423,-0.07847193721909,0.4204380200426,0.07837836984879
10.83926914021,4.531506377491,1.006199717498,4.531506377491,1.006199717498,-0.4207032676466,-0.07761545145218,0.4207198487745,0.07752074081299
10.96478196143,4.53531109766,0.9952341621653,4.53531109766,0.9952341621653,-0.4209789738237,-0.07676729691014,0.4209955630535,0.07667143038382
11.09174815262,4.539033279606,0.9843738991064,4.539033279606,0.9843738991064,-0.4212486918741,-0.07592742454633,0.4212652889841,0.0758303893635
11.22018454302,4.542674625158,0.9736183518427,4.542674625158,0.9736183518427,-0.4215125455869,-0.07509578442483,0.4215291503586,0.07499756766322
11.35010815672,4.546236804972,0.9629669306812,4.546236804972,0.9629669306812,-0.4217706564682,-0.07427232577259,0.4217872686868,0.07417291435529
11.48153621497,4.549721458931,0.9524190334392,4.549721458931,0.9524190334392,-0.4220231437717,-0.07345699702986,0.4220397632256,0.07335637772351
11.6144861384,4.553130196536,0.9419740461456,4.553130196536,0.9419740461456,-0.4222701245278,-0.07264974589902,0.4222867510089,0.07254790531199
11.7489755494,4.55646459731,0.9316313437202,4.55646459731,0.9316313437202,-0.4225117135742,-0.07185051939187,0.4225283468774,0.07174744397242
11.88502227437,4.559726211203,0.9213902906311,4.559726211203,0.9213902906311,-0.4227480235858,-0.0710592638753,0.4227646635091,0.07095493990974
12.02264434617,4.562916558995,0.9112502415313,4.562916558995,0.9112502415313,-0.4229791651051,-0.07027592511549,0.4229958114497,0.07017033872633
12.16186000646,4.566037132707,0.9012105418735,4.566037132707,0.9012105418735,-0.4232052465726,-0.06950044832072,0.4232218991424,0.06939358546472
12.30268770812,4.569089396004,0.8912705285057,4.569089396004,0.8912705285057,-0.4234263743571,-0.06873277818258,0.4234430329591,0.06862462464891
12.44514611771,4.572074784608,0.8814295302461,4.572074784608,0.8814295302461,-0.4236426527864,-0.06797285891594,0.4236593172302,0.06786340032417
12.58925411794,4.574994706707,0.8716868684393,4.574994706707,0.8716868684393,-0.4238541841773,-0.06722063429744,0.4238708542754,0.06710985609565
12.73503081017,4.577850543364,0.8620418574931,4.577850543364,0.8620418574931,-0.4240610688664,-0.06647604770271,0.4240777444337,0.06636393516547
12.88249551693,4.580643648923,0.8524938053977,4.580643648923,0.8524938053977,-0.4242634052403,-0.06573904214227,0.4242800860942,0.06562558036867
13.03166778452,4.583375351421,0.8430420142258,4.583375351421,0.8430420142258,-0.4244612897655,-0.06500956029615,0.424477975726,0.06489473420776
13.18256738556,4.586046952993,0.8336857806163,4.586046952993,0.8336857806163,-0.4246548170191,-0.06428754454729,0.4246715079085,0.06417133888615
13.33521432163,4.588659730279,0.8244243962407,4.588659730279,0.8244243962407,-0.4248440797183,-0.06357293701377,0.4248607753612,0.06345533634029
13.48962882592,4.591214934826,0.8152571482524,4.591214934826,0.8152571482524,-0.4250291687506,-0.06286567957979,0.4250458689738,0.06274666827069
13.64583136589,4.59371379349,0.8061833197205,4.59371379349,0.8061833197205,-0.4252101732033,-0.06216571392562,0.4252268778357,0.0620452761718
13.80384264603,4.596157508838,0.797202190048,4.596157508838,0.797202190048,-0.425387180393,-0.06147298155633,0.4254038892656,0.06135110136076
13.96368361056,4.598547259546,0.7883130353739,4.598547259546,0.7883130353739,-0.4255602758951,-0.06078742382952,0.4255769888408,0.06066408500506
14.12537544623,4.600884200789,0.7795151289613,4.600884200789,0.7795151289613,-0.4257295435725,-0.060108981982,0.4257462604263,0.05998416814923
14.28893958511,4.60316946464,0.7708077415706,4.60316946464,0.7708077415706,-0.4258950656051,-0.05943759715537,0.4259117862036,0.0593112917404
14.45439770746,4.605404160452,0.7621901418188,4.605404160452,0.7621901418188,-0.4260569225178,-0.05877321042077,0.4260736466994,0.05864539665296
14.62177174457,4.607589375252,0.7536615965255,4.607589375252,0.7536615965255,-0.4262151932094,-0.05811576280245,0.4262319208143,0.05798642371222
14.79108388168,4.609726174115,0.7452213710445,4.609726174115,0.7452213710445,-0.4263699549805,-0.05746519530063,0.4263866858502,0.05733431371715
14.96235656094,4.611815600551,0.7368687295843,4.611815600551,0.7368687295843,-0.4265212835611,-0.05682144891331,0.426538017539,0.05668900746217
15.13561248436,4.613858676876,0.7286029355143,4.613858676876,0.7286029355143,-0.4266692531389,-0.05618446465722,0.4266859900696,0.05605044575814
15.31087461682,4.615856404585,0.7204232516602,4.615856404585,0.7204232516602,-0.4268139363859,-0.05555418358796,0.4268306761155,0.0554185694524
15.48816618913,4.617809764722,0.7123289405868,4.617809764722,0.7123289405868,-0.4269554044858,-0.0549305468193,0.4269721468616,0.05479331944809
15.66751070108,4.619719718242,0.7043192648698,4.619719718242,0.7043192648698,-0.4270937271608,-0.05431349554161,0.4271104720314,0.05417463672255
15.84893192461,4.621587206372,0.6963934873565,4.621587206373,0.6963934873565,-0.4272289726974,-0.05370297103964,0.4272457199125,0.05356246234502
16.0324539069,4.623413150969,0.6885508714154,4.623413150969,0.6885508714154,-0.4273612079734,-0.05309891470939,0.4273779573839,0.05295673749356
16.21810097359,4.625198454866,0.6807906811757,4.625198454866,0.6807906811757,-0.427490498483,-0.05250126807436,0.4275072499406,0.05235740347124
16.405897732,4.62694400223,0.6731121817566,4.62694400223,0.6731121817566,-0.4276169083624,-0.05190997280107,0.4276336617199,0.05176440172158
16.59586907438,4.628650658894,0.6655146394868,4.628650658894,0.6655146394868,-0.4277405004151,-0.05132497071385,0.4277572555263,0.0511776738434
16.78804018123,4.630319272706,0.6579973221145,4.630319272706,0.6579973221145,-0.4278613361368,-0.05074620380898,0.4278780928559,0.05059716160487
16.98243652462,4.631950673856,0.650559499008,4.631950673856,0.650559499008,-0.4279794757394,-0.05017361426822,0.4279962339217,0.05002280695704
17.17908387158,4.633545675211,0.6432004413479,4.633545675211,0.6432004413479,-0.4280949781758,-0.04960714447168,0.428111737677,0.04945455204665
17.37800828749,4.635105072641,0.6359194223103,4.635105072641,0.6359194223103,-0.4282079011631,-0.04904673701008,0.4282246618397,0.0488923392284
17.57923613959,4.636629645336,0.6287157172414,4.636629645336,0.6287157172414,-0.4283183012066,-0.04849233469646,0.4283350629155,0.04833611107659
17.78279410039,4.638120156129,0.6215886038249,4.638120156129,0.6215886038249,-0.4284262336227,-0.04794388057727,0.4284429962212,0.04778581039621
17.98870915129,4.639577351801,0.6145373622404,4.639577351801,0.6145373622404,-0.4285317525615,-0.04740131794298,0.4285485159074,0.0472413802335
18.1970085861,4.641001963396,0.6075612753153,4.641001963396,0.6075612753153,-0.4286349110299,-0.0468645903381,0.4286516749812,0.04670276388594
18.40772001469,4.64239470652,0.6006596286685,4.64239470652,0.6006596286685,-0.4287357609131,-0.04633364157072,0.428752525328,0.04616990491175
18.62087136663,4.643756281641,0.593831710848,4.643756281641,0.593831710848,-0.4288343529967,-0.04580841572152,0.4288511177336,0.04564274713892
18.8364908949,4.645087374383,0.5870768134607,4.645087374383,0.5870768134607,-0.4289307369882,-0.04528885715239,0.4289475019056,0.04512123467371
19.05460717963,4.646388655816,0.5803942312959,4.646388655816,0.5803942312959,-0.429024961538,-0.04477491051446,0.4290417264944,0.04460531190873
19.27524913191,4.64766078274,0.573783262443,4.64766078274,0.573783262443,-0.4291170742601,-0.04426652075578,0.429133839114,0.0440949235305
19.49844599758,4.648904397966,0.5672432084018,4.648904397966,0.5672432084018,-0.4292071217531,-0.04376363312854,0.4292238863628,0.04359001452674
19.72422736115,4.650120130595,0.5607733741885,4.650120130595,0.5607733741885,-0.4292951496197,-0.04326619319584,0.4293119138432,0.04309053019301
19.95262314969,4.651308596286,0.5543730684339,4.651308596286,0.5543730684339,-0.4293812024866,-0.04277414683813,0.429397966182,0.04259641613919
20.18366363682,4.652470397524,0.548041603478,4.652470397524,0.548041603478,-0.4294653240246,-0.0422874402592,0.4294820870492,0.04210761829536
20.4173794467,4.653606123885,0.5417782954579,4.653606123885,0.5417782954579,-0.4295475569668,-0.04180601999182,0.4295643191778,0.04162408291747
20.65380155811,4.654716352292,0.5355824643913,4.654716352292,0.5355824643913,-0.4296279431283,-0.04132983290302,0.4296447043822,0.04114575659254
20.89296130854,4.65580164727,0.5294534342543,4.65580164727,0.5294534342543,-0.4297065234242,-0.04085882619898,0.429723283577,0.04067258624355
21.13489039837,4.656862561196,0.523390533055,4.656862561196,0.523390533055,-0.4297833378877,-0.04039294742968,0.429800096795,0.04020451913403
21.37962089502,4.657899634547,0.5173930929021,4.657899634547,0.5173930929021,-0.4298584256887,-0.03993214449315,0.429875183205,0.03974150287226
21.62718523727,4.658913396137,0.5114604500693,4.658913396137,0.5114604500693,-0.4299318251504,-0.03947636563939,0.4299485811297,0.03928348541518
21.8776162395,4.659904363354,0.5055919450548,4.659904363354,0.5055919450548,-0.4300035737673,-0.03902555947408,0.4300203280626,0.03883041507204
22.13094709606,4.660873042398,0.4997869226375,4.660873042398,0.4997869226375,-0.4300737082218,-0.03857967496191,0.4300904606852,0.03838224050771
22.38721138568,4.661819928507,0.4940447319282,4.661819928507,0.4940447319282,-0.4301422644009,-0.03813866142966,0.4301590148835,0.03793891074572
22.64644307593,4.662745506179,0.488364726418,4.662745506179,0.488364726418,-0.4302092774128,-0.03770246856908,0.4302260257646,0.03750037517107
22.90867652768,4.663650249397,0.4827462640219,4.663650249397,0.4827462640219,-0.4302747816025,-0.03727104643937,0.4302915276723,0.0370665835327
23.17394649969,4.664534621843,0.4771887071194,4.664534621843,0.4771887071194,-0.4303388105679,-0.03684434546957,0.4303555542033,0.03663748594583
23.4422881532,4.665399077114,0.471691422592,4.665399077114,0.471691422592,-0.4304013971753,-0.03642231646058,0.4304181382225,0.03621303289395
23.71373705662,4.666244058926,0.4662537818564,4.666244058926,0.4662537818564,-0.4304625735741,-0.03600491058703,0.430479311878,0.03579317523061
23.9883291902,4.667070001322,0.4608751608953,4.667070001322,0.4608751608953,-0.4305223712127,-0.03559207939891,0.4305391066166,0.03537786418105
24.26610095082,4.667877328874,0.4555549402849,4.667877328874,0.4555549402849,-0.4305808208519,-0.03518377482297,0.4305975531976,0.03496705134355
24.54708915685,4.66866645688,0.4502925052194,4.66866645688,0.4502925052194,-0.4306379525802,-0.03477994916393,0.4306546817079,0.03456068869058
24.83133105296,4.669437791555,0.4450872455326,4.669437791555,0.4450872455326,-0.4306937958276,-0.03438055510551,0.4307105215757,0.0341587285698
25.1188643151,4.670191730225,0.4399385557169,4.670191730225,0.4399385557169,-0.4307483793792,-0.03398554571123,0.4307651015842,0.0337611237048
25.40972705549,4.670928661512,0.4348458349397,4.670928661512,0.4348458349397,-0.430801731389,-0.0335948744251,0.4308184498857,0.03336782719575
25.70395782769,4.671648965515,0.4298084870569,4.671648965515,0.4298084870569,-0.4308538793931,-0.03320849507203,0.4308705940141,0.03297879251979
26.00159563165,4.672353013994,0.4248259206248,4.672353013994,0.4248259206248,-0.4309048503229,-0.0328263618582,0.4309215608988,0.03259397353133
26.30267991895,4.673041170541,0.4198975489086,4.673041170541,0.4198975489086,-0.4309546705175,-0.03244842937116,0.4309713768768,0.0322133244621
26.60725059799,4.673713790756,0.4150227898897,4.673713790756,0.4150227898897,-0.4310033657369,-0.03207465257987,0.4310200677057,0.03183679992115
26.91534803927,4.674371222417,0.4102010662701,4.674371222417,0.4102010662701,-0.4310509611733,-0.03170498683451,0.4310676585756,0.03146435489463
27.22701308078,4.675013805641,0.4054318054754,4.675013805641,0.4054318054754,-0.4310974814644,-0.03133938786623,0.4311141741215,0.03109594474545
27.54228703338,4.675641873051,0.4007144396549,4.675641873051,0.4007144396549,-0.4311429507041,-0.03097781178668,0.4311596384348,0.03073152521281
27.8612116863,4.676255749937,0.3960484056812,4.676255749937,0.3960484056812,-0.4311873924548,-0.03062021508752,0.4312040750754,0.03037105241162
28.18382931265,4.676855754408,0.3914331451464,4.676855754408,0.3914331451464,-0.4312308297584,-0.0302665546397,0.4312475070823,0.03001448283176
28.51018267504,4.677442197546,0.3868681043581,4.677442197546,0.3868681043581,-0.4312732851475,-0.02991678769269,0.4312899569855,0.02966177333724
28.84031503127,4.67801538356,0.3823527343327,4.67801538356,0.3823527343327,-0.4313147806565,-0.02957087187358,0.4313314468163,0.02931288116526
29.17427014001,4.67857560993,0.3778864907874,4.67857560993,0.3778864907874,-0.431355337832,-0.02922876518606,0.4313719981184,0.02896776392513
29.51209226666,4.679123167552,0.3734688341308,4.679123167552,0.3734688341308,-0.4313949777435,-0.02889042600933,0.4314116319581,0.02862637959716
29.85382618918,4.679658340879,0.3690992294524,4.679658340879,0.3690992294524,-0.4314337209935,-0.02855581309689,0.4314503689346,0.02828868653132
30.19951720402,4.680181408061,0.3647771465097,4.680181408061,0.3647771465097,-0.4314715877278,-0.02822488557523,0.4314882291905,0.02795464344597
30.54921113216,4.68069264108,0.3605020597153,4.68069264108,0.3605020597153,-0.4315085976451,-0.02789760294247,0.4315252324209,0.02762420942639
30.90295432514,4.681192305882,0.3562734481215,4.681192305882,0.3562734481215,-0.4315447700066,-0.02757392506687,0.4315613978836,0.02729734392323
31.26079367124,4.681680662509,0.3520907954047,4.681680662509,0.3520907954047,-0.4315801236459,-0.02725381218527,0.4315967444084,0.02697400675094
31.62277660168,4.682157965226,0.3479535898481,4.682157965226,0.3479535898481,-0.4316146769777,-0.0269372249015,0.4316312904063,0.02665415808609
31.98895109691,4.682624462646,0.3438613243234,4.682624462646,0.3438613243234,-0.4316484480073,-0.02662412418467,0.4316650538786,0.0263377584656
32.35936569296,4.683080397851,0.3398134962716,4.683080397851,0.3398134962716,-0.4316814543392,-0.0263144713674,0.431698052426,0.02602476878493
32.73406948788,4.683526008516,0.3358096076829,4.683526008516,0.3358096076829,-0.4317137131862,-0.02600822814398,0.4317303032569,0.02571515029618
33.11311214826,4.683961527022,0.3318491650754,4.683961527022,0.3318491650754,-0.4317452413773,-0.02570535656851,0.4317618231962,0.02540886460617
33.49654391578,4.684387180573,0.327931679473,4.684387180573,0.327931679473,-0.4317760553666,-0.02540581905294,0.4317926286936,0.02510587367441
33.88441561392,4.684803191311,0.3240566663824,4.684803191311,0.3240566663824,-0.4318061712413,-0.02510957836506,0.4318227358317,0.02480613981103
34.27677865465,4.685209776422,0.3202236457699,4.685209776422,0.3202236457699,-0.4318356047296,-0.02481659762645,0.4318521603342,0.0245096256747
34.67368504525,4.685607148247,0.3164321420365,4.685607148247,0.3164321420365,-0.4318643712087,-0.02452684031039,0.4318809175734,0.02421629427044
35.07518739526,4.685995514385,0.3126816839926,4.685995514385,0.3126816839926,-0.4318924857124,-0.0242402702397,0.4319090225782,0.02392610894742
35.48133892336,4.686375077802,0.308971804833,4.686375077802,0.308971804833,-0.4319199629384,-0.02395685158453,0.4319364900415,0.02363903339668
35.8921934645,4.686746036926,0.3053020421094,4.686746036926,0.3053020421094,-0.4319468172562,-0.02367654886018,0.4319633343273,0.02335503164889
36.30780547701,4.687108585752,0.301671937704,4.687108585752,0.301671937704,-0.4319730627137,-0.02339932692478,0.4319895694783,0.02307406807196
36.72823004981,4.687462913933,0.2980810378018,4.687462913933,0.2980810378018,-0.4319987130447,-0.023125150977,0.4320152092228,0.02279610736871
37.15352290972,4.687809206881,0.2945288928623,4.687809206881,0.2945288928623,-0.4320237816754,-0.02285398655374,0.4320402669814,0.02252111457443
37.58374042885,4.688147645859,0.2910150575908,4.688147645859,0.2910150575908,-0.4320482817315,-0.02258579952771,0.432064755874,0.02224905505449
38.01893963206,4.688478408067,0.2875390909095,4.688478408067,0.2875390909095,-0.4320722260447,-0.02232055610508,0.4320886887265,0.02197989450183
38.45917820454,4.688801666739,0.2841005559278,4.688801666739,0.2841005559278,-0.4320956271591,-0.02205822282302,0.4321120780768,0.0217135989345
38.90451449943,4.689117591225,0.2806990199122,4.689117591225,0.2806990199122,-0.4321184973376,-0.02179876654727,0.4321349361816,0.02145013469312
39.35500754558,4.689426347077,0.2773340542564,4.689426347077,0.2773340542564,-0.432140848568,-0.02154215446968,0.4321572750223,0.02118946843835
39.81071705535,4.689728096135,0.27400523445,4.689728096135,0.27400523445,-0.4321626925693,-0.02128835410568,0.4321791063112,0.02093156714833
40.27170343255,4.690022996609,0.270712140048,4.690022996609,0.270712140048,-0.4321840407973,-0.0210373332918,0.4322004414976,0.02067639811608
40.73802778041,4.690311203155,0.2674543546392,4.690311203155,0.2674543546392,-0.4322049044507,-0.02078906018313,0.4322212917731,0.02042392894694
41.20975190973,4.690592866958,0.2642314658146,4.690592866958,0.2642314658146,-0.4322252944767,-0.02054350325078,0.4322416680779,0.02017412755591
41.68693834703,4.690868135805,0.2610430651357,4.690868135805,0.2610430651357,-0.4322452215765,-0.02030063127932,0.4322615811058,0.01992696216501
42.16965034286,4.691137154165,0.2578887481019,4.691137154165,0.2578887481019,-0.4322646962108,-0.02006041336419,0.4322810413101,0.0196824013007
42.65795188016,4.691400063257,0.2547681141191,4.691400063257,0.2547681141191,-0.4322837286049,-0.01982281890917,0.4323000589085,0.01944041379115
43.15190768278,4.691657001125,0.2516807664661,4.691657001125,0.2516807664661,-0.4323023287545,-0.01958781762371,0.4323186438887,0.0192009687636
43.65158322402,4.691908102708,0.2486263122629,4.691908102708,0.2486263122629,-0.43232050643,-0.0193553795204,0.4323368060133,0.0189640356417
44.15704473533,4.692153499908,0.2456043624372,4.692153499908,0.2456043624372,-0.4323382711823,-0.01912547491234,0.4323545548247,0.0187295841428
44.6683592151,4.692393321659,0.2426145316914,4.692393321659,0.2426145316914,-0.432355632347,-0.0188980744105,0.4323718996502,0.01849758427527
45.18559443749,4.692627693992,0.2396564384702,4.692627693992,0.2396564384702,-0.4323725990496,-0.01867314892112,0.4323888496065,0.01826800633578
45.70881896149,4.692856740096,0.2367297049264,4.692856740096,0.2367297049264,-0.4323891802098,-0.01845066964311,0.4324054136047,0.01804082090663
46.23810213993,4.693080580388,0.2338339568886,4.693080580388,0.2338339568886,-0.4324053845467,-0.01823060806541,0.4324216003545,0.01781599885303
46.77351412872,4.693299332569,0.2309688238269,4.693299332569,0.2309688238269,-0.4324212205825,-0.01801293596432,0.4324374183688,0.01759351132037
47.31512589615,4.693513111687,0.22813393882,4.693513111687,0.22813393882,-0.4324366966473,-0.01779762540096,0.4324528759684,0.01737332973155
47.86300923226,4.693722030194,0.2253289385219,4.693722030194,0.2253289385219,-0.4324518208836,-0.01758464871856,0.4324679812857,0.01715542578423
48.41723675841,4.693926198008,0.2225534631276,4.693926198008,0.2225534631276,-0.4324666012498,-0.01737397853989,0.4324827422692,0.01693977144816
48.97788193685,4.694125722564,0.2198071563404,4.694125722564,0.2198071563404,-0.432481045525,-0.01716558776463,0.4324971666877,0.01672633896243
49.54501908048,4.694320708872,0.2170896653378,4.694320708872,0.2170896653378,-0.4324951613125,-0.0169594495667,0.4325112621341,0.01651510083277
50.11872336273,4.694511259571,0.2144006407383,4.694511259571,0.2144006407383,-0.432508956044,-0.01675553739171,0.4325250360291,0.01630602982889
50.69907082747,4.694697474982,0.2117397365675,4.694697474982,0.2117397365675,-0.4325224369833,-0.01655382495432,0.4325384956256,0.01609909898172
51.28613839914,4.694879453159,0.209106610225,4.694879453159,0.209106610225,-0.4325356112301,-0.01635428623564,0.4325516480119,0.01589428158073
51.8800038929,4.695057289941,0.2065009224506,4.695057289941,0.2065009224506,-0.4325484857237,-0.01615689548058,0.4325645001157,0.01569155117127
52.48074602498,4.695231078998,0.2039223372909,4.695231078998,0.2039223372909,-0.4325610672464,-0.01596162719536,0.4325770587076,0.01549088155183
53.0884444231,4.695400911884,0.2013705220661,4.695400911884,0.2013705220661,-0.4325733624273,-0.01576845614481,0.4325893304043,0.01529224677142
53.70317963703,4.695566878081,0.1988451473364,4.695566878081,0.1988451473364,-0.4325853777454,-0.01557735734988,0.4326013216725,0.01509562112683
54.32503314924,4.695729065046,0.1963458868692,4.695729065046,0.1963458868692,-0.4325971195332,-0.01538830608499,0.4326130388319,0.01490097916
54.95408738576,4.695887558257,0.1938724176051,4.695887558257,0.1938724176051,-0.4326085939799,-0.01520127787554,0.4326244880587,0.01470829565539
55.59042572704,4.696042441256,0.1914244196257,4.696042441256,0.1914244196257,-0.4326198071345,-0.01501624849532,0.4326356753884,0.01451754563724
56.23413251904,4.696193795694,0.1890015761199,4.696193795694,0.1890015761199,-0.4326307649091,-0.01483319396396,0.4326466067195,0.01432870436703
56.88529308439,4.696341701371,0.1866035733516,4.696341701371,0.1866035733516,-0.4326414730819,-0.0146520905444,0.4326572878161,0.01414174734076
57.54399373372,4.69648623628,0.1842301006261,4.69648623628,0.1842301006261,-0.4326519373001,-0.01447291474039,0.4326677243112,0.01395665028639
58.21032177709,4.696627476645,0.1818808502581,4.696627476645,0.1818808502581,-0.432662163083,-0.01429564329395,0.4326779217092,0.01377338916118
58.88436553556,4.696765496961,0.1795555175388,4.696765496961,0.1795555175388,-0.4326721558248,-0.01412025318289,0.4326878853894,0.0135919401491
59.5662143529,4.696900370036,0.1772538007034,4.696900370036,0.1772538007034,-0.4326819207973,-0.01394672161831,0.4326976206081,0.01341227965825
60.25595860744,4.697032167024,0.1749754008988,4.697032167024,0.1749754008988,-0.4326914631527,-0.01377502604211,0.4327071325018,0.01323438431826
60.95368972402,4.697160957463,0.1727200221514,4.697160957463,0.1727200221514,-0.4327007879265,-0.01360514412456,0.4327164260898,0.01305823097773
61.65950018615,4.697286809315,0.1704873713349,4.697286809315,0.1704873713349,-0.4327099000396,-0.0134370537618,0.4327255062765,0.01288379670165
62.37348354824,4.697409788997,0.1682771581385,4.697409788997,0.1682771581385,-0.4327188043015,-0.01327073307346,0.4327343778545,0.01271105876886
63.09573444802,4.697529961416,0.1660890950351,4.697529961416,0.1660890950351,-0.4327275054123,-0.01310616040018,0.4327430455064,0.01253999466952
63.82634861906,4.697647390007,0.1639228972493,4.697647390007,0.1639228972493,-0.4327360079653,-0.01294331430122,0.432751513808,0.01237058210258
64.56542290347,4.69776213676,0.1617782827263,4.69776213676,0.1617782827263,-0.4327443164497,-0.01278217355205,0.4327597872301,0.01220279897326
65.31305526475,4.697874262257,0.1596549721003,4.697874262257,0.1596549721003,-0.4327524352522,-0.01262271714199,0.432767870141,0.01203662339056
66.06934480076,4.697983825701,0.1575526886633,4.697983825701,0.1575526886633,-0.4327603686602,-0.01246492427182,0.4327757668089,0.01187203366475
66.83439175686,4.698090884947,0.1554711583339,4.698090884947,0.1554711583339,-0.4327681208633,-0.01230877435139,0.4327834814041,0.01170900830493
67.6082975392,4.698195496535,0.1534101096269,4.698195496535,0.1534101096269,-0.4327756959559,-0.01215424699736,0.432791018001,0.01154752601653
68.39116472814,4.698297715716,0.151369273622,4.698297715716,0.151369273622,-0.4327830979393,-0.01200132203079,0.4327983805804,0.01138756569888
69.1830970919,4.698397596482,0.1493483839335,4.698397596482,0.1493483839335,-0.4327903307234,-0.01184997947484,0.4328055730314,0.01122910644279
69.98419960023,4.698495191593,0.1473471766796,4.698495191593,0.1473471766796,-0.4327973981293,-0.01170019955252,0.4328125991537,0.01107212752807
70.79457843842,4.698590552611,0.1453653904526,4.698590552611,0.1453653904526,-0.432804303891,-0.01155196268435,0.4328194626594,0.01091660842119
71.61434102129,4.698683729915,0.1434027662887,4.698683729915,0.1434027662887,-0.4328110516573,-0.01140524948611,0.4328261671748,0.01076252877283
72.4435960075,4.69877477274,0.1414590476376,4.69877477274,0.1414590476376,-0.4328176449939,-0.01126004076659,0.4328327162428,0.01060986841553
73.28245331389,4.698863729195,0.1395339803334,4.698863729195,0.1395339803334,-0.432824087385,-0.01111631752535,0.4328391133243,0.01045860736129
74.13102413009,4.698950646288,0.1376273125647,4.698950646288,0.1376273125647,-0.4328303822356,-0.01097406095046,0.4328453617998,0.01030872579926
74.98942093325,4.699035569955,0.1357387948454,4.699035569955,0.1357387948454,-0.4328365328727,-0.01083325241635,0.432851464972,0.01016020409334
75.85775750292,4.699118545082,0.1338681799851,4.699118545082,0.1338681799851,-0.4328425425473,-0.01069387348156,0.4328574260668,0.01001302277989
76.73614893618,4.699199615527,0.1320152230606,4.699199615527,0.1320152230606,-0.4328484144362,-0.01055590588661,0.4328632482352,0.0098671625654
77.62471166287,4.699278824145,0.1301796813864,4.699278824145,0.1301796813864,-0.4328541516437,-0.01041933155177,0.432868934555,0.009722604324204
78.52356346101,4.69935621281,0.1283613144866,4.69935621281,0.1283613144866,-0.4328597572028,-0.01028413257497,0.4328744880323,0.009579329096168
79.43282347243,4.699431822435,0.1265598840662,4.699431822435,0.1265598840662,-0.4328652340774,-0.01015029122965,0.4328799116035,0.009437318084434
80.35261221856,4.699505692997,0.1247751539822,4.699505692997,0.1247751539822,-0.4328705851634,-0.01001778996261,0.432885208136,0.00929655265315
81.28305161641,4.699577863555,0.1230068902165,4.699577863555,0.1230068902165,-0.4328758132903,-0.009886611391959,0.4328903804306,0.009157014325228
82.22426499471,4.699648372271,0.1212548608469,4.699648372271,0.1212548608469,-0.4328809212229,-0.009756738304976,0.4328954312224,0.009018684780106
83.17637711027,4.699717256431,0.1195188360199,4.699717256431,0.1195188360199,-0.4328859116624,-0.009628153656066,0.4329003631824,0.008881545851531
84.13951416452,4.699784552465,0.1177985879226,4.699784552465,0.1177985879226,-0.4328907872484,-0.00950084056469,0.4329051789189,0.00874557952535
85.11380382024,4.699850295965,0.1160938907558,4.699850295965,0.1160938907558,-0.4328955505594,-0.009374782313327,0.4329098809791,0.008610767937316
86.09937521846,4.699914521701,0.1144045207062,4.699914521701,0.1144045207062,-0.432900204115,-0.00924996234544,0.4329144718498,0.008477093370913
87.09635899561,4.699977263647,0.1127302559195,4.699977263647,0.1127302559195,-0.4329047503768,-0.009126364263468,0.4329189539594,0.00834453825518
88.1048873008,4.700038554989,0.1110708764733,4.700038554989,0.1110708764733,-0.4329091917497,-0.009003971826825,0.4329233296789,0.008213085162567
89.12509381338,4.700098428151,0.1094261643508,4.700098428151,0.1094261643508,-0.4329135305833,-0.008882768949916,0.4329276013231,0.008082716806789
90.1571137606,4.700156914807,0.1077959034134,4.700156914807,0.1077959034134,-0.4329177691731,-0.008762739700167,0.4329317711517,0.007953416040697
91.20108393559,4.7002140459,0.106179879375,4.7002140459,0.106179879375,-0.4329219097615,-0.008643868296075,0.432935841371,0.00782516585417
92.25714271548,4.700269851655,0.1045778797754,4.700269851655,0.1045778797754,-0.4329259545395,-0.008526139105267,0.4329398141342,0.007697949372004
93.3254300797,4.700324361599,0.1029896939544,4.700324361599,0.1029896939544,-0.4329299056472,-0.008409536642572,0.4329436915436,0.007571749851834
94.40608762859,4.700377604575,0.1014151130254,4.700377604575,0.1014151130254,-0.4329337651753,-0.008294045568116,0.4329474756506,0.007446550682045
95.49925860215,4.700429608757,0.09985392985033,4.700429608757,0.09985392985033,-0.4329375351662,-0.008179650685423,0.4329511684578,0.007322335379721
96.60508789898,4.700480401663,0.09830593901361,4.700480401663,0.09830593901361,-0.4329412176149,-0.008066336939534,0.4329547719192,0.007199087588582
97.72372209558,4.700530010174,0.0967709367968,4.700530010174,0.0967709367968,-0.4329448144703,-0.007954089415142,0.4329582879418,0.007076791076954
98.8553094657,4.700578460541,0.09524872115348,4.700578460541,0.09524872115348,-0.432948327636,-0.007842893334737,0.4329617183863,0.006955429735737
100.0,4.700625778408,0.093739091684,4.700625778408,0.093739091684,-0.4329517589714,-0.007732734056766,0.4329650650683,0.00683498757639
101.157945426,4.700671988818,0.09224184961063,4.700671988818,0.09224184961063,-0.4329551102926,-0.007623597073813,0.4329683297591,0.006715448728932
102.3292992281,4.700717116229,0.09075679775273,4.700717116229,0.09075679775273,-0.4329583833736,-0.007515468010782,0.4329715141865,0.006596797439946
103.5142166679,4.700761184528,0.08928374050223,4.700761184528,0.08928374050223,-0.4329615799467,-0.007408332623104,0.4329746200362,0.006479018070603
104.7128548051,4.70080421704,0.08782248379906,4.70080421704,0.08782248379906,-0.4329647017042,-0.007302176794953,0.432977648952,0.006362095094694
105.9253725177,4.700846236544,0.0863728351069,4.700846236544,0.0863728351069,-0.4329677502985,-0.007196986537473,0.4329806025374,0.00624601309667
107.1519305238,4.700887265284,0.08493460338903,4.700887265284,0.08493460338903,-0.4329707273436,-0.007092747987025,0.4329834823558,0.006130756769703
108.3926914021,4.700927324981,0.08350759908434,4.700927324981,0.08350759908434,-0.4329736344154,-0.006989447403441,0.4329862899317,0.006016310913745
109.6478196143,4.70096643684,0.08209163408347,4.70096643684,0.08209163408347,-0.4329764730531,-0.006887071168296,0.4329890267515,0.005902660433612
110.9174815262,4.70100462157,0.08068652170508,4.70100462157,0.08068652170508,-0.4329792447596,-0.006785605783189,0.432991694264,0.005789790337065
112.2018454302,4.701041899385,0.07929207667238,4.701041899385,0.07929207667238,-0.4329819510023,-0.00668503786804,0.4329942938814,0.005677685732913
113.5010815672,4.701078290023,0.07790811508963,4.701078290023,0.07790811508963,-0.432984593214,-0.006585354159399,0.4329968269802,0.005566331829122
114.8153621497,4.701113812752,0.07653445441896,4.701113812752,0.07653445441896,-0.4329871727939,-0.006486541508766,0.4329992949016,0.005455713930933
116.144861384,4.70114848638,0.07517091345724,4.70114848638,0.07517091345724,-0.4329896911078,-0.006388586880927,0.4330016989521,0.005345817438991
117.489755494,4.701182329266,0.07381731231303,4.701182329266,0.07381731231302,-0.4329921494892,-0.006291477352297,0.4330040404047,0.005236627847486
118.8502227437,4.701215359332,0.07247347238383,4.701215359332,0.07247347238383,-0.4329945492399,-0.006195200109283,0.4330063204992,0.005128130742303
120.2264434617,4.701247594067,0.07113921633335,4.701247594067,0.07113921633335,-0.4329968916306,-0.006099742446652,0.4330085404429,0.005020311799183
121.6186000646,4.701279050541,0.0698143680689,4.701279050541,0.0698143680689,-0.4329991779019,-0.006005091765915,0.4330107014115,0.004913156781886
123.0268770812,4.701309745412,0.06849875271904,4.701309745412,0.06849875271904,-0.4330014092644,-0.005911235573719,0.4330128045491,0.004806651540379
124.4514611771,4.701339694936,0.06719219661116,4.701339694936,0.06719219661116,-0.4330035869,-0.005818161480259,0.4330148509695,0.004700782009013
125.8925411794,4.701368914973,0.06589452724947,4.701368914973,0.06589452724947,-0.4330057119618,-0.005725857197691,0.4330168417565,0.004595534204731
127.3503081017,4.701397420997,0.06460557329278,4.701397420997,0.06460557329278,-0.4330077855753,-0.005634310538565,0.4330187779644,0.004490894225264
128.8249551693,4.701425228107,0.06332516453267,4.701425228107,0.06332516453267,-0.4330098088389,-0.005543509414263,0.4330206606184,0.004386848247354
130.3166778452,4.701452351029,0.06205313187172,4.701452351029,0.06205313187172,-0.433011782824,-0.005453441833455,0.4330224907157,0.004283382524971
131.8256738556,4.701478804129,0.06078930730177,4.701478804129,0.06078930730177,-0.4330137085762,-0.005364095900558,0.4330242692255,0.004180483387548
133.3521432163,4.701504601418,0.05953352388236,4.701504601418,0.05953352388236,-0.4330155871155,-0.005275459814214,0.4330259970898,0.004078137238221
134.8962882592,4.701529756559,0.05828561571939,4.701529756559,0.05828561571939,-0.433017419437,-0.005187521865772,0.4330276752237,0.003976330552075
136.4583136589,4.701554282876,0.05704541794366,4.701554282876,0.05704541794366,-0.4330192065112,-0.005100270437788,0.433029304516,0.003875049874404
138.0384264603,4.701578193361,0.05581276668976,4.701578193361,0.05581276668976,-0.4330209492847,-0.005013694002525,0.4330308858297,0.003774281818971
139.6368361056,4.701601500678,0.05458749907491,4.701601500678,0.05458749907491,-0.4330226486807,-0.004927781120473,0.4330324200024,0.003674013066279
141.2537544623,4.701624217175,0.05336945317801,4.701624217175,0.05336945317801,-0.4330243055994,-0.004842520438878,0.4330339078466,0.003574230361856
142.8893958511,4.701646354883,0.0521584680188,4.701646354883,0.0521584680188,-0.4330259209185,-0.004757900690272,0.4330353501504,0.003474920514532
144.5439770746,4.70166792553,0.05095438353694,4.70166792553,0.05095438353694,-0.4330274954937,-0.004673910691029,0.4330367476779,0.003376070394741
146.2177174457,4.701688940543,0.04975704057144,4.701688940543,0.04975704057144,-0.4330290301591,-0.004590539339913,0.4330381011692,0.003277666932815
147.9108388168,4.701709411053,0.04856628084013,4.701709411053,0.04856628084013,-0.4330305257278,-0.004507775616649,0.4330394113414,0.003179697117293
149.6235656094,4.701729347906,0.04738194691905,4.701729347906,0.04738194691905,-0.433031982992,-0.004425608580495,0.4330406788885,0.003082147993233
151.3561248436,4.701748761664,0.04620388222221,4.701748761664,0.04620388222221,-0.4330334027239,-0.004344027368832,0.4330419044818,0.002985006660534
153.1087461682,4.70176766261,0.04503193098117,4.70176766261,0.04503193098117,-0.4330347856754,-0.004263021195754,0.4330430887707,0.002888260272259
154.8816618913,4.701786060758,0.04386593822503,4.701786060758,0.04386593822503,-0.4330361325794,-0.004182579350672,0.4330442323825,0.00279189603297
156.6751070108,4.701803965856,0.04270574976013,4.701803965856,0.04270574976013,-0.4330374441494,-0.004102691196929,0.433045335923,0.002695901197061
158.4893192461,4.701821387389,0.04155121215015,4.701821387389,0.04155121215015,-0.4330387210803,-0.004023346170416,0.4330463999769,0.002600263067106
160.324539069,4.701838334588,0.0404021726962,4.701838334588,0.0404021726962,-0.4330399640486,-0.003944533778205,0.4330474251078,0.002504968992204
162.1810097359,4.701854816431,0.03925847941691,4.701854816431,0.03925847941691,-0.4330411737129,-0.003866243597187,0.4330484118587,0.002410006366335
164.05897732,4.70187084165,0.03811998102871,4.70187084165,0.03811998102871,-0.4330423507142,-0.003788465272716,0.4330493607525,0.00231536262672
165.9586907438,4.701886418736,0.03698652692616,4.701886418736,0.03698652692616,-0.433043495676,-0.003711188517266,0.4330502722918,0.002221025252181
167.8804018123,4.701901555942,0.03585796716228,4.701901555942,0.03585796716228,-0.433044609205,-0.003634403109091,0.4330511469595,0.002126981761512
169.8243652462,4.701916261289,0.03473415242913,4.701916261289,0.03473415242913,-0.4330456918913,-0.003558098890899,0.4330519852191,0.002033219711854
171.7908387158,4.701930542568,0.03361493403823,4.701930542568,0.03361493403823,-0.4330467443084,-0.003482265768526,0.4330527875146,0.00193972669707
173.7800828749,4.701944407345,0.03250016390129,4.701944407345,0.03250016390129,-0.4330477670141,-0.003406893709624,0.433053554271,0.001846490346126
175.7923613959,4.701957862968,0.03138969451083,4.701957862968,0.03138969451083,-0.4330487605503,-0.003331972742354,0.4330542858947,0.001753498321481
177.8279410039,4.701970916566,0.03028337892095,4.701970916566,0.03028337892095,-0.4330497254433,-0.003257492954087,0.4330549827731,0.00166073831747
179.8870915129,4.701983575055,0.02918107072812,4.701983575055,0.02918107072812,-0.4330506622046,-0.00318344449011,0.4330556452755,0.001568198058705
181.970085861,4.701995845142,0.02808262405208,4.701995845142,0.02808262405208,-0.4330515713304,-0.003109817552342,0.433056273753,0.001475865298463
184.0772001469,4.70200773333,0.0269878935168,4.70200773333,0.0269878935168,-0.4330524533025,-0.003036602398054,0.4330568685384,0.001383727817093
186.2087136663,4.702019245918,0.02589673423144,4.702019245918,0.02589673423144,-0.4330533085884,-0.0029637893386,0.4330574299468,0.001291773420415
188.364908949,4.702030389006,0.0248090017714,4.702030389006,0.0248090017714,-0.4330541376411,-0.002891368738148,0.4330579582758,0.001199989938127
190.5460717963,4.702041168498,0.02372455215942,4.702041168498,0.02372455215942,-0.4330549409001,-0.002819331012425,0.4330584538052,0.001108365222214
192.7524913191,4.702051590107,0.02264324184681,4.702051590107,0.02264324184681,-0.433055718791,-0.002747666627463,0.4330589167976,0.001016887145358
194.9844599758,4.702061659355,0.02156492769452,4.702061659355,0.02156492769452,-0.433056471726,-0.00267636609835,0.4330593474982,0.0009255435993512
197.2422736115,4.702071381577,0.0204894669545,4.702071381577,0.0204894669545,-0.4330572001041,-0.002605419987995,0.4330597461353,0.0008343224935116
199.5262314969,4.702080761926,0.01941671725097,4.702080761926,0.01941671725097,-0.4330579043114,-0.002534818905888,0.4330601129199,0.000743211753102
201.8366363682,4.702089805372,0.01834653656175,4.702089805372,0.01834653656175,-0.433058584721,-0.002464553506874,0.4330604480466,0.0006521993177469
204.173794467,4.702098516707,0.01727878319959,4.702098516707,0.01727878319959,-0.4330592416935,-0.002394614489931,0.4330607516927,0.0005612731398549
206.5380155811,4.702106900547,0.01621331579364,4.702106900547,0.01621331579364,-0.433059875577,-0.00232499259695,0.4330610240191,0.0004704211830405
208.9296130854,4.702114961336,0.01514999327095,4.702114961336,0.01514999327095,-0.4330604867075,-0.002255678611522,0.4330612651702,0.0003796314205468
211.3489039837,4.702122703344,0.01408867483784,4.702122703344,0.01408867483784,-0.4330610754089,-0.002186663357733,0.4330614752737,0.0002888918336714
213.7962089502,4.702130130674,0.01302921996147,4.702130130674,0.01302921996147,-0.4330616419931,-0.002117937698958,0.4330616544408,0.0001981904101896
216.2718523727,4.702137247262,0.01197148835138,4.702137247262,0.01197148835138,-0.4330621867605,-0.002049492536667,0.4330618027665,0.0001075151427824
218.776162395,4.70214405688,0.01091533994109,4.70214405688,0.01091533994109,-0.4330627099996,-0.001981318809232,0.4330619203294,1.685402746164e-05
221.3094709606,4.702150563135,0.009860634869663,4.702150563135,0.009860634869663,-0.4330632119879,-0.001913407490733,0.4330620071916,-7.380493800293e-05
223.8721138568,4.702156769476,0.008807233463301,4.702156769476,0.008807233463301,-0.4330636929914,-0.001845749589784,0.4330620633992,-0.0001644737556565
226.4644307593,4.702162679191,0.007754996217045,4.702162679191,0.007754996217045,-0.4330641532649,-0.001778336148343,0.433062088982,-0.0002551644289335
229.0867652768,4.702168295411,0.006703783776347,4.702168295411,0.006703783776347,-0.4330645930525,-0.001711158240542,0.4330620839534,-0.0003458889642303
231.7394649969,4.702173621114,0.005653456918833,4.702173621114,0.005653456918833,-0.4330650125872,-0.001644206971517,0.4330620483107,-0.0004366593724797
234.422881532,4.70217865912,0.004603876535926,4.70217865912,0.004603876535926,-0.4330654120914,-0.001577473476236,0.4330619820351,-0.0005274876707255
237.1373705662,4.7021834121,0.003554903614539,4.7021834121,0.003554903614539,-0.4330657917767,-0.001510948918337,0.4330618850913,-0.0006183858836986
239.883291902,4.702187882572,0.002506399218773,4.702187882572,0.002506399218773,-0.4330661518445,-0.001444624488967,0.433061757428,-0.0007093660453928
242.6610095082,4.702192072905,0.001458224471677,4.702192072905,0.001458224471677,-0.4330664924855,-0.001378491405628,0.4330615989774,-0.0008004402006428
245.4708915685,4.702195985319,0.0004102405369425,4.702195985319,0.0004102405369425,-0.4330668138803,-0.001312540911018,0.4330614096556,-0.0008916204067042
248.3133105296,4.702199621888,-0.0006376913994415,4.702199621888,-0.0006376913994415,-0.4330671161993,-0.001246764271885,0.4330611893622,-0.0009829187348335
251.188643151,4.702202984537,-0.001685710147401,4.702202984537,-0.001685710147401,-0.4330673996026,-0.001181152777877,0.4330609379804,-0.001074347271871
254.0972705549,4.702206075049,-0.002733954531127,4.702206075049,-0.002733954531127,-0.4330676642405,-0.001115697740398,0.433060655377,-0.001165918121827
257.0395782769,4.702208895062,-0.003782563407274,4.702208895062,-0.003782563407274,-0.4330679102533,-0.001050390491468,0.4330603414021,-0.001257643407464
260.0159563165,4.702211446068,-0.004831675683441,4.702211446068,-0.004831675683441,-0.4330681377713,-0.0009852223825794,0.4330599958893,-0.001349535271892
263.0267991895,4.70221372942,-0.005881430336225,4.70221372942,-0.005881430336225,-0.4330683469151,-0.0009201847835623,0.4330596186556,-0.001441605880156
266.0725059799,4.702215746327,-0.006931966429796,4.702215746327,-0.006931966429796,-0.4330685377956,-0.0008552690814522,0.4330592095009,-0.00153386742083
269.1534803927,4.702217497857,-0.007983423134076,4.702217497857,-0.007983423134076,-0.4330687105139,-0.0007904666793532,0.4330587682085,-0.001626332107619
272.2701308078,4.702218984939,-0.009035939743134,4.702218984939,-0.009035939743134,-0.4330688651616,-0.0007257689953111,0.4330582945443,-0.001719012180953
275.4228703338,4.702220208359,-0.0100896556936,4.702220208359,-0.0100896556936,-0.4330690018207,-0.0006611674611823,0.4330577882574,-0.001811919909598
278.612116863,4.702221168765,-0.01114471058309,4.702221168765,-0.01114471058309,-0.4330691205636,-0.0005966535215094,0.4330572490795,-0.001905067592255
281.8382931265,4.702221866665,-0.01220124418835,4.702221866665,-0.01220124418835,-0.4330692214532,-0.0005322186323938,0.4330566767248,-0.00199846755918
285.1018267504,4.702222302429,-0.01325939648416,4.702222302429,-0.01325939648416,-0.433069304543,-0.000467854260373,0.4330560708898,-0.002092132173791
288.4031503127,4.702222476286,-0.01431930766142,4.702222476286,-0.01431930766142,-0.4330693698771,-0.000403551881299,0.4330554312537,-0.00218607383429
291.7427014001,4.702222388328,-0.01538111814582,4.702222388328,-0.01538111814582,-0.4330694174901,-0.0003393029792148,0.4330547574773,-0.00228030497529
295.1209226666,4.702222038507,-0.01644496861635,4.702222038507,-0.01644496861635,-0.4330694474073,-0.0002750990452376,0.4330540492036,-0.002374838069434
298.5382618918,4.702221426637,-0.01751100002392,4.702221426637,-0.01751100002392,-0.4330694596444,-0.0002109315764359,0.4330533060573,-0.002469685629036
301.9951720402,4.702220552393,-0.01857935360983,4.702220552393,-0.01857935360983,-0.433069454208,-0.0001467920747151,0.4330525276444,-0.002564860207712
305.4921113216,4.70221941531,-0.01965017092453,4.70221941531,-0.01965017092453,-0.4330694310953,-8.267204569521e-05,0.4330517135525,-0.002660374402025
309.0295432514,4.702218014785,-0.02072359384639,4.702218014785,-0.02072359384639,-0.4330693902939,-1.856299759744e-05,0.4330508633501,-0.002756240853133
312.6079367124,4.702216350073,-0.02179976460023,4.702216350073,-0.02179976460023,-0.4330693317823,4.554355987425e-05,0.4330499765867,-0.002852472248439
316.2277660168,4.702214420292,-0.02287882577629,4.702214420292,-0.02287882577629,-0.4330692555295,0.0001096561166518,0.4330490527923,-0.002949081323251
319.8895109692,4.702212224418,-0.02396092034894,4.702212224418,-0.02396092034894,-0.433069161495,0.0001737831634146,0.4330480914774,-0.003046080862446
323.5936569296,4.702209761285,-0.02504619169566,4.702209761285,-0.02504619169566,-0.4330690496291,0.0002379331927121,0.4330470921326,-0.003143483702142
327.3406948788,4.702207029586,-0.02613478361583,4.702207029586,-0.02613478361583,-0.4330689198724,0.000302114700075,0.4330460542282,-0.003241302731367
331.1311214826,4.702204027873,-0.02722684035004,4.702204027873,-0.02722684035004,-0.4330687721562,0.0003663361851382,0.4330449772143,-0.003339550893754
334.9654391578,4.702200754553,-0.0283225065987,4.702200754553,-0.0283225065987,-0.4330686064022,0.0004306061527537,0.4330438605202,-0.003438241189219
338.8441561392,4.702197207889,-0.02942192754161,4.702197207889,-0.02942192754161,-0.4330684225226,0.0004949331141092,0.433042703554,-0.00353738667566
342.7677865465,4.702193386001,-0.03052524885683,4.702193386001,-0.03052524885683,-0.4330682204199,0.0005593255878513,0.4330415057027,-0.003637000470666
346.7368504525,4.702189286861,-0.03163261674006,4.702189286861,-0.03163261674006,-0.433067999987,0.0006237921012001,0.4330402663316,-0.003737095753218
350.7518739526,4.702184908294,-0.032744177924,4.702184908294,-0.032744177924,-0.4330677611072,0.0006883411910728,0.4330389847839,-0.003837685765412
354.8133892336,4.702180247979,-0.03386007969749,4.702180247979,-0.03386007969749,-0.4330675036537,0.0007529814052049,0.4330376603805,-0.003938783814183
358.921934645,4.702175303443,-0.03498046992537,4.702175303443,-0.03498046992537,-0.4330672274903,0.0008177213032747,0.4330362924197,-0.004040403273036
363.0780547701,4.702170072063,-0.03610549706787,4.702170072063,-0.03610549706787,-0.4330669324705,0.0008825694580247,0.4330348801765,-0.004142557583787
367.2823004981,4.702164551066,-0.03723531019987,4.702164551066,-0.03723531019987,-0.433066618438,0.0009475344563922,0.4330334229028,-0.004245260258315
371.5352290972,4.702158737523,-0.03837005903125,4.702158737523,-0.03837005903125,-0.4330662852263,0.001012624900634,0.4330319198263,-0.004348524880314
375.8374042885,4.70215262835,-0.03950989392619,4.70215262835,-0.03950989392619,-0.433065932659,0.001077849409458,0.4330303701505,-0.004452365107062
380.1893963206,4.702146220308,-0.04065496592318,4.702146220308,-0.04065496592318,-0.4330655605491,0.001143216619153,0.4330287730545,-0.004556794671193
384.5917820454,4.702139509998,-0.04180542675508,4.702139509998,-0.04180542675508,-0.4330651686995,0.001208735184723,0.433027127692,-0.004661827382479
389.0451449943,4.70213249386,-0.04296142886914,4.70213249386,-0.04296142886914,-0.4330647569025,0.001274413781027,0.4330254331911,-0.004767477129628
393.5500754558,4.702125168174,-0.04412312544702,4.702125168174,-0.04412312544702,-0.4330643249399,0.001340261103909,0.4330236886542,-0.004873757882075
398.1071705535,4.702117529054,-0.04529067042522,4.702117529054,-0.04529067042522,-0.4330638725827,0.001406285871351,0.4330218931568,-0.004980683691805
402.7170343255,4.702109572449,-0.04646421851531,4.702109572449,-0.04646421851531,-0.4330633995914,0.001472496824604,0.4330200457478,-0.005088268695163
407.3802778041,4.702101294139,-0.04764392522442,4.702101294139,-0.04764392522442,-0.4330629057151,0.001538902729344,0.4330181454483,-0.005196527114688
412.0975190973,4.702092689733,-0.04882994687586,4.702092689733,-0.04882994687586,-0.4330623906923,0.001605512376816,0.4330161912515,-0.005305473260958
416.8693834704,4.702083754669,-0.05002244062963,4.702083754669,-0.05002244062963,-0.4330618542499,0.001672334584987,0.4330141821221,-0.005415121534429
421.6965034286,4.702074484206,-0.05122156450346,4.702074484206,-0.05122156450346,-0.4330612961038,0.001739378199706,0.4330121169958,-0.005525486427309
426.5795188016,4.70206487343,-0.05242747739331,4.70206487343,-0.05242747739331,-0.4330607159581,0.001806652095857,0.4330099947783,-0.005636582525418
431.5190768278,4.702054917242,-0.05364033909481,4.702054917242,-0.05364033909481,-0.4330601135054,0.001874165178525,0.4330078143455,-0.00574842451008
436.5158322402,4.702044610361,-0.05486031032404,4.702044610361,-0.05486031032404,-0.4330594884266,0.00194192638416,0.4330055745423,-0.005861027160007
441.5704473533,4.702033947323,-0.0560875527389,4.702033947323,-0.0560875527389,-0.4330588403903,0.00200994468175,0.4330032741821,-0.00597440535321
446.683592151,4.702022922471,-0.05732222896072,4.702022922471,-0.05732222896072,-0.4330581690532,0.002078229073991,0.4330009120462,-0.006088574068913
451.8559443749,4.702011529958,-0.05856450259516,4.702011529958,-0.05856450259516,-0.4330574740596,0.002146788598466,0.4329984868834,-0.006203548389477
457.0881896149,4.701999763742,-0.05981453825459,4.701999763742,-0.05981453825459,-0.4330567550411,0.002215632328829,0.4329959974091,-0.006319343502344
462.3810213993,4.701987617583,-0.06107250157912,4.701987617583,-0.06107250157912,-0.4330560116169,0.002284769375989,0.4329934423045,-0.006435974701982
467.7351412872,4.701975085039,-0.06233855925914,4.701975085039,-0.06233855925914,-0.4330552433929,0.002354208889299,0.4329908202162,-0.006553457391854
473.1512589615,4.701962159463,-0.06361287905674,4.701962159463,-0.06361287905674,-0.4330544499621,0.002423960057757,0.4329881297552,-0.006671807086389
478.6300923227,4.701948834,-0.0648956298286,4.701948834,-0.0648956298286,-0.4330536309042,0.002494032111199,0.4329853694965,-0.00679103941297
484.1723675841,4.701935101581,-0.06618698154753,4.701935101581,-0.06618698154753,-0.4330527857851,0.00256443432151,0.432982537978,-0.006911170113936
489.7788193685,4.701920954925,-0.06748710532553,4.701920954925,-0.06748710532553,-0.433051914157,0.002635176003828,0.4329796337001,-0.007032215048593
495.4501908048,4.701906386527,-0.06879617343606,4.701906386527,-0.06879617343606,-0.4330510155582,0.002706266517763,0.4329766551244,-0.007154190195241
501.1872336273,4.701891388662,-0.0701143593371,4.701891388662,-0.0701143593371,-0.4330500895125,0.002777715268617,0.4329736006735,-0.007277111653214
506.9907082747,4.701875953374,-0.07144183769363,4.701875953374,-0.07144183769363,-0.4330491355293,0.002849531708608,0.4329704687295,-0.00740099564493
512.8613839914,4.701860072477,-0.07277878440123,4.701860072477,-0.07277878440123,-0.4330481531031,0.002921725338101,0.4329672576338,-0.007525858517961
518.800038929,4.701843737548,-0.07412537660906,4.701843737548,-0.07412537660906,-0.4330471417134,0.002994305706847,0.4329639656858,-0.007651716747108
524.8074602498,4.701826939924,-0.0754817927431,4.701826939924,-0.0754817927431,-0.4330461008244,0.003067282415222,0.4329605911422,-0.007778586936499
530.884444231,4.701809670694,-0.0768482125302,4.701809670694,-0.0768482125302,-0.4330450298847,0.003140665115481,0.4329571322158,-0.007906485821694
537.0317963703,4.7017919207,-0.0782248170212,4.7017919207,-0.0782248170212,-0.4330439283267,0.003214463513006,0.432953587075,-0.008035430271806
543.2503314925,4.701773680526,-0.0796117886155,4.701773680526,-0.0796117886155,-0.4330427955671,0.003288687367574,0.4329499538425,-0.008165437291642
549.5408738576,4.701754940499,-0.08100931108467,4.701754940499,-0.08100931108467,-0.4330416310056,0.003363346494618,0.4329462305944,-0.008296524023848
555.9042572704,4.701735690679,-0.08241756959684,4.701735690679,-0.08241756959684,-0.4330404340253,0.003438450766505,0.4329424153591,-0.008428707751077
562.3413251904,4.701715920854,-0.08383675074127,4.701715920854,-0.08383675074127,-0.4330392039921,0.003514010113813,0.4329385061166,-0.008562005898171
568.8529308439,4.70169562054,-0.08526704255315,4.70169562054,-0.08526704255315,-0.4330379402544,0.003590034526624,0.4329345007969,-0.008696436034354
575.4399373372,4.701674778969,-0.08670863453781,4.701674778969,-0.08670863453781,-0.4330366421427,0.003666534055809,0.4329303972794,-0.008832015875442
582.1032177709,4.701653385086,-0.08816171769643,4.701653385086,-0.08816171769643,-0.4330353089694,0.003743518814339,0.4329261933914,-0.008968763286071
588.8436553556,4.701631427543,-0.08962648455097,4.701631427543,-0.08962648455097,-0.4330339400283,0.003820998978586,0.4329218869073,-0.00910669628194
595.662143529,4.701608894693,-0.09110312916948,4.701608894693,-0.09110312916948,-0.4330325345942,0.003898984789642,0.4329174755472,-0.009245833032059
602.5595860744,4.701585774585,-0.09259184719191,4.701585774585,-0.09259184719191,-0.4330310919226,0.003977486554643,0.4329129569757,-0.009386191861035
609.5368972402,4.701562054954,-0.09409283585599,4.701562054954,-0.09409283585599,-0.4330296112494,0.004056514648096,0.4329083288008,-0.009527791251349
616.5950018615,4.701537723219,-0.09560629402292,4.701537723219,-0.09560629402292,-0.4330280917904,0.00413607951322,0.4329035885725,-0.009670649845667
623.7348354824,4.701512766474,-0.09713242220405,4.701512766474,-0.09713242220405,-0.4330265327406,0.004216191663294,0.4328987337816,-0.00981478644916
630.9573444802,4.701487171479,-0.09867142258703,4.701487171479,-0.09867142258703,-0.4330249332744,0.004296861683007,0.4328937618585,-0.009960220031838
638.2634861906,4.701460924659,-0.1002234990625,4.701460924659,-0.1002234990625,-0.4330232925446,0.004378100229821,0.4328886701713,-0.01010696973091
645.6542290347,4.70143401209,-0.1017888572513,4.70143401209,-0.1017888572513,-0.4330216096821,0.004459918035348,0.4328834560252,-0.01025505485314
653.1305526475,4.701406419497,-0.1033677045313,4.701406419497,-0.1033677045313,-0.4330198837958,0.004542325906719,0.4328781166607,-0.01040449487726
660.6934480076,4.701378132241,-0.1049602500648,4.701378132241,-0.1049602500648,-0.4330181139715,0.00462533472798,0.4328726492517,-0.01055530945635
668.3439175686,4.701349135319,-0.1065667048262,4.701349135319,-0.1065667048262,-0.433016299272,0.004708955461485,0.4328670509051,-0.01070751842025
676.082975392,4.701319413347,-0.1081872816298,4.701319413347,-0.1081872816298,-0.4330144387362,0.004793199149296,0.432861318658,-0.01086114177804
683.9116472815,4.701288950559,-0.1098221951577,4.701288950559,-0.1098221951577,-0.4330125313789,0.00487807691461,0.4328554494773,-0.01101619972046
691.830970919,4.701257730794,-0.1114716619887,4.701257730794,-0.1114716619887,-0.4330105761899,0.004963599963166,0.4328494402571,-0.01117271262237
699.8419960023,4.70122573749,-0.1131359006259,4.70122573749,-0.1131359006259,-0.433008572134,0.005049779584688,0.432843287818,-0.01133070104529
707.9457843842,4.701192953675,-0.1148151315263,4.701192953675,-0.1148151315263,-0.4330065181499,0.005136627154323,0.4328369889047,-0.01149018573985
716.1434102129,4.701159361958,-0.1165095771296,4.701159361958,-0.1165095771296,-0.4330044131501,0.005224154134091,0.4328305401847,-0.01165118764836
724.435960075,4.701124944516,-0.1182194618873,4.701124944516,-0.1182194618873,-0.4330022560198,0.005312372074347,0.4328239382461,-0.0118137279073
732.8245331389,4.701089683091,-0.1199450122926,4.701089683091,-0.1199450122926,-0.4330000456171,0.005401292615247,0.4328171795965,-0.01197782784994
741.3102413009,4.701053558976,-0.1216864569102,4.701053558976,-0.1216864569102,-0.4329977807714,0.005490927488235,0.4328102606607,-0.01214350900886
749.8942093325,4.701016553006,-0.123444026406,4.701016553006,-0.123444026406,-0.4329954602838,0.005581288517527,0.4328031777787,-0.01231079311859
758.5775750292,4.700978645547,-0.1252179535783,4.700978645547,-0.1252179535783,-0.4329930829256,0.00567238762161,0.4327959272042,-0.0124797021182
767.3614893619,4.700939816489,-0.1270084733874,4.700939816489,-0.1270084733874,-0.4329906474383,0.005764236814755,0.4327885051022,-0.01265025815391
776.2471166287,4.700900045229,-0.1288158229875,4.700900045229,-0.1288158229875,-0.4329881525324,0.005856848208537,0.4327809075475,-0.01282248358178
785.2356346101,4.700859310667,-0.1306402417574,4.700859310667,-0.1306402417574,-0.4329855968874,0.005950234013364,0.432773130522,-0.01299640097033
794.3282347243,4.70081759119,-0.132481971332,4.70081759119,-0.132481971332,-0.4329829791502,0.006044406540017,0.4327651699132,-0.01317203310326
803.5261221857,4.700774864662,-0.1343412556345,4.700774864662,-0.1343412556345,-0.4329802979352,0.006139378201206,0.4327570215117,-0.01334940298215
812.8305161641,4.700731108415,-0.1362183409079,4.700731108415,-0.1362183409079,-0.4329775518232,0.006235161513125,0.432748681009,-0.01352853382913
822.2426499471,4.70068629923,-0.138113475748,4.70068629923,-0.138113475748,-0.4329747393607,0.006331769097032,0.4327401439952,-0.01370944908966
831.7637711027,4.700640413332,-0.1400269111354,4.700640413332,-0.1400269111354,-0.432971859059,0.006429213680831,0.4327314059572,-0.01389217243529
841.3951416452,4.700593426373,-0.1419589004695,4.700593426373,-0.1419589004695,-0.4329689093938,0.006527508100663,0.4327224622755,-0.01407672776639
851.1380382024,4.700545313421,-0.1439096996008,4.700545313421,-0.1439096996008,-0.4329658888039,0.006626665302518,0.4327133082224,-0.01426313921498
860.9937521846,4.700496048946,-0.145879566865,4.700496048946,-0.145879566865,-0.4329627956908,0.00672669834385,0.4327039389593,-0.0144514311475
870.9635899561,4.700445606806,-0.1478687631172,4.700445606806,-0.1478687631172,-0.4329596284176,0.006827620395203,0.4326943495343,-0.01464162816767
881.0488730081,4.700393960234,-0.1498775517656,4.700393960234,-0.1498775517656,-0.4329563853084,0.00692944474186,0.4326845348794,-0.01483375511929
891.2509381338,4.700341081823,-0.1519061988063,4.700341081823,-0.1519061988063,-0.4329530646469,0.007032184785481,0.4326744898079,-0.01502783708913
901.571137606,4.700286943512,-0.153954972859,4.700286943512,-0.153954972859,-0.4329496646762,0.007135854045781,0.4326642090119,-0.0152238994098
912.0108393559,4.700231516572,-0.1560241452006,4.700231516572,-0.1560241452006,-0.4329461835973,0.00724046616219,0.4326536870592,-0.01542196766262
922.5714271548,4.700174771587,-0.1581139898028,4.700174771587,-0.1581139898028,-0.4329426195685,0.007346034895553,0.4326429183908,-0.01562206768054
933.254300797,4.700116678443,-0.1602247833663,4.700116678443,-0.1602247833663,-0.4329389707042,0.007452574129825,0.4326318973176,-0.01582422555109
944.060876286,4.70005720631,-0.1623568053584,4.70005720631,-0.1623568053584,-0.4329352350741,0.007560097873776,0.432620618018,-0.01602846761928
954.9925860215,4.699996323623,-0.1645103380488,4.699996323623,-0.1645103380488,-0.4329314107021,0.007668620262718,0.4326090745341,-0.01623482049057
966.0508789899,4.699933998071,-0.1666856665472,4.699933998071,-0.1666856665472,-0.4329274955652,0.007778155560241,0.4325972607692,-0.01644331103386
977.2372209559,4.699870196574,-0.1688830788403,4.699870196574,-0.1688830788403,-0.4329234875924,0.007888718159956,0.4325851704844,-0.01665396638445
988.553094657,4.699804885269,-0.1711028658298,4.699804885269,-0.1711028658298,-0.432919384664,0.00800032258726,0.4325727972954,-0.01686681394709
1000.0,4.699738029491,-0.1733453213703,4.699738029491,-0.1733453213703,-0.43291518461,0.008112983501099,0.432560134669,-0.01708188139892
1011.57945426,4.699669593754,-0.1756107423078,4.699669593754,-0.1756107423078,-0.4329108852092,0.008226715695758,0.43254717592,-0.01729919669259
1023.292992281,4.699599541732,-0.177899428519,4.699599541732,-0.177899428519,-0.432906484188,0.008341534102656,0.4325339142074,-0.01751878805925
1035.142166679,4.699527836241,-0.18021168295,4.699527836241,-0.18021168295,-0.4329019792191,0.00845745379215,0.4325203425309,-0.01774068401164
1047.128548051,4.699454439217,-0.1825478116561,4.699454439217,-0.1825478116561,-0.4328973679205,0.008574489975365,0.4325064537276,-0.01796491334715
1059.253725177,4.699379311699,-0.1849081238423,4.699379311699,-0.1849081238423,-0.4328926478542,0.008692658006018,0.4324922404677,-0.0181915051509
1071.519305238,4.699302413806,-0.187292931903,4.699302413806,-0.187292931903,-0.4328878165248,0.008811973382264,0.4324776952512,-0.01842048879886
1083.926914021,4.699223704714,-0.1897025514634,4.699223704714,-0.1897025514634,-0.432882871378,0.008932451748569,0.4324628104038,-0.01865189396099
1096.478196143,4.699143142639,-0.1921373014205,4.699143142639,-0.1921373014205,-0.4328778097999,0.009054108897558,0.4324475780726,-0.01888575060427
1109.174815262,4.69906068481,-0.1945975039847,4.69906068481,-0.1945975039847,-0.4328726291149,0.009176960771916,0.4324319902227,-0.01912208899595
1122.018454302,4.698976287449,-0.1970834847226,4.698976287449,-0.1970834847226,-0.432867326585,0.009301023466279,0.4324160386324,-0.01936093970662
1135.010815672,4.698889905748,-0.1995955725982,4.698889905748,-0.1995955725982,-0.4328618994075,0.009426313229139,0.4323997148892,-0.0196023336134
1148.153621497,4.698801493841,-0.2021341000167,4.698801493841,-0.2021341000167,-0.4328563447146,0.009552846464771,0.4323830103855,-0.01984630190308
1161.44861384,4.698711004787,-0.2046994028682,4.698711004787,-0.2046994028682,-0.432850659571,0.009680639735162,0.432365916314,-0.02009287607533
1174.89755494,4.698618390536,-0.2072918205708,4.698618390536,-0.2072918205708,-0.4328448409726,0.009809709761958,0.4323484236632,-0.02034208794586
1188.502227437,4.698523601912,-0.209911696115,4.698523601912,-0.209911696115,-0.4328388858454,0.009940073428427,0.4323305232127,-0.02059396964962
1202.264434617,4.698426588579,-0.2125593761081,4.698426588579,-0.2125593761081,-0.4328327910433,0.01007174778142,0.4323122055283,-0.02084855364397
1216.186000646,4.698327299021,-0.2152352108206,4.698327299021,-0.2152352108206,-0.4328265533466,0.01020475003338,0.4322934609576,-0.02110587271194
1230.268770812,4.69822568051,-0.2179395542302,4.69822568051,-0.2179395542302,-0.4328201694606,0.01033909756428,0.4322742796243,-0.02136595996535
1244.514611771,4.698121679079,-0.2206727640691,4.698121679079,-0.2206727640691,-0.4328136360134,0.01047480792372,0.4322546514237,-0.02162884884813
1258.925411794,4.698015239493,-0.2234352018693,4.698015239493,-0.2234352018693,-0.4328069495548,0.01061189883285,0.4322345660172,-0.02189457313943
1273.503081017,4.697906305222,-0.2262272330109,4.697906305222,-0.2262272330109,-0.4328001065539,0.01075038818647,0.4322140128269,-0.02216316695691
1288.249551693,4.697794818407,-0.229049226769,4.697794818407,-0.229049226769,-0.4327931033973,0.01089029405507,0.4321929810303,-0.02243466475992
1303.166778452,4.697680719831,-0.2319015563612,4.697680719831,-0.2319015563612,-0.4327859363878,0.01103163468683,0.4321714595547,-0.02270910135272
1318.256738556,4.697563948888,-0.2347845989971,4.697563948888,-0.2347845989971,-0.4327786017416,0.01117442850976,0.4321494370715,-0.02298651188772
1333.521432163,4.69744444355,-0.237698735926,4.69744444355,-0.237698735926,-0.4327710955873,0.01131869413372,0.4321269019903,-0.02326693186867
1348.962882592,4.697322140333,-0.2406443524875,4.697322140333,-0.2406443524875,-0.4327634139629,0.01146445035257,0.4321038424528,-0.02355039715385
1364.583136589,4.697196974264,-0.2436218381605,4.697196974264,-0.2436218381605,-0.4327555528145,0.0116117161462,0.4320802463272,-0.02383694395935
1380.384264603,4.697068878848,-0.2466315866146,4.697068878848,-0.2466315866146,-0.4327475079938,0.0117605106827,0.4320561012014,-0.02412660886218
1396.368361056,4.696937786028,-0.2496739957597,4.696937786028,-0.2496739957597,-0.4327392752561,0.01191085332047,0.4320313943769,-0.0244194288035
1412.537544623,4.696803626152,-0.2527494677994,4.696803626152,-0.2527494677994,-0.432730850258,0.01206276361035,0.4320061128622,-0.02471544109181
1428.893958511,4.696666327937,-0.2558584092807,4.696666327937,-0.2558584092807,-0.4327222285552,0.01221626129774,0.4319802433664,-0.02501468340613
1445.439770746,4.696525818426,-0.2590012311486,4.696525818426,-0.2590012311486,-0.4327134056002,0.01237136632481,0.4319537722919,-0.02531719379909
1462.177174457,4.696382022954,-0.2621783487979,4.696382022954,-0.2621783487979,-0.4327043767399,0.01252809883262,0.431926685728,-0.02562301070016
1479.108388168,4.696234865105,-0.2653901821273,4.696234865105,-0.2653901821273,-0.4326951372131,0.01268647916331,0.4318989694433,-0.02593217291872
1496.235656094,4.696084266672,-0.2686371555935,4.696084266672,-0.2686371555935,-0.4326856821483,0.01284652786231,0.4318706088787,-0.0262447196472
1513.561248436,4.695930147617,-0.2719196982658,4.695930147617,-0.2719196982658,-0.4326760065608,0.01300826568046,0.4318415891401,-0.02656069046414
1531.087461682,4.695772426024,-0.2752382438811,4.695772426024,-0.2752382438811,-0.4326661053505,0.01317171357631,0.4318118949902,-0.02688012533729
1548.816618913,4.695611018058,-0.2785932309002,4.695611018058,-0.2785932309002,-0.4326559732991,0.01333689271824,0.4317815108415,-0.02720306462663
1566.751070108,4.695445837922,-0.2819851025645,4.695445837922,-0.2819851025645,-0.4326456050672,0.01350382448675,0.431750420748,-0.02752954908741
1584.893192461,4.695276797805,-0.2854143069513,4.695276797805,-0.2854143069513,-0.4326349951919,0.01367253047665,0.4317186083968,-0.02785961987311
1603.24539069,4.695103807843,-0.2888812970335,4.695103807843,-0.2888812970335,-0.4326241380836,0.01384303249929,0.4316860571005,-0.02819331853842
1621.810097359,4.694926776062,-0.2923865307357,4.694926776062,-0.2923865307357,-0.4326130280236,0.01401535258482,0.4316527497881,-0.02853068704217
1640.5897732,4.694745608337,-0.2959304709946,4.694745608337,-0.2959304709946,-0.4326016591605,0.01418951298443,0.4316186689966,-0.0288717677502
1659.586907438,4.694560208336,-0.2995135858169,4.694560208336,-0.2995135858169,-0.4325900255077,0.01436553617258,0.4315837968623,-0.02921660343824
1678.804018123,4.69437047747,-0.30313634834,4.69437047747,-0.30313634834,-0.4325781209404,0.01454344484931,0.4315481151115,-0.02956523729466
1698.243652462,4.694176314842,-0.3067992368924,4.694176314842,-0.3067992368924,-0.4325659391917,0.01472326194246,0.4315116050514,-0.02991771292334
1717.908387158,4.693977617189,-0.3105027350543,4.693977617189,-0.3105027350543,-0.4325534738503,0.01490501060993,0.4314742475606,-0.03027407434626
1737.800828749,4.69377427883,-0.3142473317196,4.69377427883,-0.3142473317196,-0.4325407183564,0.01508871424201,0.4314360230795,-0.03063436600629
1757.923613959,4.693566191608,-0.3180335211583,4.693566191608,-0.3180335211583,-0.432527665999,0.01527439646357,0.4313969116006,-0.03099863276972
1778.279410039,4.693353244832,-0.3218618030794,4.693353244832,-0.3218618030794,-0.432514309912,0.01546208113642,0.4313568926581,-0.03136691992885
1798.870915129,4.693135325216,-0.3257326826943,4.693135325216,-0.3257326826943,-0.4325006430709,0.01565179236153,0.4313159453178,-0.03173927320449
1819.70085861,4.692912316823,-0.3296466707808,4.692912316823,-0.3296466707808,-0.4324866582889,0.01584355448132,0.4312740481667,-0.0321157387484
1840.772001469,4.692684100996,-0.3336042837485,4.692684100996,-0.3336042837485,-0.4324723482137,0.01603739208198,0.4312311793023,-0.03249636314563
1862.087136663,4.692450556301,-0.3376060437038,4.692450556301,-0.3376060437038,-0.4324577053233,0.01623332999568,0.4311873163213,-0.03288119341683
1883.64908949,4.692211558454,-0.3416524785161,4.692211558454,-0.3416524785161,-0.4324427219224,0.01643139330292,0.4311424363086,-0.03327027702047
1905.460717963,4.691966980262,-0.3457441218843,4.691966980262,-0.3457441218843,-0.4324273901382,0.01663160733474,0.4310965158261,-0.03366366185498
1927.524913191,4.69171669155,-0.3498815134051,4.69171669155,-0.3498815134051,-0.4324117019168,0.01683399767504,0.4310495309007,-0.03406139626078
1949.844599758,4.691460559093,-0.3540651986396,4.691460559093,-0.3540651986396,-0.4323956490187,0.01703859016283,0.4310014570124,-0.03446352902228
1972.422736115,4.691198446541,-0.3582957291836,4.691198446541,-0.3582957291836,-0.4323792230148,0.01724541089449,0.4309522690825,-0.03487010936972
1995.262314969,4.690930214351,-0.3625736627356,4.690930214351,-0.3625736627356,-0.4323624152819,0.01745448622603,0.4309019414605,-0.03528118698096
2018.366363682,4.690655719705,-0.3668995631682,4.690655719705,-0.3668995631682,-0.4323452169986,0.01766584277535,0.4308504479121,-0.03569681198315
2041.73794467,4.690374816441,-0.371274000597,4.690374816441,-0.371274000597,-0.4323276191406,0.01787950742446,0.4307977616058,-0.03611703495427
2065.380155811,4.690087354967,-0.3756975514548,4.690087354967,-0.3756975514548,-0.4323096124762,0.01809550732173,0.4307438550996,-0.03654190692458
2089.296130854,4.689793182183,-0.38017079856,4.689793182183,-0.38017079856,-0.4322911875616,0.01831386988412,0.430688700328,-0.03697147937797
2113.489039837,4.689492141403,-0.3846943311928,4.689492141403,-0.3846943311928,-0.432272334736,0.01853462279934,0.4306322685875,-0.03740580425311
2137.962089502,4.68918407226,-0.3892687451672,4.68918407226,-0.3892687451672,-0.432253044117,0.01875779402813,0.4305745305231,-0.03784493394455
2162.718523727,4.688868810631,-0.3938946429043,4.688868810631,-0.3938946429043,-0.4322333055952,0.01898341180636,0.4305154561137,-0.03828892130367
2187.76162395,4.68854618854,-0.398572633509,4.68854618854,-0.398572633509,-0.4322131088294,0.01921150464724,0.4304550146572,-0.03873781963938
2213.094709606,4.688216034072,-0.4033033328443,4.688216034072,-0.4033033328443,-0.4321924432412,0.01944210134344,0.4303931747559,-0.03919168271885
2238.721138568,4.687878171277,-0.4080873636078,4.687878171277,-0.4080873636078,-0.4321712980099,0.01967523096926,0.430329904301,-0.03965056476788
2264.644307593,4.687532420077,-0.4129253554085,4.687532420077,-0.4129253554085,-0.4321496620668,0.0199109228827,0.4302651704571,-0.04011452047131
2290.867652768,4.687178596167,-0.4178179448452,4.687178596167,-0.4178179448452,-0.4321275240895,0.02014920672756,0.4301989396461,-0.04058360497307
2317.394649969,4.686816510917,-0.422765775584,4.686816510917,-0.422765775584,-0.4321048724968,0.0203901124355,0.4301311775311,-0.04105787387615
2344.22881532,4.686445971269,-0.4277694984379,4.686445971269,-0.4277694984379,-0.4320816954423,0.02063367022806,0.4300618489998,-0.04153738324238
2371.373705662,4.686066779632,-0.4328297714463,4.686066779632,-0.4328297714463,-0.4320579808087,0.0208799106187,0.4299909181475,-0.04202218959198
2398.83291902,4.685678733774,-0.4379472599558,4.685678733774,-0.4379472599558,-0.4320337162016,0.02112886441474,0.4299183482601,-0.04251234990291
2426.610095083,4.685281626717,-0.4431226367003,4.685281626717,-0.4431226367003,-0.4320088889438,0.02138056271934,0.4298441017961,-0.04300792161001
2454.708915685,4.684875246619,-0.4483565818855,4.684875246619,-0.4483565818855,-0.431983486068,0.02163503693336,0.429768140369,-0.04350896260394
2483.133105296,4.684459376661,-0.4536497832689,4.684459376661,-0.4536497832689,-0.4319574943116,0.02189231875731,0.4296904247287,-0.0440155312298
2511.88643151,4.684033794932,-0.4590029362436,4.684033794932,-0.4590029362436,-0.4319309001088,0.0221524401931,0.4296109147432,-0.04452768628565
2540.972705549,4.683598274304,-0.4644167439244,4.683598274304,-0.4644167439244,-0.4319036895848,0.02241543354589,0.4295295693792,-0.04504548702061
2570.395782769,4.683152582313,-0.4698919172294,4.683152582313,-0.4698919172294,-0.4318758485487,0.02268133142583,0.4294463466829,-0.04556899313283
2600.159563165,4.682696481028,-0.475429174969,4.682696481028,-0.475429174969,-0.4318473624862,0.02295016674975,0.4293612037599,-0.04609826476712
2630.267991896,4.682229726926,-0.4810292439286,4.682229726926,-0.4810292439286,-0.4318182165525,0.02322197274283,0.4292740967555,-0.04663336251229
2660.725059799,4.681752070756,-0.4866928589585,4.681752070756,-0.4866928589585,-0.4317883955653,0.02349678294018,0.4291849808338,-0.04717434739821
2691.534803927,4.681263257406,-0.4924207630595,4.681263257406,-0.4924207630595,-0.4317578839968,0.02377463118845,0.4290938101567,-0.04772128089255
2722.701308078,4.680763025762,-0.4982137074724,4.680763025762,-0.4982137074724,-0.4317266659667,0.02405555164721,0.4290005378627,-0.04827422489722
2754.228703338,4.680251108566,-0.5040724517658,4.680251108566,-0.5040724517658,-0.4316947252337,0.02433957879051,0.428905116045,-0.04883324174442
2786.12116863,4.679727232271,-0.5099977639275,4.679727232271,-0.5099977639275,-0.4316620451881,0.02462674740814,0.4288074957295,-0.04939839419238
2818.382931265,4.679191116892,-0.5159904204541,4.679191116892,-0.5159904204541,-0.4316286088433,0.024917092607,0.4287076268519,-0.04996974542077
2851.018267504,4.678642475849,-0.5220512064408,4.678642475849,-0.5220512064408,-0.4315943988278,0.0252106498123,0.4286054582348,-0.05054735902562
2884.031503127,4.678081015818,-0.5281809156758,4.678081015818,-0.5281809156758,-0.4315593973764,0.02550745476868,0.4285009375645,-0.05113129901399
2917.427014001,4.677506436564,-0.5343803507302,4.677506436564,-0.5343803507302,-0.4315235863219,0.02580754354137,0.4283940113665,-0.05172162979812
2951.209226667,4.676918430778,-0.540650323053,4.676918430778,-0.540650323053,-0.4314869470862,0.02611095251711,0.4282846249818,-0.05231841618919
2985.382618918,4.676316683913,-0.5469916530635,4.676316683913,-0.5469916530635,-0.4314494606709,0.02641771840507,0.4281727225419,-0.05292172339069
3019.951720402,4.675700874004,-0.5534051702474,4.675700874004,-0.5534051702474,-0.4314111076488,0.02672787823772,0.4280582469433,-0.05353161699126
3054.921113216,4.6750706715,-0.5598917132498,4.6750706715,-0.5598917132498,-0.4313718681541,0.02704146937147,0.4279411398222,-0.05414816295709
3090.295432514,4.674425739076,-0.5664521299721,4.674425739076,-0.5664521299721,-0.4313317218728,0.02735852948738,0.4278213415283,-0.05477142762384
3126.079367124,4.673765731453,-0.5730872776683,4.673765731453,-0.5730872776683,-0.4312906480332,0.02767909659162,0.4276987910981,-0.05540147768805
3162.277660169,4.673090295205,-0.579798023042,4.673090295205,-0.579798023042,-0.4312486253958,0.0280032090159,0.4275734262279,-0.056038380198
3198.895109692,4.672399068566,-0.5865852423428,4.672399068566,-0.5865852423428,-0.4312056322431,0.0283309054178,0.4274451832462,-0.05668220254401
3235.936569296,4.671691681232,-0.5934498214665,4.671691681232,-0.5934498214665,-0.4311616463696,0.0286622247809,0.4273139970857,-0.05733301244824
3273.406948789,4.670967754153,-0.6003926560518,4.670967754153,-0.6003926560518,-0.4311166450706,0.0289972064149,0.4271798012551,-0.05799087795383
3311.311214826,4.670226899331,-0.6074146515797,4.670226899331,-0.6074146515797,-0.4310706051323,0.02933588995548,0.4270425278098,-0.0586558674135
3349.654391578,4.6694687196,-0.6145167234745,4.6694687196,-0.6145167234745,-0.43102350282,0.02967831536417,0.4269021073226,-0.05932804947741
3388.441561392,4.668692808408,-0.6216997972038,4.668692808408,-0.6216997972038,-0.4309753138674,0.03002452292794,0.4267584688539,-0.06000749308051
3427.677865465,4.667898749597,-0.6289648083774,4.667898749597,-0.6289648083774,-0.4309260134652,0.03037455325877,0.426611539921,-0.06069426742909
3467.368504525,4.667086117167,-0.6363127028503,4.667086117167,-0.6363127028503,-0.4308755762493,0.03072844729295,0.4264612464675,-0.06138844198671
3507.518739526,4.666254475042,-0.6437444368244,4.666254475042,-0.6437444368244,-0.4308239762889,0.03108624629032,0.4263075128317,-0.06209008645935
3548.133892336,4.665403376833,-0.6512609769497,4.665403376833,-0.6512609769497,-0.4307711870747,0.0314479918333,0.4261502617149,-0.06279927077986
3589.21934645,4.664532365583,-0.658863300427,4.664532365583,-0.658863300427,-0.4307171815065,0.03181372582571,0.4259894141488,-0.06351606509158
3630.780547701,4.663640973523,-0.6665523951107,4.663640973523,-0.6665523951107,-0.4306619318804,0.03218349049151,0.425824889463,-0.06424053973121
3672.823004981,4.662728721802,-0.6743292596128,4.662728721802,-0.6743292596128,-0.4306054098764,0.03255732837325,0.4256566052511,-0.06497276521081
3715.352290972,4.66179512023,-0.6821949034046,4.66179512023,-0.6821949034046,-0.4305475865453,0.0329352823304,0.4254844773374,-0.06571281219897
3758.374042885,4.660839667001,-0.6901503469223,4.660839667001,-0.6901503469223,-0.4304884322953,0.03331739553743,0.4253084197423,-0.06646075150105
3801.893963206,4.659861848414,-0.6981966216694,4.659861848414,-0.6981966216694,-0.4304279168787,0.03370371148172,0.4251283446474,-0.06721665403858
3845.917820454,4.658861138588,-0.7063347703223,4.658861138588,-0.7063347703223,-0.4303660093778,0.03409427396118,0.4249441623602,-0.0679805908276
3890.451449943,4.65783699917,-0.714565846834,4.65783699917,-0.714565846834,-0.4303026781916,0.03448912708178,0.4247557812786,-0.06875263295615
3935.500754558,4.656788879031,-0.722890916538,4.656788879031,-0.722890916538,-0.4302378910207,0.03488831525468,0.424563107854,-0.06953285156063
3981.071705535,4.655716213962,-0.7313110562531,4.655716213962,-0.7313110562531,-0.4301716148536,0.03529188319325,0.4243660465554,-0.07032131780119
4027.170343255,4.654618426358,-0.7398273543882,4.654618426358,-0.7398273543882,-0.4301038159514,0.03569987590973,0.4241644998312,-0.07111810283601
4073.802778041,4.653494924891,-0.7484409110475,4.653494924891,-0.7484409110475,-0.4300344598329,0.0361123387117,0.4239583680723,-0.07192327779446
4120.975190974,4.652345104186,-0.7571528381334,4.652345104186,-0.7571528381334,-0.4299635112595,0.0365293171983,0.4237475495735,-0.07273691374918
4168.693834704,4.651168344476,-0.7659642594507,4.651168344476,-0.7659642594507,-0.4298909342196,0.03695085725603,0.4235319404949,-0.07355908168683
4216.965034286,4.649964011255,-0.7748763108135,4.649964011255,-0.7748763108135,-0.4298166919126,0.03737700505442,0.4233114348231,-0.07438985247779
4265.795188016,4.648731454925,-0.7838901401448,4.648731454925,-0.7838901401448,-0.4297407467331,0.03780780704128,0.4230859243314,-0.07522929684443
4315.190768278,4.647470010428,-0.7930069075828,4.647470010428,-0.7930069075828,-0.4296630602542,0.03824330993768,0.4228552985403,-0.0760774853282
4365.158322402,4.646178996871,-0.8022277855848,4.646178996871,-0.8022277855848,-0.4295835932115,0.03868356073263,0.4226194446766,-0.07693448825536
4415.704473533,4.644857717146,-0.8115539590254,4.644857717146,-0.8115539590254,-0.4295023054854,0.03912860667734,0.4223782476331,-0.07780037570124
4466.83592151,4.643505457536,-0.8209866253039,4.643505457536,-0.8209866253039,-0.4294191560844,0.03957849527918,0.4221315899276,-0.07867521745317
4518.559443749,4.642121487307,-0.8305269944431,4.642121487307,-0.8305269944431,-0.4293341031279,0.0400332742953,0.4218793516609,-0.0795590829719
4570.881896149,4.640705058306,-0.8401762891887,4.640705058306,-0.8401762891887,-0.4292471038278,0.04049299172585,0.4216214104752,-0.08045204135153
4623.810213993,4.639255404525,-0.8499357451118,4.639255404525,-0.8499357451118,-0.429158114471,0.04095769580676,0.4213576415124,-0.08135416127782
4677.351412872,4.637771741679,-0.8598066107078,4.637771741679,-0.8598066107078,-0.4290670904011,0.04142743500217,0.4210879173708,-0.08226551098498
4731.512589615,4.636253266754,-0.8697901474917,4.636253266754,-0.8697901474917,-0.4289739859996,0.04190225799645,0.4208121080629,-0.08318615821072
4786.300923227,4.634699157554,-0.8798876300984,4.634699157554,-0.8798876300984,-0.4288787546673,0.04238221368576,0.4205300809719,-0.0841161701497
4841.723675841,4.633108572237,-0.8901003463753,4.633108572237,-0.8901003463753,-0.4287813488049,0.04286735116916,0.4202417008091,-0.08505561340514
4897.788193685,4.63148064883,-0.9004295974796,4.63148064883,-0.9004295974796,-0.4286817197941,0.04335771973929,0.4199468295695,-0.08600455393866
4954.501908048,4.629814504744,-0.9108766979689,4.629814504744,-0.9108766979689,-0.4285798179773,0.04385336887251,0.4196453264885,-0.08696305701829
5011.872336273,4.628109236272,-0.9214429758936,4.628109236272,-0.9214429758936,-0.4284755926382,0.04435434821864,0.4193370479983,-0.08793118716459
5069.907082747,4.626363918067,-0.9321297728873,4.626363918067,-0.9321297728873,-0.4283689919812,0.04486070759009,0.4190218476831,-0.08890900809474
5128.613839914,4.624577602621,-0.9429384442519,4.624577602621,-0.9429384442519,-0.4282599631113,0.04537249695052,0.4186995762357,-0.08989658266471
5188.00038929,4.622749319722,-0.9538703590456,4.622749319722,-0.9538703590456,-0.4281484520127,0.04588976640295,0.418370081413,-0.0908939728093
5248.074602498,4.620878075894,-0.9649269001671,4.620878075894,-0.9649269001671,-0.4280344035285,0.04641256617728,0.4180332079916,-0.09190123948012
5308.84444231,4.618962853837,-0.9761094644342,4.618962853837,-0.9761094644342,-0.4279177613389,0.04694094661731,0.4176887977239,-0.09291844258138
5370.317963703,4.617002611836,-0.9874194626653,4.617002611836,-0.9874194626653,-0.4277984679399,0.04747495816702,0.4173366892939,-0.09394564090337
5432.503314925,4.614996283167,-0.998858319753,4.614996283167,-0.998858319753,-0.4276764646212,0.04801465135637,0.4169767182727,-0.09498289205378
5495.408738577,4.612942775484,-1.010427474739,4.612942775484,-1.010427474739,-0.4275516914445,0.04856007678636,0.4166087170752,-0.09603025238661
5559.042572704,4.610840970191,-1.022128380885,4.610840970191,-1.022128380885,-0.4274240872209,0.04911128511355,0.4162325149162,-0.09708777692862
5623.413251904,4.608689721799,-1.033962505736,4.608689721799,-1.033962505736,-0.4272935894883,0.04966832703374,0.4158479377666,-0.09815551930346
5688.529308439,4.606487857264,-1.045931331189,4.606487857264,-1.045931331189,-0.4271601344888,0.05023125326512,0.4154548083109,-0.09923353165309
5754.399373372,4.604234175312,-1.058036353548,4.604234175312,-1.058036353548,-0.4270236571457,0.05080011453058,0.4150529459036,-0.1003218645568
5821.032177709,4.601927445746,-1.070279083583,4.601927445746,-1.070279083583,-0.4268840910399,0.05137496153934,0.4146421665276,-0.1014205669474
5888.436553556,4.599566408734,-1.082661046579,4.599566408734,-1.082661046579,-0.4267413683868,0.05195584496775,0.4142222827522,-0.1025296860248
5956.62143529,4.597149774081,-1.095183782384,4.597149774081,-1.095183782384,-0.4265954200124,0.05254281543945,0.4137931036915,-0.103649267167
6025.595860744,4.594676220484,-1.107848845454,4.594676220484,-1.107848845454,-0.4264461753294,0.05313592350453,0.4133544349639,-0.1047793538377
6095.368972402,4.592144394764,-1.120657804885,4.592144394764,-1.120657804885,-0.4262935623135,0.05373521961798,0.4129060786527,-0.1059199874918
6165.950018615,4.58955291108,-1.133612244452,4.58955291108,-1.133612244452,-0.4261375074785,0.05434075411724,0.4124478332663,-0.1070712074771
6237.348354825,4.586900350129,-1.146713762628,4.586900350129,-1.146713762628,-0.4259779358526,0.05495257719893,0.4119794937003,-0.1082330509337
6309.573444802,4.584185258319,-1.159963972609,4.584185258319,-1.159963972609,-0.4258147709533,0.05557073889456,0.4115008512005,-0.1094055526899
6382.634861906,4.581406146922,-1.173364502331,4.581406146922,-1.173364502331,-0.425647934763,0.05619528904541,0.4110116933265,-0.110588745155
6456.542290347,4.578561491213,-1.186916994469,4.578561491213,-1.186916994469,-0.4254773477041,0.0568262772764,0.4105118039165,-0.1117826582092
6531.305526475,4.575649729576,-1.200623106445,4.575649729576,-1.200623106445,-0.425302928614,0.05746375296902,0.4100009630542,-0.1129873190899
6606.934480076,4.572669262598,-1.21448451042,4.572669262598,-1.21448451042,-0.4251245947202,0.05810776523319,0.4094789470359,-0.1142027522744
6683.439175686,4.569618452136,-1.228502893277,4.569618452136,-1.228502893277,-0.424942261615,0.05875836287813,0.4089455283401,-0.1154289793602
6760.82975392,4.566495620358,-1.242679956599,4.566495620358,-1.242679956599,-0.4247558432308,0.05941559438219,0.408400475598,-0.1166660189411
6839.116472815,4.563299048767,-1.25701741664,4.563299048767,-1.25701741664,-0.4245652518142,0.06007950786149,0.4078435535662,-0.1179138864797
6918.30970919,4.560026977194,-1.271517004282,4.560026977194,-1.271517004282,-0.4243703979013,0.06075015103756,0.4072745231009,-0.1191725941767
6998.419960023,4.556677602771,-1.286180464984,4.556677602771,-1.286180464984,-0.4241711902926,0.06142757120372,0.4066931411346,-0.1204421508367
7079.457843842,4.553249078875,-1.301009558726,4.553249078875,-1.301009558726,-0.4239675360272,0.06211181519041,0.4060991606542,-0.12172256173
7161.434102129,4.549739514046,-1.316006059935,4.549739514046,-1.316006059935,-0.4237593403586,0.06280292932922,0.4054923306822,-0.1230138284508
7244.35960075,4.546146970885,-1.331171757404,4.546146970885,-1.331171757404,-0.4235465067286,0.06350095941568,0.4048723962598,-0.1243159487717
7328.245331389,4.542469464911,-1.346508454199,4.542469464911,-1.346508454199,-0.4233289367434,0.06420595067086,0.4042390984325,-0.1256289164944
7413.10241301,4.538704963407,-1.36201796755,4.538704963407,-1.36201796755,-0.4231065301481,0.06491794770164,0.4035921742391,-0.1269527212968
7498.942093325,4.534851384221,-1.37770212874,4.534851384221,-1.37770212874,-0.4228791848023,0.06563699445967,0.4029313567027,-0.1282873485753
7585.775750292,4.530906594549,-1.393562782965,4.530906594549,-1.393562782965,-0.4226467966559,0.06636313419892,0.402256374826,-0.1296327792845
7673.614893619,4.526868409687,-1.409601789193,4.526868409687,-1.409601789193,-0.4224092597246,0.06709640943196,0.4015669535882,-0.1309889897721
7762.471166287,4.522734591743,-1.42582102,4.522734591743,-1.42582102,-0.4221664660662,0.06783686188471,0.4008628139473,-0.1323559516098
7852.356346101,4.518502848334,-1.442222361395,4.518502848334,-1.442222361395,-0.4219183057568,0.06858453244989,0.4001436728443,-0.1337336314206
7943.282347243,4.514170831232,-1.458807712629,4.514170831232,-1.458807712629,-0.4216646668678,0.06933946113885,0.3994092432129,-0.1351219907021
8035.261221857,4.509736134995,-1.475578985982,4.509736134995,-1.475578985982,-0.421405435443,0.07010168703201,0.3986592339915,-0.1365209856452
8128.305161641,4.505196295553,-1.49253810654,4.505196295553,-1.49253810654,-0.4211404954759,0.07087124822772,0.3978933501412,-0.1379305669493
8222.426499471,4.500548788766,-1.509687011942,4.500548788766,-1.509687011942,-0.4208697288882,0.0716481817896,0.3971112926673,-0.1393506796336
8317.637711027,4.495791028944,-1.527027652127,4.495791028944,-1.527027652127,-0.4205930155079,0.0724325236923,0.3963127586454,-0.1407812628435
8413.951416452,4.490920367333,-1.544561989036,4.490920367333,-1.544561989036,-0.420310233049,0.07322430876557,0.3954974412535,-0.1422222496541
8511.380382024,4.485934090565,-1.562291996314,4.485934090565,-1.562291996314,-0.4200212570907,0.0740235706368,0.3946650298083,-0.1436735668688
8609.937521846,4.480829419074,-1.58021965898,4.480829419074,-1.58021965898,-0.4197259610584,0.07483034167181,0.3938152098075,-0.1451351348145
8709.635899561,4.475603505465,-1.598346973072,4.475603505465,-1.598346973072,-0.4194242162046,0.07564465291401,0.3929476629777,-0.1466068671324
8810.488730081,4.470253432856,-1.616675945277,4.470253432856,-1.616675945277,-0.4191158915909,0.07646653402179,0.392062067328,-0.1480886705655
8912.509381338,4.464776213177,-1.63520859253,4.464776213177,-1.63520859253,-0.4188008540712,0.07729601320419,0.3911580972108,-0.1495804447415
9015.71137606,4.459168785423,-1.653946941584,4.459168785423,-1.653946941584,-0.418478968275,0.07813311715484,0.390235423388,-0.1510820819529
9120.10839356,4.453428013878,-1.672893028567,4.453428013878,-1.672893028567,-0.4181500965925,0.078977870984,0.3892937131048,-0.1525934669321
9225.714271548,4.447550686287,-1.692048898489,4.447550686287,-1.692048898489,-0.4178140991605,0.07983029814896,0.3883326301705,-0.1541144766243
9332.54300797,4.441533511991,-1.711416604742,4.441533511991,-1.711416604742,-0.417470833849,0.08069042038245,0.3873518350463,-0.1556449799558
9440.60876286,4.435373120023,-1.730998208557,4.435373120023,-1.730998208557,-0.4171201562498,0.0815582576193,0.3863509849416,-0.1571848375998
9549.925860215,4.429066057152,-1.750795778432,4.429066057152,-1.750795778432,-0.4167619196656,0.08243382792118,0.3853297339178,-0.1587339017376
9660.508789899,4.422608785887,-1.770811389527,4.422608785887,-1.770811389527,-0.416395975101,0.08331714739949,0.3842877330006,-0.1602920158183
9772.372209559,4.415997682438,-1.791047123036,4.415997682438,-1.791047123036,-0.4160221712546,0.08420823013636,0.3832246303011,-0.1618590143144
9885.53094657,4.40922903463,-1.811505065501,4.40922903463,-1.811505065501,-0.415640354513,0.08510708810372,0.3821400711455,-0.1634347224748
10000.0,4.402299039765,-1.832187308116,4.402299039765,-1.832187308116,-0.4152503689459,0.08601373108043,0.3810336982154,-0.1650189560755
10115.7945426,4.395203802451,-1.853095945973,4.395203802451,-1.853095945973,-0.4148520563035,0.0869281665676,0.3799051516959,-0.1666115211674
10232.92992281,4.387939332361,-1.874233077283,4.387939332361,-1.874233077283,-0.414445256015,0.08785039970184,0.3787540694355,-0.1682122138223
10351.42166679,4.380501541967,-1.895600802555,4.380501541967,-1.895600802555,-0.4140298051897,0.08878043316668,0.3775800871154,-0.1698208198764
10471.28548051,4.372886244209,-1.917201223722,4.372886244209,-1.917201223722,-0.4136055386197,0.08971826710201,0.37638283843,-0.1714371146731
10592.53725177,4.365089150115,-1.939036443244,4.365089150115,-1.939036443244,-0.4131722887847,0.09066389901159,0.3751619552779,-0.1730608628029
10715.19305238,4.357105866382,-1.961108563149,4.357105866382,-1.961108563149,-0.4127298858591,0.09161732366873,0.3739170679656,-0.1746918178434
10839.26914021,4.348931892887,-1.983419684049,4.348931892887,-1.983419684049,-0.4122781577213,0.09257853301997,0.3726478054213,-0.1763297220982
10964.78196143,4.340562620163,-2.005971904086,4.340562620163,-2.005971904086,-0.4118169299658,0.09354751608688,0.3713537954225,-0.1779743063345
11091.74815262,4.33199332681,-2.028767317853,4.33199332681,-2.028767317853,-0.4113460259171,0.09452425886602,0.3700346648349,-0.1796252895218
11220.18454302,4.323219176857,-2.051808015252,4.323219176857,-2.051808015252,-0.4108652666471,0.09550874422705,0.3686900398649,-0.1812823785703
11350.10815672,4.314235217069,-2.075096080314,4.314235217069,-2.075096080314,-0.4103744709943,0.09650095180898,0.367319546325,-0.1829452680695
11481.53621497,4.305036374201,-2.098633589954,4.305036374201,-2.098633589954,-0.4098734555873,0.09750085791464,0.3659228099131,-0.1846136400291
11614.4861384,4.295617452187,-2.122422612688,4.295617452187,-2.122422612688,-0.4093620348695,0.09850843540345,0.3644994565051,-0.1862871636203
11748.9755494,4.285973129283,-2.146465207292,4.285973129283,-2.146465207292,-0.4088400211285,0.09952365358233,0.3630491124625,-0.18796549492
11885.02227437,4.276097955147,-2.170763421405,4.276097955147,-2.170763421405,-0.4083072245282,0.1005464780952,0.3615714049539,-0.1896482766575
12022.64434617,4.265986347858,-2.19531929008,4.265986347858,-2.19531929008,-0.4077634531437,0.1015768708103,0.3600659622921,-0.1913351379636
12161.86000646,4.255632590879,-2.220134834283,4.255632590879,-2.220134834283,-0.4072085130011,0.1026147897071,0.3585324142856,-0.1930256941247
12302.68770812,4.24503082996,-2.245212059329,4.24503082996,-2.245212059329,-0.4066422081195,0.1036601887602,0.3569703926063,-0.1947195463404
12445.14611771,4.234175069975,-2.270552953264,4.234175069975,-2.270552953264,-0.4060643405577,0.1047130178229,0.3553795311726,-0.1964162814863
12589.25411794,4.223059171706,-2.296159485196,4.223059171706,-2.296159485196,-0.405474710465,0.105773222509,0.3537594665486,-0.1981154718823
12735.03081017,4.211676848546,-2.322033603564,4.211676848546,-2.322033603564,-0.404873116135,0.1068407440737,0.3521098383602,-0.1998166750677
12882.49551693,4.20002166316,-2.348177234346,4.20002166316,-2.348177234346,-0.4042593540651,0.1079155192927,0.3504302897265,-0.201519433583
13031.66778452,4.188087024056,-2.37459227922,4.188087024056,-2.37459227922,-0.4036332190189,0.1089974803408,0.3487204677088,-0.2032232747599
13182.56738556,4.175866182112,-2.401280613656,4.175866182112,-2.401280613656,-0.4029945040946,0.1100865546693,0.3469800237772,-0.2049277105194
13335.21432163,4.163352227012,-2.428244084966,4.163352227012,-2.428244084966,-0.4023430007964,0.1111826648824,0.3452086142923,-0.2066322371802
13489.62882592,4.150538083625,-2.455484510288,4.150538083625,-2.455484510288,-0.4016784991124,0.1122857286134,0.3434059010062,-0.2083363352767
13645.83136589,4.137416508308,-2.483003674511,4.137416508308,-2.483003674511,-0.4010007875961,0.1133956583995,0.3415715515799,-0.2100394693886
13803.84264603,4.123980085129,-2.510803328171,4.123980085129,-2.510803328171,-0.4003096534536,0.114512361557,0.3397052401175,-0.211741087983
13963.68361056,4.110221222022,-2.538885185262,4.110221222022,-2.538885185262,-0.3996048826364,0.1156357400556,0.3378066477196,-0.2134406232688
14125.37544623,4.096132146849,-2.567250921028,4.096132146849,-2.567250921028,-0.3988862599381,0.1167656903926,0.3358754630519,-0.215137491066
14288.93958511,4.08170490339,-2.595902169691,4.08170490339,-2.595902169691,-0.3981535690988,0.1179021034678,0.3339113829333,-0.2168310906895
14454.39770746,4.066931347246,-2.624840522135,4.066931347246,-2.624840522135,-0.3974065929129,0.1190448644573,0.33191411294,-0.21852080485
14621.77174457,4.051803141637,-2.654067523566,4.051803141637,-2.654067523566,-0.3966451133445,0.1201938526892,0.3298833680267,-0.220205999571
14791.08388168,4.036311753124,-2.683584671109,4.036311753124,-2.683584671109,-0.3958689116473,0.1213489415187,0.3278188731661,-0.2218860241248
14962.35656095,4.02044844722,-2.7133934114,4.02044844722,-2.7133934114,-0.3950777684916,0.1225099982046,0.3257203640035,-0.2235602109884
15135.61248436,4.004204283904,-2.743495138129,4.004204283904,-2.743495138129,-0.3942714640968,0.1236768837867,0.3235875875292,-0.2252278758188
15310.87461682,3.987570113011,-2.773891189572,3.987570113011,-2.773891189572,-0.3934497783703,0.1248494529646,0.3214203027661,-0.2268883174516
15488.16618913,3.970536569514,-2.804582846112,3.970536569514,-2.804582846112,-0.3926124910528,0.1260275539774,0.3192182814736,-0.2285408179214
15667.51070108,3.953094068683,-2.835571327735,3.953094068683,-2.835571327735,-0.3917593818705,0.127211028486,0.3169813088663,-0.2301846425071
15848.93192461,3.935232801098,-2.866857791542,3.935232801098,-2.866857791542,-0.3908902306928,0.1283997114568,0.314709184348,-0.2318190398023
16032.4539069,3.916942727524,-2.898443329263,3.916942727524,-2.898443329263,-0.3900048176981,0.1295934310478,0.312401722259,-0.2334432418128
16218.10097359,3.898213573631,-2.930328964783,3.898213573631,-2.930328964783,-0.389102923545,0.1307920084977,0.3100587526375,-0.2350564640815
16405.897732,3.879034824544,-2.962515651703,3.879034824544,-2.962515651703,-0.3881843295512,0.1319952580172,0.3076801219933,-0.2366579058428
16595.86907438,3.859395719214,-2.995004270932,3.859395719214,-2.995004270932,-0.3872488178791,0.1332029866838,0.305265694093,-0.2382467502078
16788.04018123,3.839285244582,-3.027795628348,3.839285244582,-3.027795628348,-0.3862961717278,0.1344149943404,0.302815350757,-0.2398221643803
16982.43652462,3.818692129544,-3.060890452497,3.818692129544,-3.060890452497,-0.3853261755331,0.1356310734972,0.3003289926657,-0.2413832999066
17179.08387158,3.797604838665,-3.094289392392,3.797604838665,-3.094289392392,-0.3843386151733,0.136851009238,0.2978065401743,-0.2429292929595
17378.00828749,3.776011565645,-3.127993015406,3.776011565645,-3.127993015406,-0.383333278183,0.1380745791313,0.2952479341358,-0.2444592646566
17579.23613959,3.753900226503,-3.162001805265,3.753900226503,-3.162001805265,-0.3823099539736,0.1393015531457,0.2926531367301,-0.2459723214171
17782.79410039,3.73125845245,-3.19631616019,3.73125845245,-3.19631616019,-0.3812684340603,0.140531693571,0.290022132298,-0.2474675553546
17988.70915129,3.708073582424,-3.230936391172,3.708073582424,-3.230936391172,-0.3802085122968,0.1417647549448,0.2873549281786,-0.2489440447104
18197.0085861,3.684332655258,-3.265862720431,3.684332655258,-3.265862720431,-0.3791299851166,0.1430004839853,0.2846515555491,-0.2504008543254
18407.72001469,3.660022401419,-3.301095280076,3.660022401419,-3.301095280076,-0.3780326517811,0.1442386195299,0.2819120702646,-0.2518370361547
18620.87136663,3.635129234314,-3.336634110971,3.635129234314,-3.336634110971,-0.3769163146344,0.1454788924817,0.2791365536963,-0.2532516298233
18836.4908949,3.609639241083,-3.372479161854,3.609639241083,-3.372479161854,-0.3757807793653,0.1467210257618,0.2763251135671,-0.2546436632253
19054.60717963,3.583538172842,-3.408630288736,3.583538172842,-3.408630288736,-0.3746258552747,0.1479647342708,0.273477884781,-0.256012153167
19275.24913191,3.556811434315,-3.445087254596,3.556811434315,-3.445087254596,-0.3734513555509,0.1492097248572,0.2705950302461,-0.2573561060555
19498.44599758,3.529444072784,-3.481849729424,3.529444072784,-3.481849729424,-0.3722570975499,0.1504556962947,0.2676767416877,-0.258674518632
19724.22736115,3.501420766306,-3.518917290608,3.501420766306,-3.518917290608,-0.3710429030821,0.1517023392686,0.2647232404501,-0.2599663787524
19952.62314969,3.472725811077,-3.55628942376,3.472725811077,-3.55628942376,-0.3698085987053,0.1529493363714,0.2617347782839,-0.2612306662136
20183.66363682,3.443343107906,-3.59396552395,3.443343107906,-3.59396552395,-0.3685540160223,0.1541963621078,0.2587116381177,-0.2624663536285
20417.3794467,3.413256147651,-3.631944897444,3.413256147651,-3.631944897444,-0.3672789919848,0.1554430829108,0.2556541348103,-0.2636724073478
20653.80155811,3.382447995541,-3.670226763947,3.382447995541,-3.670226763947,-0.3659833692019,0.1566891571677,0.2525626158814,-0.2648477884299
20892.96130854,3.35090127425,-3.708810259412,3.35090127425,-3.708810259412,-0.3646669962528,0.1579342352573,0.2494374622188,-0.2659914536592
21134.89039837,3.318598145588,-3.747694439459,3.318598145588,-3.747694439459,-0.363329728005,0.1591779595991,0.2462790887579,-0.2671023566123
21379.62089502,3.285520290671,-3.786878283431,3.285520290671,-3.786878283431,-0.3619714259352,0.1604199647136,0.2430879451321,-0.2681794487718
21627.18523727,3.251648888378,-3.826360699165,3.251648888378,-3.826360699165,-0.360591958455,0.1616598772957,0.2398645162903,-0.2692216806883
21877.6162395,3.216964591962,-3.866140528482,3.216964591962,-3.866140528482,-0.3591912012386,0.1628973163003,0.2366093230791,-0.2702280031889
22130.94709606,3.181447503538,-3.906216553497,3.181447503538,-3.906216553497,-0.357769037554,0.1641318930414,0.2333229227863,-0.2711973686328
22387.21138568,3.145077146299,-3.946587503742,3.145077146299,-3.946587503742,-0.3563253585963,0.1653632113046,0.2300059096432,-0.2721287322121
22646.44307593,3.107832434184,-3.987252064178,3.107832434184,-3.987252064178,-0.3548600638219,0.166590867473,0.2266589152817,-0.2730210532975
22908.67652768,3.069691638672,-4.028208884167,3.069691638672,-4.028208884167,-0.3533730612853,0.167814450668,0.2232826091447,-0.2738732968274
23173.94649969,3.030632352487,-4.069456587387,3.030632352487,-4.069456587387,-0.3518642679749,0.1690335429046,0.219877698845,-0.2746844347391
23442.2881532,2.990631449818,-4.110993782784,2.990631449818,-4.110993782784,-0.3503336101499,0.1702477192605,0.2164449304709,-0.2754534474412
23713.73705662,2.949665042655,-4.1528190766,2.949665042655,-4.1528190766,-0.3487810236758,0.1714565480619,0.2129850888348,-0.2761793253237
23988.3291902,2.907708432905,-4.194931085474,2.907708432905,-4.194931085474,-0.3472064543589,0.1726595910836,0.2094989976615,-0.2768610703056
24266.10095083,2.86473605975,-4.237328450681,2.86473605975,-4.237328450681,-0.3456098582788,0.1738564037648,0.2059875197145,-0.2774976974174
24547.08915685,2.820721441755,-4.280009853528,2.820721441755,-4.280009853528,-0.3439912021183,0.1750465354412,0.2024515568557,-0.2780882364145
24831.33105296,2.775637113179,-4.322974031891,2.775637113179,-4.322974031891,-0.3423504634889,0.176229529593,0.1988920500366,-0.2786317334221
25118.8643151,2.729454553821,-4.36621979793,2.729454553821,-4.36621979793,-0.3406876312536,0.1774049241082,0.1953099792184,-0.2791272526047
25409.72705549,2.682144111719,-4.409746056941,2.682144111719,-4.409746056941,-0.3390027058432,0.1785722515637,0.1917063632173,-0.2795738778611
25703.95782769,2.633674917904,-4.453551827313,2.633674917904,-4.453551827313,-0.3372956995677,0.1797310395211,0.1880822594737,-0.2799707145383
26001.59563165,2.584014792329,-4.497636261558,2.584014792329,-4.497636261558,-0.3355666369207,0.1808808108401,0.1844387637416,-0.2803168911632
26302.67991896,2.533130140035,-4.541998668285,2.533130140035,-4.541998668285,-0.3338155548761,0.1820210840071,0.180777009697,-0.2806115611867
26607.25059799,2.48098583642,-4.586638535041,2.48098583642,-4.586638535041,-0.3320425031773,0.1831513734809,0.1770981684624,-0.2808539047379
26915.34803927,2.427545100429,-4.631555551836,2.427545100429,-4.631555551836,-0.3302475446157,0.1842711900547,0.1734034480462,-0.2810431303823
27227.01308078,2.372769354308,-4.676749635151,2.372769354308,-4.676749635151,-0.3284307553005,0.1853800412327,0.1696940926945,-0.2811784768817
27542.28703338,2.31661806841,-4.722220952153,2.31661806841,-4.722220952153,-0.3265922249169,0.1864774316245,0.1659713821539,-0.2812592149498
27861.2116863,2.259048589361,-4.767969944774,2.259048589361,-4.767969944774,-0.3247320569721,0.1875628633533,0.1622366308448,-0.2812846489993
28183.82931265,2.200015949648,-4.813997353254,2.200015949648,-4.813997353254,-0.322850369029,0.1886358364805,0.1584911869435,-0.2812541188764
28510.18267504,2.139472656614,-4.860304238557,2.139472656614,-4.860304238557,-0.3209472929261,0.1896958494444,0.1547364313721,-0.2811670015763
28840.31503127,2.077368458336,-4.906892003061,2.077368458336,-4.906892003061,-0.3190229749823,0.1907423995144,0.1509737766963,-0.2810227129357
29174.27014001,2.013650083817,-4.953762408666,2.013650083817,-4.953762408666,-0.3170775761872,0.1917749832576,0.147204665931,-0.2808207092964
29512.09226667,1.948260954403,-5.000917591352,1.948260954403,-5.000917591352,-0.3151112723739,0.1927930970208,0.1434305712529,-0.2805604891355
29853.82618918,1.881140863096,-5.048360070952,1.881140863096,-5.048360070952,-0.3131242543752,0.1937962374241,0.1396529926215,-0.2802415946555
30199.51720402,1.812225617866,-5.096092754676,1.812225617866,-5.096092754676,-0.3111167281616,0.1947839018672,0.1358734563092,-0.2798636133299
30549.21113216,1.741446644709,-5.144118932553,1.741446644709,-5.144118932553,-0.3090889149606,0.1957555890473,0.1320935133413,-0.2794261793983
30902.95432514,1.668730545527,-5.192442262627,1.668730545527,-5.192442262627,-0.3070410513556,0.196710799488,0.1283147378467,-0.2789289753051
31260.79367124,1.593998605364,-5.24106674321,1.593998605364,-5.24106674321,-0.304973389365,0.1976490360783,0.1245387253234,-0.2783717330778
31622.77660169,1.51716624269,-5.289996668958,1.51716624269,-5.289996668958,-0.3028861964997,0.1985698046203,0.1207670908181,-0.2777542356368
31988.95109692,1.438142395706,-5.339236566844,1.438142395706,-5.339236566844,-0.3007797557986,0.1994726143857,0.117001467025,-0.2770763180338
32359.36569296,1.356828836658,-5.3887911072,1.356828836658,-5.3887911072,-0.2986543658415,0.2003569786799,0.1132435023054,-0.2763378686114
32734.06948789,1.273119405002,-5.438664984044,1.273119405002,-5.438664984044,-0.2965103407394,0.2012224154118,0.1094948586311,-0.2755388300809
33113.11214826,1.186899149143,-5.488862757561,1.186899149143,-5.488862757561,-0.2943480100995,0.2020684476691,0.1057572094572,-0.2746792005099
33496.54391578,1.098043364958,-5.539388650108,1.098043364958,-5.539388650108,-0.2921677189673,0.2028946042983,0.102032237526,-0.2737590342184
33884.41561392,1.006416517786,-5.5902462852,1.006416517786,-5.5902462852,-0.2899698277433,0.203700420487,0.09832163260839,-0.272778442576
34276.77865465,0.9118710326902,-5.641438356573,0.9118710326902,-5.641438356573,-0.2877547120741,0.2044854383488,0.09462708918595,-0.2717375946965
34673.68504526,0.814245935813,-5.69296621156,0.814245935813,-5.69296621156,-0.2855227627185,0.2052492075079,0.09095030408059,-0.2706367180258
35075.18739526,0.713365327171,-5.744829329447,0.713365327171,-5.744829329447,-0.2832743853874,0.2059912856845,0.08729297403539,-0.2694760988189
35481.33892336,0.6090366628361,-5.797024671066,0.6090366628361,-5.797024671066,-0.2810100005578,0.2067112392769,0.08365679325385,-0.2682560825022
35892.1934645,0.5010488213119,-5.849545870427,0.5010488213119,-5.849545870427,-0.27873004326,0.2074086439411,0.08004345090289,-0.2669770739175
36307.80547701,0.3891699258481,-5.902382232382,0.3891699258481,-5.902382232382,-0.2764349628393,0.2080830851659,0.0764546285862,-0.2656395374454
36728.23004981,0.2731448908342,-5.955517491876,0.2731448908342,-5.955517491876,-0.2741252226911,0.2087341588422,0.07289199779449,-0.2642439970044
37153.52290972,0.1526926567361,-6.008928279751,0.1526926567361,-6.008928279751,-0.2718012999687,0.2093614718242,0.06935721733932,-0.2627910359244
37583.74042885,0.02750307405058,-6.062582226873,0.02750307405058,-6.062582226873,-0.2694636852672,0.2099646424833,0.06585193077817,-0.2612812966917
38018.93963206,-0.1027666070655,-6.116435621783,-0.1027666070655,-6.116435621783,-0.267112882279,0.2105433012511,0.06237776383705,-0.2597154805655
38459.17820454,-0.2384956884529,-6.17043051627,-0.2384956884529,-6.17043051627,-0.264749407426,0.2110970911512,0.0589363218387,-0.2580943470634
38904.51449943,-0.3801044666306,-6.22449114715,-0.3801044666306,-6.22449114715,-0.2623737894647,0.2116256683185,0.05552918714382,-0.2564187133164
39355.00754558,-0.5280592177407,-6.278519509554,-0.5280592177407,-6.278519509554,-0.2599865690686,0.2121287025043,0.05215791661247,-0.2546894532931
39810.71705535,-0.6828777747368,-6.332389875584,-0.6828777747368,-6.332389875584,-0.2575882983845,0.2126058775656,0.04882403909383,-0.2529074968937
40271.70343255,-0.8451357415994,-6.38594199989,-0.8451357415994,-6.38594199989,-0.255179540567,0.2130568919388,0.04552905295137,-0.2510738289142
40738.02778041,-1.015473377535,-6.438972687777,-1.015473377535,-6.438972687777,-0.252760869289,0.213481459094,0.04227442363155,-0.2491894878834
41209.75190974,-1.194603162077,-6.491225318573,-1.194603162077,-6.491225318573,-0.2503328682312,0.2138793079709,0.03906158128336,-0.2472555647733
41686.93834704,-1.383318014684,-6.542376812801,-1.383318014684,-6.542376812801,-0.2478961305499,0.2142501833941,0.0358919184361,-0.2452732015866
42169.65034286,-1.582500081545,-6.592021401658,-1.582500081545,-6.592021401658,-0.2454512583249,0.2145938464669,0.03276678774286,-0.2432435898234
42657.95188016,-1.793129907001,-6.639650395662,-1.793129907001,-6.639650395662,-0.2429988619885,0.2149100749417,0.02968749979693,-0.241167968831
43151.90768278,-2.016295660139,-6.684626950811,-2.016295660139,-6.684626950811,-0.240539559736,0.2151986635675,0.02665532102773,-0.2390476240409
43651.58322402,-2.25320186486,-6.726154590232,-2.25320186486,-6.726154590232,-0.2380739769196,0.2154594244124,0.02367147168355,-0.2368838850965
44157.04473533,-2.505176749355,-6.763237955079,-2.505176749355,-6.763237955079,-0.2356027454273,0.2156921871595,0.02073712390692,-0.2346781238778
44668.3592151,-2.773676839258,-6.794633934395,-2.773676839258,-6.794633934395,-0.2331265030461,0.2158967993778,0.01785339990924,-0.2324317524268
45185.5944375,-3.060286698324,-6.818790976831,-3.060286698324,-6.818790976831,-0.2306458928132,0.2160731267641,0.01502137025028,-0.2301462207807
45708.81896149,-3.366710676432,-6.833774057756,-3.366710676432,-6.833774057756,-0.2281615623558,0.2162210533581,0.01224205222773,-0.2278230147177
46238.10213993,-3.6947520295,-6.837172547373,-3.6947520295,-6.837172547373,-0.2256741632193,0.216340481728,0.009516408382491,-0.2254636534233
46773.51412872,-4.046272667816,-6.825988255885,-4.046272667816,-6.825988255885,-0.2231843501884,0.2164313331271,0.006845345123369,-0.2230696870818
47315.12589615,-4.423123878196,-6.796501502182,-4.423123878196,-6.796501502182,-0.2206927805999,0.2164935476204,0.004229711476547,-0.2206426944028
47863.00923227,-4.827034464028,-6.74411464209,-4.827034464028,-6.74411464209,-0.2182001136498,0.2165270841821,0.001670297961907,-0.2181842800871
48417.23675841,-5.259437750541,-6.663175885366,-5.259437750541,-6.663175885366,-0.215707009697,0.2165319207606,-0.0008321643986553,-0.2156960722415
48977.88193685,-5.721212966593,-6.546792645268,-5.721212966593,-6.546792645268,-0.2132141295635,0.2165080543156,-0.003277004940057,-0.2131797197501
49545.01908048,-6.212310405911,-6.386654870061,-6.212310405911,-6.386654870061,-0.2107221338342,0.2164555008218,-0.005663614076418,-0.2106368896087
50118.72336273,-6.731225500569,-6.1729071104,-6.731225500569,-6.1729071104,-0.2082316821566,0.216374295244,-0.007991443886327,-0.2080692642322
50699.07082747,-7.274288766009,-5.894135914044,-7.274288766009,-5.894135914044,-0.2057434325432,0.2162644914804,-0.01026000855899,-0.2054785387407
51286.13839914,-7.834754337273,-5.53757772191,-7.834754337273,-5.53757772191,-0.2032580406775,0.2161261622754,-0.01246888470176,-0.2028664182353
51880.0038929,-8.401712030897,-5.089698616586,-8.401712030897,-5.089698616586,-0.2007761592246,0.2159593991031,-0.01461771150751,-0.2002346150696
52480.74602498,-8.958932900306,-4.537337698062,-8.958932900306,-4.537337698062,-0.1982984371495,0.2157643120195,-0.01670619078391,-0.1975848461249
53088.4444231,-9.483899818772,-3.869608776744,-9.483899818772,-3.869608776744,-0.195825519043,0.2155410294869,-0.01873408684451,-0.1949188300996
53703.17963703,-9.947466182536,-3.080664349072,-9.947466182536,-3.080664349072,-0.1933580444577,0.2152896981677,-0.02070122626325,-0.192238284817
54325.03314925,-10.31476922879,-2.173170665263,-10.31476922879,-2.173170665263,-0.1908966472546,0.2150104826914,-0.02260749749523,-0.189544924563
54954.08738577,-10.54805822743,-1.161885335381,-10.54805822743,-1.161885335381,-0.1884419549633,0.214703565393,-0.02445285036501,-0.186840457458
55590.42572704,-10.61177209637,-0.0761614066851,-10.61177209637,-0.0761614066851,-0.1859945881552,0.214369146025,-0.02623729542667,-0.1841265828731
56234.13251904,-10.47937051287,1.040159485578,-10.47937051287,1.040159485578,-0.1835551598323,0.2140074414432,-0.02796090319802,-0.1814049888955
56885.29308439,-10.14026051548,2.13267887272,-10.14026051548,2.13267887272,-0.1811242748324,0.2136186852674,-0.02962380327352,-0.1786773498513
57543.99373372,-9.604321111356,3.14412869419,-9.604321111356,3.14412869419,-0.1787025292521,0.2132031275185,-0.03122618332002,-0.175945323892
58210.32177709,-8.901846383993,4.023924659998,-8.901846383993,4.023924659998,-0.1762905098883,0.2127610342317,-0.03276828795958,-0.1732105506498
58884.36553556,-8.078432011196,4.736475991027,-8.078432011196,4.736475991027,-0.1738887936996,0.2122926870479,-0.03425041754509,-0.1704746489694
59566.2143529,-7.186528504177,5.265518915117,-7.186528504177,5.265518915117,-0.1714979472884,0.2117983827852,-0.03567292683325,-0.1677392147196
60255.95860744,-6.276647674718,5.613567881172,-6.276647674718,5.613567881172,-0.1691185264053,0.2112784329894,-0.03703622356136,-0.1650058186916
60953.68972402,-5.390828439636,5.79761259428,-5.390828439636,5.79761259428,-0.1667510754746,0.2107331634668,-0.03834076693278,-0.1622760045876
61659.50018615,-4.559487450413,5.843228537501,-4.559487450413,5.843228537501,-0.1643961271446,0.2101629138002,-0.03958706601839,-0.1595512871033
62373.48354825,-3.801303231682,5.779066082781,-3.801303231682,5.779066082781,-0.1620542018609,0.2095680368481,-0.04077567807899,-0.1568331501102
63095.73444802,-3.125015225719,5.632806818118,-3.125015225719,5.632806818118,-0.1597258074643,0.2089488982304,-0.04190720681646,-0.154123044938
63826.34861906,-2.531982111256,5.428806668448,-2.531982111256,5.428806668448,-0.1574114388143,0.2083058758001,-0.04298230055894,-0.1514223887632
64565.42290347,-2.018692420595,5.187125859418,-2.018692420595,5.187125859418,-0.1551115774366,0.2076393591038,-0.04400165038802,-0.1487325631027
65313.05526475,-1.578824551314,4.923479247248,-1.578824551314,4.923479247248,-0.1528266911986,0.2069497488315,-0.04496598821338,-0.146054912418
66069.34480076,-1.204748519094,4.649685997941,-1.204748519094,4.649685997941,-0.1505572340086,0.2062374562575,-0.04587608480273,-0.1433907428285
66834.39175687,-0.8885216666917,4.374319733235,-0.8885216666917,4.374319733235,-0.1483036455427,0.205502902673,-0.04673274777302,-0.1407413209366
67608.2975392,-0.6224902608054,4.103380533924,-0.6224902608054,4.103380533924,-0.1460663509977,0.2047465188136,-0.04753681955009,-0.1381078727649
68391.16472815,-0.3996127131471,3.840899373883,-0.3996127131471,3.840899373883,-0.1438457608701,0.2039687442807,-0.0482891753031,-0.1354915828049
69183.0970919,-0.2136004220866,3.589441502203,-0.2136004220866,3.589441502203,-0.1416422707612,0.2031700269596,-0.04899072086067,-0.132893593178
69984.19960023,-0.05894712570064,3.350505840266,-0.05894712570064,3.350505840266,-0.1394562612094,0.2023508224358,-0.04964239061455,-0.1303150029076
70794.57843842,0.06910471961644,3.124831627138,0.06910471961644,3.124831627138,-0.1372880975468,0.2015115934092,-0.05024514541782,-0.1277568673012
71614.34102129,0.1746292232149,2.912628365288,0.1746292232149,2.912628365288,-0.1351381297832,0.2006528091102,-0.0507999704831,-0.1252201974415
72443.5960075,0.2610948356692,2.713745193745,0.2610948356692,2.713745193745,-0.1330066925144,0.1997749447151,-0.05130787328689,-0.1227059597838
73282.4533139,0.331443533045,2.527793848242,0.331443533045,2.527793848242,-0.1308941048555,0.1988784807667,-0.05176988148623,-0.1202150758594
74131.0241301,0.3881654783927,2.354236791616,0.3881654783927,2.354236791616,-0.1288006703995,0.1979639025961,-0.05218704085196,-0.1177484220805
74989.42093325,0.4333663792763,2.192449596268,0.4333663792763,2.192449596268,-0.1267266771989,0.1970316997519,-0.05256041322524,-0.1153068296452
75857.75750292,0.4688266038763,2.041764506508,0.4688266038763,2.041764506508,-0.1246723977716,0.1960823654335,-0.05289107450096,-0.1128910845399
76736.14893619,0.4960521405116,1.901500368597,0.4960521405116,1.901500368597,-0.1226380891288,0.1951163959327,-0.05318011264391,-0.1105019276345
77624.71166287,0.5163180048504,1.770982763362,0.5163180048504,1.770982763362,-0.1206239928263,0.1941342900827,-0.05342862574093,-0.1081400548684
78523.56346101,0.530704922065,1.649557149941,0.530704922065,1.649557149941,-0.1186303350359,0.1931365487158,-0.05363772009419,-0.1058061175233
79432.82347243,0.5401301666985,1.536597063348,0.5401301666985,1.536597063348,-0.1166573266381,0.1921236741321,-0.05380850835882,-0.1035007225787
80352.61221857,0.5453734085386,1.431508843428,0.5453734085386,1.431508843428,-0.1147051633357,0.1910961695773,-0.05394210772835,-0.1012244331464
81283.05161642,0.5470983356534,1.333733958988,0.5470983356534,1.333733958988,-0.1127740257846,0.1900545387328,-0.05403963817163,-0.09897776897981
82224.26499471,0.5458707324778,1.242749689667,0.5458707324778,1.242749689667,-0.1108640797454,0.1889992852177,-0.05410222072345,-0.09676120705483
83176.37711027,0.542173595938,1.158068709645,0.542173595938,1.158068709645,-0.1089754762501,0.1879309121035,-0.05413097583231,-0.09457518221647
84139.51416453,0.5364197841467,1.079237959341,0.5364197841467,1.079237959341,-0.1071083517872,0.186849921442,-0.0541270217666,-0.09242008788845
85113.80382024,0.5289626128517,1.00583707737,0.5289626128517,1.00583707737,-0.1052628285021,0.1857568138071,-0.05409147308217,-0.09029627684055
86099.37521847,0.5201047460735,0.9374765831437,0.5201047460735,0.9374765831437,-0.1034390144118,0.1846520878516,-0.05402543915225,-0.08820406200987
87096.35899561,0.5101056687825,0.8737959416784,0.5101056687825,0.8737959416784,-0.1016370036345,0.1835362398774,-0.05393002276146,-0.08614371737149
88104.88730081,0.4991879801488,0.8144616000954,0.4991879801488,0.8144616000954,-0.0998568766317,0.1824097634219,-0.05380631876507,-0.08411547885422
89125.09381338,0.487542704593,0.7591650554241,0.487542704593,0.7591650554241,-0.09809870046266,0.18127314886,-0.05365541281415,-0.08211954529733
90157.1137606,0.4753337838746,0.7076209919433,0.4753337838746,0.7076209919433,-0.09636252905026,0.1801268830208,-0.05347838014741,-0.08015607944385
91201.0839356,0.4627018850783,0.6595655114093,0.4627018850783,0.6595655114093,-0.09464840345702,0.1789714488211,-0.05327628445007,-0.07822520896656
92257.14271548,0.4497676361342,0.6147544690276,0.4497676361342,0.6147544690276,-0.09295635217107,0.177807324915,-0.05305017677953,-0.07632702752245
93325.43007971,0.4366343813542,0.5729619207879,0.4366343813542,0.5729619207879,-0.09128639140012,0.1766349853591,-0.05280109455838,-0.07446159583167
94406.0876286,0.4233905335922,0.5339786829715,0.4233905335922,0.5339786829715,-0.08963852537394,0.1754548992946,-0.05253006063363,-0.07262894277736
95499.25860215,0.410111586783,0.4976110012906,0.410111586783,0.4976110012906,-0.08801274665305,0.1742675306455,-0.05223808240237,-0.07082906652231
96605.08789899,0.3968618417595,0.4636793252029,0.3968618417595,0.4636793252029,-0.0864090364442,0.1730733378331,-0.05192615100243,-0.06906193563917
97723.72209559,0.3836958895689,0.4320171815874,0.3836958895689,0.4320171815874,-0.08482736492055,0.1718727735068,-0.05159524056779,-0.06732749025051
98855.3094657,0.3706598891347,0.4024701414092,0.3706598891347,0.4024701414092,-0.08326769154656,0.1706662842913,-0.05124630754725,-0.06562564317545
100000.0,0.3577926701357,0.3748948727093,0.3577926701357,0.3748948727093,-0.08172996540688,0.1694543105493,-0.05088029008513,-0.06395628107987
101157.945426,0.345126686977,0.3491582732936,0.345126686977,0.3491582732936,-0.0802141255377,0.1682372861604,-0.05049810746303,-0.06231926562688
102329.2992281,0.3326888456348,0.3251366766376,0.3326888456348,0.3251366766376,-0.07872010126077,0.1670156383162,-0.0501006596007,-0.06071443462489
103514.2166679,0.3205012216453,0.3027151249314,0.3205012216453,0.3027151249314,-0.07724781251879,0.1657897873296,-0.04968882661481,-0.05914160317048
104712.8548051,0.3085816847594,0.2817867034214,0.3085816847594,0.2817867034214,-0.07579717021155,0.164560146461,-0.0492634684337,-0.05760056478349
105925.3725177,0.2969444433021,0.2622519307324,0.2969444433021,0.2622519307324,-0.07436807653292,0.1633271217574,-0.04882542446635,-0.05609109253213
107151.9305238,0.2856005193721,0.2440182001496,0.2856005193721,0.2440182001496,-0.07296042530648,0.1620911119082,-0.04837551332397,-0.0546129401454
108392.6914021,0.2745581642664,0.226999267364,0.2745581642664,0.226999267364,-0.0715741023212,0.1608525081142,-0.04791453259194,-0.05316584311145
109647.8196143,0.2638232221976,0.2111147804536,0.2638232221976,0.2111147804536,-0.07020898566514,0.15961169397,-0.04744325865031,-0.05174951975927
110917.4815262,0.2533994491475,0.1962898483131,0.2533994491475,0.1962898483131,-0.06886494605672,0.158369045362,-0.04696244654111,-0.05036367232223
112201.8454302,0.2432887927084,0.1824546441023,0.2432887927084,0.1824546441023,-0.06754184717447,0.1571249303771,-0.04647282987982,-0.04900798798215
113501.0815672,0.233491637961,0.1695440405407,0.233491637961,0.1695440405407,-0.06623954598271,0.1558797092268,-0.04597512080961,-0.0476821398918
114815.3621497,0.2240070237029,0.1574972742142,0.2240070237029,0.1574972742142,-0.0649578930546,0.1546337341815,-0.0454700099958,-0.04638578817512
116144.861384,0.2148328327491,0.1462576363305,0.2148328327491,0.1462576363305,-0.0636967328909,0.1533873495185,-0.04495816665872,-0.04511858090359
117489.755494,0.2059659595167,0.135772187588,0.2059659595167,0.135772187588,-0.06245590423434,0.1521408914809,-0.04444023864289,-0.0438801550478
118850.2227437,0.1974024576842,0.1259914950327,0.1974024576842,0.1259914950327,-0.06123524038025,0.1508946882477,-0.04391685252022,-0.04267013740365
120226.4434617,0.1891376703173,0.1168693890374,0.1891376703173,0.1168693890374,-0.06003456948106,0.1496490599148,-0.0433886137256,-0.04148814549169
121618.6000646,0.1811663445759,0.1083627386243,0.1811663445759,0.1083627386243,-0.05885371484651,0.1484043184868,-0.0428561067225,-0.0403337884297
123026.8770812,0.1734827328065,0.1004312436268,0.1734827328065,0.1004312436268,-0.05769249523815,0.1471607678777,-0.04231989519672,-0.03920666777753
124451.4611771,0.1660806816242,0.09303724222843,0.1660806816242,0.09303724222843,-0.05655072515773,0.1459187039222,-0.04178052227647,-0.03810637835382
125892.5411794,0.1589537103656,0.08614553263782,0.1589537103656,0.08614553263782,-0.05542821513009,0.1446784143953,-0.04123851077663,-0.03703250902443
127350.3081017,0.1520950801378,0.07972320770883,0.1520950801378,0.07972320770883,-0.0543247719797,0.1434401790409,-0.04069436346555,-0.03598464346223
128824.9551693,0.1454978545257,0.07373950147712,0.1454978545257,0.07373950147712,-0.0532401991008,0.1422042696087,-0.04014856335239,-0.03496236087819
130316.6778452,0.139154952905,0.0681656466326,0.139154952905,0.0681656466326,-0.0521742967211,0.1409709498981,-0.0396015739934,-0.03396523672363
131825.6738556,0.1330591971817,0.06297474208837,0.1330591971817,0.06297474208837,-0.05112686215899,0.139740475811,-0.03905383981525,-0.03299284336386
133352.1432163,0.1272033526952,0.05814162982431,0.1272033526952,0.05814162982431,-0.05009769007366,0.1385130954095,-0.03850578645398,-0.03204475072307
134896.2882592,0.1215801639277,0.05364278031065,0.1215801639277,0.05364278031065,-0.04908657270896,0.1372890489824,-0.03795782110761,-0.03112052690105
136458.3136589,0.1161823855943,0.04945618583437,0.1161823855943,0.04945618583437,-0.04809330012956,0.1360685691157,-0.03741033290147,-0.0302197387614
138038.4264603,0.1110028096194,0.04556126114503,0.1110028096194,0.04556126114503,-0.04711766045116,0.1348518807706,-0.03686369326397,-0.02934195249235
139636.8361056,0.1060342884519,0.04193875086424,0.1060342884519,0.04193875086424,-0.0461594400628,0.1336392013657,-0.03631825631218,-0.02848673413974
141253.7544623,0.1012697551207,0.03857064315338,0.1012697551207,0.03857064315338,-0.04521842384264,0.1324307408649,-0.03577435924532,-0.0276536501132
142889.3958511,0.09670224038551,0.03544008919073,0.09670224038551,0.03544008919073,-0.04429439536654,0.1312267018694,-0.03523232274521,-0.02684226766571
144543.9770746,0.09232488730418,0.03253132802761,0.09232488730418,0.03253132802761,-0.04338713711006,0.1300272797146,-0.03469245138211,-0.02605215534717
146217.7174457,0.08813096349946,0.02982961644091,0.08813096349946,0.02982961644091,-0.04249643064261,0.1288326625704,-0.03415503402521,-0.02528288343234
147910.8388168,0.08411387138002,0.02732116342738,0.08411387138002,0.02732116342738,-0.04162205681567,0.1276430315453,-0.03362034425627,-0.0245340243241
149623.5656095,0.08026715654345,0.02499306901117,0.08026715654345,0.02499306901117,-0.04076379594324,0.1264585607939,-0.03308864078568,-0.02380515293218
151356.1248436,0.07658451456389,0.02283326705628,0.07658451456389,0.02283326705628,-0.03992142797606,0.1252794176271,-0.03256016786965,-0.02309584702839
153108.7461682,0.07305979634852,0.0208304718243,0.07305979634852,0.0208304718243,-0.03909473266882,0.1241057626252,-0.03203515572792,-0.0224056875788
154881.6618913,0.06968701222446,0.01897412799665,0.06968701222446,0.01897412799665,-0.03828348974055,0.1229377497536,-0.03151382096095,-0.02173425905358
156675.1070108,0.06646033490485,0.0172543639465,0.06646033490485,0.0172543639465,-0.03748747902868,0.1217755264797,-0.03099636696575,-0.02108114971517
158489.3192461,0.0633741014644,0.01566194802511,0.0633741014644,0.01566194802511,-0.03670648063622,0.1206192338928,-0.03048298434976,-0.0204459518855
160324.539069,0.06042281444314,0.01418824766718,0.06042281444314,0.01418824766718,-0.03594027507327,0.1194690068248,-0.02997385134183,-0.01982826219314
162181.0097359,0.05760114218452,0.0128251911233,0.05760114218452,0.0128251911233,-0.03518864339098,0.1183249739723,-0.02946913420005,-0.01922768180053
164058.97732,0.05490391850382,0.01156523165151,0.05490391850382,0.01156523165151,-0.03445136731078,0.1171872580204,-0.02896898761531,-0.01864381661284
165958.6907438,0.05232614177078,0.01040131399409,0.05232614177078,0.01040131399409,-0.03372822934634,0.1160559757663,-0.02847355511055,-0.01807627746833
167880.4018123,0.04986297348494,0.009326842999859,0.04986297348494,0.009326842999859,-0.03301901292029,0.1149312382448,-0.02798296943483,-0.01752468031156
169824.3652462,0.04750973641177,0.008335654246769,0.04750973641177,0.008335654246769,-0.03232350247483,0.1138131508531,-0.02749735295202,-0.0169886463498
171790.8387158,0.04526191234175,0.007421986535454,0.04526191234175,0.007421986535454,-0.03164148357676,0.1127018134767,-0.02701681802344,-0.0164678021934
173780.082875,0.04311513952721,0.006580456131373,0.04311513952721,0.006580456131373,-0.03097274301696,0.1115973206152,-0.02654146738441,-0.01596177998096
175792.3613959,0.04106520984762,0.005806032645047,0.04106520984762,0.005806032645047,-0.03031706890437,0.1104997615074,-0.02607139451399,-0.0154702174898
177827.9410039,0.03910806574661,0.005094016441936,0.03910806574661,0.005094016441936,-0.02967425075494,0.1094092202571,-0.025606683998,-0.0149927582325
179887.0915129,0.03723979698135,0.004440017486179,0.03723979698135,0.004440017486179,-0.02904407957507,0.1083257759579,-0.02514741188476,-0.01452905154012
181970.085861,0.03545663721878,0.003839935523848,0.03545663721878,0.003839935523848,-0.0284263479403,0.1072495028174,-0.02469364603347,-0.01407875263283
184077.2001469,0.03375496051165,0.003289941523912,0.03375496051165,0.003289941523912,-0.0278208500693,0.106180470281,-0.02424544645509,-0.01364152267848
186208.7136663,0.03213127768082,0.002786460292247,0.03213127768082,0.002786460292247,-0.0272273818928,0.105118743155,-0.02380286564533,-0.01321702883979
188364.908949,0.03058223263061,0.002326154188699,0.03058223263061,0.002326154188699,-0.02664574111828,0.1040643817282,-0.02336594890991,-0.01280494431082
190546.0717963,0.02910459861741,0.001905907872485,0.02910459861741,0.001905907872485,-0.02607572728999,0.1030174418929,-0.02293473468178,-0.01240494834309
192752.4913191,0.0276952744932,0.001522814015707,0.0276952744932,0.001522814015707,-0.0255171418448,0.1019779752649,-0.02250925483026,-0.01201672626225
194984.4599758,0.02635128093917,0.001174159918963,0.02635128093917,0.001174159918963,-0.02496978816404,0.1009460293018,-0.02208953496208,-0.01163996947555
197242.2736115,0.0250697567066,0.0008574149764098,0.0250697567066,0.0008574149764098,-0.02443347162132,0.09992164742021,-0.02167559471426,-0.01127437547092
199526.2314969,0.02384795487648,0.0005702189327165,0.02384795487648,0.0005702189327165,-0.02390799962609,0.09890486911185,-0.02126744803886,-0.01091964780781
201836.6363682,0.0226832391509,0.0003103708851946,0.0226832391509,0.0003103708851946,-0.02339318166425,0.09789573005751,-0.02086510347945,-0.01057549610085
204173.794467,0.02157308018525,7.581898195507e-05,0.02157308018525,7.581898195507e-05,-0.02288882933425,0.09689426224015,-0.02046856443958,-0.01024163599611
206538.0155811,0.0205150519705,-0.0001353492265019,0.0205150519705,-0.0001353492265019,-0.02239475638073,0.09590049405595,-0.02007782944301,-0.009917789141224
208929.6130854,0.0195068282725,-0.0003249158242563,0.0195068282725,-0.0003249158242563,-0.02191077872405,0.09491445042396,-0.01969289238594,-0.009603683149052
211348.9039837,0.01854617913511,-0.0004945409930934,0.01854617913511,-0.0004945409930934,-0.02143671448701,0.09393615289389,-0.01931374278128,-0.009299051555917
213796.2089502,0.01763096745179,-0.0006457709389653,0.01763096745179,-0.0006457709389653,-0.02097238401855,0.09296561975224,-0.01894036599491,-0.009003633774506
216271.8523727,0.01675914561096,-0.0007800453140164,0.01675914561096,-0.0007800453140164,-0.0205176099143,0.09200286612666,-0.01857274347422,-0.008717175041929
218776.162395,0.01592875221726,-0.0008987041681886,0.01592875221726,-0.0008987041681886,-0.02007221703444,0.09104790408842,-0.01821085296889,-0.008439426363318
221309.4709606,0.01513790889306,-0.001002994457719,0.01513790889306,-0.001002994457719,-0.01963603251904,0.09010074275311,-0.01785466874401,-0.008170144451383
223872.1138569,0.01438481716212,-0.001094076138828,0.01438481716212,-0.001094076138828,-0.01920888580046,0.08916138837941,-0.01750416178576,-0.00790909166214
226464.4307593,0.0136677554153,-0.001173027875207,0.0136677554153,-0.001173027875207,-0.0187906086135,0.08822984446609,-0.01715929999972,-0.007656035927266
229086.7652768,0.0129850759625,-0.00124085237926,0.0129850759625,-0.00124085237926,-0.0183810350035,0.0873061118469,-0.01682004840191,-0.007410750683433
231739.4649969,0.0123352021685,-0.001298481414325,0.0123352021685,-0.001298481414325,-0.01798000133154,0.08639018878378,-0.01648636930274,-0.007173014798712
234422.881532,0.01171662567505,-0.001346780476386,0.01171662567505,-0.001346780476386,-0.01758734627808,0.08548207105801,-0.01615822248404,-0.006942612496606
237137.3705662,0.01112790370782,-0.001386553177184,0.01112790370782,-0.001386553177184,-0.01720291084425,0.08458175205944,-0.01583556536923,-0.006719333277771
239883.291902,0.01056765646886,-0.001418545346195,0.01056765646886,-0.001418545346195,-0.01682653835151,0.08368922287385,-0.01551835318684,-0.006502971839851
242661.0095083,0.0100345646129,-0.001443448870482,0.0100345646129,-0.001443448870482,-0.01645807443915,0.08280447236831,-0.01520653912756,-0.006293327995523
245470.8915685,0.009527366807166,-0.001461905288159,0.009527366807166,-0.001461905288159,-0.01609736706028,0.08192748727471,-0.01490007449492,-0.006090206589088
248313.3105296,0.009044857373797,-0.001474509150982,0.009044857373797,-0.001474509150982,-0.01574426647614,0.08105825227123,-0.01459890884976,-0.005893417411805
251188.643151,0.008585884012873,-0.001481811171254,0.008585884012873,-0.001481811171254,-0.01539862524875,0.08019675006207,-0.01430299014869,-0.005702775116141
254097.2705549,0.008149345605292,-0.001484321166068,0.008149345605292,-0.001484321166068,-0.01506029823221,0.07934296145517,-0.01401226487669,-0.00551809912917
257039.5782769,0.007734190093663,-0.001482510811957,0.007734190093663,-0.001482510811957,-0.01472914256256,0.07849686543805,-0.01372667817397,-0.005339213565296
260015.9563165,0.007339412439469,-0.001476816222047,0.007339412439469,-0.001476816222047,-0.01440501764635,0.07765843925183,-0.01344617395728,-0.005165947138466
263026.7991896,0.006964052655089,-0.001467640356625,0.006964052655089,-0.001467640356625,-0.01408778514805,0.07682765846334,-0.01317069503588,-0.004998133074046
266072.5059799,0.006607193908408,-0.001455355278112,0.006607193908408,-0.001455355278112,-0.01377730897624,0.07600449703545,-0.01290018322219,-0.004835609020499
269153.4803927,0.006267960698733,-0.001440304259807,0.006267960698733,-0.001440304259807,-0.01347345526846,0.07518892739556,-0.01263457943747,-0.004678216960966
272270.1308078,0.005945517101583,-0.001422803758087,0.005945517101583,-0.001422803758087,-0.01317609237564,0.07438092050226,-0.0123738238125,-0.004525803125024
275422.8703338,0.005639065080586,-0.001403145256634,0.005639065080586,-0.001403145256634,-0.0128850908453,0.07358044591024,-0.01211785578351,-0.004378217900599
278612.116863,0.005347842864962,-0.0013815969905,0.005347842864962,-0.0013815969905,-0.0126003234034,0.07278747183353,-0.0118666141836,-0.004235315746127
281838.2931265,0.0050711233899,-0.001358405558164,0.0050711233899,-0.001358405558164,-0.01232166493616,0.07200196520687,-0.01162003732955,-0.004096955103264
285101.8267504,0.004808212798435,-0.001333797428336,0.004808212798435,-0.001333797428336,-0.01204899247067,0.07122389174548,-0.01137806310445,-0.003962998310044
288403.1503127,0.00455844900281,-0.00130798034823,0.00455844900281,-0.00130798034823,-0.01178218515502,0.07045321600308,-0.01114062903611,-0.003833311514689
291742.7014001,0.004321200303254,-0.001281144659735,0.004321200303254,-0.001281144659735,-0.01152112423737,0.06968990142842,-0.01090767237146,-0.003707764590046
295120.9226667,0.004095864062126,-0.001253464529385,0.004095864062126,-0.001253464529385,-0.01126569304491,0.06893391041997,-0.01067913014711,-0.003586231048878
298538.2618918,0.003881865432175,-0.001225099097245,0.003881865432175,-0.001225099097245,-0.01101577696204,0.06818520437919,-0.01045493925615,-0.003468587959956
301995.1720402,0.003678656136231,-0.001196193550423,0.003678656136231,-0.001196193550423,-0.01077126340827,0.06744374376211,-0.01023503651133,-0.003354715865103
305492.1113216,0.003485713297228,-0.00116688012559,0.003485713297228,-0.00116688012559,-0.01053204181508,0.06670948812954,-0.01001935870484,-0.003244498697092
309029.5432514,0.003302538316257,-0.001137279045304,0.003302538316257,-0.001137279045304,-0.01029800360317,0.06598239619557,-0.009807842664712,-0.003137823698706
312607.9367124,0.003128655797399,-0.001107499392146,0.003128655797399,-0.001107499392146,-0.01006904215895,0.06526242587473,-0.009600425308002,-0.003034581342784
316227.7660169,0.002963612516919,-0.001077639925023,0.002963612516919,-0.001077639925023,-0.009845052810508,0.06454953432767,-0.009397043690933,-0.002934665253358
319889.5109692,0.002806976436169,-0.001047789840789,0.002806976436169,-0.001047789840789,-0.009625932803608,0.06384367800542,-0.00919763505605,-0.002837972127965
323593.6569297,0.002658335755373,-0.001018029485326,0.002658335755373,-0.001018029485326,-0.009411581277452,0.06314481269225,-0.009002136876536,-0.002744401661162
327340.6948789,0.002517298008057,-0.0009884310166565,0.002517298008057,-0.0009884310166565,-0.009201899240136,0.06245289354714,-0.008810486897794,-0.002653856469205
331131.1214826,0.002383489193217,-0.0009590590238482,0.002383489193217,-0.0009590590238482,-0.008996789543653,0.06176787514403,-0.008622623176435,-0.002566242015945
334965.4391579,0.002256552944945,-0.0009299711039554,0.002256552944945,-0.0009299711039554,-0.008796156859141,0.06108971151066,-0.008438484116733,-0.002481466540019
338844.1561392,0.002136149737145,-0.0009012184001295,0.002136149737145,-0.0009012184001295,-0.008599907652283,0.06041835616611,-0.008258008504669,-0.002399440983352
342767.7865465,0.002021956122649,-0.0008728461031187,0.002021956122649,-0.0008728461031187,-0.008407950157513,0.05975376215728,-0.008081135539717,-0.002320078920791
346736.8504526,0.001913664004819,-0.0008448939187031,0.001913664004819,-0.0008448939187031,-0.008220194353315,0.05909588209397,-0.007907804864386,-0.002243296491195
350751.8739526,0.001810979940718,-0.0008173965031353,0.001810979940718,-0.0008173965031353,-0.008036551936857,0.05844466818286,-0.007737956591671,-0.002169012329744
354813.3892336,0.001713624474453,-0.0007903838686983,0.001713624474453,-0.0007903838686983,-0.007856936298981,0.0578000722603,-0.007571531330486,-0.002097147501611
358921.934645,0.001621331499285,-0.000763881761388,0.001621331499285,-0.000763881761388,-0.007681262498803,0.05716204582401,-0.007408470209187,-0.00202762543689
363078.0547701,0.001533847647711,-0.000737912012371,0.001533847647711,-0.000737912012371,-0.007509447238539,0.05653054006366,-0.007248714897244,-0.001960371866872
367282.3004981,0.001450931708068,-0.00071249286504,0.001450931708068,-0.00071249286504,-0.007341408838468,0.05590550589039,-0.007092207625168,-0.001895314761642
371535.2290972,0.001372354066595,-0.0006876392792262,0.001372354066595,-0.0006876392792262,-0.007177067212093,0.05528689396522,-0.006938891202756,-0.00183238426901
375837.4042885,0.00129789617411,-0.000663363214018,0.00129789617411,-0.000663363214018,-0.00701634384051,0.05467465472661,-0.006788709035776,-0.001771512654631
380189.3963206,0.001227350036016,-0.0006396738906026,0.001227350036016,-0.0006396738906026,-0.006859161748325,0.05406873841678,-0.006641605141083,-0.001712634243617
384591.7820454,0.001160517724801,-0.0006165780364497,0.001160517724801,-0.0006165780364497,-0.006705445478538,0.05346909510729,-0.006497524160337,-0.001655685363284
389045.1449943,0.00109721091422,-0.0005940801119934,0.00109721091422,-0.0005940801119934,-0.006555121067866,0.05287567472358,-0.006356411372327,-0.001600604287238
393550.0754558,0.001037250433772,-0.0005721825210789,0.001037250433772,-0.0005721825210789,-0.006408116022395,0.05228842706858,-0.006218212703996,-0.001547331180738
398107.1705535,0.0009804658433106,-0.0005508858060681,0.0009804658433106,-0.0005508858060681,-0.006264359293482,0.05170730184545,-0.00608287474021,-0.001495808047349
402717.0343255,0.0009266950262665,-0.0005301888287891,0.0009266950262665,-0.0005301888287891,-0.006123781253116,0.05113224867954,-0.005950344732381,-0.001445978676741
407380.2778041,0.0008757838011819,-0.000510088938112,0.0008757838011819,-0.000510088938112,-0.005986313670626,0.05056321713935,-0.005820570605936,-0.001397788593869
412097.5190974,0.000827585550432,-0.0004905821251532,0.000827585550432,-0.0004905821251532,-0.005851889688286,0.05000015675681,-0.00569350096676,-0.001351185009223
416869.3834704,0.0007819608657101,-0.0004716631668215,0.0007819608657101,-0.0004716631668215,-0.005720443798348,0.04944301704667,-0.005569085106606,-0.001306116770412
421696.5034286,0.0007387772092376,-0.0004533257585755,0.0007387772092376,-0.0004533257585755,-0.00559191181931,0.04889174752521,-0.005447273007585,-0.001262534314838
426579.5188016,0.0006979085902963,-0.0004355626370358,0.0006979085902963,-0.0004355626370358,-0.005466230873035,0.04834629772813,-0.005328015345732,-0.001220389623598
431519.0768278,0.0006592352562378,-0.0004183656931769,0.0006592352562378,-0.0004183656931769,-0.005343339361583,0.04780661722777,-0.00521126349375,-0.001179636176491
436515.8322402,0.0006226433974951,-0.0004017260766904,0.0006226433974951,-0.0004017260766904,-0.005223176945111,0.04727265564953,-0.005096969522918,-0.001140228908248
441570.4473533,0.0005880248658084,-0.0003856342921599,0.0005880248658084,-0.0003856342921599,-0.005105684518954,0.04674436268773,-0.004985086204281,-0.001102124165761
446683.592151,0.0005552769053219,-0.0003700802875515,0.0005552769053219,-0.0003700802875515,-0.00499080419157,0.04622168812074,-0.004875567009108,-0.00106527966648
451855.944375,0.0005243018957554,-0.0003550535355732,0.0005243018957554,-0.0003550535355732,-0.004878479262912,0.04570458182543,-0.004768366108679,-0.001029654457905
457088.1896149,0.0004950071073062,-0.0003405431083769,0.0004950071073062,-0.0003405431083769,-0.004768654202412,0.04519299379112,-0.004663438373449,-0.0009952088780675
462381.0213993,0.0004673044667244,-0.0003265377460522,0.0004673044667244,-0.0003265377460522,-0.004661274627842,0.04468687413275,-0.004560739371618,-0.0009619045171187
467735.1412872,0.0004411103339586,-0.0003130259193523,0.0004411103339586,-0.0003130259193523,-0.004556287284184,0.04418617310364,-0.004460225367144,-0.0009297041799103
473151.2589615,0.0004163452891176,-0.0002999958870378,0.0004163452891176,-0.0002999958870378,-0.004453640022601,0.04369084110754,-0.004361853317239,-0.0008985718495567
478630.0923227,0.0003929339291375,-0.000287435748216,0.0003929339291375,-0.000287435748216,-0.00435328178003,0.04320082871024,-0.004265580869375,-0.000868472652015
484172.3675841,0.0003708046737295,-0.000275333490028,0.0003708046737295,-0.000275333490028,-0.00425516255887,0.04271608665056,-0.004171366357836,-0.0008393728216053
489778.8193685,0.0003498895803524,-0.0002636770310072,0.0003498895803524,-0.0002636770310072,-0.004159233406766,0.04223656585091,-0.004079168799851,-0.0008112396674558
495450.1908048,0.0003301241676344,-0.0002524542604141,0.0003301241676344,-0.0002524542604141,-0.004065446397138,0.04176221742723,-0.003988947891321,-0.0007840415409118
501187.2336273,0.0003114472469532,-0.000241653073842,0.0003114472469532,-0.000241653073842,-0.003973754609189,0.04129299269862,-0.003900664002195,-0.0007577478037702
506990.7082747,0.0002938007618445,-0.0002312614053451,0.0002938007618445,-0.0002312614053451,-0.003884112109429,0.04082884319632,-0.003814278171483,-0.0007323287975116
512861.3839914,0.0002771296348421,-0.0002212672563626,0.0002771296348421,-0.0002212672563626,-0.003796473932236,0.04036972067235,-0.003729752101976,-0.0007077558132767
518800.038929,0.0002613816214148,-0.0002116587216543,0.0002613816214148,-0.0002116587216543,-0.003710796061219,0.03991557710772,-0.003647048154662,-0.0006840010627328
524807.4602498,0.0002465071707499,-0.0002024240124758,0.0002465071707499,-0.0002024240124758,-0.003627035411062,0.03946636472013,-0.003566129342874,-0.0006610376497829
530884.444231,0.0002324592930146,-0.0001935514771989,0.0002324592930146,-0.0001935514771989,-0.003545149809326,0.03902203597134,-0.003486959326194,-0.0006388395430467
537031.7963703,0.0002191934328266,-0.0001850296195666,0.0002191934328266,-0.0001850296195666,-0.003465097978583,0.03858254357414,-0.003409502404134,-0.0006173815491325
543250.3314925,0.0002066673486769,-0.0001768471147626,0.0002066673486769,-0.0001768471147626,-0.00338683951904,0.03814784049888,-0.003333723509598,-0.0005966392866926
549540.8738577,0.0001948409980258,-0.0001689928234679,0.0001948409980258,-0.0001689928234679,-0.003310334891119,0.0377178799797,-0.003259588202175,-0.0005765891611977
555904.2572704,0.0001836764278096,-0.0001614558040541,0.0001836764278096,-0.0001614558040541,-0.003235545398484,0.03729261552038,-0.003187062661248,-0.0005572083404559
562341.3251904,0.0001731376701224,-0.0001542253230621,0.0001731376701224,-0.0001542253230621,-0.003162433171722,0.03687200089981,-0.003116113678947,-0.000538474730874
568852.9308439,0.0001631906428586,-0.0001472908641128,0.0001631906428586,-0.0001472908641128,-0.003090961151019,0.0364559901772,-0.00304670865299,-0.0005203669543037
575439.9373372,0.0001538030550712,-0.0001406421353589,0.0001538030550712,-0.0001406421353589,-0.003021093071127,0.03604453769689,-0.002978815579364,-0.0005028643257348
582103.2177709,0.0001449443168302,-0.0001342690756161,0.0001449443168302,-0.0001342690756161,-0.002952793444345,0.03563759809298,-0.002912403044936,-0.0004859468314564
588843.6553556,0.0001365854534097,-0.0001281618592706,0.0001365854534097,-0.0001281618592706,-0.002886027546001,0.03523512629345,-0.002847440219936,-0.0004695951080466
595662.1435291,0.0001286990235696,-0.0001223109000792,0.0001286990235696,-0.0001223109000792,-0.002820761398082,0.03483707752424,-0.002783896850394,-0.0004537904218116
602559.5860744,0.0001212590417705,-0.0001167068539451,0.0001212590417705,-0.0001167068539451,-0.002756961754846,0.03444340731284,-0.002721743250473,-0.0004385146489748
609536.8972402,0.0001142409041436,-0.0001113406207748,0.0001142409041436,-0.0001113406207748,-0.002694596087515,0.03405407149179,-0.002660950294773,-0.0004237502563625
616595.0018615,0.0001076213180281,-0.0001062033454857,0.0001076213180281,-0.0001062033454857,-0.002633632570154,0.03366902620177,-0.002601489410572,-0.0004094802827406
623734.8354825,0.0001013782349367,-0.0001012864182566,0.0001013782349367,-0.0001012864182566,-0.002574040064753,0.03328822789459,-0.002543332570034,-0.0003956883206298
630957.3444802,9.549078675634e-05,-9.658147407584e-05,9.549078675634e-05,-9.658147407584e-05,-0.002515788107965,0.03291163333577,-0.002486452282391,-0.0003823584987762
638263.4861906,8.993922509041e-05,-9.208039168028e-05,8.993922509041e-05,-9.208039168028e-05,-0.002458846896217,0.0325391996071,-0.002430821586116,-0.0003694754650092
645654.2290347,8.470486353811e-05,-8.777529191811e-05,8.470486353811e-05,-8.777529191811e-05,-0.002403187273198,0.03217088410877,-0.002376414041066,-0.0003570243697784
653130.5526475,7.977002282143e-05,-8.365853561926e-05,7.977002282143e-05,-8.365853561926e-05,-0.00234878071604,0.03180664456142,-0.002323203720642,-0.0003449908500758
660693.4480076,7.511797860921e-05,-7.97227210162e-05,7.511797860921e-05,-7.97227210162e-05,-0.002295599321939,0.03144643900799,-0.002271165203953,-0.0003333610138621
668343.9175687,7.07329119043e-05,-7.596068075967e-05,7.07329119043e-05,-7.596068075967e-05,-0.002243615795993,0.03109022581529,-0.002220273567983,-0.0003221214250408
676082.975392,6.65998618949e-05,-7.236547858985e-05,6.65998618949e-05,-7.236547858985e-05,-0.002192803437951,0.03073796367544,-0.002170504379791,-0.0003112590887968
683911.6472815,6.270468114654e-05,-6.89304056956e-05,6.270468114654e-05,-6.89304056956e-05,-0.002143136130264,0.03038961160711,-0.002121833688724,-0.0003007614374616
691830.970919,5.903399301515e-05,-6.564897680273e-05,5.903399301515e-05,-6.564897680273e-05,-0.002094588325887,0.03004512895659,-0.002074238018672,-0.00029061631678
699841.9960023,5.557515119694e-05,-6.251492603438e-05,5.557515119694e-05,-6.251492603438e-05,-0.002047135035962,0.02970447539873,-0.00202769436036,-0.0002808119725774
707945.7843842,5.231620129379e-05,-5.9522202566e-05,5.231620129379e-05,-5.9522202566e-05,-0.002000751818727,0.02936761093765,-0.001982180163675,-0.0002713370379077
716143.410213,4.92458443196e-05,-5.666496611949e-05,4.92458443196e-05,-5.666496611949e-05,-0.001955414767681,0.02903449590733,-0.001937673330042,-0.0002621805205345
724435.960075,4.635340203159e-05,-5.393758231158e-05,4.635340203159e-05,-5.393758231158e-05,-0.001911100500291,0.02870509097206,-0.001894152204859,-0.0002533317908243
732824.533139,4.36287840263e-05,-5.133461789421e-05,4.36287840263e-05,-5.133461789421e-05,-0.001867786147117,0.02837935712677,-0.001851595569978,-0.0002447805700289
741310.241301,4.106245649576e-05,-4.885083590343e-05,4.106245649576e-05,-4.885083590343e-05,-0.001825449340902,0.02805725569716,-0.00180998263625,-0.0002365169189186
749894.2093325,3.864541257316e-05,-4.648119074125e-05,3.864541257316e-05,-4.648119074125e-05,-0.001784068206178,0.02773874833973,-0.001769293036126,-0.0002285312267906
758577.5750292,3.636914418933e-05,-4.42208232117e-05,3.636914418933e-05,-4.42208232117e-05,-0.0017436213483,0.02742379704176,-0.001729506816335,-0.000220814200772
767361.4893619,3.422561537232e-05,-4.206505552737e-05,3.422561537232e-05,-4.206505552737e-05,-0.001704087843973,0.02711236412099,-0.001690604430617,-0.0002133568555412
776247.1166288,3.220723690915e-05,-4.000938630351e-05,3.220723690915e-05,-4.000938630351e-05,-0.001665447230545,0.02680441222542,-0.001652566732542,-0.0002061505032825
785235.6346101,3.030684231809e-05,-3.804948555615e-05,3.030684231809e-05,-3.804948555615e-05,-0.001627679496673,0.02649990433279,-0.001615374968384,-0.000199186744031
794328.2347243,2.851766505399e-05,-3.618118971472e-05,2.851766505399e-05,-3.618118971472e-05,-0.00159076507262,0.02619880375011,-0.001579010770087,-0.0001924574562869
803526.1221857,2.683331689994e-05,-3.440049666736e-05,2.683331689994e-05,-3.440049666736e-05,-0.001554684820654,0.02590107411295,-0.001543456148299,-0.000185954787923
812830.5161642,2.524776746871e-05,-3.270356083945e-05,2.524776746871e-05,-3.270356083945e-05,-0.001519420025806,0.02560667938481,-0.001508693485492,-0.0001796711473896
822242.6499471,2.375532478454e-05,-3.108668832888e-05,2.375532478454e-05,-3.108668832888e-05,-0.001484952387057,0.02531558385622,-0.001474705529158,-0.0001735991952143
831763.7711027,2.235061686724e-05,-2.954633209428e-05,2.235061686724e-05,-2.954633209428e-05,-0.00145126400835,0.02502775214386,-0.001441475385083,-0.00016773183575
841395.1416453,2.102857428345e-05,-2.807908721127e-05,2.102857428345e-05,-2.807908721127e-05,-0.001418337389694,0.02474314918959,-0.00140898651072,-0.0001620622091818
851138.0382024,1.978441361513e-05,-2.668168620184e-05,1.978441361513e-05,-2.668168620184e-05,-0.001386155418907,0.02446174025935,-0.001377222708632,-0.0001565836838152
860993.7521847,1.861362179419e-05,-2.535099444085e-05,1.861362179419e-05,-2.535099444085e-05,-0.001354701363228,0.02418349094205,-0.001346168120022,-0.0001512898485938
870963.5899562,1.751194126609e-05,-2.408400564825e-05,1.751194126609e-05,-2.408400564825e-05,-0.001323958860842,0.02390836714834,-0.001315807218361,-0.0001461745058417
881048.8730081,1.647535593622e-05,-2.287783746735e-05,1.647535593622e-05,-2.287783746735e-05,-0.001293911913256,0.02363633510933,-0.00128612480309,-0.0001412316642768
891250.9381338,1.550007786398e-05,-2.172972713741e-05,1.550007786398e-05,-2.172972713741e-05,-0.001264544877278,0.02336736137524,-0.001257105993412,-0.0001364555322176
901571.137606,1.458253466123e-05,-2.063702725912e-05,1.458253466123e-05,-2.063702725912e-05,-0.001235842457265,0.02310141281401,-0.001228736222181,-0.000131840511014
912010.839356,1.371935756559e-05,-1.95972016594e-05,1.371935756559e-05,-1.95972016594e-05,-0.001207789697802,0.02283845660981,-0.00120100122987,-0.0001273811887043
922571.4271548,1.290737014765e-05,-1.860782135432e-05,1.290737014765e-05,-1.860782135432e-05,-0.001180371975776,0.02257846026159,-0.001173887058628,-0.000123072333836
933254.3007971,1.214357762702e-05,-1.766656061415e-05,1.214357762702e-05,-1.766656061415e-05,-0.001153574993996,0.02232139158139,-0.001147380046431,-0.00011890888956
944060.876286,1.142515675932e-05,-1.677119313042e-05,1.142515675932e-05,-1.677119313042e-05,-0.001127384773503,0.02206721869282,-0.001121466821317,-0.0001148859678388
954992.5860215,1.074944626852e-05,-1.591958828561e-05,1.074944626852e-05,-1.591958828561e-05,-0.001101787646646,0.02181591002939,-0.001096134295712,-0.0001109988438739
966050.8789899,1.011393779671e-05,-1.510970752673e-05,1.011393779671e-05,-1.510970752673e-05,-0.001076770250592,0.02156743433272,-0.001071369660842,-0.0001072429507294
977237.2209559,9.516267341095e-06,-1.433960084097e-05,9.516267341095e-06,-1.433960084097e-05,-0.001052319520434,0.02132176065089,-0.001047160381238,-0.0001036138741015
988553.094657,8.954207157975e-06,-1.360740333572e-05,8.954207157975e-06,-1.360740333572e-05,-0.00102842268292,0.02107885833658,-0.001023494189319,-0.0001001073472818
1000000.0,8.425658105619e-06,-1.291133192087e-05,8.425658105619e-06,-1.291133192087e-05,-0.00100506724979,0.02083869704527,-0.001000359080074,-9.671924625913e-05
